2323232323
2323232323
2323232323
2323232323
2323232323
2313232323
1313232323
1313020213
1313131313
1323231313
2323232313
2323232323
2323232323
1323231313
1313132323
1323231313
2313131313
0213132323
1313131313
2323131313
1323232313
1313131313
1313131313
1313131313
1313131313
1313131313
2323131313
2323232323
2323232323
2323232323
2323232323
2313232323
2323232323
2323232323
2323232323
2323232323
2323232323
2323131323
1313132323
2323131313
1313131313
2323232323
2323232323
2323232323
1323232323
1323132323
1323231323
2323232313
2323231313
1313131323
2323232323
1323231323
1313131323
1313131313
1313131313
1313131313
1313131313
1313131313
2323231313
2323232323
2323232323
2323232323
2323232323
2323232323
2323232323
2323232323
2323232323
2323232323
2323232323
2323232323
2323232334
1323131323
2313131313
2323232323
2323232323
2323232323
0213131323
1323130213
1313232323
2323131313
2323231323
2323232323
2323232323
1323232323
1313132313
1313131313
1313131313
0202131313
1313020202
1313131313
2323231313
2323232323
2334343423
2323232323
2323232323
2323232323
2323232323
2323232323
2323232323
2323232323
2323232323
2323232323
2313232323
2313232323
1313131323
2323131313
2323232323
2323232323
1313232323
1313231313
1313131313
2323231313
2323232323
2323232323
2323232323
1313232323
1313131323
1313131323
1313131313
1313131313
0202020213
1313131313
2323232313
3423232334
3434343434
2323232334
2323232323
2323232323
2323232323
2323232323
2323232323
2323232323
2323232323
2323232323
2323232323
2323232323
2323232323
2323232323
2323232323
2323232323
2313131313
1313132323
2323231313
1313132313
2323232323
1323232323
1313232313
2323131313
2313131313
2313131313
1313131313
1313132313
1313020202
1313131313
3423232323
2334232334
3423343434
2323233434
2323232323
2323232323
2323231323
2323232323
2323232323
2323232323
2323232323
2323232323
2323232323
2323232323
2323232323
2323232323
1323232323
1313131323
2323131323
2323232323
2323232323
2323132323
1313232323
1323232323
2323232323
1313131323
1313131313
1313131313
1302131313
0202021313
1313130213
2323131313
2323232323
3434342323
3434343434
2323232334
2323232323
2323232323
2323232313
2323232323
2323232323
2323232323
2323232323
2323232323
2323232323
2313132323
2323232323
2323232323
2323232323
2323232323
2334232323
2323232323
1313131323
2323232323
2323131323
2323132323
1313132323
1313131313
0213131313
1313131313
0202021313
0202020213
1313130202
1323131313
2323232323
3423232334
3434233434
3434232323
2334343434
2323231323
2313131313
2323232323
2323232323
2323232323
2323232323
2323232323
2323232323
2323232323
2323232323
2323232323
2323232323
1323232323
1313131313
1323131313
2323130213
2313231313
1323232313
1313131313
1313131313
1323131313
1313131313
1313130213
1313131313
0202130202
0202020202
1313131313
2323232313
3434343423
2334232323
2334232323
2313233434
2323232323
2313131313
2323132323
2323232323
2323232323
2323232323
2323232323
2323232323
1313132313
1313232313
2323231313
2323231323
1323232323
1323231313
2313231323
1323232313
1313231313
1313131313
1313131313
1313131313
1313131313
1313131313
1302131313
0202020202
0202020202
1313020202
1313131313
2323232313
2323232323
2334342323
2323232323
2323232323
2323232323
1313131313
1323131313
2323232313
2323131313
2323231323
1323232323
1313131313
1302231313
2313131313
1313232323
1313131313
1313131313
1313231313
1313231323
1323131313
1323131313
1313231323
1313131313
1302021313
1313131313
1313131313
1313131313
0202020202
0202020202
1313020202
2323131313
3434342323
2323232334
2323232323
2323232323
2323232323
2323232323
1313131313
1313131313
2313131313
1313131313
2313232313
1313131313
1313131313
1313131313
0202020213
1302020202
1313131313
1313131313
1313231313
1302130202
0213131313
1313131302
0213021313
0202020202
1302020202
1313130213
1313131302
1313131313
0202021313
1313020202
1313131313
2323232323
3434342323
2323232334
2334342323
2323232323
2323232323
2323232323
1313131313
1313131313
1313131313
1313131313
2323231323
1323232323
1313231313
1313131313
1313231313
1313131313
1313131313
1313131313
0202131313
1323131313
1313131313
1313022313
0202131313
1313131313
0202021302
0202020202
0213020202
0202020202
0202020202
1302130202
2313231313
2323232323
3434343423
2323232323
2334343434
2323232323
2323232323
2323232323
1313131313
1313131313
1313131313
1313131313
1323231313
1323232323
1313131313
1313131313
1313131313
1313131313
1313131313
1313131313
1313131313
1302020202
1313231313
1313130213
1313131313
1313131313
1313020213
1313021313
0202020202
0202020202
0202020202
1313131302
3434232323
3423343423
2323232323
3434342334
2323343434
2323232323
2323232323
2323232323
0213131313
0213131313
1313131313
1313131313
1313131313
1313131313
1313132313
1313131313
1313131313
1313131313
1313131313
1313131313
1313131313
1313131313
0202131313
1313020202
1313131302
0213131313
1313130202
0213130213
0213130202
0202021313
1313130202
1313131313
2334232323
2323343423
3434232323
3423343434
3423233434
2323232334
2323232323
2323232323
0213021313
0202131302
1302020202
1313131313
1313131313
1313131313
1313131313
1313132323
1313131313
1313131313
1313131313
1313131313
1313131313
1313131313
1313131313
2313131313
1313131323
0213131313
0202131313
1313131302
0202020202
0202020202
1313130202
2313131313
3423232323
2323343434
3434342334
3434232334
3434343434
3434343434
2334343434
2323232323
0202021313
1302021313
1302130213
0202021313
1313131313
1313131313
1313131313
0213130213
2313131323
1313131313
1313131313
1313231313
1313131313
1313131313
1313131313
1313131313
1313131313
0213021313
1313131313
0213131313
0213131313
0202020202
1313131302
2313131313
2323232323
3434343423
2323343434
3434342323
3434343434
3434343434
2323233434
2323232323
0213020213
1313020202
1302020202
1302020213
1302021302
1313131313
0202131313
1313021302
1313131313
1313131313
1313131313
1313131313
1313131313
1313131313
1313131313
1313131313
0202131313
1313130213
1313130213
1302021313
0202020202
1302020202
1313021313
2323232313
3434342323
3434343434
3423343434
3434343434
3434343434
3434343434
3434343434
2323232334
0213020213
0202021313
0202020202
0202020202
0202020202
1313131313
1313131313
1313131313
1313131313
1313131313
1313131313
1313131313
1302130202
1313131313
1313131313
1313131313
1313131313
1313131313
1313131313
1313131313
0202020202
1302020202
2313131313
3423232323
3434343434
3434343434
3434343434
3434343434
3434343434
3434343434
3434343434
2323343434
0202020202
1313131302
0202020202
0202020213
0002020202
0202020202
1313130202
1313131313
0213131313
1302131302
0202021313
1313020202
1313130202
1302021313
1313131313
1313020213
1313131313
1313131313
1313131323
1313232313
1313131313
1313131313
2323231313
3434342323
3434343434
3434343434
3434343434
3434343434
3434343434
3434343434
3434343434
3434343434
0202021313
0213021302
0213020202
0202020202
0202020202
0202020202
1313130202
1313131313
0202020213
0202020202
0202020202
0213131313
1302020202
0213020202
0202020202
0202020202
1313131302
1313130213
1313131313
1313131313
2323232323
2323232323
2323232323
3434233423
3434343434
3434343434
3434343434
3434343434
3434343434
3434343434
3434343434
3434343434
1313130202
0202021313
0202131302
0202021313
0202020202
0202020202
0213131302
0202021313
1313021313
1313131313
1313131302
1313130213
0202020202
0202020202
0213020202
0202020202
0202020202
0202020202
1313021313
1323131313
2323231313
2323232334
2334343434
2334232323
3434343434
3434343434
3434343434
3434343434
3434343434
3434343434
3434343434
3434343434
0213020213
0202130202
0202020202
1313130213
0202131302
0213020202
1313131302
1313131313
1313131313
1313131313
1313131302
0202131313
0200020213
0213020202
1302020202
1313131313
0202021313
0202020213
0002020202
0200020002
2323231302
3434232334
2323343434
2323233423
3434342323
3434343434
3434343434
3434343434
3434343434
3434343434
3434343434
3434343434
1302020202
1313020202
0202021313
0202020213
0202021302
0202020202
0202021302
0202020202
0202020202
0213131313
1313131302
1313131302
1313131313
0213131313
1302020213
0202020202
0202020202
0202020202
0202020202
0200000000
2313131313
2323232323
3423232323
1323232323
3434232323
3434343434
3434343434
3434343434
3434343434
3434342323
3434343434
3423343434
0202020202
0213021302
0202000202
0202020202
0202020202
0202020202
0202020202
0202021302
1313020213
0213020202
1313020202
1313131313
1313131313
0202021313
0202020202
0002020202
0202020202
0213020202
0202020213
1313131302
1313131313
2323131313
2323232323
1313132323
3423232313
3434343434
3434343434
3434343434
3423233434
3434343434
3434343434
2323233434
0202020202
1302020202
0202130202
0202020202
0200000202
0202020000
0002020202
0202020202
0202020202
0202020202
0202020202
1313021302
0202020202
0202020202
0202020202
0202020202
0202020202
0202020202
0202020202
0202021313
1313131313
1313131313
2323232323
1302131323
3423232313
3434343434
3434343434
3434343434
3434343434
3434343434
3434343434
2323343434
0202020202
0202020202
0202020202
0202020202
0202020202
0002020202
0202020202
0202020202
0202020202
0202000202
0213020202
0202020202
0202020202
0202020202
0202020202
0202020202
0202020202
0202000202
0200000002
1313130202
1313131313
1313131313
2323232323
2323231313
3423232323
3434343434
3434343434
2323233434
2323232323
3423232323
3434343434
3423343434
0202020202
0202020202
0202020202
0202020202
0202020202
0202020202
0002020202
0202020200
0202020202
0202020002
1313131302
1313131313
0202131302
0202130202
0202020202
0202020202
0202000202
0202020202
1302020202
1313131313
1302021302
2313231313
2313132323
3423232323
3434342323
2323232334
2323233423
2334343423
3434343434
3434343434
3434343434
2323132334
0202020202
0202020202
0202020202
0002020202
0200000000
0202020202
0202020002
0202000202
0202020202
1313131313
0202131313
0213131302
0202020202
0202020202
0202020202
0202020200
1313131313
1313131302
1313131313
0213021313
1302020202
2313232323
2323231323
3434342323
3423233434
2323232323
2323232323
2323343423
3434342323
3434343434
3434343434
2323233423
0202020202
0002020002
0200000200
0000020202
0200020202
0202020002
0002000202
0202020202
1302021302
1302131313
0202021313
1313131313
0213131313
0202131313
0213130213
1302020202
1302020202
1313131313
0202131313
2323131302
1313131313
2323132313
2323232323
2323232323
2323232323
2323232323
2323232323
3423232313
3434343434
2323343434
3434342323
2323232323
0000000000
0202020200
0200020202
0002000000
0202000002
0000020202
0002020200
0202020202
1302020202
0202130202
0202020202
0202020202
0202020202
0202020202
0202020202
0202020202
0202020202
0202020202
1302020202
1313231313
1313231313
2323231323
2323232323
2323232323
3434342323
2323232323
2323342323
1313132323
2313131313
2323232313
1313232313
1323132323
0000020202
0000000000
0000000000
0002000000
0200020200
0200000000
0202000000
0202020202
0202020202
0202021302
0202020202
0202020202
0202020202
0202020002
0202020202
0202020202
0202020202
0202020202
1313130202
1313131313
1313131313
2323232323
2323232323
1323231323
1313131313
1323231313
2323231323
1313131323
2323232313
2323132323
1313232323
0202021313
0000000200
0000000000
0200000000
0000000002
0202020202
0202020202
0202020200
0202020202
0202020202
0200020200
0202020200
0202020202
0202020202
0202020202
0002020202
0202020202
0202020202
0202020202
0202020202
1313131302
2334232323
2313132334
1302021313
2323232323
2323231323
2313232323
2323232323
1313131313
2334232323
1323232323
0202131313
0202020202
0000000000
0000000000
0202000000
0200000200
0200000202
0202020202
0202000002
0202020202
0202020200
0202020202
0202020202
0202020202
0202020202
0202020202
0202020202
0202020202
0202020202
0202020002
1313130202
2323232313
0213132323
1313130202
2323232323
1313132323
1313132313
2323131313
1313232323
1323232313
1313231323
0202021313
0202020202
0202020202
0000000000
0000000000
0000000000
0200000202
0002020202
0200020000
0202020202
0000020202
0202000200
0000020202
0200000000
0202020202
0200000202
0202020200
0202020202
0202020202
0202020202
0202020200
1313131302
1313232313
1313020202
2323132323
0213132323
1313131313
1313131313
1313131313
2313131313
1313132323
0213021313
0202020202
0202020202
0202020202
0000000000
0000000000
0000000000
0202020000
0202020202
0202020200
0202020202
0002020202
0000000002
0202020000
0202020202
0000000202
0200000000
0202020202
0202020202
0202020202
0202020202
0202020202
1302020202
1313020213
1313131313
0213131313
0202020202
1302020202
1313131313
1313131313
1313131313
0202020213
0202000202
0202020202
0202020202
0202020202
0000000000
0000000000
0000000000
0002000000
0200020200
0202020202
0000000200
0202000002
0202020202
0202020202
0200000202
0202020202
0202020202
0202020202
0202020202
0202020202
0202020202
0202020202
0213130202
1313131302
1313131313
0202021313
1313130202
1313131313
1313131323
0213131313
0213130202
0202020202
0202020202
0202020202
0202020202
0202020202
0000000000
0000000000
0000000000
0000000000
0000000000
0000000000
0000020000
0000000000
0000000000
0202020200
1302020202
0202020213
0202020202
1313021302
0202131313
0202020202
0202020202
1313020202
0202020202
1313131302
0202021302
0202020202
1313131313
2313131313
0213231313
0202020202
0202020202
0202020202
0202020202
0202020202
0202020202
1302020202
0000000000
0000000000
0000000000
0000000000
0000000000
0000000000
0200020000
0202020202
0202020202
0202020202
0202020202
0200000000
0202020200
0202020202
0213130202
0202020202
0200020202
1313131313
0202021313
1313131302
0202020202
1302130202
1313131313
1313131323
1313131313
0202020202
0202020202
0202020202
0202020202
0202020202
0202020202
0213020202
0000000000
0000000000
0000000000
0000000000
0002000000
0000000000
0202020000
0000020002
0000000000
0000000202
0000000000
0202020200
0202020202
0202020202
0202020202
0002020202
1313130202
1313131313
0202020202
0202020202
1302020202
1313130213
0202131313
1313131302
0202021313
0202020202
0202020202
0202020202
0202020202
0202020202
0213020202
1313131313
0000000000
0000020000
0000000000
0000000000
0000000000
0000000000
0000000000
0200020000
0000000000
0202020200
0202020202
0000000002
0202020200
0213131302
0202020202
0202020200
1302131313
0202020213
0202020202
0202020202
1302020202
0213131313
0202020202
0202020202
0202020213
0202020202
0202020202
0202020202
0202020202
1313131302
1313130213
1313131313
0000000000
0002000000
0000000000
0000000000
0000000000
0200000000
0000000000
0202020000
0000000000
0202020000
0200020002
0202000002
0213020202
0002021313
0000020202
0202020202
1302130213
0202020202
0202020202
0202021302
1313131313
0202020213
0202020202
0202020202
0202020202
0202020202
0202020202
0202020202
1313021302
0202131313
1313131302
1313131313
0000000000
0000000000
0000000000
0000000000
0000000000
0000000000
0202000000
0000000002
0202000000
0202020202
0200000200
0202020202
0202020202
0000000202
1313020000
0213130202
0202021302
0202020202
0202020202
1313020202
0213131313
0202020202
0202020202
0202020202
0202020202
0202020202
0213020202
0202021302
0202021313
1313131313
1313131313
0202021313
0000000000
0000000000
0000000000
0000000000
0000000000
0000000000
0000000000
0000000000
0000000000
0000000000
0000000000
0002000002
0000020202
0000020000
0202020202
0000000202
0202020202
0202020202
0202020000
0213131313
0202021302
0202020202
0202020202
0000020200
0202020202
1302020202
1302130213
1313131313
1313131313
0202131313
1302130202
1313131313
0000000000
0002000000
0000000000
0000000000
0000000000
0000000000
0000020000
0000000000
0000000000
0000000000
0002000000
0000020002
0000000002
0202020202
0002020202
0202020000
0202020202
0202000202
1313131313
0202020213
0202020202
0202020000
0202020202
1302020202
1313131302
1313131313
1313131313
0213131313
0202020213
0202020202
1302131302
1313021313
0000000000
0000000000
0000020200
0000000000
0000000000
0000000000
0000020000
0202020202
0000000000
0200000000
0202020202
0000000202
0200000000
0202000202
0202020202
0202020202
1302000202
1313131313
1313021313
0002020202
0200000000
0202020200
0202020202
1302021313
0202021313
1313130202
0202131313
0202020202
0202020202
0202020202
1313020202
1313131313
0200000000
0200020200
0000020202
0000000000
0000000000
0000000000
0000000000
0000000000
0000000000
0202020200
0000000202
0200000000
0202020202
1313020202
0202021302
0202020202
1313130213
0202020202
0202020202
0200000200
0200000202
0202000002
1313020202
1313131313
1313131302
1302020213
0202020202
0202020202
0202020202
0202020202
0202020202
1313131302
0000000000
0202020200
0002020202
0000000000
0000000000
0000000000
0000000000
0000000000
0202000000
0202000002
0000020000
0200000000
0202020002
0000000202
0002000000
0202020002
0202020202
0202020202
0000000000
0200000200
0202020202
1302020202
0202131313
1313020202
0202020202
0202020202
0000000202
0202020202
0202020202
0213130202
0202131302
0202131313
0000000000
0202000000
0002020202
0000000000
0000000000
0000000000
0000000000
0000000000
0000000000
0000020000
0002000000
0000000000
0000000000
0200000000
0202020202
0202020202
0202020202
0000000002
0000000000
0202020202
0213020202
0213021302
0202020202
0000020202
0000000000
0202000000
0202020202
0202020002
0202020202
0202020202
0202020202
0202020202
0000000000
0202020000
0002020202
0000000000
0000000000
0000000000
0000000000
0000000000
0000000000
0000000000
0000000000
0000000000
0000000000
0000000000
0000000000
0000000000
0000000000
0202020200
0202020202
0202020202
0202020202
0200020202
0000020202
0202020000
0202020202
0202020202
0202020202
0202020202
0202020202
0202020202
0202020202
1313020202
0000000000
0202020000
0002020202
0000000000
0200000000
0000000000
0200000000
0000000002
0000000000
0000000000
0000000000
0000000000
0000000000
0000000000
0000000000
0000000000
0000000000
0202020002
0202020202
0202000202
0202020202
0202020202
0202020202
0202020202
0202020202
0202020202
0202020202
0202020202
0202020202
0202020202
0202020202
0202130202
0000000000
0000000000
0002020202
0000000002
0000000000
0000000000
0000000000
0000000000
0000000000
0000000000
0000000000
0000000000
0000000000
0000000000
0000000000
0000000000
0202020002
0202020202
0202020200
0202020202
0202020202
0000020202
0000000000
0000000000
0000000000
0202020200
0202020202
0202020202
0202020202
0202020202
0202020202
0202131313
0000000000
0000000000
0000020202
0000000000
0000000000
0000000000
0000000000
0000000000
0000000000
0000000000
0000000000
0000000000
0000000000
0000000000
0000000000
0000000000
0202020202
0000000000
0202020200
0000000002
0000000002
0000000000
0002020000
0000000000
0200020200
0000000002
0202020202
0202020202
0202020202
0202020202
0202131302
0202131302
0000000000
0000000000
0000000000
0000000000
0000000000
0000000000
0000000000
0000000000
0000000000
0000000000
0000000000
0000000000
0000000000
0000000000
0000000000
0200000000
0000000202
0200020002
0000000202
0000020002
0000000002
0000000000
0000000000
0202020202
0202020202
0202020202
0202020202
0202020202
0202020202
0202020202
0202020202
0202020202
0000000000
0000000000
0000000000
0000000000
0000000000
0000000000
0000000000
0000000000
0000000000
0000000000
0000000000
0000000000
0000000000
0000000000
0000000000
0000000000
0200000000
0202000200
0202020202
0202020202
0000020202
0002000000
0202020202
0202020202
0202020202
0202020202
0202020202
0202020202
0202020202
0202020202
0202020202
0202130202
0000000000
0000000000
0000000000
0000000000
0000000000
0000000000
0000000000
0000000000
0000000000
0000000000
0000000000
0000000000
0000000000
0000000000
0000000000
0200020000
0202020200
0202020202
0002020202
0200020000
0200020002
0202020202
0202020202
0202020202
0202020202
0202020202
0202020202
0202020202
0202020202
0202020202
0202020202
0202020202
0000000000
0000000000
0000000000
0000000000
0000000000
0000000000
0000000000
0000000000
0000000000
0000000000
0000000000
0000000000
0000000000
0000000000
0000000000
0000000000
0202000002
0002020200
0202020000
0202020000
0202020202
0202020202
0202020202
0202020202
0202020202
0202020202
0202020202
0202020202
0202020202
0202020202
0202020202
0202020202
0000000000
0000000000
0000000000
0000000000
0000000000
0000000000
0000000000
0000000000
0000000000
0000000000
0000000000
0000000000
0000000000
0000000000
0000000000
0000000000
0202020202
0202020200
0202000200
0202020202
0202020202
0202020202
0202020202
0202020202
0202020202
0202020202
0202020202
0202020202
0202131302
1302020202
0213021313
1313131313
0000000000
0000000000
0000000000
0000000000
0000000000
0000000000
0000000000
0000000000
0000000000
0000000000
0000000000
0000000000
0000000000
0000000000
0000000000
0000000000
0202000200
0202020200
0202020202
0002000200
0202020202
0202020202
0202020202
0202020202
0202020202
0202020202
0202020202
0202020202
0202020202
0213020202
1313130202
1313131313
0000000000
0000000000
0000000000
0000000000
0000000000
0000000000
0000000000
0000000000
0000000000
0000000000
0000000000
0000000000
0000000000
0002000000
0202000000
0202020202
0202020200
0200000202
0202020202
0202020202
0202020213
0202020202
0213020202
0202020202
0202020213
0202020202
0202020202
0202020202
0202020202
0213130202
1313131313
1313131313
0000000000
0000000000
0000000000
0000000000
0000000000
0000000000
0000000000
0000000000
0000000000
0000000000
0202020202
0202020202
0202020202
0002130202
0202000202
0202020202
0202020200
0202020002
0202020202
0202020202
0202020202
0202020202
0202020202
1313130202
1313130202
0202130202
1302020202
1313131302
0202020202
1313131313
1313131313
0202131313
0000000000
0000000000
0000000200
0000000000
0000000000
0000000000
0000000000
0000000000
0000000000
0202020000
0000000000
0000000000
0000000000
0000000000
0200000000
0200000002
0000000002
0202020200
0200020202
0202020200
0202020213
0202020202
0202020202
0202130202
0202020213
1313020213
0202021302
0202020213
0202020202
0202020213
1313021313
1302020202
0000000000
0000000000
0000000000
0000000000
0000000000
0000000000
0000000000
0000000000
0000000000
0000000000
0000000000
0000000000
0000000000
0000000202
0000000000
1302020000
0213020202
0202130202
0202020202
0202020202
0202020202
0202020202
0202020202
0202131302
0202131302
1313130202
1302131302
1302020213
0202131313
0202020213
0202130202
1313021302
0000000000
0000000000
0000000000
0000000000
0000000000
0000000000
0000000000
0000000000
0000000000
0000000000
0202020000
0000021302
0000000000
0000000000
0000000000
0200000002
0202020202
0202020202
0202020202
0202020202
0213131302
0202020202
0202020202
0202020202
0213130213
0202021313
0213130202
0213020200
0202020202
0213020202
1313131313
0202020202
0000000000
0000000000
0000020000
0000000000
0000000000
0000000000
0000000000
0000000000
0000000000
0000000000
0200020000
0000000002
0002000000
0000000002
0000000200
0200000200
0202020202
0202020202
0202020202
0202020202
1302020202
1313131313
1313131313
0202131313
1313021302
0213130213
0202131313
0202021302
1313131313
1302131302
0213131302
1302021302
0000000000
0000000000
0000000000
0000000000
0000000000
0000000000
0000000000
0000000000
0000000000
0000000000
0000000000
0000000000
0000000000
0000000000
0000000000
0000000000
0202020002
0202020202
0202020202
0202020202
0202020202
0202020202
1313131302
1313131313
1313131323
1313131313
0213131313
1313021302
1313020213
1313130213
0213021313
0213021302
0000000000
0000000000
0000000000
0000000000
0000000000
0000000000
0000000000
0000000000
0000000000
0000000000
0000000000
0000000000
0000000000
0000000000
0202000000
0200000000
0202000200
0202020202
0202020202
0202020202
0202020202
0202020202
0202020202
0202020202
1302020213
1313131313
1313131313
1323230202
1313231313
1313021313
0213130213
1313131313
0000000000
0000000000
0000000000
0000000000
0000000000
0000000000
0000000000
0000000000
0000000000
0000000000
0000000000
0000000000
0002000000
0000020200
0202000000
0202020200
0202000202
0202020202
0202020202
0202020202
0202020202
0202020202
0202020202
0202020202
0202020202
0202020202
1302020202
0223233413
1313131313
1313231313
1313131313
1313131313
0000000000
0000000000
0000000000
0000000000
0000000000
0000000000
0000000000
0000000000
0000000000
0000000000
0000000000
0000000000
0200020000
0202020200
0002000002
0202020200
0200000202
0202000000
0202020202
0202020202
0202020202
0202020202
0202020202
0202020202
0202020202
0202020202
0213130202
0223131313
1302020213
1313130202
1313130202
1313131313
0000000000
0000000000
0000000200
0000000000
0000000000
0000000000
0000000000
0000000000
0000000000
0000000000
0000000000
0000000000
0000000000
0002000200
0202020202
0202000202
0202020202
0002020202
0202020000
0202020202
0202020202
0202020202
0202020202
0202020202
0202020202
0202020213
0202131302
0223130200
0202020202
0202020213
0202020202
1313131313
0000000000
0000000000
0000000000
0000000000
0000000000
0000000000
0000000000
0000000000
0000000000
0000000000
0000000000
0000000000
0000000000
0000000000
0202020200
0202020202
0202020202
0202020202
0202020202
0202020202
0202020202
0202020202
0202020202
0202020202
0202020202
0213020202
0202020213
0223232313
0202020202
0202130213
0202020202
1302020202
0000000000
0000000000
0000000000
0000000000
0000000000
0000000000
0000000000
0000000000
0000000000
0000000000
0200000000
0000000000
0000000000
0200000002
0202000202
0202020202
0202020202
0202020202
0202020202
0202020202
0202020202
0202020202
0202020202
0202020202
0202020202
1302130202
0202020202
1323132323
0202020202
1313021302
1302020213
1313131313
0000000000
0000000000
0000000200
0000000000
0000000000
0000000000
0000000000
0000000000
0000000000
0000000000
0200000000
0000000000
0000000000
0000000000
0202000000
0202020200
0202020202
0202020202
0202020202
0202020202
0202020202
0213020202
0202131313
1313131313
0202020202
0213020202
0202020202
0223131313
0202020202
0202020202
1313130213
1313131313
0000000000
0000000000
0000000200
0000000000
0000000000
0000000000
0000000000
0000000000
0000000000
0002000000
0000000200
0000000000
0000000000
0000020200
0202020002
0202020202
0202020002
0202000202
0202020202
0202020202
0202020202
0202020202
0202130202
0202021302
1302020213
0202130213
0202020213
0213130200
0202020202
0202020202
1313020202
0202021313
0000000000
0000000000
0000000000
0000000000
0000000000
0000000000
0000000000
0000000000
0000000000
0000000000
0002020000
0002000002
0200000202
0200000202
0000020200
0000020002
0202020202
0202020202
0202020202
0202020202
0202020202
0202020202
0202020202
0202020202
0202020202
1302021302
0202020202
0223231313
0202020213
0202020202
0000020202
1313020200
0000000000
0000000000
0000000000
0000000000
0000000000
0000000000
0000000000
0000000000
0000000200
0000000000
0200020200
0200020202
0202020202
0202020202
0202020202
0202020202
0202020202
0200000000
0202020202
1302020202
1302020202
0202020202
0202020202
1302020202
1313131313
0202020213
0002000202
0202130202
0202020202
0000000202
2313130202
3434343434
0000000000
0000000000
0000000000
0000000000
0000000000
0000000000
0000000000
0000000000
0200000000
0000000000
0000000000
0200000000
0202020002
0202020202
0202020202
0202020202
0202020202
0002020202
0202020200
0202020202
1302020202
0202020202
0202130202
0202021302
0202131313
0202020202
0202130200
0202131302
0200000002
1302020202
2323232323
1302020213
0000000000
0000000000
0000000000
0000000000
0000000000
0000000000
0000000000
0000000000
0000020202
0000020000
0000000200
0202000000
0202020202
0202020202
0000000002
0202000202
0202020202
0202020202
0202131302
1302020202
0213020202
0202020213
0202021302
1302021302
0213130213
0200020202
1302021302
1302020213
0202131313
0202020202
0000000013
1302020200
0000000000
0000000000
0000000000
0000000000
0200000000
0000000000
0000000000
0000000000
0002000000
0202000202
0202020000
0002020202
0202020202
0202020202
0202020202
0202020202
0202020202
0202020202
0202020202
0202020202
0202020202
0213020202
0202020202
0202020202
0000020202
0202020202
0202020202
0202020202
0202020202
0213020202
0202020202
0202020202
0000000000
0000000000
0000000000
0000000000
0000000000
0000000000
0000000000
0000000000
0200000000
0000000002
0000020000
0202020202
0002000202
0002020202
0002020202
0202020202
0202020202
0202020202
0202020202
0202020202
0202020202
0202020202
1302131313
0202131313
0202020002
0202020213
0202020202
0202020202
0213020202
0213020202
0202130202
0202020202
0000000000
0000000000
0000000000
0000000000
0000000000
0000000000
0000000000
0000000000
0000000000
0000000000
0000000000
0000000000
0202020200
0202020202
0202020202
0202020202
0202020202
1302020202
1313020213
1302131313
0202020202
1302020202
0202131313
0000020213
0200020202
0202020202
1302020202
0202020213
0213130202
0202131302
1302020202
0202020213
0000000000
0000000000
0000000000
0000000000
0000000000
0000000000
0000000000
0000000000
0002000000
0000000000
0000000000
0202020202
0200021302
0202020202
0202020202
0202020202
0202131313
0213020202
0202020202
0202020202
0202020202
0213131302
0202000213
0202020000
1302020202
0202020213
0202020202
0202020202
1302020202
1313020202
0202020202
1302021302
0000000000
0000000000
0000000000
0000000000
0000000000
0000000000
0000000000
0000000000
0002020000
0202000000
0202020202
1302020202
0002231313
0202020202
0202020202
0202020202
0202130213
0202130202
1313131302
1302131313
1300020202
0202020013
0202130213
0202021302
0213131302
0202020202
0202020202
0202020202
0202020202
0202020202
0202020202
1302021302
0000000000
0000000000
0000000000
0000000000
0000000000
0000000000
0000000000
0000000000
0200020000
0002020202
1313020202
1313232313
0202131313
0202130013
0202020202
0202020202
0202130202
0213020202
0202021302
0000000202
1302000000
0213020200
0200020202
1302020202
0202020213
1313131302
0202020202
0202020202
1302020202
0202020202
0202021302
0202020202
0000000000
0000000000
0000000000
0000000000
0000000000
0000000000
0000000000
0002000000
0202000200
1302000202
1313342313
0000132323
0002020002
0202021302
0002020200
0202000202
0202020202
0002020202
0000000000
0202020202
0202131302
0202131302
0202020202
0202020202
1302131302
0202020213
1313131302
0202020213
0202020202
0202020202
0213130213
0202020202
0000000000
0000000000
0000000000
0000000000
0000000000
0000000000
0202000000
0200020000
0202020200
3423130000
0202021302
0202020202
0000020202
0213131302
0000020202
0202020202
0000020202
0213020000
0202020202
0213131313
0213232302
0202020213
0202020202
1313130202
0002020002
0202020202
0202021302
0202020202
0202020202
0213020202
0213020202
0202020202
0000000000
0000000000
0000000000
0000000000
0000000000
0202020000
0202020002
0202020202
0000020202
0213020202
0202020202
0202020202
1300020202
1302020213
0202021302
0200000000
1302000000
0202131313
1313131313
0013232323
0200131302
0202020213
0202020202
0000131302
0202020200
0202020202
0202130213
0202020202
0202020202
0202020202
0213130202
0202020202
0000000000
0000000000
0000000000
0000000000
0000000200
0002020000
0200020000
0002020202
0202020200
1302000202
0202020202
0200020202
1313000002
0202020202
0202021313
0202020202
1302020202
2313130213
0202132323
0000020213
0000020202
0202020200
0202020202
0202020202
0202020202
1313130202
1313020202
0202130202
0202130202
0202020202
0213020202
0202020202
0000000000
0000000000
0000000000
0000000000
0000000002
0202000000
0002020202
0000020202
0000020002
1300020200
0002020213
0000000002
0202020200
1302000202
0202020213
0202130213
2313020002
1302132334
0202000202
0202021313
0200000200
0202020202
0202020202
0202131302
1302020202
0213020202
1302020213
0202020202
1313020202
0202020202
0202020202
0213020202
0000000000
0000000000
0000000000
0000000000
0000000000
0002020200
0200020202
0000000202
0000000000
0202020000
0000000200
0000020002
0213130000
1313130200
0213020202
0002020202
2302020202
1302000013
0200000202
0002020213
0202020200
1313020202
0202020013
0200020200
0202020202
0202020202
0213020202
0202021302
0202021302
0202020202
0202020213
1302020213
0002000000
0000000000
0000000000
0000000000
0000000000
0202020000
0202020202
0000000202
0000000000
0000000000
0000000000
0002000000
0213130202
0213021302
0202131302
0202130202
0202020202
0002020200
0202020000
0200020202
0202000202
0200020202
0202000002
0202000202
0202020202
0202020202
1302130202
1302020202
0202020202
0202021313
0202020202
0202020202
0000020000
0000000000
0002020000
0000020200
0200000000
0002020202
0000020000
0200000000
0000020202
0000000000
0000000200
0002020200
0202020002
1313020213
0202020213
2323130202
0202021313
0202020202
0202020202
0202020202
0202020202
0202020202
0002000000
0213020000
0202020202
0202020202
0213130202
1302020202
0202130202
0202020202
0202020202
0202020202
0000000000
0000000200
0000000200
0000000000
0202000202
0002020002
0200020213
0202000002
0200000202
0000020000
0000000200
0202020200
0202000200
0213020202
0202020202
0013230202
0202130202
0202020202
0202020202
0202021302
0202020202
0002000002
0002020000
1302020202
0202020202
0202020213
0202020202
0202020202
0202020202
0202020202
0202020202
0202020213
0000000002
0000020200
0000000000
0000000000
0000000002
0000000000
0002000000
0202000000
0200000000
0000020200
0200000000
0000020202
0202020200
0213020202
0202020213
0200131302
0202020202
0213020202
1302130202
0202020002
0202020002
0202000000
0202020202
1302130202
0202020202
0202020213
0202020202
0202020202
1302020202
0202020202
0202021313
0202020213
0202020002
0000020000
0000000200
0000000000
0000000000
0200000000
0000000002
0000000000
0002000000
0202020200
0202020200
0202020202
0202020202
0202020202
0202020202
0202000202
1302020202
0202020202
0202021302
0202020202
0002020200
0202020000
0200020202
0213020202
0202020202
0202020202
0202020202
0202020202
0202020202
0202020202
0213021302
0213021302
0002020202
0002020202
0000000000
0000000000
0000000000
0000000000
0000000000
0000020000
0002000000
0200020202
0202020002
0202020202
0202020202
0202130202
0202020202
0213000202
0202020202
0202020202
0202020002
0202000202
0200020202
0200000000
1302020202
0213020202
1302020202
0202020202
0202130202
0202020202
1302020202
0202020213
0202021302
0213131302
0202020000
0000020200
0000000002
0000000000
0000000000
0000000000
0000000000
0200000000
0202021313
0202020200
0202020200
0202020202
0202020202
0202020202
0002020202
0202020213
1302020202
0202020202
0202020202
0202020202
0202020202
0202020200
0000000200
0213130202
0202021302
0202020202
0202020202
0202020202
0202020202
0213020202
1302130202
1302020202
0202000200
0002020202
0000000000
0000000000
0000020000
0000000000
0002020000
0202020000
0002020223
0202020202
0202020202
1302020202
0202020213
0202020202
1302020202
0202000213
0202020213
0202020202
0202020202
0202020213
0000020202
0000000002
1302130200
0202020202
0202020202
1313021302
0202130202
0213020202
0202020213
0213131302
0213130202
1313130213
0202000200
0002020202
0000000200
0200000000
0000000000
0002000002
0200000000
0002020202
0200020202
0202020202
0213130202
0202020202
0202020213
0202020202
0202020202
0213021302
0202020202
0213020202
1313130200
0202020202
0000000213
0202020202
0202021302
0202021302
0213020202
0202020202
0202021302
1313131313
0213021313
1313020202
0202020202
1313130202
0202000202
0202020202
0200020202
0213020002
0000020200
0202020000
0202020002
0202020202
0202020202
0213020200
0202020202
0202020202
0202020202
0202020202
0202020202
0000020202
0000020200
0002020000
0202130202
0202130202
0202020202
1313021302
0002020213
0000000202
0202020202
0202020202
0202020213
0213020202
0202131313
0202020213
0202020213
0202131302
0202020202
0202020202
0202020002
0202020202
0202020202
0202020202
0202020202
0202020213
0000020202
0202020202
0202131302
0202020202
0202020202
0202020213
0202020202
0002021302
0000000200
0202020202
0000021302
0000000000
0000000000
1302020202
0000000202
0202021302
1302131302
0213130202
1302131313
0202130202
0202020202
0202020202
0202131302
0202021302
0202020202
0202020202
0202130202
0000020202
0202020202
0202000200
0213020202
0000000200
0002000000
0202020202
1313020202
1302020213
0202020213
1302130013
1302021302
0000021302
0000000000
0000000000
0000000000
0000000000
0000000000
0002000000
0000000000
0000000000
0000000000
0202000202
0200000000
0202131302
1302020213
0202020202
0202130202
1313131302
0213020200
0202020202
0202020202
0000000202
0202020200
0202020002
0000020202
0002000202
0000000002
0202020202
0002020202
0202020200
0202020202
0202020202
0002020202
0000000000
0000000000
0000000000
0000000000
0000000200
0000000000
0000000000
0000000000
0002000000
0000000000
0002020000
0000020200
0000000002
0202020000
0202020202
0213020213
1313130202
0202020202
0213020200
0202020202
0202020202
0202000202
0000000000
0000020200
0202020202
0202020202
0000020202
0200020200
0202000002
0202020202
0000020000
0000000000
0000000000
0200000200
0000020200
0202000002
0202020000
0200020202
0002000000
0000000000
0000000000
0000000000
0000000002
0000000000
0202020200
0000000002
0200000000
0213020202
0202021313
0002000202
0202020202
0202020202
0202020202
0202020202
0202020000
0000020202
1302020202
0200020202
0000000000
0200000002
0202020200
0000000002
0000000000
0000000000
0200000002
0002000200
0000020202
0202020202
0200021300
0202020202
0200000202
0200000200
0000020002
0000000202
0000000000
0200000000
0000020200
0002020202
0000000200
0202000000
0202020200
0202000202
0202020202
0202131302
0202020202
0202020202
0202020202
0200000002
0202021302
0202020202
0000000002
0000000000
0000000002
0000000002
0202000000
0202000000
0202020202
0202020202
0202020202
0202020202
0202020202
0202020202
0000000002
0200020000
0200000002
0000020202
0202000000
0000000202
0002000002
0000000002
0002020200
0202020213
0202020202
1313130202
0202020202
0202020202
0202020202
0202000002
0002020202
0202000200
1302020202
0202020202
0000000002
0000020000
0202000000
0202000002
0000020002
0202020200
0202020202
0202020202
0213020202
0202131302
0202021313
0202020202
0202020202
0202020202
0202020202
0202020000
0000000000
0202000000
0200000202
0000000202
0200020200
0202020202
0202020202
0002020213
0202020202
0202020202
0200020002
0202020202
0002020202
0200020202
0002020202
0002000202
0000000200
0002020200
0200000002
0200000002
0202020202
0202020202
0202020202
0202020202
0202020202
0202021302
0202020202
0202020202
0000020200
0202020202
0202021300
0002020202
0000020000
0000000002
0202000200
0002020000
0200000000
0002000200
0202020202
0202020202
0200020202
0202020202
0202020202
0202130202
0202020202
0000020202
0202000002
0002020202
0200000202
0202021313
0202020002
0202020202
0202020202
0202130202
0202000200
0202000202
0202000202
0202020202
0202020202
0202020213
0202020202
0202020002
0202000202
0202020202
0202021300
0002000000
0200130200
0000020202
0202020202
0000000202
0202020202
0202000002
0202000202
0202020202
0202020202
1313020202
0002021302
0202000202
0002020202
0202020000
0002020200
0202020202
0202020202
0002020202
0002020202
0000020000
0202020202
1302021313
0202020202
0202020002
0202020202
1302000202
0202020202
0202020200
0202020202
0202020202
0002001302
0000000000
0000000000
0200020202
0002020202
0200020002
0202020202
0202020202
0202020200
0202020202
1302021313
0213020213
0202020202
0202020202
0200020202
0200020002
0202000202
0002000202
0002020202
0202020000
0202020002
0200000202
0200020202
0202020202
0202130202
0202020202
0202020202
0202020202
0202020202
0202020202
0202020202
0202020202
0000000002
0000000000
0000000000
0202020202
0200020202
0000000000
0202000202
0202020202
0202020202
1313020213
1313130213
0202020202
0202020202
0202131302
0202020202
0200020202
0000020000
0202020000
0202020202
0202020202
0202000202
0202020202
0202020202
0202020202
0202020202
0202020202
0202020202
0202021302
0000020202
0202130202
0202020202
0002020002
0002000200
0202020000
0002020202
0002020202
0002000000
0000020200
1302000000
0202021313
0202020202
0202020213
0202020202
0202020202
0202020202
0202021302
0202020202
0200020002
0000000202
0202020202
0202020202
0202020200
0213020202
0213130202
1302020202
0202020202
0202021302
0202020202
1313021302
0202020202
0202000202
0202000202
0202020202
0002000200
0202130202
0202020202
0202020202
0202020213
0002020002
0002020202
0202020202
0202020202
0202020202
0202130213
1302020202
0213020213
0202020213
1302020202
1313021302
0202021302
0202020002
0002020002
0002020200
0202020202
0202020202
0202020202
0202020000
0202020202
1302020202
1302021313
0202020213
0213020202
0002020202
0202020202
0202000202
0200020202
0200130202
0202020202
0202020202
0202020202
0013021302
0200020202
0202020200
0202020202
1313130202
1302130202
0213020202
0213020202
0202020202
1313130202
0213020202
0213130202
0202020200
0002020202
0202020202
0202020202
0202000002
0002020202
0202020002
0002020202
0202020202
0200020200
0002020200
0202020202
0202020202
0202020202
0202020202
0000000002
0202000202
1302020202
0202020213
1302020202
0202020202
0202020202
0200020202
0202020202
0202021313
0202020202
0202020202
0213020202
0202020202
0202130213
0202020202
0202020013
0202020200
0202020202
0002020202
0202020002
0202020202
0202020202
0002020202
0202020202
0202020202
0202020202
0202020202
0213020202
0202020202
0202020202
0202000200
0013000202
1302020202
1302130202
0213130202
0202020202
0202021302
0213131313
0202020202
0202020213
0202021313
0202020202
1313130202
0202020213
0202020202
1302130202
0202020202
0202020213
0202020202
0202020202
0202020202
0202020202
0202020202
0202020202
0202020202
0202020202
1302020213
0202020202
0202020202
0202020213
0202020202
0202020202
0202020202
0202020202
0202020202
0202020202
1302021313
0202131302
0202130202
1302130202
0213021302
1313020202
1302021313
0202130202
0202130202
0202020202
0202020202
0202020202
0202020202
0202020202
0213020213
0202021313
0202020213
0202020202
0002021302
0202020202
0213020202
0202020202
0202020202
0202020202
0202020202
0202020202
0202020202
0202020202
0202020202
0202020213
0202020202
0202020202
0202020202
0202020202
0202021302
0202020202
0202021302
0202020202
1313020213
0202020202
0202020202
0202020202
0202020202
0213020202
0202020202
0202020202
0213020213
0202021313
0213020202
0202020202
0202000202
0200000202
0202020202
0202020213
0202130202
0202021302
0202020202
1313130202
0202020202
0202020202
0202020202
0202020202
0202020202
0202130202
0213131302
0202020202
0202020213
0202020202
0202130202
1302131302
1313131302
0202130213
0202020202
0202020202
1302021302
0013021302
0202021302
1302020202
0202020202
1302021302
0202020202
0202020202
0002020202
1313020202
0202020200
0202000202
1302021313
0202020202
0202020213
0002020213
0202020202
1302130202
0202020202
1302020202
0202020202
0202020202
0202020202
0202020202
0202020202
1302020202
0202020202
0213020202
0202020202
0202020202
0202020202
1302020202
0202021302
0200130202
0202020202
1313020202
0202020202
0202020202
0213020202
0213020202
0202020202
0202020200
0200130202
0202020202
0202020202
0202020202
0202020002
1302020202
0202020213
0202020202
0213020002
1302020202
0202020202
0202020202
0202020202
0202021313
0202130202
1302020202
1313020213
0000000000
0000000000
0000000000
0000000000
0000000000
0000000000
0000000000
0000001200
0000000000
0000000000
0000000000
0000000000
0000000000
0000000000
0000000000
0000000000
0000000000
1200000000
0000000012
0000000000
0000000000
0000000000
0000000000
0000000000
0000000000
0000000000
0000000000
0000000000
0000000000
0000000000
0000000000
0000000000
0000000000
0000000000
0000000000
0000000000
0000000000
0000000000
0000000000
0000000000
0000000000
0000000000
0000000000
0000000000
0000000000
0000000000
0000000000
0000000000
0000000000
0000000000
0000000000
0000000000
0000000000
0000000000
0000000000
0000000000
0000000000
0000000000
0000000000
0000000000
0000000000
0000000000
0000000000
0000000000
0000000000
0000000000
0000000000
0000000000
0000000000
0000000000
0000000000
0000000000
0000000000
0000000000
0000000000
0000000000
0000000000
0000000000
0000000000
0000000000
0000000000
0000000000
0000000000
0000000000
0000000000
0000000000
0000000000
0000000000
0000000000
0000000000
0000000000
0000000000
0000000000
0000000000
0000000000
0000000000
0000000000
0000000000
0000000000
0000000000
0000000000
0000000000
0000000000
0000000000
0000000000
0000000000
0000000000
0000000000
0000000000
0000000000
0000120000
0000000000
0000000000
0000000000
0000000000
0000000000
0000000000
0000000000
0000000000
0000000000
0000000000
0000000000
0000000000
0000000000
0000000000
0000000000
0000000000
0000000000
0000000000
0000000000
0000000000
0000000000
0000000000
0000000000
0000000000
0000000000
0000000000
0000000000
0000000000
0000000000
0000000000
0000000000
0000000000
0000000000
0000000000
0000000000
0000000000
0000000000
0000000000
0000000000
0000000000
1200000000
0000000000
0000000000
0000000000
0000000000
0000000000
0000000000
0000000000
0000000000
0000000000
0000000000
0000000000
0000000000
0000000000
0000000000
0000000000
0000000000
0000000000
0000000000
0000000000
0000000000
0000000000
0000000000
0000000000
0000000000
0000000000
0000000000
0000000000
0000000000
0000000000
0000000000
0000000000
0000000000
0000000000
0000000000
0000000000
0000000000
0000000000
0000000000
0000000000
0000000000
0000000000
0000000000
0000000000
0000000000
0000000000
0000000000
0000000000
0000000000
0000000000
0000000000
0000000000
0000000000
0000000000
0000000000
0000000000
0000000000
0000000000
0000000000
0000000000
0000000000
0000000000
0000000000
1212121200
1212121200
0000000012
0000000000
0000000000
0000000000
0000000000
0000000000
0000000000
0000000000
0000000000
0000000000
0000000000
0000000000
0000000000
0000000000
0000000000
0000000000
0000000000
0000000000
0000000000
0000000000
0000000000
0000000000
0000000000
0000000000
0000000012
0000000000
0000000000
0000000000
0000000000
0000000000
0000000000
1212000000
0000001212
0000000000
0000000000
0000000000
0000000000
0000000000
0000000000
0000000000
0000000000
0000000000
0000000000
0000000000
0000000000
0000000000
0000000000
0000000000
0000000000
0000000000
0000000000
0000000000
0000000000
0000000000
0000000000
0000000000
0000000000
0000000000
0000000000
0000000000
0000000000
0012000000
1212120000
1200001212
0000000012
0000000000
0000000000
0000000000
0000000000
0000000000
0000000000
0000000000
0000000000
0000000000
0000000000
0000000000
0000000000
0000000000
0000000000
0000000000
0000000000
0000000000
0000000000
0000000000
0000000000
0000000000
0000000000
0000000000
0012000000
0000000012
0000120000
0000000000
0000000000
0000000000
1212121212
0000001212
0000000000
0000000000
0000000000
0000000000
0000000000
0000000000
0000000000
0000000000
0000000000
0000000000
0000000000
0000000000
0000000000
0000000000
0000000000
0000000000
0012000000
0000120000
0000000000
0000000000
0000000000
0000000000
1212120000
0000000012
1200000000
1212121212
0000001212
0000000000
0000000000
0000000000
0000000000
0000001212
0000000000
0000000000
0000000000
0000000000
0000000000
0000000000
0000000000
0000000000
0000000000
0000000000
0000000000
0000000000
0000000000
0000000000
0000000000
0000000000
0000000000
0000000000
0000000000
0000000000
1212000000
0000000000
0012121200
0000000000
0000000000
0000000000
0012000012
1200121212
0012000000
1212121200
0000121212
0000000000
0000000000
0000000000
0000000000
0000000000
0000000000
0000000000
0000000000
0000000000
0000000000
0000000000
0000000000
0000000000
0000000000
0000000000
0000000000
0000000000
0000000000
0000000000
0000000000
0000000000
0000000000
1212121200
0000000000
0000000000
0000000000
0000000000
0000000000
0000000000
1212121200
1200001212
0000001212
0000000000
0000000000
0000000000
0000000000
0000000000
0000000000
0000000000
0000000000
0000000000
0000000000
0000000000
0000000000
0000000000
0000000000
0000000000
0000000000
0000000000
0000000000
0000000000
0000000000
0000000000
0000000000
0000000000
0012000000
0000000000
0000000000
0000000000
0000000000
0000000000
0000000000
0000000000
0000000000
0000000000
0000000000
0000000000
0000000000
0000000000
0000000000
0000000000
0000000000
0000000000
0000000000
0000000000
0000000000
0000000000
0000000000
0000000000
0000000000
0000120000
0000000000
0000000000
0000000000
0000000000
0000000000
0000000000
0000000000
0000000000
0000000000
0000000000
1212000000
0000001212
0000000000
0000120000
0000000000
0000000000
0000000000
0000000000
0000000000
0000000000
0000000000
0000000000
0000000000
0000000000
0000000000
0000000000
0000000000
0000000000
0000000000
0000000000
0000000000
0000121212
0000000000
0000000000
0000000000
0000000000
0000000000
0000000000
0000000000
0000000000
0000000000
0000000000
1200000000
0000000000
0000000000
0000000000
0000000000
0000000000
0000000000
0000000000
0000000000
0000000000
0000000000
0000000000
0000000000
0000000000
0000000000
0000000000
0000001200
0000000000
0000000000
0000000000
1200000000
0000000000
0000000000
0000000000
0000000000
0000000000
0000000000
0000000000
0000000000
0000000000
0000000000
0000000000
0000000000
0000000000
0000000000
0000000012
0000000000
0000000000
0000000000
0000000000
0000000000
0000000000
0000000000
0000000000
0000000000
0000000000
0000000000
0012000000
0000000000
1212001212
0000000012
0000000000
0000000000
0000000000
0000000000
0000000000
0000000000
0000000000
0000000000
0000000000
0000000000
0000000000
0000000000
0000000000
0000000000
0000000000
0000000012
0000000000
0000000000
0000000000
0000000000
0000000000
0000000000
0000000000
0000000000
0000000000
0000000000
0000000000
0000000000
0000000000
0000000000
1212120000
1200121212
0000001212
0000000000
0000000000
0000000000
0000000000
0000000000
0000000000
0000000000
0000000000
0000000000
0000000000
0000000000
0000000000
0000000000
0000000000
0000000000
0000000000
0000000000
0000000000
0000000000
0000000000
0000000000
0000000000
0000000000
0000000000
0000000000
0000000000
0000000000
0000000000
0000000000
0000121200
1212000000
0000001200
0000000000
0000000000
0000000000
0000001212
0000000000
0000000000
0000120000
1200120000
0012121212
1212121212
0000000012
0000000000
0000000000
0000000000
0000000000
0000000000
0000000000
0000000000
0000000000
0000000000
0000000000
0000000000
0000000000
0000000000
0000000000
0000000000
0000000000
0000000000
0000000000
1212000000
1200000012
0000000000
0000000000
0000000000
0000000000
0000000000
0000000000
1212000000
1212121212
1212121212
1200121212
0012001200
1212120000
1212121212
0000000000
0000000000
0000000000
0000000000
0000000000
0000000000
0000000000
0000000000
0000000000
0000000000
0000000000
0000000000
0000000000
0000000000
0000000000
0000000000
0000120000
0000000000
0000000000
0012000000
0000000000
0000000000
0000000000
0000000000
0000000000
1212000000
1212120012
1212120012
1200000012
0000001200
0012000000
0000001212
1212121212
1212121212
0000000000
0000000000
0000000000
0000000000
0000000000
0000000000
0000000000
0000000000
0000000000
0000000000
0000000000
0000000000
0000000000
0000000000
0000000000
0000000000
1212120000
0012000000
0000000012
1200120000
0000000012
0000000000
0000000000
0000000000
0000000000
0000000000
1200120000
1200120012
1200001212
1212121212
1212121212
1212121212
0000000000
0000000000
0000000000
0000000000
0000000000
0000000000
0000000000
0000000000
0000000000
0000000000
0000000000
0000000000
0000000000
0000000000
1212120000
0000000000
0012120000
0012120000
0000000000
0000000000
0000000000
0000000012
0000000000
0000000000
0000000000
0000000000
1212120000
1212121212
1212121212
0000000012
1212000000
0000000012
0000000000
0000000000
0000000000
0000000000
0000000000
0000000000
0000000000
0000000000
0000000000
0000000000
0000000000
0000000000
0000000000
1200000000
0000001200
0000000000
1212121200
0012121212
1212120000
1212120012
1212121212
1212121212
1212121212
0000001200
0000000000
1212121212
0000121200
0000000000
0012120000
1212120012
1212121212
0000121212
0000000000
0000000000
0000000000
0000000000
0000000000
0000000000
0000000000
0000000000
0000000000
0000000000
0000000000
0000000000
0000000000
1200000000
1212120000
1200001200
1212121212
1212000012
1212121212
1212121200
1200001212
1212121200
1212121212
1212121212
1212000012
1212121212
1212001200
1212121200
1212001212
1212121200
1212121212
0000121212
0012000000
0000000000
0000000000
0000001200
0000000000
0000000000
0000000000
0000000000
0000000000
0000000000
0000000000
0000000000
0000000000
0000000000
1212120000
0000000000
0000000012
0000000000
1212000000
1212121212
1212121212
0012121212
0000000000
0000000000
0000121200
0000000000
0012121212
1212121200
1200121212
1212121212
0012121212
0000000000
1212120000
0000000000
0000000000
0000000000
0000000000
0000000000
0000000000
0000000000
0000000000
0000000000
0000000000
0000000000
0000001200
0012000000
1212120012
1212121212
1212121212
1212120000
1212121212
1212121212
0012121212
0000000000
1200000000
0000001200
0012121212
0012000000
1212120000
1212121212
1212001212
0000001200
0000000000
0000000000
0000121212
0000000000
0000000000
0000000000
0000000000
0000000000
0000000000
0000000000
0000000000
0000000000
0000000000
0000000000
1212120012
1212001212
1212121212
1212121212
1212121212
1212121212
1212121212
0000121212
0000000000
0000000000
0000000000
0000000000
0000000000
0000000000
0000120000
0000000000
1200001200
0000000000
0000000000
0000000000
0000000000
0000000000
0000000000
0000000000
0000000000
0000000000
0000000000
0000000000
0000000000
0000000000
0000000000
0000000000
1212121212
0012001212
1212121212
1212121212
1200121212
1212121212
1212121212
0000121212
0000000000
0000000000
1212120012
1212121212
1212121212
0000120000
1200000000
1212120012
1212001212
0000000000
0000001212
0000000000
0000000000
0000000000
0000000000
0000000000
0000000000
0000000000
0000000000
0000000000
0000000000
0000000000
0000000000
0000000000
1212121212
1212121212
1212121212
1212121212
1212121212
1212121212
0012121212
0012121212
0000000012
1212000000
1212000012
1212121212
1212121212
1212121212
1212121212
1212121212
1212121212
1200121212
0000000000
0000000000
0000000000
0000000000
0000000000
0000000000
0000000000
0000000000
0000000000
0000000000
0000000000
0000000000
0000000000
1212120000
1212121212
1212121212
1212121212
1212121212
1212121212
1212121212
1212001212
0000121212
1212001212
1212001212
1212121212
1212121212
0012121212
1212121212
1212121212
0012121212
1200000000
1212121212
0012121200
0000001212
0000000012
0000000000
0000000000
0000000000
0000000000
0000000000
0000000000
0000000000
0000000000
0000000000
0000120000
0000000012
1212121212
1212121212
1212121212
1212121212
1212121212
1212121212
1212121212
1212121212
1212121212
1212121212
0012121212
1212121212
1212121212
1212121212
1212001212
1212121212
1212121212
1212121212
0000001200
0000000000
1212000000
0000000012
0000000000
0000000000
0000000000
0000000000
0000000000
0000000000
0000000000
1212000000
1212121212
0000120000
1212121212
1212121212
1212121212
1212121212
1212121212
1212121212
1212121212
1212121212
1212121212
1212121212
1212121212
1212121212
1212121212
1212121212
1212121212
1212121212
1212121212
1212121212
1200000000
1200000000
0000000012
0000000000
0000000000
0000000000
0000000000
0000000000
0000000000
0000000000
0000000000
1212121200
0000121212
0000000012
1212121212
1212121212
1212121212
1212121212
1212121212
1212121212
1200121212
1212121200
1212121212
1212121212
0012121212
1212121212
1212121212
1212121200
1212121212
0000121200
1212121212
0012121212
1212121212
0012121200
0000000000
0000000000
0012001200
0000000012
0000000000
0000000000
0000000000
0000000000
1212121212
1212121212
0000120012
0000000000
1212121212
1212121212
1212121212
1212121212
1212121212
1212121212
1212121212
0012121212
0000001200
1212121212
1212121212
1200121212
0000000000
1212121200
1200001200
1212121212
1200121212
1212121212
0000000012
0000000000
0000000000
0000000000
0000000000
0000000000
0000000000
0000000000
0000000000
1200120000
0012121212
1200000000
0000000000
0000000012
1212121212
1212121212
1212121212
1212121212
1212121212
1212121212
1212121212
1212121212
1212121212
1212121212
0000000000
1200000000
0000001212
0000000000
0000000000
0000000000
1200120000
0012001212
0000000012
0000000000
0012000000
0000120000
0000000000
0000000000
1200000000
1200000012
1212121212
0012121212
1212121212
1212121212
1212121212
0000000000
1212121212
1212121212
1212121212
1212121212
1212121212
1212121212
1212121212
0000121212
1212000000
1212121212
1212121212
1212121212
0012121212
0000000000
0000000000
1200001212
1212121200
0000121212
0000000000
0000000000
0012120012
0000000000
0000000000
0000000000
0000000000
1212120000
1212121212
1212121212
1212121212
1212001212
1212121212
0000000000
1212121212
1212121212
1212121212
1212121212
1212121212
1212121212
1212121212
1212121212
1212121212
1212121212
1212241212
1212121212
1212121212
1212121212
0000121212
1212121200
0000121212
0000000000
0012120000
1212001200
1200120012
0000000000
0000120000
0012000000
0000000000
0000121212
1212120000
1212121212
0000001212
1200000000
0000000000
0000000000
1212121212
1212121212
1212121212
1212241212
1212122412
1212121212
1212121212
1212121212
1212121212
0012121212
0000001200
1212121212
1212121212
0000001212
1212121212
0012121212
0000000000
1212000000
1212121212
1212121212
0000000000
0012000000
0000121212
0000000000
0012000000
1200121200
1212121212
1212121212
0012121212
0000000012
0000000000
0000000000
2424242424
1212121224
1212121212
1212122412
1224242424
1212121212
1212121212
1212121212
1212121212
1212121212
1212121212
1212121212
0000000000
1212120000
1212121212
1212121212
0000000000
1212120000
0000121212
0000000000
0000000000
1212000000
1212001212
0000121212
1212000000
1212121212
1212121212
0000001212
0000000012
0000000000
0000000000
0000000000
2424242424
2424242424
1212121212
1212121212
1212121212
1212121212
1212121212
1212121212
1212121212
1212121212
1212121212
0000000000
1200121200
1212121212
0012121212
0000000000
1212121200
1212120012
1212120012
0000001212
1200000000
1200000000
0000121212
1212121200
1212121212
1212121212
0000000012
0000000000
0000000000
0000000000
0000000000
0000000000
1212121212
1212121212
1212121212
1212121212
1212121212
1212121212
1212121212
1212121212
1212121212
1212121212
1212121212
1212121212
1212121212
1212121212
1212121212
1212121212
1212121212
1212121212
0012121212
0000000000
0000000000
1212120000
1212121212
1212121212
0012121212
0000000000
0000000000
0000000000
0000000000
1200000000
0000120000
0000000000
1212121212
1212121212
1212121212
1212121212
1212000012
1212121212
1212121212
2424121212
1212121212
1212121212
1212121212
1212121212
1212121212
1212121212
1212121212
1212121212
1212000012
1212121212
0000000000
0000000000
1212121212
1212121212
1212121212
0000001212
0000000000
0000000000
0000000000
0000000000
1200000000
0012121212
0000121200
0000000000
1212121212
1212121212
1212121212
2412121212
2412241224
1212121212
1212121212
1212000000
1212121212
1212121212
1212121212
1212121212
1212121212
1212121212
1212121212
1212000000
1212121212
0000001212
0000000000
1212121200
1212121212
1212121212
0000000012
0000000000
0000000000
0000000000
1212000000
1212121212
0000000012
0012000000
0000121200
0000000000
1212121212
1212121212
1212121200
2424242412
2424242424
1224121224
1212121212
1212121212
2424242424
0000000012
1212121212
1212121212
1200000012
0000000000
0000000000
1212120000
1212000012
0000000012
1212121200
1212121212
1212121212
0012121212
0000000000
0000000000
0000000000
0000000000
0000001212
1200000000
0012121200
0000120012
0000000000
0000000000
1212121212
1212121212
1212121212
2424121212
2424242424
2424242424
2424242424
1212242424
1212121224
1212120012
1212121212
1212121212
1212121212
1212121212
1212121212
1212121212
0012121212
1212000000
1212121212
1212121212
1212121212
0012121212
0000000000
0000000000
1212121212
1212121212
1212121212
1212121212
0000121212
0000000000
0000000000
0000000000
1212122412
1212121212
1212121212
1212121212
2412121212
2424242424
2424242424
2424242424
2424242424
1212121212
1212121212
1212121212
1212121212
1212121212
1212121212
0012121212
1212121200
1212121212
1212121212
0012001212
0000000000
0000000000
1212120000
1212121212
1212121212
1212121212
0012121212
1212121212
0000000000
1200120000
0012001200
0012000000
1212121224
1212121212
1212121212
2412121212
2412122424
2412121224
2424242424
2424242424
2424242424
1212242424
1212122412
1212121224
1212121212
1212121212
1212121212
1212121212
1212121212
1212121212
0012120012
0012001212
1212120000
1212121212
1212121212
1212121212
1212121212
1212121200
1212121212
0000001212
0000000000
1200121212
1200001200
0000000000
1212242424
1212121212
1212121212
2412121212
1212122412
1212121212
1224122424
1212121212
1224242412
1212121212
1212122424
1212121212
1212121212
2412121212
1212121212
1212121212
1212121212
1212121212
1212121212
1212121212
1212001212
0012121212
1212121212
1212121212
1212121212
0000121212
0000000000
1212121212
1212121212
0012121212
0000000000
0000000000
1212242424
1212121212
1212121212
2424121212
2424242424
2424242424
2424242424
1212121212
1212121212
2424242412
1224122424
1212242424
1212242412
1212242412
1212121212
1212121212
1212121212
1212120000
1212121212
1200000000
1212121212
1212121212
1212121212
1212121212
1212121212
1212121212
1212121212
0012121212
0000000000
0000000000
0000000000
0000000000
2424242424
1212121212
1212121212
2424241212
2424242424
2424242424
2424242424
2424242424
2412242424
2424241224
2424242424
2424242424
2424242424
1224242424
2424242412
1212121212
1212121212
1212121212
1212121212
1212121212
1212121212
1212121212
1212121212
1212121212
1212121212
1212121212
1212121212
1212001212
0000120012
0000000000
0000000000
0000000000
2424242424
1212121212
1212121212
1212121212
2424122412
1224242424
2424242424
2424242424
2412242424
2424242424
2424242424
2424242424
2424242424
1224121224
1212121224
1212121212
1212121212
1212121212
1212121212
1212121212
1212121212
1212121212
1212121212
1212121212
0012121212
0012121212
0000001200
0000000000
0000000000
0012120000
0000120000
0012000000
2424242424
1212121224
1212121212
1212121212
1212121212
2424121212
2424242424
2424242424
2424242424
1224242424
1212121212
2424121212
1212122424
1212121212
1212121212
1212121212
1212121212
1212121212
1212001212
1212121212
1212121212
1212121212
1212121212
1200000000
1212121212
1200121212
0000000012
0000000000
1200000000
1200000000
0000121212
0000000000
2424242424
2424242424
1212121212
1212121212
1224242412
2424242412
1212241212
2424242424
2424242424
2412242424
2424242424
2424242424
1212121212
1212121212
1212121212
1212121212
0000121212
1212000012
1212121212
1212121212
1212121212
1212121212
1212121212
1212121212
1212121212
0012121212
0000000000
0000000000
0000000000
0000000000
0000000000
0000000000
2424242424
1224242424
1212121212
2412121212
2424241212
2424242424
2424242424
2424242424
2424242424
2424242424
2424242424
1212122424
1212121212
1212121212
1212121212
1212121212
1212121212
1212121212
1212121212
1200121212
1212001212
0000000000
1212121212
1200121212
1200121212
0000000000
0000000000
0000001200
0012121212
0000000000
0000000000
0000000000
2424242424
1212242424
1212121212
2412122412
2424242424
2424242424
2424242424
2424242424
1212242424
2424241212
1212242424
1212121224
1212121212
1212121212
1212121212
1212121212
1212121212
1212121212
1212121212
1212001212
1212120012
0000000012
0012000012
0000000012
0012000000
1200000000
0000001200
0000000000
0000000000
0000000000
0000000000
0000000000
2424242424
2424242424
2424242424
2424242412
2424242424
2424242424
2424242424
2424242424
2424242424
2424242424
1212121212
1212242412
1212121212
1212121212
1212121212
1212121212
1212121212
1212121212
1212121212
1212121212
1212121224
1200120012
1200120012
1212000012
0000120000
1200000000
0000000000
0000000000
0000000000
0000000000
0000000000
0000000000
2424242424
2424242424
2424242424
2424242424
2424242424
2424242424
2424242424
2424242424
2424242424
1212121212
1224122412
1212122412
1212121212
1212121212
1212121212
1212121212
1212121212
0012120012
1212121212
1200001200
1212001200
0012121212
0000121212
1212121212
1200121212
0000001200
0000000000
0000000000
0000000000
0000000000
0000000000
0000000000
2424242424
2424242424
2424242424
2424242424
2424242424
2424242424
1212242424
2424241224
2424242424
2424242424
1212121224
0012121212
0000120000
1200000000
1212121212
1200120012
1212121212
0012121212
1200001212
0012001200
0000120012
0000000000
1212000012
0000121212
0000000012
0000000000
0000000000
0000000000
0000000000
0000000000
0000000000
0000000000
2424242412
1212122424
1212121212
2424122412
2424121224
1224242424
1224121212
1224242424
1212121212
2412121212
2424242412
1212121212
1212121212
1212121212
1212121212
1224241212
1212121224
1200001212
1212001200
0000001212
0000001200
0000000000
0000000000
0000000000
0000000000
0000000000
1200000000
0000000000
0000000000
0000000000
0000000000
0000000000
2424242424
2424242424
1212121212
2412242424
1212242424
2424121212
2424242424
2424242424
2424242424
1224242424
2424362424
1212121224
1212121212
1212121212
1212121212
1200001212
0000120000
0000000000
0012000000
0000000000
0000000000
0000000000
0000000000
0000000000
0000000000
0000000000
0000000000
0000000000
0000000000
0000000000
0000000000
0000000000
2412121224
2424121212
2412121212
2424242424
1212242424
1212121212
1212121212
2412121212
1212122424
1212121212
1212122424
1212121212
1212121212
1212121212
1212121212
1212121212
1212121212
0012000000
0000000000
0000000000
0000000000
0000000000
0000000000
0000000000
0000000000
0000000000
0000000000
0000120012
0000000000
0000000000
0000000000
0000000000
2424242424
1224242424
1212121212
2424121212
2412242412
2424121212
2412122424
2424121212
1212242424
1212121212
1212121212
1212121212
1212121212
1212121212
1212121212
1212121212
1212121212
1212000012
1212121212
0000000012
0000000000
0000000000
0000000000
0000000000
0000000000
0000000000
0000000000
0000000012
0000000000
0000000000
0000000000
0000000000
1212242424
1212242412
1212121212
2424242412
2424122424
2424242424
2424242424
2424242424
1224242424
1212121212
1224242412
1212121224
1212121212
1212121212
1212121212
1212121212
1200121212
0012001200
0012121212
0000000000
0000000000
0000000000
0000000000
0000000000
0000000000
0000000000
1200000000
0000120012
0000000000
0000000000
0000000000
0000000000
2412241212
1212121212
1212121212
2424122412
2424122424
2412121212
2424242424
1224242424
1212121212
2412242412
1212122412
1212121212
1212121212
1212121212
1212121212
1212121212
1212121212
1200000000
0000120012
0000000012
0000000000
0012001200
0000000000
0000000000
0000000000
0000000000
1200000012
0000121212
0000000000
0000000000
0000000000
0000000000
2424242424
1212242424
1212121212
2424242412
2412122424
2424242424
2424242424
1212122424
2424241212
1212121212
1212121212
1212121212
1212121212
1212121212
1212121212
1212121212
1212121212
1212121212
0012120000
0000000000
0000120000
0000001200
1212000000
0000000000
1200001200
1212121212
1200120012
0000240024
0000000000
0000000000
0000000000
0000000000
1224242424
1212121212
1212121212
1212121212
2412122412
1224241224
1212121212
2412121212
2412121224
1212121212
1212121212
1212121212
1212121212
1212121212
1212121212
1212121212
1212121212
1212121212
1212121212
1212121212
0012121212
0000000000
1212000000
1200121212
1212000012
1212001212
2412121200
0000241224
1212000000
0012121212
0000000000
0000000000
1212242412
1212241212
1212121212
2424242412
1224121224
1212121212
1212122412
1212121212
1212121212
1212121212
1212121212
1212121212
1212121212
1212121212
1212121212
1212121212
1212121212
1212121212
1212121212
1212001212
1212121200
0012121212
0000000000
0000000012
1212120000
0012121212
2412001212
1200241224
1212001212
0000000000
0000000000
0000000000
2424121212
1212121212
1212121212
2424242412
2412241224
2424242424
1212121224
1212121212
1212121212
1212121212
1212121212
1212121212
1212121212
1212121212
1212001212
1212000000
0012121200
1212121212
1212121212
0000000012
1212121200
1200001212
1200121200
0000120012
0000000000
1200121212
2400001200
0000000024
0000000000
0000000000
0000000000
0000000000
2424241224
1224242424
1212121212
1212241224
1212121212
1212122424
1212121212
1212121212
1212121212
1212121212
1212121212
1212121212
1212121212
1212121212
0012121212
1200000000
0000000000
1200000000
0000001212
0000001212
0000000000
0000001200
1200000012
1212001200
1212121200
0012121212
2400000012
0000241212
0000000000
0000000000
0000000000
0000000000
2424242412
1212121212
1212121212
1212121212
1212241212
1212121212
2412241212
1212121212
1212121212
1212121212
1212121212
1212121212
1212121212
1212121212
1212121212
1212121212
1212121212
0000120000
0000000000
1212120012
0000000012
0000000000
0000000000
0000000000
1200000000
1200121212
2412000012
1200241224
0000000000
0000000000
0000000000
0000000000
2412121212
1212241224
1212121212
2424121212
2424242424
1212122424
1224121212
1212121212
1212121212
1212121212
1212121212
1212121212
1212121212
1212121212
1212121212
1212121212
1212121212
1212121212
1212121212
1212121212
1212121212
0012121200
0000000000
0012000000
0012120012
0012001212
2412121212
1200241224
1212001212
1212121212
0000000012
1212121212
1224121224
1212241224
1212121212
2412122412
1212122424
1212121212
1212121212
1212121212
1212121212
1212121212
1212121212
1212121212
1212121212
1212121212
1212121212
1212121212
1212121212
1212121212
1200121212
1212121200
0000001200
1212120000
1212121200
1200001212
1212121212
0012000012
2412000000
1200001224
0000120012
1212120012
2424242412
0012122424
2424241224
1212242424
1212121212
1212241212
2424121224
1224242412
1212121212
1212121212
1212121212
1212121212
1212121212
1212121212
1212121212
1212121212
1212121212
0000121212
1212121200
1212121212
0012121212
0000000012
1212000000
1212121212
1200000012
0000001212
1212001212
1200000000
1224242412
1212121212
1212121212
2424242412
0000122424
0000000000
1212121224
1212122412
1212121212
2424121212
1212121224
1212121212
1212121212
1212121212
1212121212
1212121212
1212121212
1212121212
1212121212
1212121212
1200001212
1200121212
1200000012
1200000000
0000121212
1212121200
1212121212
0000120000
0000000000
1212000000
1212120000
1212000000
0000002424
1212001212
2412121212
0000001224
0000000000
0000000012
1212121212
2424242412
1212121212
1224242412
1212121224
1212121212
1212121212
1212121212
1212121212
1212121212
0012121212
1212000000
1212121212
1224121212
1212121212
1212121212
1212120000
0012001212
0012120000
1212121212
1200000000
0012001200
0012000000
1212120000
1212001212
2424241224
1200000012
0000000000
0000000000
1200000000
1212121212
0000121212
3624243624
2436243636
2424242424
1224241224
1212121212
1212121212
1212121212
1212121212
1212121212
1212121212
1212121212
1212121212
0000000012
0000121212
0000121200
0000000000
0000000012
1212121200
0012001212
1212121212
1200000000
0000001200
0000120000
1200001200
2424241212
0000121224
0000000000
0000000000
0000000000
0000000000
0000000000
1200000000
3624242424
2412121224
2424242424
2424242424
3624362424
2424242436
2424362424
2412122424
1212121212
1212121212
2424242424
1212121212
1212121212
1212120000
1212001212
1200001212
1212121212
1212121212
1212121212
0012001212
0000001212
0000000000
0000000000
1212000000
1200242424
0000000012
0000000000
0000000000
0000000000
0000000000
0000000000
0000000000
1212121212
2424121212
1212242412
2424121224
2424242424
1224242424
1212121212
2424121212
2424242412
2424242424
1212122424
2424121212
0012121224
1212121212
0012121212
1212121212
1212121212
0012121212
1200120012
1212001200
0012000000
0000000000
1212120000
1212121200
1212001212
0000001212
0000000000
0000000000
0000000000
0000000000
0000000000
0000000000
1212121212
1212121212
1212121212
1212121212
1212121212
1212121212
1212121212
1212121212
1212121212
1212121212
0000121212
0012001200
1212121200
1200121212
1212121212
0000121212
1212121212
1200001212
1212121212
0000121212
1200001200
0000000012
2412241212
0012122424
0000000000
0000001212
0000000000
0000000000
0000000000
0000000000
0000000000
0000000000
1212121212
1212121212
1212121212
1212121212
1212121212
1212121212
1212121212
1212121212
1212121212
0000121212
0000000000
0000000000
1212001212
1212121212
1200121212
1212121212
1212121212
0000000000
0000001212
0000000000
2424000012
1212122412
0012001212
0012120012
1200000000
0000000000
0000000000
0000000000
0000000000
0000000000
0000000000
0000000000
1212121212
1212121212
1212121212
1212121212
1212121212
1212121212
1212121212
1212121212
1212121212
0000121200
0000000012
0000000000
1212120000
1212002412
1212121212
1212121212
1200001212
1212120000
1212121200
2424242424
0012242424
0000121212
1212120000
0000001212
1212001200
0000000000
0000000000
0000000000
0000000000
0000000000
0000000000
0000000000
1212121212
1212121212
1212121212
1212121212
1212121212
1212121212
1212121212
1212121212
1212121212
0012121200
0000000000
1212121200
1212121212
0012241212
1212121224
1212121212
1212000000
2424241212
2424242424
0012122424
1200000000
0000000012
0000121200
0000000012
0000120000
0000121212
0000000000
0000000000
0000000000
0000000000
0000000000
0000000000
1212121212
1212121212
1212121212
1212121212
1212121212
1212121212
1212121212
1212121212
0000001200
0000121212
0000121200
1212121212
3636241212
2412002424
1212241212
1212121212
2424241212
1224242424
0000000000
0000000000
1224000000
1200000000
0012000000
0000000000
1200001212
0000000012
0000000000
0000000000
0000000000
0000000000
0000000000
0000000000
1212121212
1212121212
1212121212
1212121212
1212121212
0000121212
0000121212
0000000000
1212121200
1200120000
1212121212
1212121212
0024241212
0012120000
1200000012
2424121212
1224242436
1212000000
0000000000
2412000000
1212000012
0012121200
0000000000
1212000000
1212001212
0000000000
0000000000
0000000000
0000000000
0000000000
0000000000
0000000000
1212121212
1212121212
1212121212
1212121212
1212121212
1212121212
1200000012
1212121212
1200120012
0012121212
1212121212
1212121212
0024363612
0012120000
1200000000
1212120000
0012000024
0012121212
0012120000
1224240000
1212120000
0000001212
0000000000
1200000000
0000120000
0000000000
0000000000
0000000000
0000000000
0000000000
0000000000
0000000000
1212121212
1212121212
1212121212
1212121212
1212121212
0012121212
1212000012
1212001200
1212121212
1212001212
2424121212
2412121212
0000122436
0000121200
0000000000
0000000000
0000001212
0012121200
0012121212
1212121200
1212120012
0000000000
0012120000
0000000000
0000000012
0000000000
0000000000
0000000000
0000000000
0000000000
0000000000
0000000000
1212121212
1212121212
1212121212
1212121212
1212121212
1212001212
1212121212
1212121212
1212121212
1200121212
2424361212
3636123612
0000000012
0000001212
0012121200
1200121200
0000000012
0012122412
1212121212
2424242400
0000000012
0000000000
1200001212
0012121212
0000000000
0000000000
0000000000
0000000000
0000000000
0000000000
0000000000
0000000000
1212121212
1212121212
1212121212
1212121212
1212121212
0012121200
0000000000
1212122412
1212121212
1212121212
1212121212
1224241212
1200001212
1212120000
0000001212
0012000000
1200000012
1200122412
1212122424
1224121212
0000000000
1212001212
1212120012
0000121212
0000000000
0000000000
0000000000
0000000000
0000000000
0000000000
0000000000
0000000000
1212121212
1212121212
1212121212
1212121212
1212121212
1212120000
1224121212
1212121212
1212121212
1212000012
1212120012
1212121212
1212000000
0012121200
0000000000
0000120000
0000000000
0000000000
0000000000
0000121212
1200000012
0012120012
1212121212
0000001224
0000000000
0000000000
0000000000
0000000000
0000000000
0000000000
0000000000
0000000000
1212121212
1212120000
1212001200
1212121212
1212121212
1212121212
1212120000
0012120000
0012121212
0012000012
1212000000
0000000012
0012000012
0000000012
0012120000
1212000000
0000120000
0000000000
0000000000
0000120000
0000000000
1212122412
0012121212
0000000012
0000000000
0000000000
0000000000
0000000000
0000000000
0000000000
0000000000
0000000000
1200121200
1212120000
1212121212
1212121212
1212121212
1212121212
1212121212
1212121212
1200001212
0000000012
0000000000
0000000000
1200000000
0000000000
0000121200
0024120000
1212001200
0000000000
0000000000
0000000000
1200001212
1212121224
1212000000
0000000012
0000000000
0000000000
0000000000
0000000000
0000000000
0000000000
0000000000
0000000000
0000121212
0012121212
1212120000
1212121212
1212121212
1212121212
1212121212
1212121212
1200121212
0000000012
0000121200
0000000000
0000000012
0000000000
0000001200
0012240000
0000000012
0000000012
0000000000
1212000000
1212000012
1200121212
1212000000
0000000000
0000000000
0000000000
0000000000
0000000000
0000000000
0000000000
0000000000
0000000000
1212120000
0012000000
1212121200
1212121212
1212121212
1212121212
1212121212
0000000012
1200121212
0012120000
0000001212
0000000000
0000000000
0000000000
0000000012
0000120000
1212001200
0000000012
0000001200
0000121200
0012120000
0012121200
0000000000
0000000000
0000000000
0000000000
0000000000
0000000000
0000000000
0000000000
0000000000
0000000000
0000122412
1212121212
1212121212
1212121212
1212121212
1212121212
0012121212
1212121200
1200121212
1200001212
0000001200
0000000000
0000000000
0000000000
0012000000
0012120000
0000000000
0000000000
0000001200
0000000000
1200120000
0000000012
1212121212
1200000000
0000000000
0000000000
0000000000
0000000000
0000000000
0000000000
0000000000
0000000000
0000121212
1200000012
1212121212
1212121212
1212121212
1212121212
1200001212
1200001212
1212122412
1200000012
0012000000
0000000000
0000000000
0000000000
0000000000
0000121200
0000000012
0000000000
0000000000
0000000000
1212120000
1212121212
1212121212
1200000000
0000000000
0000000000
0000000000
0000000000
0000000000
0000000000
0000000000
0000000000
0000120012
1200000000
1212120012
0012121212
1212121212
1212121212
0000001212
0000000012
0012120012
0000000000
0000120000
0000000000
0000000000
0000000000
0000000000
0000000000
0000000000
0000000000
0000000000
0000000000
1212121200
0012000012
1212120000
0000000012
0000000000
0000000000
0000000000
0000000000
0000000000
0000000000
0000000000
0000000000
0000120012
0000000000
0012120000
1200000000
0012000012
0000001212
0000000000
0000000000
1200000000
0000000000
0000000000
0000000000
0000000000
0000000000
0000000000
1212001200
1212121212
1212121212
0000000000
0000121200
0000000000
0000120012
1212120000
1200120012
0000000000
0000000000
0000000000
0000000000
0000000000
0000000000
0000000000
0000000000
0000000000
0000000000
0000001200
1200000000
1200000000
0000000012
0000000000
0012000000
1212121212
0000000000
0000000000
0000000000
0000000000
0000000000
0000000000
1200000000
1212121212
0012000012
1212120000
1212122412
1212121212
0012121212
1212121212
0000121212
0000000000
0000000000
0000000000
0000000000
0000000000
0000000000
0000000000
0000000000
0000000000
0000000000
0012000000
1212120000
0012121212
0012120000
0000000000
1212121212
1212121212
0000000000
0000000000
0000000000
0000000000
0000000000
0000000000
1212121200
1212121212
1212121212
1212121212
1212241224
2424121212
1212121212
1212121212
1212121212
1200121212
1212121200
0012121224
0000120012
0000000000
0000000000
0000000000
0000000000
0000000000
0000000000
0000000000
1212120000
0012121212
0012001212
1200001200
0000000000
1212001200
0000000000
1212000000
0000120000
0000000000
0000000000
1212121200
1212121212
1212121212
1212121212
1212121212
1212241212
1212121224
1212121212
1212121212
1212121212
1212121212
1212001212
1212121200
1212121212
1212121212
0000000000
0000000000
0000000000
1200000000
0000000000
0000000000
0000000000
0012001200
1200121212
1212120012
0000000000
1200000000
1212121200
0012120012
1212001212
1212120000
1212121212
1212121212
1212121212
1212121212
1212120012
1212121212
0012122412
1212000000
1200121212
1212121212
1212121212
1212121212
1212121200
1224121212
0000121212
1212121212
0012122412
0012000000
0000000000
1212120012
0000000012
0000000000
0000000000
0000000000
0000001212
1212121200
0000001200
1200000012
1212121212
1212121212
0000001212
1212121212
1212121212
1212121212
1212121212
1200121212
1212120000
1212000012
0000000012
1212000000
1212120000
1212121212
1212121212
1212121212
2412121212
1212121224
1212121212
1200121212
1212241212
0012121224
0000001212
0000120012
0000000000
0000000012
0000000000
1212120000
0012001212
0012000012
0000000000
0000000000
1212121212
1212121212
2412122412
1212121212
1212121212
1212121212
0000000000
0000000000
0000000000
0000120000
0012000000
0000000000
1200001200
1212121212
1212122412
1212121212
1212121212
1212120012
1212121212
1212121212
1212001212
1212000000
0012001200
0000000000
0000000000
0000000000
1212000012
1200121212
0000000000
0000120000
1212120000
0000000000
1212121200
2412121212
1212121212
1212121212
1212121212
0000000012
1212120000
0000120000
0000000000
0000000000
1200120000
0000121212
0000001200
1200000000
1212121212
1212121212
1212001212
0000001212
1212120000
1212121212
1212121212
1212000000
1212000012
1212000000
0000000000
1212001200
0012000000
0000000012
1200120000
0012000000
1212000000
0012121200
1212120012
0000000012
0012121212
1212121212
0000001212
0000000000
1212000000
1212001212
0012001212
0012121200
1200001200
0012000000
0012001212
1212001200
1212121212
1212000012
1212121212
1212121212
2412122412
1212121212
1212121212
1200000012
0000000000
1200120012
1200000000
0000000000
0000000012
0000000012
0000000000
1212000012
0012121212
1212001212
0012121200
0000000000
0000001200
1200001212
0000121200
1200000000
1212120012
1200120000
0012120012
1212001212
0000000000
1212120000
0000000000
0000000000
1212120000
0000121200
0012121212
1212121212
1212001212
1212000000
1200000000
1212121200
0000001200
1212121200
0012120000
0000120012
1200000000
0000120000
0000120000
1212120000
1212000000
1212121212
1200120012
0000000000
0000000000
1200121200
1212000000
1200121212
0000121200
0000000000
0000001200
0000001200
0000000000
0000121212
0000001200
1200001212
0000001200
0000000000
1212120000
1212121224
1212121212
1212000012
1212000012
1212121200
0000000012
0000000000
0000000000
0000120000
0000000000
0000000000
0000000000
0000000000
0000000000
0012000012
1212121212
1200121200
0012120000
1212001212
0000121212
0012121200
0012000000
0000001200
0000000000
0012000000
0000000000
0000001200
0012000000
0000001200
1212000000
1200000012
1212121212
1212121212
0012121212
1200121212
0012120000
0012121212
0012121212
0000000000
0000000000
0000000000
0000001200
0000000000
0000000000
0000000000
0000000000
1212000012
1200001212
1200001212
0000000000
0012001200
0000000000
0000000000
0000000000
0000000000
0000000000
0000000000
0000000000
0000000000
1200000000
0000001212
0000000012
1200121212
1212121212
0012121212
1200000000
1212000000
1212121212
1212001212
0012121212
0000000000
0000000000
0000000000
0000000000
0000000012
0000000000
0000120000
0000000000
1212001212
1212121212
0012001212
0000001212
0000000012
0000000000
0000000000
0000000000
0000000012
0000000000
0000000000
0000000000
1200000012
1200120000
1200121212
1212121212
1212120012
0000121212
0000000000
0000000000
1200121212
1200120000
1200120000
0012001212
0000120000
0000000000
0000000000
0000000000
0000000000
0000000000
0000001200
0000000000
1212120000
0012121224
1200121212
1212001212
1200120000
0012000000
1212121212
1212121212
0012120000
0000000000
0000000000
1200121200
0000120012
0000000000
1200120012
1212121212
1224121212
1212120012
0000120000
0000000000
0000000000
1212000000
1212000000
1212121212
0000000000
0000000000
0000000000
0000000000
0000000000
0000000000
0000000000
0000000000
1200000000
0000000012
1200000000
0012121200
0000001212
0012121212
1200000012
0000000000
1200001200
1200000000
0012001212
1200001212
0012000000
0000000000
1200000012
0012001212
0012001212
0000120012
0000000000
0000000000
0000000000
0000000000
1212120000
0012000012
0000000000
0000000000
0000000000
0000000000
0000000000
0000000000
0000000000
0012000000
0000000000
0000000012
0000000000
1200000012
0000001212
0000000000
1212121200
1212120000
0000001212
1212120000
0000120000
0000000000
0000000000
0012000000
1200000000
1200121212
1200120012
1200000000
0000000000
0000000000
0000000000
0000000000
0000000000
0000000000
0000000000
0000000000
0000000000
0000000000
0000000000
0000000000
0000000000
0000000012
0000000000
0000000012
0000000000
0000000000
0000120000
0000000000
0000121212
0000001200
0000000000
0000000000
1200000000
1200000000
0000000000
0000000000
0000000000
0000000000
0000001200
0000000000
0000000000
0000000000
0000000000
0000000000
0000000000
0000000000
0000000000
0000000000
0000000000
0000000000
0000000000
0000000000
0000000012
0000000000
0012000000
0000000000
0000000000
0000000000
0000000000
0000000000
0000000000
1200000000
0000000000
0000000012
0000000000
0000000000
0000000000
0000000000
0000000000
0000000000
0000120000
0000000000
0000000000
0000000000
0000000000
0000000000
0000000000
0000000000
0000000000
0000000000
0000000000
0000000000
0000000000
0000000000
0000000000
0000000000
0000000000
0000000000
0000000000
0000000000
0000000000
0000120000
0012001200
0000000000
1200000000
0000000000
0000000000
0000000000
0000000000
0000000000
0000000000
0000000000
0000000000
0000000000
0000000000
0000000000
0000000000
0000000000
0000000000
0000000000
0000000000
0000000000
0000000000
0000000000
0000000000
0000000000
0000000000
0000000000
0000000000
0000000000
0000000000
0000000000
0000000000
1200000000
1200121212
0000000000
0012121200
0000120000
0000000000
0012120000
1212000000
0000000012
0000000000
0000000012
0000000000
0000000000
0000000000
0000000000
0000000000
0000000000
0000000000
0000000000
0000000000
1200000000
0000000000
0000000000
0000000000
0000000000
1212000000
0000001200
1200000000
0000000012
0000000000
0000000000
0000000000
1200000000
1212120000
1212000012
0000000000
0000120000
0000000000
0000121200
0000000000
0000001200
0000000000
0000001200
0000000000
0000000000
0000000000
0000000000
0000000000
0000000000
0000000000
0000000000
0000000000
0000000000
0000000000
0000000000
0000000000
0000060400
0906040000
0609060909
0604040409
0000000000
0000000000
0000000000
0000000000
0000000000
0000000000
0000000000
0000000000
0906040000
0000000004
0000000000
0000000000
0401010000
0606060404
0606040404
0406060906
0404040604
0000010104
0000000000
0000000000
0000000000
0000000000
0000000000
0000000000
0000000000
0000000000
0000000000
0000000000
0000000000
0100000000
0909040404
0004040409
0000000000
0000000000
0000000000
0606010000
0101040e0b
0406010000
0000000000
0000000000
0000000000
0000000000
0000000000
0000000000
0401000000
0606060404
0b09060606
0606090b09
0104060406
0000000104
0000000000
0000000000
0000000000
0000000000
0000000000
0000000000
0000000000
0000000000
0000000000
0000000000
0000000000
0000000000
0604000000
0101000101
0000010404
0000000000
0000000000
0604000000
0406040909
0404060906
0000000001
0000000000
0000000000
0000000000
0000000000
0101000000
0100000000
0404040404
0909090606
0909090909
0104040606
0000000000
0000000000
0000000000
0000000000
0000000000
0000000000
0000000000
0000000000
0000000000
0000000000
0000000000
0000000000
0000000000
0000000000
0000000000
0000000000
0000000000
0000000000
0101040101
0606060404
0100010406
0000000100
0000000000
0000000000
0000000000
0101010101
0601040404
0401040409
0606060404
0b0b060606
0606090906
0004040606
0000000000
0000000000
0000000000
0000000000
0000000000
0000000000
0000000000
0000000000
0000000000
0000000000
0000000000
0000000000
0000000000
0000000000
0000000000
0000000000
0000000000
0000000000
0000000000
0000000000
0000000000
0000000000
0000000000
0000000000
0000000000
0606040101
0904060906
0e09060b0b
0b090b0e0e
0e0e10100b
0406060909
0000010104
0000000000
0000000000
0000000000
0000000000
0000000000
0000000000
0000000000
0000000000
0000000000
0000000000
0000000000
0000000000
0000000000
0000000000
0000000000
0000000000
0000000000
0000000000
0000000000
0000000000
0004010601
0000000000
0000000000
0000000000
0000000000
0604010000
0606060606
0b06060606
0b0e0e1310
1013100e0e
0404090b13
0000010104
0000000000
0000000000
0000000000
0000000000
0000000000
0000000000
0000000000
0000000000
0000000000
0000000000
0000000000
0000000000
0000000000
0000000000
0000000000
0000000000
0000000000
0000000000
0104010000
0406040400
0001010406
0100010000
0000000000
0401040404
0001000104
0404010101
0604040406
04090b0b09
0b0b10130e
13130e1010
0b0b0e0e10
0101040104
0000000001
0000000000
0000000001
0000000000
0000010000
0000000000
0000000000
0000000000
0000000000
0000000000
0000000000
0000000000
0000000000
0101000000
0000000000
0000000000
0000000000
0100000000
0101000101
0404040100
0000000104
0606040400
0b10100601
040406090b
0106060904
0909010101
0404040606
0e13130604
151515130e
1010100e10
090b0b0e0e
0404010104
0000010101
0000000000
0000000000
0000000000
0000000000
0000000000
0000000101
0000000000
0000000000
0000000000
0000000000
0604000000
0606060b09
09090b0904
010406090b
0004040404
0400000000
060b0b0601
040906060b
0606040404
0b06040906
0401040006
0e0e090404
0b0b0e130e
0b0e0e0b0b
0906040406
0404040609
100b060404
1313101310
0b0b0e1010
090609090b
0104010104
0000000101
0000000000
0000000000
0000000000
0000000000
0000000000
0000010101
0000000000
0000000000
0000000000
0000000000
0401010000
0909060b09
09090b0b06
0b0e0e0e0b
060b0b0b0b
0101040404
0909060401
100e0b0906
0904060e10
0e0e0e0909
0b09090b10
13100b0609
1310131513
0b0b0e1313
0b0b0b0e0e
06090b0909
0906060406
0e0e100b0b
0b0b0e0e0e
0606060606
0100010104
0000000000
0000000000
0000000000
0000000000
0000000000
0000000000
0000010101
0000000000
0000000000
0000000000
0000000000
0000000000
0101040000
0404010104
0606040404
0909090909
0404040609
0906040404
0e0e0e0906
060b0b0b0e
0b0e0e0b09
0909090609
0606090b0b
10100e0b09
0b0b0e1013
101010100e
13130e1010
0e0e0e0e10
0b0b0b0e0e
090909090b
0404040606
0000000001
0000000000
0000000000
0000000000
0000000000
0000000000
0000000000
0101010101
0100000001
0000000101
0000000000
0000000000
0000000000
0000000000
0100000000
0606060100
0404040404
0101000104
0606040101
0b0b0b0909
101010100e
090b0b0e10
0906090609
0104060b09
0e06010101
09090e0e0e
0e0e0e0b09
1310101010
1310101010
090b0b0e10
0406060909
0000000404
0000000000
0000000000
0000000000
0000000000
0000000000
0000000000
0000000000
0406040404
0404040404
0404040404
0100000104
0001000001
0101010100
0101040404
0101040101
0404040101
0401040404
0101010101
0604010101
0606040406
0906090909
0e0b0b0e0b
0b090b0b0b
0406060b0b
1009040104
0b0b0e1013
0b09090b0b
0b0b0b0b0b
0e0e0b0b0b
060606090b
0104040604
0000000000
0000000000
0000000000
0000000000
0000000000
0000000000
0000000000
0000000000
0906060401
0606060606
0404040406
0101040404
0101010101
0604010101
0609090606
0404060404
0104010101
0404040404
0101010101
0404000101
0404040404
0101010101
0606060401
0906060909
0606060909
0b09060604
1513100b0b
090b0b0e10
0906090909
0b0e0b0b09
040606060b
0001040404
0000000000
0000000000
0000000000
0000000404
0000000000
0000000000
0000000000
0000000000
0909040604
0909090909
0404060609
0606040404
0404040404
0404040104
0b09090404
090b101310
040406090b
0004040404
0101010101
0401010101
0404040404
0404060404
0404040404
0606040404
090b0b0606
090e0b0906
100b090609
0b0b0e0e0b
090909090b
0b0b0b0b09
040406090b
0000040404
0000000000
0000000000
0600000000
0000000006
0000000000
0000000000
0000000000
0000000000
0404010101
09090b0b09
0909090909
060609090b
0404040606
0404010404
0e09090404
0e0b0b090e
0606060b0e
040406060b
0404040101
0609090606
0604040606
0606060606
0606060609
0606040406
090b0b0909
090b0e0b0b
0606060606
1313100e0b
0b0b0e0e10
0606060909
0404060606
0000010404
0000000000
0000000000
0101000000
0000000000
0000000000
0000000000
0000000000
0000000000
0604010104
0b09090604
0e09090b0b
0e1013100e
090b0b0b0b
0401040609
0101040404
0404060606
0604040404
0604060909
0606060606
0b0e0e0e06
060606060b
0604040406
0606040404
0404040406
0609060606
06090b0906
0606060606
130e0b0606
0e10101013
060909090b
0001010406
0000000000
0000000000
0000000000
0000000000
0000000000
0000000000
0000000000
0000000000
0000000000
0601010106
0909090906
0909060604
1010100e0b
0e0e0e0e10
0606090b0b
0404040404
0906040404
0e0b090909
06090b0909
0909090b0b
1013100e0b
0b090b090e
0b090b0b0b
0b0b0e0e0e
090b0b0b0b
0606060606
0404040406
0001010404
0400010100
0b0b0b0904
040609090b
0000010104
0000000000
0000000000
0000000000
0000000000
0000000000
0000000000
0000000000
0000000000
0000000000
0101010101
0b0b0b0904
090404090b
0e0e100e0b
100e0e0e0e
090909090b
0606060909
0b0b090906
0e0e0e0e0b
0b0b0b0b0b
09090b0b0b
13100b0b09
100e131513
1310101010
1513131313
1313131515
0e0b0b1013
0b0b0b0e0e
0404090b09
0000000104
0101010000
0104060404
0000000000
0000000000
0000000000
0000000000
0000000000
0000000000
0000000000
0000000000
0000000000
0000000000
0000010104
100b060100
0404060910
0e0e0b0904
0e0e0e0b0e
090b090e0e
0606090909
0909090906
0b0b0b0b0b
0906060b09
09090b0909
13100e0b09
1315131515
1515151315
1310101013
1010131315
1310101010
1013101313
090b101010
0104040609
0000000001
0000000000
0000000000
0000000000
0000000000
0000000000
0000000000
0000000000
0000000000
0000000000
0000000000
0000000000
0101010101
0e04010101
04090e0e0e
0604040404
0e100b0906
0b0b0b0b0b
0606090909
0909090609
0404060606
0606090606
0404040404
13100e0906
1513131315
1510131010
0e10101315
0b0e0e1010
1010100e0b
1010101313
1515181513
0b13101313
0000000006
0000000000
0000000000
0000000000
0000000000
0000000000
0000000000
0000000000
0000000000
0000000000
0000000000
0000000000
0101010404
0601010101
090e0e0b09
0909060606
100e090909
0e0e0e0e0e
0b0b0b0b0e
0e0e0e0e0b
0909090b0e
0609090909
0406040406
0101040604
0909090904
10100b0b0b
130e101010
1313131313
1010100e10
1310101013
1315151313
0e0b131315
0000010409
0000000000
0000000000
0101040600
0000000000
0000000000
0000000000
0000000000
0000000000
0001000101
0000000000
0000000000
0404060604
0404010406
1010100e09
0609060609
0e0e0e0e09
0e0e0e0909
0b0b0b0e0e
0b0b0e0b0b
0e0b0b0b0b
0b0b0b0e0e
060609090b
0606060604
0b09060906
13100e0e0b
1310101013
1513131313
1013131515
1010101010
1010101010
0409090e10
0404040401
0000010404
0000000000
09090e0e04
0000000004
0000000000
0000000000
0000000000
0000000000
0000000000
0000000000
0000000000
0404040409
0906060601
09090b090b
0b0b060609
131310100e
0b0e101313
1010100e0b
1010101010
1315131013
1010101013
0e10101010
0b0b0b0e0e
1010100e0b
1313131310
1010151513
0e10101010
1313101010
1013131313
0b0e0e1010
04060b0b0b
0909090404
0101040609
0100000000
0b0e0e0e09
0000000106
0000000000
0000000000
0000000000
0000000000
0000000000
0000000000
0000000000
0404040606
0b09060404
0b0e0e0b0b
0b09090909
0e0e10100e
0e0e0e1010
1010100e10
1515131010
1310101313
1310101010
1010131310
1010101313
1010101010
1513131310
1515151513
1013131313
1010101010
1013131013
0e0e101010
06060b0b0e
0b0e0b0906
0101040409
0906040404
090b0e0e0b
0000000004
0000000000
0000000000
0101000000
0000000001
0000000000
0000000000
0000000000
0404060609
0906060604
0e0e0b0e09
0e0b090b0e
090b0e0e09
0b0b090909
1010100e0b
1315131310
1013131313
0b10101313
090909090b
0b0b0b0909
0b0e0e0e0e
100b0b0b0b
1315151313
1013131515
0e10101010
1010101010
06090b0b10
0e0e090606
0e1010100e
0104040409
0909090604
0104040406
0000000001
0000000000
0100000000
0101010101
0000000101
0000000000
0000000000
0106060604
060606090b
0b0b060606
0e0e090e0e
131013100e
1313151310
100e0e0e0e
1010101010
1313101310
0e0e101010
0909090b0e
0b0b090909
0e0e0e0e0e
0e10131310
0e0b0e0e0b
1310100e0e
1010101313
0e0e0b0b0e
0b0b0b0e0b
0606060609
0e0b0b0909
0b10131510
0104090606
0101010404
0000000001
0000010000
0100000000
0001010101
0001000101
0000000000
0000000000
0000000000
0001000104
0e0b0e0e0e
0e09090b0e
100e13100e
1315131010
1513131013
1515151515
1313131315
0b0b101010
090909090b
0609090606
0b0b09090b
100e0e0b0b
0e10100e0e
0e0b0e0b0b
10100e0e0b
1010101010
0b0b0e0e13
0909090909
0b0b0b0b09
0b0609090b
0e0e0e0909
01060b0b0b
0000000101
0000000000
0000000000
0101010101
0401010101
0000000104
0000000000
0101040100
0000000001
0000000000
101313100e
0b0e0e0e0e
1010100e0b
1013101013
1013131013
1815151013
1315131515
0b0b0e1010
0b0909090b
0e0b090b09
1513100e0e
1515131315
1315151815
1010101013
1013131010
1313131010
1010101013
10100e0e10
0b0b0e1010
0609090909
0906060609
0001060906
0101000000
0100010104
0101000001
0104040401
0404040104
0e0b090904
060b0b0e0e
0001040406
0101010101
0906060401
1313130e0e
1013131013
1313131310
1315131513
1513131315
1513131313
1315151515
0e10101010
0b0b0e0b0e
1010100b0b
1310101010
1818151515
1818181515
1515181a1a
1315151515
1313101313
1513131313
1010131313
0b0b0e0e0e
0b0b0b0b0b
0606060606
0101010606
0101010101
0401010401
0606040406
0606060406
0909090606
0e0e0b0b0b
06060b0e0e
0606040404
0906040406
0e0e0e0e0e
1513131310
1313131313
1313131313
1313131313
1313151315
1310131313
1815131313
1013151818
1313101010
1313151313
1315131513
1513131313
1313131313
1318181815
1515181513
1013151515
1315101013
1013131315
0e0e0e0e10
09090b0b0e
0101040406
0906060606
090b0e0b0b
0401010404
0606060606
0606060606
0e09060404
0606090b0e
0604060406
0b09060406
131310100e
0e0e101310
151513130e
1313151515
1515131315
1313131515
1515151515
1013131515
1515151813
1515181818
1515151515
1318151513
1313131313
1515151513
1518151515
1315151315
1313131313
1515151515
1515151515
1013131818
0b0b0b0e0e
0406060609
100e0e0906
09090b0b0e
0606090b09
0609090b09
090b0b0909
0606090906
0e09090606
060606090b
0b09060606
1313100e0e
1013131313
0b0e101010
151513130e
1515151515
1515151515
1518151515
1818181815
1518181818
1515131315
1818181a18
1818181818
1518151515
1013131515
1513131310
1515151515
1513131513
1515151515
1313131513
1518151313
1315151818
0e0e0b0e10
100e09060b
0e100e0e0e
060609090b
100e0e0909
0e0e0e0e0e
0b0b0e0e0e
0909090909
0609090909
0e0e0b0909
1310100e0e
1313131313
1010101013
0b0b0e0e0e
1313131313
1515151515
1515151515
1818181815
18181a1818
1815181818
1013151515
1818151510
1518181818
1313151515
1313131313
1313131313
1313131313
1313101313
1313131313
1313101013
1313131313
1313131313
1010131313
0e100e1010
0909090b0b
0e0e0e0b0b
101310100e
0e0e0e0e10
090b0b0b0e
0b0e0e0e0b
0e0e0e0e0e
1313130e0e
1313131313
1010131313
0e0e101010
090b0b0e0e
1513131313
1515151515
1815151515
1818181818
1818181818
1818181818
1818181818
1313151515
1313131013
1313131313
1013131513
1010101013
0b0b0e0e10
1010100e0e
1010101013
1313101010
1010101313
1313151313
0b0b0e1013
0b0b0e100e
0e0e0b0b0b
100e100e0e
0b0e0e1010
0b0b0b0b0b
0e0b090909
0e100e0e0e
101010100e
1313131310
1013131313
1010101010
0e100e0e10
090b0b0e0e
1515151310
1515151515
1515151515
1818181515
1818181818
1818181818
1818181818
1818181818
1515151518
1313131013
0e0e0b0e10
1010101010
0b0e0e0e0e
060609090b
0b0b090909
130e0e0e0b
1313131313
100e101013
0e10101010
0e0e0e0e10
1010101310
1010101013
0b0b0e1010
0e0e0e0b0b
13100b0b0b
1313151513
1513151315
1315181518
1315131313
1313131313
1010101313
090b0e1010
151513100e
1515151515
1515151515
1515151515
1518181815
1818181818
1518151818
1010101013
1310101010
1515151513
1515181515
1315151515
1013101013
0e0e0e0e0e
0e0b0b0b0b
0e0e0e100e
1315131313
0e0e101010
101010100e
15100e100e
1013131315
0e100e1010
0b0b0b0b0b
0e0e0e0b0b
1013100e0e
1315151310
1513131515
1515151513
1315151515
1313131315
1010101013
090b0b0e0e
1310101010
1515151515
1515151515
1515151515
1515151313
1515181515
1515151515
1815151515
1313151518
100e101010
1515151313
1010131315
1010101010
1313101010
1013131513
1313131010
0b0e101513
0e0e090b09
1513131310
1313131313
1013131315
0e0b0e0e0e
131310100e
10100e1010
1013131310
1515181513
1515151315
1313131515
1010101313
0e100e1010
090b0b0e0e
0609090909
1515151010
1515151515
1515151815
1515151515
1515131315
1515131313
1515151315
1313101315
1315151515
090e0e1010
1009090b09
1515151513
1010101013
1310101010
1515151513
0e10131515
0b0b090b0b
131313130e
1313131313
1313131313
0e10131313
13130e0b0e
1313131313
1313131313
1313131313
1515151513
1515181518
1313131515
0e0e101010
090b0b0e0e
040606060b
0101010404
1515151515
1515151515
1515151515
1313131515
1515151513
1515131515
1313151315
1313151513
1315151513
100e101013
0e0e0e0e10
0b0b0e0e0e
0b0b09090b
151818130b
1515131515
1013131313
100e0b0b0e
1313131010
1013131313
0e10100e10
0e0b0b0b0e
1313131313
1313131515
1313151513
1515151515
1515151515
1313131515
1010101313
0b0e0e1010
0909090909
0404040409
0404040404
1515131313
1515151515
1515151515
100e101313
1313100e0e
1013131310
1313131310
1515131313
1515151515
1513131313
0e0e131313
0e0e0b0e0e
1313100e0e
1518181815
0e13131515
100e0e0e0e
1313131010
1313101013
1313131313
0e0e101313
1313100e0e
1515131313
1313151515
1515151513
1515151515
1313151515
1010101013
0b0b0b0e0e
09090b0b0b
0404060609
0909060606
0909090909
10100e0e0b
1310101013
1315151513
1515151315
1013151515
1313131310
1515131313
1313131315
1515151515
1515151515
1515151515
1515151515
1815151318
1515151518
13130e1010
1515151515
1515131515
1515151515
1315151515
1010101013
1315151313
1515131315
1515151515
1313151515
1013131315
0b0b0e0e0e
0b0b0b0b0b
090909090b
0909090909
10100b0b09
0b0b0e0e0e
090909090b
1010101010
1513131313
1515151515
1515151815
1315151515
1315151313
1313101013
1313131313
1313131313
1515151515
1515151315
1515151515
1518151815
1315151515
1515131513
1313131515
1513101010
1013151513
0b0b0b0e10
10100e0e0e
1515151515
1515151515
1313131515
0e10101313
0b0b0b0b0b
090909090b
0909090909
0b0e0b0909
1313130e0e
1010131013
0b0b100e10
0609090b0b
1515131313
1515151515
1515151515
1515151515
1513131315
1515151515
1313151815
0b0e100e10
0b090b0b0b
100e0e0b0b
1515131310
1515181515
1010131515
1010101010
1315131010
1310100e10
1513131310
0b0e101313
10100e0e0e
1515131310
1518151818
0e10101313
0b0e0e0e0e
0b0b0b0b0b
0e0b0b0b0b
09090b0b0b
13100e0b09
1010131313
1010131313
1310101010
0b10101313
0606090b0b
1313131313
1515151513
1515181515
1313151515
1813151310
1515181515
1815151515
1318181818
0b0b0b0b10
0e0b04060b
1515151510
1513151515
0b0b101315
0e0b0b0b09
0e0b0e0b0e
101010100e
100e101015
1010101313
1815151513
1315151513
1313131515
1013131513
090b0b0b0e
0909090909
0b0b0b0b0b
0e0e0e0b0b
1010101010
1010101010
1313101010
1013131313
0b0b0e0e0e
0b0b0b0b10
1818151513
1818151518
151515181a
0e0e101313
1010101010
1313101010
1515151515
1315151515
0906090e13
15130e0b09
1515151515
1513151515
1315151515
1815131513
1313131818
1010101313
1013100e10
1815130e0e
1315151515
1513131313
1013131313
0e10101013
0e0e0b0b0b
0e0b100e10
1313131310
1313131313
1515151513
1515151515
1313101313
0e0e0e1010
0b0b0b0e0e
090b0b0b0b
1515151310
1818181518
1515181818
1013151515
090b0e0e10
131310100b
1013131313
1010101010
1313131313
1515131010
1515151515
1515151513
1515151815
1313151515
1313131515
0e0e101013
100e100e10
1815151313
1313151515
1010131313
0e0e101010
1310100e0e
1010101313
1313131013
1515131313
1315151515
1313131313
1013131313
1010101010
1010101010
1010131010
1010101010
1515151310
1818181515
1818181818
1515151515
0e10131313
0e0b0b090b
1013100e0e
1310101010
1315101010
1515151313
1515151515
1315151515
1818181515
1815151818
1515151818
1315151515
1313131313
1010131310
1010101010
0e100e1010
1010100e0e
1313131313
1313131013
1313131313
1313131313
1313131313
1013131313
1010131310
1010101010
1010101010
1010101010
0e0e0e1010
1513131310
1818181515
181a181818
1013151518
1310101010
1015131313
0b0b0b0b0e
0e0b09060b
0e0e0e0e0e
1313130e0e
1315151515
1013131313
1515151510
1515151515
1515151515
1315151515
1010101010
100e0e0e0e
0e10100e10
10100e1010
1010101010
1313131310
1313131010
1013101013
1310101010
1313131310
1010131313
1010101010
1010101010
1010101010
0b0e0e100e
09090b0b0e
1310101010
1818181515
1818181818
1010131518
1515131010
1313131315
0e0e131313
0b0b0e0e0e
0906060609
1313100e09
1310101313
1013131013
1313101010
1515151513
1010131013
1310131010
0e0e0e0e10
100e0e0e0e
0e0e100e0e
0e0e0b0e0e
1010100e0e
1010131010
1515131315
1513131513
1313131513
1010131313
1310131310
1010101013
1010101010
0e0e0e1010
0b0b0b0e0e
090b0b0b0b
1313101010
1815181513
1818181818
1010131315
1310101010
1313151515
1313131310
1315151515
0e10131315
100e0e0e0e
1010101010
1310101313
1313131313
1313131513
1313131313
0e0e0e1010
0e0e0e0b0e
0e0e101010
0e0e0e0e0b
1313101010
1313131313
1313151510
1313131313
1313131313
1313131313
1313101313
1010131010
0e10101010
0e0e0e0e0e
0b0b0b0b0e
0b0b0b0b0b
0909090909
131010100e
1515131313
1518181818
1010101315
0e0e0e0e10
0b0e100e0e
1010100e09
1515151310
1315131313
1010101310
1315151315
1010101313
1313131010
1313131013
100e101013
0e0e101010
100e0e100e
0b0e101010
0e0e0e0e0b
100e100e0e
1010101010
1010101010
1010131310
1010101010
1013101010
1010101010
1010101010
0e0e0e1010
0e0e0e0e0e
0b0b0b0b0b
0b0b0b0b0b
0909090b0b
1010100e0e
1513131310
1315151515
1013131313
1010101010
0e100e0e10
1013131310
130e0e0b10
1013101013
0b0e101010
0e0e0b0b0b
100e100e0e
100e0e0e0e
0e0e0e0e0e
13100e0e0e
0e0e0e1010
0b0e101010
0e0b0e0b0b
0b0b0b0e0e
0b0e0e0b0e
10100e100e
1010101010
1010101010
1010101010
0e100e0e0e
0e10101010
0e0e10100e
0e0e0e0e0e
0e0e0e0e0e
0e0e0e0e0e
0b0b0b0b0e
090b090b0b
1010100e0e
1313101010
1313131313
1313131313
1515131313
1010131313
0e0e0e0e10
1010100e0b
0e10101010
0e0b0b0b0e
0b0b0b0b0b
131010100e
0b0b0b0e13
0b0b0b0b0b
0e0e0b0e0b
0b0b0b0e0b
0b0b0b0b0b
0e0b0b0b0b
10100e0e0e
1010101010
1010101010
1010101010
1010101010
1010101010
1010101010
1010101010
0e0e101010
0e0e0e0e0e
0e0e0e0e0e
0e0e0e0e0e
0b0b0b0b0e
09090b0b0b
0e0e0e0e0e
101010100e
1313131013
1313131313
1313101013
1010101010
0e0e101310
0b100e0e0e
0e0e0e0e0e
0e0e0e0e0e
0b0b0b0b0e
0b0b090b0b
0b0e0b0b0b
0b0b0b0b0b
0b0b0b0b0b
0b0b0e0b0b
0e090b0b0b
0e0e0b0b0b
1010100e0e
1010101010
1010101010
1010101010
1010101010
1010101010
1010101010
0e10101010
0e0e0e0e0e
0e0e0e0e0e
0e0e0e0e0e
0e0e0e0e0e
0b0b0b0b0b
0909090b0b
0e0b0b0b09
131010100e
1313131313
1313101010
1010101313
1010101010
0e0e0e1010
0e0b101010
09090b0b0b
0b0b090909
0b0b0b0b0b
090909090b
0b0b0b0b09
0b0b0b0b0b
0b0b0b0b0b
0b0b0b0b0b
0e0e0b0b0b
0b0b0b0b0b
0e0e0b0b0b
0e0e0e100e
0e100e0e0e
0e0e0e0e0e
1010101010
0e0e100e10
0e0e0b0e0e
0e0e0e0e0e
0e0e0e0e0e
0e0e0e0e0e
0b0b0b0b0b
0b0b0b0b0e
0909090b0b
0404060609
0e0e0e0b0b
101010100e
1010101010
1010101010
1010101010
0e0e0e0e0e
0e0e0e0e0e
0e0e0b0e0e
0b0b0e0e0e
0b090b0b0b
0909090b0b
0909090909
0b09090909
0b0b0b0b09
0b0b0b0b0b
0b0b0b0b0b
0b0b0b0b0e
0b0e0e0b0b
0e0e0b0e0b
0e0e0e0e0e
0e100e0e0b
0e0e0e0e0e
0e0e0e0e0e
0e0e0e0e0e
0e0e0e0e0e
0e0e0e0e0e
0b0b0b0e0b
0b0b0b0b0b
09090b0b0b
090909090b
0606090909
0404040606
0e0e0e0b09
1010100e0e
0e10101010
0e0e0e100e
0e0e0e0e0e
0e0e0e0e0e
09090b0e0b
0b0b0b0b0b
090909090b
0909090909
0909090909
0909090909
0909090909
0909090909
0606090906
0909090606
0b0b0b0909
0b0b090b09
0b0b090b0b
0b09090b06
0e0b100909
0e0e0e0e0e
0e0e0e0e0b
0b0b0b0e0e
0b0b0b0b0b
0b0b0b0b0b
090b0b0b0b
090909090b
0909090909
0606090909
0404040606
0404040104
0e0b0b0909
0e0e0e0b0b
0e0e0e0e0e
0e0e0e0e0e
0e0e0e0e0e
0b0e0e0e0e
0b0b0b0b0b
0b0b0b0b0b
0b0b0b0b0e
0909090b0b
0906090909
0606060609
0404040406
090b060404
0b0b090909
0b0b090b0b
0e0b0b090b
0909090e0b
060606090b
0906060609
0909090609
0b06090606
0b0b09090b
0b090b0b0b
090b090b0b
0606060609
0606060606
0404040606
0404040406
0104040404
0101010404
0000000000
0b0b0b0909
0e0e0e0e0b
1013101310
1010101010
1010101010
1010101010
1010101010
0e0e0e1010
09090b0b0b
0b0b0b0909
0e0e0e0e0e
10100e100e
0e0e0e1010
10100e100e
0e0e10100e
0e0e0e0e0e
0e0e0e090e
060606090e
0609090906
0404060609
0609040604
0406060406
0609090606
0404060406
0404040101
0404040404
0404040604
0404040404
0101010404
0101000101
0000010101
0000000000
100e0e0e09
1513101010
1515151515
1313131313
1013131313
1313131313
1313131313
1313131313
1013101010
1310101010
1013101013
1310101010
100e101013
0e100e1010
1010100e10
06060b1313
0604040909
0606060606
0404060606
0406040404
0606060906
0404060604
0406040404
0404040404
0101010104
0100000101
0000000001
0000000000
0000000000
0000000000
0000000000
0000000000
0e0b090909
100e0e0e0e
1313131513
1010101010
1310131310
1013101010
1013101010
1010101010
1010100e10
101010100e
01010e0e13
1313100b09
1313131313
1313131313
1313131313
1010131310
0e0e0e1010
0b0b0b0b0e
0406090b0b
0404040404
0106040101
0404040404
0404040604
0104040604
0101010404
0104010101
0000010100
0000000000
0000000000
0000000000
0000000000
0000000000
10100e0e0b
1310101010
1313151313
0e0b0b0e10
1313131310
1313131313
1313131313
1313131313
1010101310
1010101010
0b0b0b1013
1010100e10
100e0e0e0e
1010101010
1310101010
1313131013
1313131310
1010101010
0e10101010
0e0e0e0e0e
09090e100e
0404040409
0404040404
0604040404
0404040104
0104010404
0101010000
0000000000
0000000000
0000000000
0000000000
0000000000
101010100e
1513101010
1515151815
1010131013
131310100e
1313131313
1313131313
1313131313
1010101313
1310101010
1013131313
1313131510
1313131313
1313131313
1313131313
1313131313
1013101313
1313101013
1313131313
1010101010
1313101010
1313101313
06090e1010
0106090904
0000010101
0101000000
0100010404
0000000000
0000010000
0000000000
0000000000
0000000000
0e0e0e0e0b
151310100e
1515151515
1010101013
10100e1010
1010100e0e
1313131313
1010101013
101010100e
1310101010
1010131315
10100e0e0e
1010131013
1013101010
1310101010
1313131313
1310101313
1013101310
1013131313
1010101010
1013101010
1313131310
1313151513
1013131313
0e10131010
0b0b0e0e0e
0104060909
0000000400
0101000000
0000000101
0000000000
0000000000
101010100e
1513131310
1515151815
1010131313
10100e1010
1313101013
1010101313
0e0e0e0e10
1010101010
0b0b0e1010
0e0e0e0e0b
0e0e0e0e0e
0b0e0e0e0e
0e0e0e0e0e
0e0e0e0e0e
10100e0e0e
1310101010
1010101010
1010101010
1010101013
1013131313
1313131310
1313151313
1313131313
1513131313
1313131313
0e0b131013
0e0e000000
090609090e
0000010409
0000000000
0000000000
1010100e0b
1513101010
1515151515
1010101313
0e0e0e100e
0e100e100e
0e0e0b0b0e
100e0b0e0e
0e0e10100e
101010100e
0e100e1010
0b0e0e0e0e
0e0e0e0e0e
0b0b0e0e0e
100e100e0e
0e0b0e0e10
1010101010
1010101010
1010101010
1010101010
1313131310
1313131313
1313131313
1313131313
1313131313
1315151315
1310101310
1010061306
10100e1010
1010101310
0404090e0e
0000000000
0e0e0e0e0b
151310100e
1515151515
1010101313
10100e1010
1010101010
1010101010
100e0e0b0b
0e0e0e0b0e
0e0e10100e
0e10100e10
0e0e0e0e0e
0e0e0e0e0e
0e100e0e0e
0b0e0e0e0e
0e0e0e0e0e
100e0e0e0e
1010101010
1010101010
1010101010
1013131310
1313101310
1313131013
1313101313
1313131313
1015131313
1313131315
1310061301
1010101313
1313130e0e
0e10101010
0604090b0b
0e0e0e0e0b
1313131010
1515151515
1010101013
1010101010
1013131010
1010101010
100e0e1010
0e0e101010
0b0b0e0e0e
0e0e0e0b0b
0e1013100e
100e0e0e0e
101010100e
0e0e0e1010
0e0e0b0e0e
0e0e0e0e0e
1010100e0e
1010101010
0e100e1010
1010101010
1313101010
1313131313
1313131313
1313131313
1513151313
1010101310
1310010401
0e13101013
100e0e0e0e
0e0e0e0e10
060b0e0b10
131013100e
1515131313
1515151515
1010131313
100e100e10
1313101010
1013101313
1010131013
0e1010100e
0e0e0e0e0e
0e0e0e0e0e
0e0e0e100e
10100e100e
1010101010
1010101010
0e10101010
090b0e0e0e
0e0e0e0e0b
101010100e
0e10101010
0e0e0e0e0e
100e0e100e
131310100e
1313131313
1513131313
1015131513
100e101015
130e000900
1010101010
090b0e1010
0b0b0e0b0b
090b0b0b0b
1313100e0e
1513131310
1515151515
0e0e101313
131013100e
1013101013
1313131313
1313151313
1010101313
0e0e0e0e0e
0e0e0e0e0e
0e0e0e0e0e
10100e100e
1010101310
1010101010
1310101010
1010101010
0e10101010
100e0e0e0e
10100e1010
1010131310
0e0b0b0e0b
0b0b0b0b0b
0e0e0e0e0b
151313100e
1510151313
1313131513
1313041304
1313131313
1010101310
0909090b0e
06090b0b0b
10100e0e0e
1513131010
1515151515
1513151513
1513131313
1313131515
1010101313
1013131010
0e100e100e
0e0b100e0e
0e0e0b0b0b
100e0e0e0e
1010100e10
1010100e10
1010101010
1013131010
1310131513
1010101010
1010131010
1010101010
1313131010
1010131310
10100e1010
1310101010
1010101010
1313101310
1315131313
1313060e01
1313131313
1010131313
0b0b0e1010
0b0b0b0b0b
1010100e0e
1515131313
1515151515
1313131515
1013131313
1010101010
0e10101010
0e1013100e
0b0e0b0b0e
0e0e0e0e0b
0e0b0e0e0e
0e0e100e0e
10100e0e0e
1010101010
1010101010
1010101010
1010101010
1010131010
1010131010
1010101010
1310131010
1313131313
1013131313
1313131313
1513131313
0e0e101013
1010100e10
1310010400
1310101013
1010131313
10100e0e10
040b0b0e0e
0e100e0e0b
1313131313
1315151515
100e0e1313
1310101010
1313131313
1313131313
1013131313
0e0e0e0e0e
0b0e0e0e0e
0e0e0e0b0b
100e0e0e0e
0e0e0e0e0e
1010100e10
1010101010
10100e0e10
1310101010
1010131513
1013101010
0e0e10100e
131310100e
1515131313
1313101313
0e0e0e1313
130e0e1010
0e1010100e
10100e0e0e
1310000b04
1310101010
1010101010
00060b0e0e
0000000000
0e0e0e0e0b
1513131010
1515151515
1010101315
1013131010
1010101313
1010101013
1310101310
0e0e101010
0e0e101010
0e100e0e10
0e0e0e100e
1010100e10
0e100e100e
100e0e0e0e
0e0e10100e
0e0e0e100e
10100e1010
1010101013
130e101010
0e10101010
1013100e10
1310101010
1010131013
100e100e13
0e0e0b0e0e
0401000b0e
0e09000101
0e0e0e0e0e
0004090e10
0604000000
0e0e100e0e
10100e0e0e
1513131010
1515151513
1013131313
1310131310
1010101010
0e0e101010
0e0e0e0e0e
0e0e0b0b0b
0b0b0b0b0e
0b0b0b0b0b
0e0b0b0b0b
1010100e0e
1313101010
1010101013
0e0e101310
1010100e10
0b0e0e0e0e
10100e0b0b
10100e1310
100e101010
101010100e
0e100e0e10
0e0e0e0e0e
10100e1310
0e0e101010
0100000006
0000000000
0000000000
0000000000
0e0e0e0e0e
0b0b0b0b0e
1313131013
1313131313
1515151515
1313131315
1313101010
1010131010
0e0e0e1010
0e0e0e0e10
0b0e0e0e0e
0b0b0b0b0b
090b0b0b0b
0b0b090909
0b0b090b0b
0b090e0b0b
0e0e0e0e0e
100e10100e
10100e0e0e
10100e1010
1010131010
100e0e100e
0b100b0b0e
0e0e0e0e0e
0e0e100e0e
130b100e10
1310100e13
00040b0b0e
0000000000
0000000000
0000000000
0000000000
0101060100
0b0b090100
15130b1013
0901040109
13100e0e0e
1313131313
1313101013
0e10131313
0e0e100e10
0e100e0e0b
0e0e0b0e0e
0e0e0e0e0e
090e0e0b0b
090b0e0e0e
0e0e0e0b0b
0e0e0b0b0e
10100e0e0e
0e0e0e0e10
1013101010
1010101010
0e10101010
10100e0e10
0e10101010
0b0b0b0e0b
0b0b0b0b0b
0b0b0b0b0b
00010b0e0b
0000000000
0000000000
0000000000
0000000000
0000000000
0000000000
0000000000
0000000001
0000000000
0101000000
0e0b090901
1013101010
06090e0e0e
0101000604
100e090401
1010100e0e
0e0e100b0e
0b0b0e0b0b
0e0e100e0e
0b0e0b0e0e
0b0e0e0e0e
0b0e100e0b
100e0e1010
1010100e0e
0e0e0e1010
0e0e101010
10100e100e
10100b0b0e
0b0b0e1010
090b0e0e0e
0b0b0e0b09
0000000006
0000000000
0000000000
0000000000
0000000000
0000000000
0000000000
0000000000
0000000000
0000000000
0000000000
0100000001
0000010101
0000000000
0000000000
0000000001
0604010100
0001010101
0000000000
0106060100
13100e0600
1010101010
1010101010
090b0e0e0e
0e100e0b0b
0e0b0b0b0b
100e0b0e10
100e0e1313
100b0b1013
0e10101010
101013100e
0001090b0e
0000000000
0000000000
0000000000
0000000000
0000000000
0000000000
0000000000
0000000000
0000000000
0000000000
0000000000
0000000000
0001010000
0000000000
0000000000
0000000000
0000000000
0000000000
0000000000
0000000000
100b040400
1310151313
1010101010
10100e1010
1013131310
0e0e0b0b0e
100b0e1010
0e0b0e1013
0e0e10100e
1013100e10
060b061010
0000000104
0000000000
0000000000
0000000000
0000000000
0000000000
0000000000
0000000000
0000000000
0000000000
0000000000
0000000000
0000000000
0101000000
0000000000
0000000000
0000000000
0000000000
0000000000
0000000000
0401010000
0013150606
1318181506
1013131313
1010101010
10100e0e10
10130e1010
1313101010
1313131313
0410101010
040406060b
0001060404
0000000000
0000000000
0000000000
0000000000
0000000000
0000000000
0000000000
0000000000
0000000000
0000000000
0000000000
0000000000
0000000000
0000000000
0000000000
0000000000
0000000000
0000010000
0000000001
0000000000
1315150e01
0e15151515
18150e0101
1515131315
1013131515
1313100e10
1315151313
1013131313
090e101313
0100000104
0001040000
0000000100
0000000000
0000000000
0000040400
0000000000
0000000000
0000000000
0000000000
0000000000
0000000000
0000000000
0000000000
0000000000
0000000000
0000000000
0000000000
0000000000
0000000000
0401000000
0e00000104
0e0e13100e
1313151313
1315151313
1501000909
1315131515
1315131313
1310101015
0e10151313
0000000106
0000000000
0006060100
0000000000
0000000000
0000000000
0404010100
0000000404
0000000000
0000000000
0000000000
0000000000
0000000000
0000000000
0000000000
0000000000
0000000000
0000000000
0000000000
0000000000
0000000000
0000000000
0101000000
1310000101
1010131518
1513131310
000b151315
0104010000
0601010104
1515131313
0e10151315
0000010104
0000000000
040b090400
0110150100
0000000000
0000000000
0404040000
0001010106
0000000000
0000000000
0000000000
0000000000
0000000000
0000000000
0000000000
0000000000
0000000000
0000000000
0000010000
0000000000
0100000000
0101000100
0404040404
0000000000
1a0e000401
1013151815
1313131315
0004151515
0600000000
0101010101
1510100100
000100040e
0001040606
0404060100
0613131310
0110100100
0000000104
0000000000
0001000000
0000010404
0000000000
0000000000
0000000000
0000000000
0000000000
0000000000
0000000000
0000000000
0000000000
0100000000
0000000000
0000000000
0404000000
0401010101
0404040404
0000000001
1a00010100
1515151518
1313131315
0004041515
0000000101
0000010100
0000000000
0100000000
0b04060104
04060e1313
010913130e
0006060000
0000000000
0000000000
0000000000
0000000100
0000000000
0000000000
0000000000
0000000000
0000000000
0000000000
0000000000
0000000000
0000000000
0101000000
0000000000
0000000000
0101000000
0104040604
0004040404
0000010000
0601010000
1015131518
1315131315
0101000009
0000000401
0000040100
0000000000
0b00000000
0e04010910
0406131313
0613131313
0000000000
0000000000
0000000000
0100010100
0000000000
0000000000
0000000000
0000000000
0000000000
0000000000
0000000000
0000000000
0000000000
0000000000
0000000000
0000000000
0000000000
0104060000
0404040100
0000040601
0000000000
0101000000
0101101006
0013180901
0101000000
0401000001
0000000104
0001000000
0b00000000
0900010b13
04060e1313
0915151510
0000000000
0101000000
0001010000
0000000000
0000000000
0000000000
0000000000
0000000000
0000000000
0000000000
0000000000
0000000000
0100000000
0000000000
0000000000
0000000000
0000000000
0404040000
0409060604
0000010106
0100000000
0100000000
0000000000
0000000000
0604000000
0001010401
0000000000
0006000000
0000000000
0000000000
0000000000
0000010000
0000000000
0100000000
0404010101
0000000004
0000000000
0000000000
0000000000
0000000000
0000000000
0000000000
0000000000
0000000000
0000000000
0000000000
0000000000
0000000000
0000000000
0106010100
0004040101
0000000000
0000000000
0000000000
0000000000
0000000000
0904000000
0000000000
0000000000
130e000000
000000040e
0000000000
0000000000
0000000000
0000000000
0000010400
0104040404
0000000000
0000000000
0000000000
0000000000
0000000000
0000000000
0000000000
0000000000
0000000000
0000000000
0000000000
0000010000
0000010000
0100000000
0104000001
0001010604
0000000001
0000000001
0000000000
0000000000
0000000000
0400000000
0000040106
0000000001
0409090000
0000040406
0000000000
0000000000
0000000000
0600000000
0001000106
0000000000
0000000000
0000000000
0000000000
0000000000
0000000000
0000000000
0000000000
0000000000
0000000000
0000000000
0000010000
0000000000
0000000000
0000000000
0000000000
0001000000
0000000000
0000000000
0000000000
0000000000
0000000000
0000000000
0100000000
0000000000
0100060600
0001010001
0000000000
0000000000
0000000000
0401000000
0000010101
0000000000
0000000000
0000000000
0000000000
0000000000
0000000000
0000000000
0000000000
0000000000
0000000000
0000000000
0000000000
0000000000
0000000000
0000000000
0000000000
0000000000
0000000000
0000000000
0000000000
0000000000
0000000000
0000000000
0000000000
0000000000
0000000100
0101000000
0000000000
0000000000
0000000000
0000000000
0000000101
0000000000
0000000000
0000000000
0000000000
0000000000
0000000000
0000000000
0000000000
0000000000
0000000000
0000000404
0000000000
0000000000
0000000000
0000000000
0000000000
0000000000
0000000000
0000000000
0000000000
0000000000
0000000000
0000000000
0000000000
0000000000
0000010100
0000000000
0000000000
0000000000
0000000000
0000000000
0000000104
0001000000
0000000000
0000000000
0000000000
0000000000
0000000000
0000000000
0000000000
0000000000
0000000000
0000000004
0000000000
0000000000
0000000000
0000000000
0000000000
0000000000
0000000000
0000060904
0000000000
0000000000
0000000000
0000000000
0000000000
0000000000
0000040100
0000000000
0000000000
0000000000
0000000000
0000000000
0404010100
0004010104
0000000000
0000000000
0000000000
0000000000
0000000000
0000000000
0000000000
0000000000
0000000000
0000000000
0000000000
0000000000
0000000000
0000000000
0000000000
0000000000
0000000000
0001000106
0000000000
0000000000
0000000000
0000000000
0000000000
0000000000
0000000000
0000000000
0000000000
0000000000
0000000000
0000000000
0001010001
0000010000
0000010000
0000000000
0000000000
0000000000
0000000000
0000000000
0000000000
0000000000
0000000000
0000000000
0000000000
0000000000
0000000000
0000000000
0000000000
0000000000
0000000000
0000000000
0000000000
0000000000
0000000000
0000000000
0000000000
0000000000
0401010000
0001000000
0000000000
0000000000
0000000000
0000000000
0000000000
0606040100
0100010100
0000000000
0000000000
0000000000
0000000000
0000000000
0000000000
0000000000
0000000000
0000000000
0000000000
0000000000
0000000000
0000000000
0000000000
0000000000
0000000000
0001000000
0000000000
0000000000
0000000000
0000000000
0000000000
0000000000
0401000000
0104000001
0001010100
0101000000
0604060909
0609060606
0100040101
0106060101
0000010100
0000000000
0000000000
0000000000
0000000000
0000000000
0000000000
0000000000
0000000000
0000000000
0000000000
0000000000
0000000000
0000000000
0000000000
0000000000
0100000000
0000000004
0000000000
0000000000
0000000000
0000000000
0000000000
0000000000
0601010000
0604040404
0604090406
0906060404
0904040606
0b090b0909
090404060b
090906090b
0904090906
0104090606
0404040401
0004060906
0000000000
0000000000
0000000000
0000000000
0000000000
0000000000
0000000000
0000000000
0000000000
0000000000
0000000000
0000000000
0000000000
0000000000
0000000000
0000000000
0000000000
0000000000
0000000000
0404000000
0604040404
0606040406
0106060606
0606040101
0606090606
090b0b0909
0906040909
0606090909
0406040406
0406060409
0604000104
0406060601
0909060906
0004040909
0000000000
0000000000
0000000000
0000000000
0000000000
0000000000
0000000000
0000000000
0000000000
0000000000
0000000000
0000000000
0000000000
0000000000
0000000000
0000000000
0404010100
0104040404
0401010401
0601010106
0101000004
0100010101
0001010106
0401000000
0604040406
0406060406
0606060404
0406060406
0906060104
0606090909
0404040101
0606090906
0004060909
0000000000
0000000000
0000000000
0000000000
0000000000
0000000000
0000000000
0000000000
0000000000
0000000000
0000000000
0000000000
0000000000
0000000000
0401000000
0101040404
0104040404
0101000101
0000000004
0000000000
0000000000
0000000001
0100000000
0606040401
0406040406
0404040401
0606060604
0604040909
0409090606
0106040604
0404010104
0406060609
0000060604
0000000001
0000000000
0000000000
0000000000
0000000000
0000000000
0000000000
0000000000
0000000000
0000000000
0401010000
0000010401
0404010601
0404040101
0104040404
0000000101
0000000000
0000000000
0000000000
0000000000
0000000000
0000000000
0100000000
0100010401
0406060601
0406060604
0406040401
0604040604
0104040404
0406040404
0400010404
0400000000
0000060001
0000000000
0000000000
0000000000
0000000000
0000000000
0000000000
0000000000
0000000000
0000000000
0404010000
0404040406
0000000404
0400000000
0000010101
0000000000
0000000000
0000000000
0000000000
0000000000
0000000000
0000000100
0000000000
0000000000
0604060601
0404010104
0906060404
0101040106
0406040401
0909060606
00060b0404
0000000000
0000010000
0000000000
0000000000
0000000000
0000000000
0000000000
0000000000
0000000000
0000000000
0000000000
0101010000
0000000004
0000000100
0100000000
0000000001
0000000000
0000000000
0000000000
0000000000
0000000100
0000000000
0000000000
0000000000
0000000101
0400010100
0404010001
0606040404
090606010b
0401060906
0606040606
00060b0606
0000010101
0000000000
0000000000
0000000000
0000000000
0000000000
0000000000
0000000000
0000000000
0100010000
0000000000
0000000000
0000000000
0000000000
0000000000
0000000000
0000000000
0000000000
0000000000
0000010001
0001010100
0000000000
0000040000
0000000000
0000010000
0001010000
0000000000
0406060404
0101040406
0404040406
0404010000
0400000000
0104010100
0000000000
0000000000
0000000000
0000000000
0000000000
0000000000
0000000000
0000010000
0101000000
0000010001
0000010000
0000000000
0000000000
0000000000
0000000000
0000000000
0000000000
0000000000
0000000000
0000000000
0000000000
0000000000
0000000000
0000000000
0000000000
0000000000
0b06040600
04090e090b
0009090904
0004040000
0004010100
0000010001
0000000000
0000000000
0000000000
0000000000
0000000000
0000000000
0000000000
0000000000
0000000000
0101000400
0104040100
0000000000
0000000000
0000000000
0000000000
0000000000
0000000000
0000000100
0000000000
0000000000
0000000000
0000000000
0000000000
0000000000
0000000000
0000000000
0b09090604
04090b0909
040b0b0906
0000000000
0406040000
0004040406
0000000100
0000000000
0000000000
0000000000
0000000000
0000000000
0000000000
0000000000
0000000000
0000040001
0104010004
0000000101
0000000000
0000000000
0000000000
0000000000
0000000000
0000000000
0000000000
0000000000
0000000000
0000000000
0000000000
0000000001
0000000000
0104010000
0404090400
0000010404
0101010000
0406000001
0906090000
0101010406
0100000406
0000000000
0000000000
0000000000
0000000000
0000000000
0000000000
0000000000
0000000000
0000040000
0401000100
0004000101
0000000000
0000000000
0000000000
0000000000
0000000000
0000000000
0000000000
0000000000
0000000000
0000000000
0000000000
0000000000
0004040000
0404000101
0001010000
0000010000
0000000000
0100000000
0104000000
0101040101
0100000101
0000000000
0000000000
0000000000
0000000000
0000000000
0000000000
0000000000
0000000000
0000010001
0000000004
0401010101
0000000001
0000000000
0000000000
0000000000
0000000000
0000000000
0000000000
0000000000
0000000000
0000000000
0000000000
0000010000
0400000000
0100010404
0001010000
0000000000
0000000000
0000000000
0000000000
0401000000
0104040604
0000000000
0000000000
0000000000
0000000000
0000000000
0000000000
0000000000
0000000000
0000000000
0000000000
0000000000
0000000000
0000000000
0000000000
0000000000
0000000000
0000000000
0000000000
0000000000
0000000001
0000000001
0000000000
0000000000
0000000000
0000040101
0000000000
0000000000
0000000000
0000000000
0000000000
0000000000
0000000000
0000000000
0000000000
0000000000
0000000000
0000000000
0000000000
0000000000
0000000000
0000000000
0000000000
0000000000
0000000000
0000000000
0000000000
0000000000
0000000000
0000000000
0000000000
0000000000
0000000000
0000000000
0000000000
0000000000
0000000000
0000000000
0000000000
0000000000
0000000000
0000000000
0000000000
0000000000
0000000000
0000000000
0000000000
0000000000
0000000000
0000000000
0000000000
0000000000
0000000000
0000000000
0000000000
0000000000
0000000000
0000000000
0000000000
0000000000
0000000000
0000000000
0000000000
0000000000
0000000000
0000000000
0000000000
0000000000
0000000000
0000000000
0000000000
0000000000
0000000000
0000000000
0000000000
0000000000
0000000000
0000000000
0000000000
0000000000
0000000000
0000000000
0000000000
0000000000
0000000000
0000000000
0000000000
0000000000
0000000000
0000000000
0000000000
0000000000
0000000000
0000000000
0000000000
0000000000
0000000000
0000000000
0000000000
0000000000
0000000000
0000000000
0000000000
0000000000
0000000000
0000000000
0000000000
0000000000
0000000000
0000000000
0000000000
0000000000
0000000000
0000000000
0000000000
0000000000
0000000000
0000000000
0000000000
0000000000
0000000000
0000000000
0000000000
0000000000
0000000000
0000000000
0000000000
0000000000
0000000000
0000000000
0000000000
0000000000
0000000000
0000000000
0000000000
0000000000
0000000000
0000000000
0000000000
0000000000
0000000000
0000000000
0000000000
0000000000
0000000000
0000000000
0000000000
0000000000
0000000000
0000000000
0000000000
0000000000
0000000000
0000000000
0000000000
0000000000
0000000000
0000000000
0000000000
0000000000
0000000000
0100000000
0000000000
0000000000
0000000000
0000000000
0000000000
0000000000
0000000000
0000000000
0000000000
0000000000
0000000000
0000000000
0000000000
0000000000
0000000000
0000000000
0000000000
0000000000
0000000000
0000000000
0000000000
0000000000
0000000000
0000000000
0000000000
0000000000
0000000000
0000000000
0000000000
0000000000
0000000100
0000000000
0000000000
0000000000
0000000000
0000000000
0000000000
0000000000
0000000000
0000000000
0000000000
0000000000
0000000000
0000000000
0000000000
0000000000
0000000000
0000000000
0000000000
0000010000
0000000000
0000000000
0000000000
0000000000
0000000000
0000000000
0000000000
0000000000
0000000000
0000000000
0000000000
0000000000
0000000000
0000000000
0000000001
0000000000
0000000000
0000000000
0000000000
0000000000
0000000000
0000000000
0000000000
0000000000
0000000000
0505050505
0505050505
0505050505
0505050505
0a0a050505
0500150f0a
0f0f0f0a05
0a0a0a0a0f
0a0f0f0f0a
050a0a0505
0505050505
05050a0505
0a0a0a050a
050a0a0a0a
0505050a05
050a0a0505
0505050505
0a0a0f0a0a
0505050505
0a05050505
050a0a0a05
0a0a0a0505
0a0a0a0f0a
0a0f0f0a0a
0f0a0a0f0f
0a0a0a0a0a
0a0a0a0a0a
0a0a0a0a0a
05050a0a0a
0505050505
0000050505
0000000505
0505050505
0505050505
0505050505
0505050505
0505050505
0505000005
0a00000505
1a150a0a0a
050a0a0a0f
0a0f0f0a0a
050505050a
050a0a0505
0f0f0f0a0a
0a0a0a1a1a
0f150f0a0a
0a0a0a0a05
0505050505
0505000505
0a0a0a0505
05050a050a
050505050a
0a0a050505
0a0f0a0a0a
0f0f0f0a0a
0a0a0a0f0f
0a0a0a0f0a
0a0a0a0a0a
050a0a0a0a
05050a0a0a
0505050505
0005050505
0000000500
0505050505
0505050505
0505050505
0505050505
0505050505
0a05050a0a
0a0a0f0f0f
0a0f0a050a
0a0a050a0a
0a0a0f150f
0a0a0a050a
0a0a05050a
0a0a0a050a
0f150f0a0f
0a0f151515
0a0a05050a
0a0505050a
050a0a0505
0a0a0a0a0a
050a0a0a0a
0a0a0a0a05
0a0505050a
0a0a0a0a0a
0a0a0a0a0a
0f0a0f0f0f
0a0a0a0f0f
0a0a0a0505
0a0a0a0a0a
0a0a0a0a0a
05050a0a0a
0005050505
0000050000
0505050505
05050a0a05
050a050a05
0a05050a0a
0a0a050a0a
0a050a0a05
0a050a0a0a
0a05050a0a
050505050a
0a0a050005
0a0505050a
0f0f0f0a0a
050a0f0f0a
0f0f150f0a
0a05050a0f
0a0a0a0a0a
0a0a0a0a0a
0a0a0f0a0a
0f0a0a0a0a
0a0a0a0a0f
0f0a0a0a0f
0a0a0a0f15
0a0a0f0f0a
0f0f0f0a0a
0a0a0a0a0a
050a0a0a0a
0a0a0a0a05
0a0a0a0a0a
0a0a0a0a0a
0a0a0a0a0a
0005050505
0505050505
0a0505050a
05050a0505
0a0a0a0a0a
0a0a0a0505
0a0a0a0a05
050a0a050a
0a0a050505
0a0a0a0a0a
0a05050a0a
050a0a0a0a
0a0a0a0a05
0a0a0f0f0a
0a0a05050a
0505000a0a
0a0a0a0505
0505050a05
0a0a050505
0a0a0a0a0f
05050a0a05
150f0f0a05
150a0f0f0f
150f0f0f15
0f0f0f0f15
0f151a1a15
0a0a0a0a0a
0505050a0a
0a0a0a0a0a
0a0a0a0a0a
0a0a0a0a0a
050a0a0a0a
0505050505
0505050505
0505050505
0a0a0a0505
050a050505
050a0a0505
0a0a050505
0a0a0a0a0a
0a05050a05
0a0a0a0a0a
0a0a0a0a0a
0a05050a0a
0505050a05
0505050505
0a0a05050a
0f05050a0f
0a0f15150f
0a0a050505
0505050a0a
050a0a050a
0a0a0a0a0a
0a0a0a0a0a
0f0f0a0a0a
0f0a0a0a0a
0f0f15151a
0f15150f0f
0a0a0a0f1a
0a0a0a0a0a
0f0f0f0f0a
0f0a0f0f0f
0a0f0f0f0f
050a050a0a
0a05050a05
0000050a0a
0505050505
0505050505
050a050505
0a0a050a0a
0a0a0a0a0a
0a0a0a0a0a
0a0a0a0a05
0505050a0a
0505050a05
050a0a0a0a
0a0a0a0a0a
0f0f0a0505
0a15150a0a
15150f0f0f
0a0a0a0f0f
0a0a0f0a0a
0f0a05050a
0f0a0f0f0f
0a0a0a0a0f
0f0a0a0a0a
0a0a0a0a0a
0a0a0f150f
0a0f0f1a15
15150f1515
0f15150f0f
0a0a0f0a0a
0a0f0f0f0a
0f0f0f0f0f
0a0a0f1515
0a0a0a0a05
0f0f15150f
000005050a
0505050505
0505050505
0a0a0a0a0a
0a0a0a0a0a
0a05050a0a
0f0a0a0a0a
0a0a0a0a0f
0f0f0a0a0a
0a0a0a0a0a
0a0a0a0a0a
0a0a0a0a0a
0a0a0a0a0a
0a05050a0a
0a0f0f0a05
0a0a05050a
150f0f0f0a
151a1f1a0a
0a0f0a0f0f
0a0a0f0f0f
0f1a0a0a0a
0a0a0a0f0f
151f1a0a0a
1a1a1a1a15
0f0f150f15
0a0f0a0f0f
0a0a0a0a0a
0f0f0a0f0f
0f0f0f0a0f
050a0a0a0f
0f0a0a0505
05050a150f
0005050505
0a0a0a0a0a
050a0a0a0a
0a0a050a05
0a0a0a0f0a
0a0a0a0a0a
15150f0a0a
151515151a
0f0f15150a
0a0f15150f
0a0f0f0f0f
0f0a0a0a0a
0f15150f0f
0a15150f0f
150f0f0f0f
15150f150f
0f0a0f0a0a
150f0f0a0f
150f151a15
0f15150f0f
0f0f0f0f0a
0a0a0f0a0f
150a0a0a0a
0f150f1515
0a0a0f150f
0a0a0a0a0a
0a0a0a0a0a
0a0a0a0a0a
0a050a0f0a
050a0a050a
0505050505
0505050505
0505050505
0505050a0a
050a0a0a0a
0a0a0a0505
0a0a0a0a05
0a0a05050a
0f0f0f0f0f
0f0f0f0f0f
0f0a1a150a
15151a150f
0f0f151515
0a0a0f0f0f
0f0a0f0a0a
1a1a150f0a
0f0a0f151a
15151a0f0f
15150f0f15
1a1a150f15
15151a1a1a
0f0f0f151a
0f0f0f151a
0a0f0f0f0f
0a0a0a0f0a
0a0f0f0f0a
0a0a0f0f0a
0a0a0a0a0a
0a0a0a0a0a
0a0a0a0a0f
0a0a0a0a0a
050a0a050a
0505050505
0505050505
0505050505
0505050505
0505050505
0a05050505
05050a0a05
0a050a0a05
050a050505
0a050a0505
0a0a0a050a
0505050505
0f0a0a0a0a
0a0f0f0f0f
0a0a0a0a0a
0f151a0f0f
0a0f0f0f0f
0f1515150f
0f0a0f0a0a
050a0a0f0f
15150f0a05
150f0f0f15
151515151a
1a15151515
151515151a
0f0a0f1515
0a0a0a0f0a
0f0a0a0a0a
0a0f0a0a0a
0a0a0a0f0f
0a0a0a0a0a
050a0a0a0a
0505050505
0505050505
0505050505
0a0a050505
0a0a0a0a0a
050a050a0a
0a05050505
0a0a0a0a0a
050a0a0a0a
050a0a0505
0a0a0a0a0a
0f0f150a05
0a0a0a0a0a
0a05050a0a
0f0f0f0a0a
0a0f150f0f
1a1f1a1515
0f0f0f0f1a
0f0a0f150f
05050a0f0f
150a0a0505
0a050f150f
0f0f0f0a0a
150f15150f
1515151515
0a0a0f0f15
0a0a0a0a0a
0a050a0a0a
0a0a0a0a0a
0a0a0a0a0a
0a0a0a0a0a
050a0a0a0a
050505050a
0505050505
0505050505
0a0f0a0a0a
0a0a0a0a0a
0f0f0f0f0a
0a0a0a0a0f
0a0f0a0a0a
0a0a0a0a0a
0a0a0f0f0f
0a0a0f0a0a
0a0a0f0a0a
0a0a0a0a0a
0a0a0a0a0a
0f0a0a0a0a
0f0a0a0a0a
0a05050a0a
1515150f0a
0f0f0f0f15
0a0a0a0f15
15150f0a0a
0f150f1515
0f0f0f0f0f
0a0a0a0f0f
0a0f0f0f0a
0505050a0a
050a0a0a05
0f0f0a0a0a
0a0a0a0a0a
0a0a0a0a0a
0a0a0a0f0a
0a0a0a0a0a
050505050a
0505050505
0505050505
0a0f0f0f0a
0a0f0a0a0a
0a0a0a0a0a
0a0a0a0f0f
0a0a0a0a0a
0f0a0a0a0a
0f0f0f0f0f
0a0a0a0f0a
0a0a0a0a0a
0a0a0a0a0a
0a0a0a0a0a
0a0a050a0a
0a0a0a0f0a
050a050505
0a050a0a05
0a0a0a0a0a
0a0a0f0a0a
0a0f0f0f0f
1a1a1a0f0a
0a0f0f0f15
0a0a0a0a0f
0f0f0f0f0f
0a0a0a0a0a
0a0a0f0f0a
0a0a0f0f0f
0a0a0a0a0a
150f0a0a0a
0a0a0f1515
0a0a0a0a0a
0a0a0a0a0a
0505050a0a
0505050505
0a0a050a0a
0a0a0f0f0a
0a050a0a0a
0a0a0a0a0a
0f0f0a0a0a
0a0a0f0a0a
150a0f0a0a
0f151a251a
0a0a0a0f0f
050a0a0a0f
0a0a0a0a0a
0a0a0a0a0a
0f0f0f0a0a
0f0f0f0f0f
0f0f0f0f0f
150f0f0a0a
0a0f0f0a15
0f0f150f0f
150f0f0a0a
0f0f151505
0a0a0a0a0a
0a0a0a0a0a
0f0a0a0a0a
0a0a0f0f0a
0a0f0f0f0f
0a0a0a0a0a
15150f0a0a
0a0a0a0a1a
0a0a0a0a0a
0a0a0a0a0a
0a0a0a0a0a
05050a0a0a
050505050a
0f0a0a0f0f
0f0a0f0a0f
0a0a0a0f0f
0a0a0a0a0a
0a0a050a0a
150f0a0f0a
0f0f0f0a15
150f0a0f15
0a0a0f0a15
0f0f0f0a0a
0f0f150f0f
0f0f0a0f0f
0f0f0f0f0a
0f0a0f0f0f
0f0f0f0a0f
0f0f150f0a
0f0f0f150f
0f0a0a0a0a
151515150f
0f0f15151a
0a050a0a0a
0f0a0a0a0a
0a0a0a0a0a
0a0a0f0f0a
0f0f0a0a0a
0f15150f0a
0a0a0a0a0a
0a0a0a0a0a
0a0a0a0a0a
0a0a0a0a0a
050a050a05
0a0a05050a
0f0f0a0505
0f0a0a0a0f
0f0f150f15
0f0f0f0f0f
0f0a0a0a0f
05050a0a0a
0a0a0a0a0a
0a0a0a0a0a
0f0f0a0a0a
0a0f0f0f0f
0f1515150a
0a0f0f0a0f
0a0f0a0a0a
0a0a0a0a0a
0f0a0f0f0a
0a0a0a0a0a
0a0f0f0f0f
0f0a0f0a0a
150f0f0a0a
0f0f0f1515
0a0a0a0a0f
0505050a0a
0a0a0a0a05
0a0a0a0a0a
0a0f0f0a0a
0a0a0a0a0a
0a0a0a0a0f
0a0a0a0a0a
0a0a0a0a0a
0a0a0a0a0a
05050a050a
0a0505050a
0a0a0a0f0f
0a0a050505
0f0f0f0f0f
0f0f0f0a0a
0a0f0f0f0f
0a0f0a0a0a
0f0f0f0a0f
150f0f0f0f
0a0f150f0f
0f0f0f0f0f
151515150f
0f0f0f0a0f
150f0f150f
1515151a1a
0a0f0f0f0f
0f0a0a0a0a
0f0f0a0a0f
05050a0a0a
05050a0a05
0f0f0a0a05
0a0a0a0a0f
0a050a050a
0f0a0a0a0a
0f0f0f0f0f
0a0f0f0f0f
0a0a0a0a0a
0a0a0f0f0a
0a0a0a0a0a
0a0a0a0a0a
0a0a0a0a0a
0a0a0a0a0a
0505050505
0f0f0f0f05
0a05050a0a
0a0a0a0f0f
0a0a0a0a0f
0a0a0a0a0a
0f0f0f0a0a
0f0f0f0f0a
0f1515150f
0f0a0f0f0f
0a0a0f0f0f
15150a0a0a
150f151a15
1a0f0f1515
1a15151515
1a15151a1a
150f0f1a1a
1515151515
0f0f0f0f15
0a0a0a0a0f
0a0505050a
050a0a0a05
0a0a0a0505
0f0f0a0a0a
0a0f0f0f0f
0a0a0a0a0a
0a0f0a0a0a
0a0a0a0f0a
0a0a0a0a0a
0a0a0a0a0a
0f0f0f0f0a
0a0a0a0a0f
000005050a
0f0f0a0500
050a0a0a0f
0f0a0a0505
0a0a0f0f0a
0a0a0a0a0f
0a0a0a0a0a
0f0f0f0f0a
0a0f0f0f0f
0a0a050a0a
0a0a0a0a0a
1515150f0f
1515151515
151a1a1515
150f0f0f0f
0f0a0f1515
1a1515150f
151a15151a
0f0f15150f
0a0f0f0f0f
0a0a0a0a0a
0a0a0a0a0a
0a0a0a0a0a
0a0a0a0a0a
0f0a0a0a0a
0a0a0a0a0a
0f0f0a0a0a
0f0a0f0f0f
0a0a0a0a0f
0f0f0f0f0a
0f0f0f0f0f
0a0f0a0a0f
0505050505
0f05050505
050a0f150a
0505050a0a
0f0f0f0a05
0f0f0f0a0f
0a0a0a0a0a
0a0a0a0a0f
0a0a050a0a
0f0f0f0a0a
0a0a0a0a05
1515150a0f
151515151a
150f0f0f0f
0f150f0f15
0a0a0a0f0f
150f0f0a0f
0f0f0f1515
1a1a1a1515
0f1a1a1515
0a0a0f0a0f
0a0a0a0a0a
0a0a0a0a0f
0f0f0f0a0a
0f0f0a0a0a
0f0f0f0f0f
0f0f0f0f0f
0a0f0f0f0f
0f0f0f0f0a
1515150f0f
0f0f0f0f0f
0a0a0a0a0f
050505050a
0505050505
0a0f0f0a05
0f0f0a0a0f
0f0f0f0f0a
0f150f0f0f
151515150f
1515151515
0a0f0f0f15
0a0a0a0a0a
0a0f0f0a0a
05050a0a0a
0a050a0a0a
15150f0a0a
150f0f150f
15151a1a1a
150f0f1515
150f0f1515
0f15151515
0f0a0f0f15
0f0f0a0a0a
0f0f0f0a0a
0f0a0a0a0a
0f0f15150f
0a0f0f0f0f
0a0a0a0a0a
0f0f0f0a0a
0f0f0f0f0f
1515150f0f
0f15151515
0f0a0f0a0f
0a0a0a0a0f
0a050a0a05
0a0a05050a
0f1515150f
050a0a050f
0a0f0f0f0a
0f0a0f0a0a
0a0f0f150f
0f0f0f0f0f
0f0f0f0f0f
0f0f0f0f0f
0a0a0a0f0f
0f0a0a0a05
0f0f0a0f0f
1515151515
15150f1515
1a15151515
0f15151a1a
0f0f0f0f15
0a0f0f0f0f
0505050a0a
0f0f0a0a05
0f0f0f0f0f
0f0f0f0f0f
15151a1f0f
0f0a0f0f0f
0f0f0f0f0f
0f0f0f0f0f
1515150f0f
1515151515
0f0f0f0f0f
0f0f0a0f0f
0a0a0a0f0f
050505050a
0a0f0a0a05
0505050a0a
0f0a0a0505
15150f0f0f
0a0f0f1515
0f150f0f0a
150f0f150f
151a150f15
0f150f1515
15150f0f0f
0f0f0f1515
1515151515
151515151a
0f0f151515
0a0f0f0f0f
15150f0f0f
0f15151515
0a0a0f0f15
0a0a0f0f0f
0f0f0f0a0a
0a0a0a0f0f
0a0f0f0f0f
0f0f0f1a15
0f0f0f0f0f
0f0f0f0f0f
0f0f0f0f0f
0f1515150f
150f0f0f0f
0f0f0f0f15
0a0a0f0f0f
0a0a0a0a0a
050505050a
0f0a0a0505
0f0f0f0f0f
0f0a0a0a0a
0a0a0a0f0f
0a0a0a0a0a
0a0f0f0a0f
15150f0f0f
0f0f0f0f0f
150f0f0f0f
0f1515150f
15150f1515
150f0f0f0f
151515150f
1515151515
0f15151515
0f0f0f150f
0f0f0f0f15
0f0f0f0f0f
0a050a0f15
0f15150f0a
0a0a0f0a0f
1a150f0f0f
0f0f0f151a
0f0f0f0a0a
0f0f0f0f0f
150f0f0f0f
1515150f15
15150f1515
0f0f0f0f15
0f0f0f0f0f
0a0a0f0f0a
0505050505
0a050a0a05
0f0f0f0f0a
0a0a0a0a0a
0a0a0a0a0a
050a0a0a0a
0f0f0f0f0f
0f150f0f0f
0f15150f0f
0a0f0a1515
0a0a0a0a0a
0a0a0a0a0a
0a0f0f0f0f
0f0a0a0a0a
1515151515
0f15151515
0a0f0f0f0f
0f0f0a0f0f
0505050a0f
15150f0505
1515151515
0a0f0a0f0a
151515150f
0f0a0f0a0a
0f0f0f0f0f
0f150f0f15
150f0f0f0f
0f0f0f1515
0f0f0f0f0f
0f0f0f0f0f
150a0a0f0a
150f1a1f1f
050505050a
0a0a0a0a05
0a0f0a0a0f
150f15150f
151515150f
150f0f0f0f
0a0f0f0f0f
0f150f0f0a
0a0a0f0f0f
0a05050a0f
150f0f0a0a
1515151515
0f15151515
0f0f150f0f
15150f0f0a
0f0f0f0f15
0a0a0a0a0a
0505050a0a
0a0a050505
150f0f0a0a
0a0f151a15
0a0f1a0f0a
0a0a0f0f0f
150f0f0f0f
0f0f150f0f
150f0f0f0f
0f15151515
0f150f150f
0f0f0f0f0f
0f0f0f0f0f
150f0f0f0f
0a0f0a0f15
0f0a0a0f0a
0a05050a0a
0a0f0f0f0f
0f15150f15
150f0f0a0f
1515151515
0f0f0f0f15
0a0a0a0a0a
0a0a05050a
0a0f0f0a0a
0f0f0f0f0f
0f15150f0a
0f0f0f0f0f
0a0f0a0a0f
0f0f0f0f0f
0f0f0f0f0a
0f0f151515
0f0a0f0f0a
0f0f0f0f0f
0a0a0a0f0f
0f0f0f0a0a
0f0f151a15
0f0f0a0a0a
0f0f0f0f0f
0f0f0f0f0f
0f150f1515
0f0f151515
0f0f0f1515
0f0f0f0f0f
151a1a1a0f
0f0f0f0f15
0f0f0f0f0f
0a0f0f0f0f
050a0a0a0a
0f0a0a0f0a
0a0f0f0f0f
0a0f0f0a0f
1515150a0f
0f150f1515
0a0a0a0f0f
0f0a0a0f0a
150f0f0f0f
1515151515
1515151a15
1515151a1a
1515151515
0f15151515
151515150f
150f151515
151a151515
0a0a0f1515
15150f0f0a
0f0f0f0f0f
0f0a0a150f
0f0f0f0f0f
0f0f0f0f15
0f0f0f0f15
0f0f0f0f0f
0f0f0f0f0f
1f1a1a150f
15151a1a1a
0a0f151515
1515150f0f
1515150f15
0a0a0a0a0a
150f0f0f0a
0f0f0f0f0f
0f150f0f0f
150f0a0f0f
0f0f0f0f0f
0f1515150f
0f0f0f0f0f
0f0f0f0f0f
0f0f150f0a
0f0f0a0f0f
1515151515
1a1a151515
15151a1a1a
1515151a1a
15150f150f
151515150f
0f15151515
0f0f0f0f0f
0f0f15150f
0f0f150f0f
0f0f0a0f15
0f0f0f0f0f
0f0f0f0f0f
151a151515
1515150f15
151a1a1a15
1515151515
0f0a0f0f15
15150f0f0f
0f0f0f0f0f
1515151515
0f0f0f0f0f
0f0f0f0f0f
0f0f0f0f0a
0f0f0f0f0f
0f0f150f0f
0f0a0f0f0f
1a150f0f0f
0f0f15151a
15150f0f0f
0f15151515
151515150f
0f0f0f0f0f
0f0f0f0f0f
0f15151515
151515150f
0f0f151515
15150f0f15
0f150f0f15
1515150f0f
0f0f0f0f15
0a0a0a0f0f
1515151a15
15151a1a1a
0f0f0a0f15
0f0f0f0f0f
0f0f0f0f0f
1a1a150f0f
0f0f0f151a
150f0f0f0f
15150f0f15
1a1a1a1a1a
0f0f0f151a
0f0f0f0f0a
0f0f0f0f0f
150f0f0f0f
0f0f0f0f15
1515151515
0f0f151515
1515151a0f
151515151a
1515151515
0f1515150f
0f0f0f0f0f
151515150f
151515150f
0f15150f15
0f0f0f0f0f
1515151515
1515151515
0f0f0f1515
0a0a0f0f0f
0a0a0a0f0a
1f1f1a1a15
15150f151f
0f0a0f0f0f
1515151a15
1515151515
0f0f151515
1515151515
0f0f0f1515
151a15150f
1f1a1a1a15
0f1515151a
0f0f0f0f0f
0f0f0a0a0a
0f0f0f0f0f
15150f0f0f
15150f150f
1515151515
15151a151a
15150f0f15
1515151a15
1515151515
1515151515
0f0f0f1515
150f0f0f0f
0f0f151515
150f0f150f
1515151515
1515151515
1515150f15
0f15151515
15150f0f0f
1f1a1a1515
0f1515151a
0f0f0a0a0a
1a1a1f1a15
151515151a
150f151515
15150f1515
0f15151515
151515150f
1a1a1a151a
1515151515
0f0f0f0f15
0a0a0f0f0f
0a0a0a0a0a
0f0f0a0f0f
0f0f0f0f0f
1515151515
15151a151a
150f151515
0f15151515
15150f0f0f
1515151515
0f0f151515
0f0f0f0f0f
0f0f0f0f0f
0f0f0f0f0f
0f0f0f0f0f
0f0f0f0f0f
15150f0f0f
0f0f150f0f
0f150f0f0f
1a1a1a1515
151a1a1515
0f0f0a0a0f
1515151515
151a151a1a
0f15151515
0f0f0f150f
151515150f
1515151515
1a1a1a1515
151515151a
0f0f150f15
0f0f0f0f0f
0a0a0a0f0a
0f0a0f0a0a
0f0f0f0f0f
150f0f0f0f
1515151515
1515151515
1515151515
151a151515
0f0f151515
0f0f0a0a0f
0f0f0f0f0f
0f0f0f150f
0a0a0a0f0f
0a0a0a0a0a
0f0f0f0a0a
0f0f0f0f15
15150f0f0f
150f0f0f15
15151a1515
0f0f0a0f15
0f0f0a1515
1515151515
1515151515
0f0f0f1515
0f0f0a0f0a
1515150f0f
1515151515
1515151515
1515151515
0f0f0f1515
0f0f0f0f0f
0f0f0f0f0f
0a0f0f0f0f
0f0f0f0a0a
0f0f0f0f0f
0f0f0f0f0f
1515150f0f
1515151515
1515151515
1515151515
1515151515
151515151a
1515150f0f
0a05050f0f
0a0f0f0f0f
0f0f0f0a0a
05050a0a0f
0f0a0a0a0a
0f0a0a0a0f
1515150f0f
0f0a0f0f15
0f15151515
151515150f
1a1a1a1515
1515151515
0f0f150f15
151515150f
1f1a151515
151a1a1a1a
15151a151a
0f1515151a
15150f0f0f
1515151515
0f150f1515
0a0f0f0f0f
0f0f0a0a05
0f0f0f0f0f
0f0f0f0f0f
0f0f0f0f0f
0f1515150f
1515151515
0f15151515
0a0a0a0a0f
0f0a0a0a0a
151515150f
1a151a1515
1515151515
1515150f15
15150f150f
0f0f0f0f0f
0f0f0f0f0f
1515151515
15150f0f0f
0f0f0f0f0f
1a1515150f
151515151a
0f0f0f0f15
15150f1515
1a1a151515
151a1a151a
151a15150f
150f0f151a
151515150f
1515151515
1515151515
0f0f0f0f0f
0a0a0a0a0f
0a0a0a0a0a
0f0f0f0f0f
0f0f0f0f0f
0a0f0f0f0f
0f0f0a0a0a
0f0f150f0f
150f150f0f
1a15151515
0f0f15151a
0a0a0f0f0f
1515150f0f
0f0a0f0f0f
0f0f0f0a0a
15150f1515
1515151515
1515150f15
0a0a0f1a15
15150f0f0f
1a15151515
151a151a15
0f15151515
150f0f0f0f
1a151a1a15
1515151a1a
1a151a1a15
15151a1a15
1515151515
1515151515
0f0f0f1515
0f0f0f0f0f
0a0a0a0a0a
0a0a0a0a0a
0f0f0f0a0a
0f0f0f0f0f
0f0f0f150f
0f0f0f0f0f
0f150f0f0f
0f0f0f0f0f
1515150f0a
0f0f0f0f15
0f0f0f0f0a
0005050f0f
0a05050505
151515150f
0f0f0f0f15
0f0f0f0f0f
151515150f
0a0f151a15
0f0f0f0a0a
151a1a1515
1515151515
1515151515
0f0f151515
151a150f15
1515151a1a
151a1a1a15
1515151515
1515151515
151515151a
1515151515
0f0f0f0f0f
0a0a0a0a0f
050a050a0a
0505050a0a
0f0f0f0f0f
0f0f150f0f
0f0f0f0f0f
0a0a0a0f0f
0f0f0f0a0a
0a0a0a0f0f
0f0f0f0f0f
0f0f150f0f
0f0f0f0f0f
0f0f0f0f0f
0a0a0a0f0f
000005050a
0a0a0a0a00
151a1f150f
15150f1515
1515150f0f
150f0f0f15
1515150f15
0f15151515
0f0f150f0f
150f0f0f0f
15151a1a1a
1515151515
1515151515
15151a1a15
1515151515
0f150f1515
0f0f0f0f0f
0a0a0a0f0f
0a0a0a0a0a
0a0a0a050a
0f0f0a0a0a
0f0f0a0a0a
0f150f0f0f
0f0f0f0f0f
05050a0a0a
0a05050505
0f0f0a0a0a
0f0f0f0a0a
15150f0f0f
0f0f0f0f0f
150f0f0f0f
0a0a0f0f0f
0f0f050a0a
15150f0f0a
0f151a1f1a
0a0a151515
0f0f0a0a0a
1515151515
15150f0f15
1515151515
0f0f0f1515
151a1a1515
1515151515
1515151515
151515150f
1515151515
0f0f151515
0f0f0f0f0f
0a0a0a0a0a
0a0a0a0f0f
05050a0a0f
0f0f0f0f0a
0f0f0f0f0f
0505050000
0a05050505
0a0f0f0f0f
0f0f0a0a0f
0a0a0a0a0f
0f0a0a0a0a
15150f0f0f
0f0f0f0f15
15150f0f0f
1515151515
150f0f150f
1515151515
151a1a151a
0f0f0f1515
1a150f0a0a
151a1a1a1a
151a151a1a
1515151515
1515151a15
15150f0f15
151a1a1a15
151a151515
1515151515
0f0f151515
0f0f0f0f15
0a0a0a0a0a
0a0f0a0f0f
0a0a0a0f0a
0a0a0a0f0a
151a15150f
0f15151515
0a0a0a0a0f
050a0a0a0a
0f0a0a0a0a
0f0f0f0f0f
0f0f0f150f
0a0f0f0f0f
0a0f0f0a0a
0f0a0a0a0a
0f0f0f0f0a
0f0f0f0f0f
0a0a0f0f0f
0f0f0f0f0a
0f150f0f15
0f15151515
0f0f150f0f
1515151a15
0f0f0f1515
15150f0f0f
0f0f151515
0f0f0f0a0a
1515151515
151515151a
1515151515
0f0f0f1515
0a0a0f0a0f
0a0a0a0a0a
0a0a0a0a0a
0f0a0f0a0f
15150f0f0f
151a151515
0f0f151a1a
0f0f150f0f
0a0f0f150f
0f0f0f0f0a
0f150f0f0f
0f0f0f0f0f
0f0f0f0f0f
0f0f0f0f0f
0f0f0f0f0f
0f0f15150f
05050a0a0a
0500050505
0a05050505
0f150f0f0a
0f0f150f15
0a0a0f0f15
0a0f0f0a0a
0f150f0f0f
0f0f0f0a0a
151515150f
0f0a0a0f0f
1515151515
151a151515
151515151a
0f0f0f0a0f
0a0a0a0f0f
0f0a0a0a0a
150f0f0f0a
0f0f0f0f0f
151a150f0f
1515151515
0f0f151515
150f0f0f0f
0f0f151515
0f0a0a0f0f
0a0a0a0505
0f0a0a0a05
0f0f15150f
0a0a0a0f0f
150f0f0a0a
0f0f150f0f
150f150f0f
0f15151515
0a0505050a
0a05000005
15151a150f
0f0f0f1515
0a050a0f0f
0a0a0a050a
0f0f0a0a0a
0f0f0f0f0f
150f0a0f15
15151a1515
1a1a1a1a15
0f15151515
0f0f0f0f0f
0a0f15150f
0a0a0f0f0a
0f0f0a0f0f
0f0f0f0f0f
15150f0f0f
0f0f151515
0f0f0f0f0f
15150f0f0f
1515151515
0f0f0f0f0f
150f150f15
15150f0a0a
1515151515
0f0f15151a
000000050a
0505050505
0a0a0a0505
0f0f0f0f0f
0f0f0f0f0f
050000050a
150f0a0a05
0f0f0f1515
150f0f0f0f
1515151515
1a1a151a15
1515151a1a
150f0f1515
151a150f1a
1a15150f0f
0f15151515
150f0f0f0f
0f0f0f0f0f
0f0a0a0a0f
15150f0f0a
151515150f
151515150f
1515151515
1515151515
151515151a
15150f1515
0f0f0f0f0f
0f0f0f0f0f
0f0f0f0f0f
0f0f0f0a05
1515151515
0f15151515
050a0a0a0f
0005050505
0a0a0a0a05
050a0a0a0a
0505050505
0f0f0f0f0f
15150f0a0f
0f0f150f0f
150f0f0f0f
1515151515
0f0f0f1515
0f0f0f0f0f
0a0f0f0a0f
0f0a0f0a0a
15151a1515
0f0f0f0f0f
0f0a0f0f0f
0a0a0a0a0f
15150f0f0a
0f0f151515
1515150f15
1515151515
0f15151515
0f0f0f0f0f
0f0f0f0f15
0f0f0f0f15
0f15150f0f
0f0f15150f
0f0f151515
0a0a0a0505
1515150f0f
1515151515
0a0a0f0f0f
00050a0a0a
0000000000
050a050000
0505050505
0f0a050505
0f0f150f0f
0f150f0f0f
0f0f0f0f0f
1515150f0f
150f0f1515
1515151515
1515151515
1515151515
0a0a0f0f0f
0a0a0a0a0a
0a0a0a0a0a
0f150f0f0a
1515151515
0f0f0f0f15
0f0f0f1515
0f0f0f0f0f
0f0f0f0f0f
0f0f0f0f0f
0f0f0f0f0f
0f0f0f0f0f
0f0f0f0f0f
0f0f0f0f0f
0a0a0f0f0f
0a0a0a0500
1515150f0f
151a151515
05050f0f15
0a05050505
050a0a0a0a
0000000005
0000000000
0000000000
0a0a050500
0a0a0a0a0a
0a0a0a0a0a
0f0f0f0f0a
0f0f0f0f0f
0a0f0f0f0f
0a0a0a0a0a
0a0a0a0a0a
0a0a0a0a0a
0f0a0a0f0a
0f0f0a0a0f
0f0f0f0f0f
0f0f0f0f0f
0f0f0f0f0f
0f0f0f0a0f
0f0f0f0f0f
0f0f0f0f0f
0f0f0f0f0f
0f0f0f0f0f
0f0f0f0f0f
0f0f0f0f0f
0f0f0f0a0f
0f0f0f0f0f
0a05050000
1515150f0f
1515151515
0005050a15
150f050505
05050a0f0f
0f0a0a0a05
00050a0a0a
0000000000
0a0a0a0500
0a0a050a0a
0a0a0a0a0a
0a0a0a0a0a
0a0a0f0f0a
05050a0a0a
0a0a0a0a0a
05050a0a0a
0a0a0a050a
0a0a0f0a0a
0a0a0a0a0a
0f0f0f0f0a
0f0f150f0f
15150f0f15
150f15150f
0f0f0f150f
0f0f0f0f0f
150f15150f
0f0f0f0f15
0f0f0f0f0f
0f0f0f0f0f
0f0f0f0f0f
0a0f0f0f0f
0505050000
150f150f0a
1515151515
0000050a15
0505000000
050a0a0a0a
0f0f0f0a05
0a0a0a0a0a
0a0a0f0f0a
0505000505
0a0a0a0a05
0f05050a0a
0a0a0a0f0f
0a0a0a0f0a
0f0f0a0f0a
0a0a0a0a0a
0a0a0a050a
0a0a0f0f0f
0f0a0a0a05
15150f0f0f
1515151515
0f0f15150f
0f0f0f0f0f
0f0f0f0f0f
0f0f0f0f0f
0f0f0f0f0f
0f0f0f0f0f
0a0f0f0f0f
0f0f0f0f0f
0f0f0f0f0f
0a0a0a0f0f
0a0a0f0f0f
0500000000
0f0f0a0505
0f15151515
0500050a0f
0000000000
0000000000
050a0a0500
0a0a0a0505
0a0a0a050a
0a0505050a
0a0a0a0a0a
0505050a05
0a0a0a0505
0a0a0a0a0a
050505050a
0a05050505
0f0a0a0a0a
050a0a0a0a
0a0a0a0a05
0a0a0a0a0a
0a0a0a0a0a
0a0a0a0a0a
0a0f0f0f0a
0a0a0a0a0a
0f0f0f0f0a
0a0a0a0a0f
0a0a0a0a0a
0f0f0a0f0a
0f0f0f0a0a
0f0f0f0f0f
0f0f0f0f0f
0a0a0f0f0f
0000000000
0a0a050500
0a0f0f0f0f
050a0a0a0a
0505050505
0000000000
050a0a0f05
0505000000
0a05050505
0000050505
0500000000
0505050505
0005050505
0505050505
0a0a0a0505
0a0a0a0a0a
050a0a0f0f
0a0a0a050a
050a050a0a
05050a050a
0a0a0a0a0a
0a0a0a0a0a
0a0a0a0a0a
0a0a0a0a0a
0a0a0a0a0a
0a0a0a0a0a
0f0f0f0a0a
0f0f0f0f0f
0a0f0f0f0f
0f0f0a0a0a
0f0f0f0f0f
0a0a0a0f0f
0000000000
0505050500
0505050505
050a0a0a0a
0a0a05050a
0005050a0a
0000000000
0505050000
0005050505
0505000000
0000050505
0a0a050505
050000050a
0505050505
0505050505
0505050505
0a05050505
0a0a050a05
0a0a0a0a0a
0a0a0a0a0a
0a0a0f0f0a
0a0f0a0a0a
0f0f0f0f0f
0f0f0f0f0f
0f0f0f0f0f
0f0f0f0f0f
0f0f0f0f0f
0f0f0f0f0f
0a0f0f0f0f
0a0a0a0a0a
0f0f0f0f0f
0a0a0f0a0a
0000000000
0505000000
0505050505
05050a0505
0505000505
0505000005
0000050505
0000000000
0500000000
0005000005
0000000000
0505050500
050a0a0505
0505050505
0505050505
0a050a0505
0a0a0a0a05
0a0a0f0a0a
0a0a0a0a0a
0a0a0a0a0a
0a0a0a0a0a
0f0f0f0a0a
0f0f0f0f0f
0f0f0f0f0f
0f0f0f0f0f
0f0f0f0f0f
0f0f0f0f0f
0f0f0f0f0f
0f0f0f0f0f
0f0f0f0f0f
0a0a0f0f0f
0a0a0a0a0a
0000000000
0505050000
0505050505
0505050505
0005050505
0500000000
0000000505
0000000000
0000000000
0000000000
0505000000
0505050500
0505050505
0505050505
0505050505
0505050505
0a0a05050a
050a0a0a0a
0a0a0a0505
0a0a0a0a0a
0a0a0a0a0a
0a0f0f0a0f
0f0f0f0f0a
0f0f0f0f0f
0f0a0f0f0a
0f0f0f0f0f
0f0f0f0f0f
0a0a0f0f0a
0f0f0f0a0a
0a0a0a0a0a
0a0a0a0a0a
050505050a
0000000000
0505050000
0505050505
0505050505
0000000000
0000000000
0000000000
0000000000
0000000000
0000000000
0000000000
0000050500
0505000005
0505050505
0505050505
0505050505
0a0a0a0a0a
0a0a0a0a05
0a0a050a05
0a0a0a0a0a
0f0f0f0f0a
0a0a0a0a0a
0f0f0f0a0f
0f0f0f0f0f
0f0f0f0f0f
0f0f0f0f0f
0f0f0f0a0f
0a0f0f0f0f
0a0a0f0f0a
0a0a0a0a0a
0a0a0a0a0a
0a0a0a0a0a
0000000000
0000000000
0000050500
0000000000
0000000000
0000000000
0000000000
0000000000
0000000000
0000000000
0000000000
0000000000
0000050000
0505000005
0505050500
0505050505
0a0a050a05
0a0a0a0a05
0a0a0a0a0a
050a050a05
0a0a0a0a05
0a0f0a0f0f
0f0f0f0f0a
0f0f0f0f0f
0f0f0f0f0f
0f0a0a0a0a
0a0a0a0a0a
0a0a0a0a0a
0a0a0a0a0a
0a0a0a0a0a
0a0a0a0a0a
0a0a0a050a
0000000000
0000000000
0000000000
0000000000
0000000000
0000000000
0000000000
0000000000
0005050000
0000000000
0000000000
0000000000
0000000000
050a000000
0a0a050505
0a0a0a0a0a
0a0a0a0a05
0a05050a0f
0505050a0a
0a0505050a
0a050a050f
0a05050505
0f0f050a0a
0f0a0f0a0f
050a050a0f
050505050a
0505050a05
0505050505
0505050505
050a0a0505
0505050a0a
0505050505
0000000000
0000000000
0505050505
0000000005
0505050000
0505050505
0505050505
0505050a05
0000000000
0a0a050505
0f0a0f0a0f
15150f150f
0f0f0f1515
0a0f15150f
0a0a0a0a0f
0f0a0a0a0a
0a0f0f0a0a
050505000a
050a0a0505
050005050a
050a050505
050505050a
050a0a0a05
0a0a0f0505
0a0a0a0505
05050a0505
0a05050a05
0a0a0a0a05
0505050505
050a050505
05050a0a0a
0000050505
0000000000
0a0a050000
0f0f0f150f
0a0a0a0a0a
050a0a0505
0a05050505
0505050a0a
0a0a0a0a0a
0a0a0a0a0a
0f0f0f0a0f
0f0a0a0a0a
0a0a0a0a0a
0a0a0a0a0a
0a0a0a0a0a
0f0a0a0a0a
0505050f0f
0000000505
0505050500
0500050505
050a050000
0a05050a0f
0505050a05
050a050505
05050a0505
050505050a
0505000505
0000000505
0000000005
0000000000
0000000005
0505000505
0000000000
0000000000
0500000000
050a0a0f0a
0505000000
0a0a0a0505
050a0a0505
0505050505
0505050505
0505050505
0505050505
000000000a
0f0a0a0000
0f0f0f0f0f
0f0f0f0f0f
0f0f0f0f0a
15150f0f0a
0f150f0f0f
0f0f0f0a0f
05050a0a0f
0505050505
0005050000
0505050505
0505050a05
05050a0a05
0505050a05
050a0a0505
0500050500
0500000005
0000050505
0000000000
0000050000
0000000500
050a050505
0505050505
050f0f0f0a
0000000000
0a05050500
0a0a0a0a0a
0a0a0a0a0a
0a0a0a0a0a
050a0a0a0a
0a0a050505
0a0a0a050a
0a0a0a1515
0a0a0a0a0a
0a0a0a0a0a
0f0a0a0a0a
0f0f0f0a0f
0f0f150f0f
0f0f0f0f0f
0f0f0f0f0f
0f0f0f0f0f
0a0f15150f
050505050a
0505050505
0a05050505
050a0a050a
0505050a0a
0505050000
0000000000
0000000000
0000000000
0000000000
0000000000
0000050500
0f05050500
0a0f15150f
0505050505
0505050500
050a0a0a0a
0a0a0a0a0a
0a0a0a0a0a
0505050a0a
0a0a050505
0f0f0f0f0a
0a0f0f0f15
0f0f0f0a0a
0f0f0f0f0f
0f0f0f0f0f
0f0f0f0f0f
0f0f0f0f0f
0f0f0f0f0f
1515150f0f
0f0f0f0f15
151515150f
1515151515
0a0f151a1a
050a0f0f0f
0505050505
0505050005
05000a0a0a
0000000a00
0505050505
0000050500
0000000000
0000000000
0000000000
0a05050000
0a0f0f0f0f
0505000505
0505050005
0505050500
0a050a0a0a
050505050a
050a050505
0a0a0a0505
0a0a0a0a0a
0a0a050505
0a0a0a0a0f
0a0f0a0a0a
0f0a0a0a0a
0f0f0f0f0f
0f0f0f0f0f
0f0f0f0f0f
0f0f0f0f0f
0f0f0f0f0f
0f150f0f0f
151515150f
1a1a1a1515
15151a1a1a
151a1a1a1a
0f15151515
050a0a0f0f
0505000500
0505000005
0505050505
0000000505
0000000000
0505050500
0f0a050505
0a0f0f150f
0505050505
0505050505
0a0a050505
0505050a0a
0505050505
0505050505
0000000505
0a0a050505
050a0a0a0a
0505050a0a
0a0a0a0a0a
0a0a0a0a0a
0a0a0a0a05
0f0f0a0f0a
0f0f0f0f0f
0f0f0f0f0f
0f0f0f0f0f
0f15151515
1515150f0f
1515151515
1515151515
1a15151515
151a1a1a15
15151a151a
151a050000
0f0a150f15
0505050a0f
0005050005
0000050505
0000000000
0f05000000
0a0f0f0f0f
0000000505
0505000005
0505050505
0005050505
0505050500
0505050505
0a0a0a0505
0a0a0a0a0a
0a05050a0a
0a0a050a0a
05050a0a0a
0a0a0a0a0a
0a0a0a0a0a
0f0f0a0f0f
0f0f0f0f0f
0f0f0f0f0f
0f0f0f0f0f
151515150f
1515151515
1515151515
1515151515
1515151515
1515151515
151515150f
151a051f0f
1515151a15
151a1a1a15
0a0f0f1a1a
0505050505
0000000005
0f0a050500
0a0f0f0f0f
0505050505
0a0a050a0a
0a0a050505
0a0a0a050a
0505050505
0505050005
0505050505
0a0a0a0505
0a0a0a0a0a
0a0a0a0a0a
0a0a0a0a0a
0a0a050a0a
0a0a0a0a0a
0a0a050a0a
0f0f0a0a0a
0f0f0f0f0f
0f0f0f0a0a
0f1515150f
15150f150f
1515150f15
15150f0f15
1515151515
0f15151515
151515151a
151a05150a
150f151515
1515150f0f
1a15151515
0f0f15150f
0000000000
0a05050505
0a0f0f150f
050505050a
0a0a0a0a0a
050a05050a
050a0a0a0a
0a050a050a
05050a0a0a
0505050505
0a0a050505
0a0a0a0a0a
0a0a0a0a0a
0a0f0a0f0a
0a0a0a0a0f
0a0a050a0a
0a0a0a0a0a
0a0a0a0a0a
0f0f0f0a0a
0f0f0f0f0f
0f0f0f0f0f
15150f0f0f
1515151515
1515151515
1515151515
1a15151515
0f151a150f
15150a0000
0f15150f15
0f0f0a0f15
0f0f0f0f15
0f15151515
0505050505
0f0a0a0a05
0f0f0f0f0f
0505050a0a
0505050505
0a0a0a0505
0a0a0a0a0a
050a0a0a0a
050a0a0a0a
05050a0505
05050a0a05
0a0a050a0a
0a0a0a0a0a
0a0a0a0a0a
0f0f0f0f0a
0f0f0f0f0f
0a0a0a0a0a
0a0a0a0a0a
0f0f0f0a0a
0f0f0f0f0f
0f0f0a0a0f
0f0f0f0f0f
15150f0f0f
1515151515
1a15151515
0f1a151515
0f0f15151a
15150a150a
1515151515
0a0f15150f
0f0f0f0f0a
0f0a0f0a0a
0505050500
0f0a050505
0a0f0f0f0f
0505050a0a
0a0a0a0a05
0a0a0a0a0a
0a0a0a0a0a
0a0f0f0f0f
0a0a0a0f0f
0a0a0a0a0a
0a0a0a0a0a
0a0a0a0a0a
0a0a0a0a0a
0f0a0a0f0f
0f0f0a0f0f
0f0f0f0f0f
0f0f0f0f0f
0f0f0f0f0f
0f0a0a0a0f
150f0f0f0f
0f0f15150f
0f0f0a0f0f
0f0f0f0f0f
0f0f0f0f0f
1515150f0f
1a0f1a1515
1515151515
151a001f0f
1515151515
151515150f
0f0a0a0f15
0a0f0f0f0f
0505050505
0f0a0a0505
0f0f0f150f
0a0a0a0a0a
0a0a0a0a0a
0a0a0a0f0a
050a0a0a0a
05050a0a0a
0505050505
0a05050505
0a0a050505
0a0a0a0a0a
0a0a0a0a0a
0a0a0a0a0a
0f0f0a0a0a
0f0f0f0f0a
0f0f0f150f
0f0f0f0f0f
0f0f150f0f
0f0f0f0f0f
1515150f0f
1515151515
1515151515
1515151515
0f15151515
15150f1515
1515151515
151a05150a
1515151515
1515151515
0f0f150f15
0f0f0f0f0f
0505050505
0f0a0a0505
0f0f0f150f
0a0a0a0a0f
050a0a0a0a
0505050505
0505050505
05050a0a05
0505050505
0a0a0a0a0a
050a0a0a0a
0a0a0a0a0a
0a0a0a0a0a
0a0a0f0f0a
0f0f0f0a0f
0f0f0f0f0f
0f0f0f0a0f
0f0f0f0f0f
0f0f0f0f0f
0f0f0f0f0f
150f150f0f
1515151515
1515151515
1515151515
1a15151515
0f0f151515
0f0f0f0f0f
15150a0000
150f150f15
150f151515
15150f0f0f
000a0a1515
0505050500
0a0a0a0a05
0a0f0f0f0f
0505050a0a
0a0a050505
0a0a0a0a0a
0a0a0a0a0a
0a0a0a0a0a
0a0a0a050a
05050a0a0a
0a0a0a0a05
0a0a0a0a0a
0a0a0a0a0a
0a0a0a0a0a
0a0a0f0a0a
0a0a0a0a0a
0f0f0f0f0f
0f0f151515
0f150f0f0f
0f0f0f0f0a
1515150f0f
1a1a151515
1515151515
0f0f0f1515
150f0a0f15
0f0f15150f
0f0f0f0f0f
15150a150a
1515151515
150f15150f
00000a0f0f
0500000000
0505050500
0a050a0505
0a0f0f0f0f
050a0a0a0a
0a0f0a0a0a
0a05050a0a
0a0a0a0a0a
0a0a0a0f0a
0a0a0a0f0a
0a0a0a0a0a
0f0a0a0a0a
0a0a0a0a0a
0a0f0f0f0a
0f0a0a0f0a
0f0a0a0a0a
0f0a0f0f0a
0a0a0a0f0f
0f0a050a0a
0f0f0f0f15
150f0f0f0f
0f0f0f1515
15150f0f0f
150f0f0f0f
1515151515
1a151a1515
0a0f0f0f15
0000000a0f
0a0a050005
0f0f0f0f0f
0000050a0f
1a0f050000
1a1a25251f
0a0505050a
0f0a0a0a0a
0a0f0f0f0a
050a0a0a0a
0a0a0a0a05
0a0a050a05
050a0a0a0a
05050a0a0a
0a05050505
0505050505
0505050505
0a05050505
0f0f0f0a0a
1515150f0f
0f0f0f0f15
0a0a0f150f
15150f0f0a
0a0f0f0f0f
0f0f0f0a0a
150f0f150f
150f0f0f0f
15150f0f0f
0f15150f0f
0f0f0f0f0f
0f0f151a1a
0f0f150f0f
0000000000
0000000500
0000000000
0a00000000
1f1f1f1f1f
0f0f0f0f15
0a0a0f0a0a
0a0a0a0f0a
0f0f0f0f0f
0a0a0a0a0f
0a0a0a0a0a
0a0a0a0a0a
0a0a050a0a
0a0a0a0a0a
0a0a0a0a0a
05050a0a05
0505050a05
0a0a050505
0a0a0a0a0a
0a0a0a0a0a
0a05050a0a
0a0a0a0a0a
0a0f0f0f0f
0f0f0f0a0f
150f151515
150f0f0f0f
0f150f0f0f
0f0f0f0f15
0f0f0f150f
150f0f0f15
15151a0f1a
00000f0a0a
0000000000
0000000000
0000050500
0000000000
0000000000
0f0f0a0000
050500050a
0000000000
0a05000005
0a0a0a0a0a
0f0f0a0a0a
050a0a0a0a
0a0a0a050a
0a0a0a0a05
0a0a050a0a
0a0a0a0f0f
0a0a0a0505
050a0a0a0a
0f0a0a0a0a
0f0a0a0a0a
0f0f0a0a0a
0a0f0a0a0f
0f150f0f0f
0f0f0f0f0f
0a0f0f0f0f
0f0f0f0f0f
0f0f15150f
0f0f0f0f0f
0a0a0a0f0a
0f0f0a0a0a
00000a0f0a
0000000000
0000000000
0000000000
0000000000
0000000000
0000000000
0000000000
0000000000
0000000000
0000000000
0500000000
050a050a05
0000000500
0000000000
0505000000
0a0a0a0a0a
0a050a050a
050a0a0505
0f0f0f0f0a
050a050a0f
0a0a0a0a0a
0a0f0f0a0f
0a0f0f0a0f
0f0f0f0a0f
0f0f0a0a0f
0a0a0f0f0f
0f150f0f0f
150f0f0a0a
0f0f0f0f15
0f0f151515
0a0f150f0f
0500000005
0000000505
0000000000
0000000000
0000000000
0000000000
0000000000
0000000000
0000000000
0000000000
0000000000
0000000000
0000000000
0000000000
0000000000
0000000000
0000000000
0000000000
0000000000
0000000000
0f0f0f0500
0f0f0f0a0f
0f0f0a0f0f
0a0f0f0a0a
0f0f0f0f0a
150f0a0a0a
15150a0f15
150f151515
0f0f0f0f15
150f0f0f0f
0f15151515
00000a0f0f
0000000000
0000000000
0000000000
0000000000
0000000000
0000000000
0000000000
0000000000
0000000000
0000000000
0000000000
0000000000
0000000000
0000000000
0000000000
0000000000
0000000000
0000000000
0000000000
0000000000
0f05000a00
0f0f150f0f
0f0f0f0a0f
0f0f0f150a
0f15151515
0f0f0f0a0a
0f0f0a0f15
0a0a0a0f15
0a0f0f0f0f
1515151515
0005001515
0000000000
0500000000
0000000000
0000000000
0000000000
0000000000
0000000000
0000000000
0000000000
0000000000
0000000000
0000000000
0000000000
0000000000
0000000000
0000000000
0000000000
0000000000
0000000000
0000000000
0a05050000
0015250a0f
0f15150f0a
0f15151515
0f0f0f150f
0f15150f15
1515150f0f
1a1a1a150f
151515151a
0a0a150f15
0505000515
00000a050a
0000000000
0005050500
0000000000
0000000000
0000000000
0000000000
0000000000
0000000000
0000000000
0000000000
0000000000
0000000000
0000000000
0000000000
0000000000
0000000000
0000000000
0000000000
0000000000
0505000000
1a1f251f0a
05151f1f1a
15150f0005
15150f0f0f
0f0f151515
1515150a0f
15151a1515
0f15151515
00050a0f15
0000000000
000a050000
0000000000
0000000000
0000050000
00050a0a05
0000000000
0000000000
0000000000
0000000000
0000000000
0000000000
0000000000
0000000000
0000000000
0000000000
0000000000
0000000000
0000000000
0000000000
0500000000
1a00000005
150f251f1a
0f0f151f1f
0f150f0f15
1505000f0a
0f1515150f
15150f0f0f
150f0f1515
050f0f0f0f
0000000000
0000000000
000a0f0a00
0000000000
0000000000
0000000000
0a05050500
000000050a
0000000000
0000000000
0000000000
0000000000
0000000000
0000000000
0000000000
0000000000
0000000000
0000000000
0000000000
0000000000
0000000000
0000000000
0500000000
251f050000
0f0f151a1a
150f15150f
0000151515
000a0a0500
0000050005
1515150f0f
050a151515
0000000000
0000000000
050f0f0f05
00151f0f00
0000000000
0000000000
05050a0000
0000050005
0000000000
0000000000
0000000000
0000000000
0000000000
0000000000
0000000000
0000000000
0000000000
0000000000
0000000000
0000000000
0000000000
0000000000
0505050505
0000000000
151a000000
0f0f151515
0f0f0f1515
0000151515
0a00000005
0005050500
0f0a0a0000
0500000005
00000f0f0f
0a0a0f0a05
001a1f1f1a
000a0f0f00
000000050a
0000000000
0000050000
0000000500
0000000000
0000000000
0000000000
0000000000
0000000000
0000000000
0000000000
0000000000
0000000000
0000000000
0000000000
0000000000
0005000000
0500000000
0005050505
0000000000
1a00000000
1515151515
0f0f0f0f0f
0a05000a0f
0000000500
0000050505
0000000000
0500000000
1f0a0a050a
050a0f1f1f
00000f1515
00000a0000
0000000000
0000000000
0000000000
0000000500
0000000000
0000000000
0000000000
0000000000
0000000000
0000000000
0000000000
0000000000
0000000000
0000000000
0000000000
0000000000
0000000000
0005050505
0000050505
0000000000
0a00000000
0a150f151a
0f0f0f0f15
0505000000
0500000505
0000050505
0005050005
1f05000000
1505051525
05050a0f15
0a15151515
0000000000
0000000000
0000000005
05000a0a00
0000000000
0000000000
0000000000
0000000000
0000000000
0000000000
0000000000
0000000000
0000000000
0000000000
0000000000
0000000000
0000000000
0005050000
0000050000
0000000500
0000000000
0000000000
0000050a00
0005150500
0505000000
0a05050500
0000000505
0000000005
1a05000000
0f00000015
05050a0f15
0015151515
0000000000
0a05000000
000000000a
0000000000
0000000000
0000000000
0000000000
0000000000
0000000000
0000000000
0000000000
0000000000
0000000000
0000000000
0000000000
0000000000
0000000000
0505050000
050a050a05
0000000005
0000000000
0000000000
0000000000
0000000000
050a050000
000a050a05
0000050500
000a0a0000
0000000000
0000000000
0000000000
0000000000
0000000000
0000000000
0505000000
0000000005
0000000000
0000000000
0000000000
0000000000
0000000000
0000000000
0000000000
0000000000
0000000000
0000000000
0000000000
0000000000
0000000000
0005000000
0000000000
0000000000
0000000000
0000000000
0000000000
0000000000
0505000000
0000000000
0000000005
1f1a050000
000000050f
0000000000
0000000000
0000000000
0000000000
0000000505
0000000000
0000000000
0000000000
0000000000
0000050000
0000000000
0000000000
0000000000
0000000000
0000000000
0000000000
0000000000
0000000000
0000000000
0000000000
0000000000
000000050a
0000000000
0000000000
0000000000
0000000000
0000000000
0500000000
0000050505
0000000005
000f150000
0000050505
0000000000
0000000000
0000000000
0a00000000
000000000a
0000000000
0000000000
0000000000
0000000000
0000000000
0000000000
0000000000
0000000000
0000000000
0000000000
0000000000
0000050000
0000000000
0000000000
0000000000
0000000000
0000000000
0000000000
0000000000
0000000000
0000000000
0000000000
0000000000
0505000000
0000000005
05000f0f00
0005050005
0000000000
0000000000
0000000000
0005000000
0000000000
0000000000
0000000000
0000000000
0000000000
0000000000
0000000000
0000000000
0000000000
0000000000
0000000000
0000000000
0000000000
0000000000
0000000000
0000000000
0000000000
0000000000
0000000000
0000000000
0000000000
0000000000
0000000000
0000000000
0000000000
0000000000
0000000500
0500000000
0000000000
0000000000
0000000000
0000000000
0000000000
0000000000
0000000000
0000000000
0000000000
0000000000
0000000000
0000000000
0000000000
0000000000
0000000000
0000000505
0000000000
0000000000
0000000000
0000000000
0000000000
0000000000
0000000000
0000000000
0000000000
0000000000
0000000000
0000000000
0000000000
0000000000
0000000500
0000000000
0000000000
0000000000
0000000000
0000000000
0000000000
0000000000
0000000000
0000000000
0000000000
0000000000
0000000000
0000000000
0000000000
0000000000
0000000000
0000000000
0000000000
0000000000
0000000000
0000000000
0000000000
0000000000
0000000000
0000050f0a
0000000000
0000000000
0000000000
0000000000
0000000000
0000000000
0000000000
0000000000
0000000000
0000000000
0000000000
0000000000
0000000000
0000000000
0005000000
0000000000
0000000000
0000000000
0000000000
0000000000
0000000000
0000000000
0000000000
0000000000
0000000000
0000000000
0000000000
0000000000
0000000000
0000000000
0500000000
000000000a
0000000000
0000000000
0000000000
0000000000
0000000000
0000000000
000000000a
0000000000
0000000000
0000000000
0000000000
0000000000
0000000000
0500050000
0000050000
0000000000
0000000000
0000000000
0000000000
0000000000
0000000000
0000000000
0000000000
0000000000
0000000000
0000000000
0000000000
0000000000
0000000000
0000000000
0000000000
0000000000
0000000000
0000000000
0000000000
0000000000
0000000000
0000000000
0505000500
0000000000
0000000000
0500000000
0000000000
0000000000
0000000000
050a050500
0500050500
0000000000
0000000000
0000000000
0000000000
0000000000
0000000000
0000000000
0000000000
0000000000
0000000000
0000000000
0000000000
0000000000
0000000000
0000000000
0000000000
0000000000
0000000000
0000000000
0000000000
0000000000
0000000000
0000000000
0000000000
0000000000
0005000000
0000050000
050a0a0a05
050a050505
05000a0500
000a0a000a
0000000000
0000000000
0000000000
0000000000
0000000000
0000000000
0000000000
0000000000
0000000000
0000000000
0000000000
0000000000
0000000000
0000000000
0000000000
0000000000
0500000000
0000000000
0000000000
0000000000
0000000000
0000000000
0000000000
0000000000
0000050500
0500000000
0500050005
0000050505
0500000000
0500050500
0f0500050a
0005050a0f
0a050a0a05
0a050a0a05
05050a0a05
05050a0f0f
0000000005
0000000000
0000000000
0000000000
0000000000
0000000000
0000000000
0000000000
0000000000
0000000000
0000000000
0000000000
0000000000
0000000000
0000000000
0000000000
0000000000
0000000000
0000000005
0a05000500
0000050a05
0000000000
0000000500
0000000000
0000050000
0005050505
0505000500
0000050000
0005000000
0005000000
0500000000
0505000500
0a0a0f0a0a
050a050a0f
0000000000
0000000000
0000000000
0000000000
0000000000
0000000000
0000000000
0000000000
0000000000
0000000000
0000000000
0000000000
0000000000
0000000000
0000000000
0000000000
0500050500
0005000005
0000000000
0500000000
0000000000
0000000000
0000000005
0000000000
0000000000
0000000000
0005050000
0000050000
0505050000
05050a0505
0000000000
05050a0500
0005050f0f
0000000000
0000000000
0000000000
0000000000
0000000000
0000000000
0000000000
0000000000
0000000000
0000000000
0000000000
0000000000
0000000000
0000000000
0000000000
0000000000
0000000000
0000000000
0000000000
0000000000
0000000000
0000000000
0000000000
0005000000
0005000000
0000000000
0000050500
000000050a
0000050000
0005050500
0000000005
0505000005
0500050a05
0000000005
0000000000
0000000000
0000000000
0000000000
0000000000
0000000000
0000000000
0000000000
0000000000
0000000000
0000000000
0000000500
0000000000
0000000000
0000000000
0000000000
0000000000
0000000000
0000000000
0000050000
0000000000
0000000000
0000000000
0005050500
0000000505
0000000000
0500000000
0000000500
0005050000
0000000000
0000000000
0000050000
0000000000
0000000000
0000000000
0000000000
0000000000
0000000000
0000000000
0000000000
0000000000
0000000000
0000000000
0000000000
0000000000
0000000000
0000000000
0000000000
0000000000
0000000000
0000000000
0000000000
0500000500
0000000000
0000000000
0a00000000
0000000000
0a05050000
0000000000
0005000000
0000000505
00050a0500
0000000005
0000000000
0000050000
0000000000
0000000000
0000000000
0000000000
0000000000
0000000000
0000000000
0000000000
0000000000
0000000000
0000000000
0500000000
0000000000
0000000000
0500000000
0000000000
0000000000
0000050500
0000000500
0000000000
0000000000
0000000000
0000050000
0500000000
0005000000
0a05050005
050000050a
0500000505
00000a0500
0500000000
0000000000
0000000000
0000000000
0000000000
0000000000
0000000000
0000000000
0000000000
0000000000
0000000000
0000000000
0000000000
0000000000
0000000000
0000000000
0000000000
0000000000
0000000000
0000050000
0000000500
0000000000
0505050000
0000000000
0000000000
0000000500
0000000000
0000050000
0000000005
0505000000
0000000000
0000000000
0005000000
0000000000
0000000000
0000000000
0000000000
0000000000
0000000000
0000000000
0000000000
0000000000
0000000000
0000000000
0000000000
0000000000
0000000000
0000000000
0500000000
0000000000
0000000000
0000000000
0000000000
0000000000
0000000000
0000000000
0000000000
0000000000
0000000000
0a05000500
00050a0505
00000f0a00
0000050000
0005000000
0000000000
0000000000
0000000000
0000000000
0000000000
0000000000
0000000000
0000000000
0000000000
0000000000
0500000000
0000000500
0000000000
0000000000
0000000000
0000000000
0000000000
0000000000
0000000505
0000000000
0000000000
0000000000
0000000000
0000000000
0000000000
0000000000
0000050000
0005050a05
0000050500
0005050505
0000000000
0005050000
0000000005
0000000500
0000000000
0000000000
0000000000
0000000000
0000000000
0000000000
0000000000
0000000000
0000000000
0000000005
0000000005
0000000000
0000000000
0000000000
0000000000
0000000000
0000000000
0000000000
0000000000
0000000000
0000000000
0000000000
0000000005
0000000000
0500000000
0000000000
0000000000
0000000000
0005000000
05000a0000
0000000005
0000000005
0000000000
0000000000
0000000000
0005050005
0000000000
0000000000
0000000000
0000000000
0000000000
0000000000
0005000000
0000000000
0000000000
0000000000
0000000000
0000000000
0000000000
0000000000
0000000000
0000000000
0000000500
0000000000
0000000000
0005050000
0005000000
0000000000
0000000000
0000000000
0000050000
0000000000
0000000000
0500000000
0000000000
0000000000
0000000000
0000000000
0000000000
0000000000
0000000000
0000000000
0000000000
0000000000
0500000000
0000000005
0000000000
0000000000
0005000000
0000000000
0000000000
0000000000
0000000000
0500000505
0000000000
0000000000
0000000000
0a00000000
0000000500
0000000000
0000000000
0000000000
0000000000
0005000000
0000000000
0000000000
0000000000
0000000000
0000000000
0000000000
0000000000
0000000000
0000000000
0000000000
0000000500
0000000000
0000000000
0000000000
0000000000
0000000000
0000000000
0000000000
0000000000
0000000000
0500000500
0000000005
0000000000
0000000000
0000000000
0000000000
0000050000
0000000000
0000000000
0000000000
0000000000
0005000000
0000050000
0000000000
0000000000
0000000000
0000000000
0000000000
0000000000
0000000000
0500000000
0000000000
0000000000
0000000000
0000000000
0500000000
0000000000
0000000000
0000000000
0000000000
0000000000
0000000000
0000000000
0000000000
0000000000
0000000000
0000000000
0500000005
0000000000
0000000000
0000000000
0000000000
0000000000
0000000000
0000000000
0000000000
0000000000
0000000000
0000000000
0000000000
0000000000
0000000000
0000000000
0000000000
0000000000
0000000000
0000000000
0000000000
0000000000
0000000000
0000050000
0000000000
0000000000
0000000000
0000000000
0000000000
0000000000
0000000000
0000000000
0000000000
0000000000
0000000000
0000000000
0000000000
0000000000
0000000000
0000000000
0000000000
0000000000
0000000000
0000000000
0000000000
0000000000
0000000000
0000000000
0000000000
0000000000
0000000000
0000000000
0000000000
0000000000
0000000000
0000000000
0000000000
0000000000
0000000005
0000000000
0000000000
0000000000
0000000000
0000000000
0000000000
0000000000
0000000000
0000000000
0000000000
0000000000
0000000000
0000000000
0000000000
0000000000
0000000000
0000000000
0000000000
0000000000
0000000000
0000000000
0000000000
0000000000
0000000000
0000000000
0000000000
0000000000
0000000000
0000000000
0000000000
0000000000
0000000000
0000000000
0000000000
0000000000
0000000000
0000000000
0000000000
0000000000
0000000000
0000000000
0000000000
0000000000
0000000000
0000000000
0000000000
0000000000
0500000000
0000000000
0000000000
0000000000
0000000000
0000000000
0000000000
0000000000
0000000000
0000000000
0000000000
0000000000
0000000000
0000000000
0000000000
0000050500
0000000000
0000000500
0000000000
0505000000
0500000000
0000000000
0000000000
0000000000
0000000000
0000000000
0000000000
0000000000
0000000000
0000000000
0000000000
0000000000
0000000000
0000000000
0000000000
0000000000
0000000000
0000050000
0000000000
0500000000
0000000000
0000000000
0000000000
0000000000
0000000000
0005000000
0000000000
0000000000
0000000000
0000000000
0000000000
0000000000
0000000000
0500000000
0000000000
0000000000
0000000000
0000000000
0000000000
0000000000
0000000000
0000000000
0000000000
0000000000
0000000000
0000000000
0000000000
0000000000
0000000000
0000050000
0000000000
0500000000
0000000000
0000000000
0000000000
0000000000
0000000000
0000000000
0000000000
0000000000
0000000000
0000000000
0000000000
0500000000
0000000005
0000000000
0000000000
0000000000
0000000000
0000000000
0000000000
0000000000
0000000000
0000000000
0000000000
0000000000
0000000000
0000000000
0000000000
0000000000
0000010100
0801010000
0808080808
0101010108
0000000000
0000000000
0000000000
0000000000
0000000000
0000000000
0000000000
0000000000
0801010000
0000000001
0000000000
0000000000
0100000000
0101010101
0101010101
0101010801
0101010101
0000000001
0000000000
0000000000
0000000000
0000000000
0000000000
0000000000
0000000000
0000000000
0000000000
0000000000
0000000000
0000000000
0801010101
0001010108
0000000000
0000000000
0000000000
0101000000
0000010f08
0101000000
0000000000
0000000000
0000000000
0000000000
0000000000
0000000000
0100000000
0101010101
0808010101
0108080808
0001010101
0000000001
0000000000
0000000000
0000000000
0000000000
0000000000
0000000000
0000000000
0000000000
0000000000
0000000000
0000000000
0000000000
0101000000
0000000001
0000000001
0000000000
0000000000
0101000000
0101010808
0101010801
0000000000
0000000000
0000000000
0000000000
0000000000
0000000000
0000000000
0101010101
0808080101
0808080808
0001010101
0000000000
0000000000
0000000000
0000000000
0000000000
0000000000
0000000000
0000000000
0000000000
0000000000
0000000000
0000000000
0000000000
0000000000
0000000000
0000000000
0000000000
0000000000
0000010000
0101010101
0000010101
0000000000
0000000000
0000000000
0000000000
0000000000
0100010101
0100010108
0101010101
0808010101
0108080801
0001010101
0000000000
0000000000
0000000000
0000000000
0000000000
0000000000
0000000000
0000000000
0000000000
0000000000
0000000000
0000000000
0000000000
0000000000
0000000000
0000000000
0000000000
0000000000
0000000000
0000000000
0000000000
0000000000
0000000000
0000000000
0000000000
0101010000
0801010801
0808010808
0808080f08
0f0f0f0f08
0101010808
0000000001
0000000000
0000000000
0000000000
0000000000
0000000000
0000000000
0000000000
0000000000
0000000000
0000000000
0000000000
0000000000
0000000000
0000000000
0000000000
0000000000
0000000000
0000000000
0000000000
0000000000
0001000100
0000000000
0000000000
0000000000
0000000000
0101010000
0101010101
0801080108
080f0f0f0f
0f150f0f0f
010108080f
0000000001
0000000000
0000000000
0000000000
0000000000
0000000000
0000000000
0000000000
0000000000
0000000000
0000000000
0000000000
0000000000
0000000000
0000000000
0000000000
0000000000
0000000000
0000000000
0000000000
0101010100
0000000101
0000000000
0000000000
0100010101
0000000001
0101000000
0101010101
0108080808
080f0f1508
15150f0f0f
08080f0f0f
0000010001
0000000000
0000000000
0000000000
0000000000
0000000000
0000000000
0000000000
0000000000
0000000000
0000000000
0000000000
0000000000
0000000000
0000000000
0000000000
0000000000
0000000000
0000000000
0000000000
0101010000
0000000101
0101010100
080f0f0101
0101010808
0001010801
0808000000
0101010101
0f0f150101
151515150f
0f0f0f0f0f
0808080f0f
0101000001
0000000000
0000000000
0000000000
0000000000
0000000000
0000000000
0000000000
0000000000
0000000000
0000000000
0000000000
0100000000
0101010808
0808080801
0001010808
0001010101
0100000000
0108080100
0108010108
0101010101
0801010101
0100010001
0f0f080101
08080f0f0f
080f0f0808
0801010101
0101010108
0f08010101
15150f150f
08080f0f0f
0808080808
0001000001
0000000000
0000000000
0000000000
0000000000
0000000000
0000000000
0000000000
0000000000
0000000000
0000000000
0000000000
0100000000
0808010808
0808080801
08080f0808
0108080808
0000010101
0808010100
0f0f080801
0801080f0f
0f080f0808
080808080f
0f0f080108
0f0f151515
08080f0f0f
080808080f
0108080808
0801010101
0f0f0f0808
08080f0f0f
0101010108
0000000001
0000000000
0000000000
0000000000
0000000000
0000000000
0000000000
0000000000
0000000000
0000000000
0000000000
0000000000
0000000000
0000010000
0101000001
0101010101
0808080808
0101010108
0801010101
0f0f080801
010808080f
080f0f0808
0808080808
0108080808
0f0f0f0808
08080f0f15
0f0f0f0f0f
0f0f0f0f0f
0f0f0f0f0f
0808080f0f
080808080f
0101010101
0000000000
0000000000
0000000000
0000000000
0000000000
0000000000
0000000000
0000000001
0000000000
0000000000
0000000000
0000000000
0000000000
0000000000
0000000000
0101010000
0101010101
0000000001
0101010000
0808080808
0f0f0f0f0f
0808080f0f
0801080108
0001080808
0f01000001
08080f0f0f
0f0f0f0808
150f0f0f0f
150f0f0f0f
08080f0f0f
0101010808
0000000101
0000000000
0000000000
0000000000
0000000000
0000000000
0000000000
0000000000
0101010101
0101010101
0101010101
0000000001
0000000000
0000000000
0000010101
0100010000
0101010000
0100010101
0000000000
0101000000
0801010101
0808080808
0808080f08
0808080808
0101080808
0f08010001
08080f0f0f
0808080808
0f08080808
0f0f080808
0101010808
0001010101
0000000000
0000000000
0000000000
0000000000
0000000000
0000000000
0000000000
0000000000
0801010101
0101010101
0101010101
0000010101
0000000000
0101000000
0108080101
0101010101
0001000000
0101010101
0000000000
0101000000
0101010101
0000000000
0801010100
0801080808
0108010808
0808010101
150f0f0808
0808080f0f
0801080808
080f080808
0101010808
0000010101
0000000000
0000000000
0000000000
0000000000
0000000000
0000000000
0000000000
0000000000
0808010101
0808080808
0101010108
0101010101
0101010101
0101010001
0808080101
08080f0f0f
0101010808
0001010101
0000000000
0100000000
0101010101
0101010101
0101010101
0101010101
0808080101
080f080801
0f08080108
08080f0f0f
0808080808
0808080808
0101010808
0000010101
0000000000
0000000000
0100000000
0000000001
0000000000
0000000000
0000000000
0000000000
0101010100
0808080808
0808080808
0101080808
0101010801
0101000101
0f08080101
0f0808080f
010101080f
0101010108
0101010000
0108080101
0101010101
0101010101
0101010108
0101010101
0808080808
08080f0808
0108080101
150f0f0f08
08080f0f0f
0101080808
0101010101
0000000101
0000000000
0000000000
0000000000
0000000000
0000000000
0000000000
0000000000
0000000000
0101010101
0808080801
0f08080808
0f0f150f0f
0808080808
0100010108
0100010101
0101010101
0101010101
0101010808
0101010101
080f0f0801
0101010108
0101010101
0101010101
0101010101
0808010101
0108080801
0101010101
0f0f080801
0f0f0f0f15
0108080808
0000000101
0000000000
0000000000
0000000000
0000000000
0000000000
0000000000
0000000000
0000000000
0000000000
0101010101
0808080801
0808010801
0f0f0f0f08
0f0f0f0f0f
0101080808
0101010101
0801010101
0808080808
0108080808
0808080808
0f0f0f0f08
080808080f
0808080808
0808080f0f
0808080808
0101010101
0101010101
0000000101
0100000000
0808080801
0101080808
0000000001
0000000000
0000000000
0000000000
0000000000
0000000000
0000000000
0000000000
0000000000
0000000000
0101010101
0808080801
0801010808
0f0f0f0f08
0f0f0f0f0f
080808080f
0101010808
0808080801
0f0f0f0f08
0808080808
0808080808
150f080808
0f0f151515
150f0f0f0f
1515150f0f
0f0f151515
0f08080f0f
080808080f
0101080808
0000000001
0000000000
0001010101
0000000000
0000000000
0000000000
0000000000
0000000000
0000000000
0000000000
0000000000
0000000000
0000000000
0000000101
0f08010000
010101080f
0f0f0f0801
0f0f0f080f
0808080f0f
0101080808
0808080801
0808080808
0801010808
0808080808
150f080808
1515151515
1515151515
150f0f0f15
0f0f151515
0f0f0f0f0f
0f150f1515
08080f0f0f
0001010108
0000000000
0000000000
0000000000
0000000000
0000000000
0000000000
0000000000
0000000000
0000000000
0000000000
0000000000
0000000000
0001010101
0f01000101
01080f0f0f
0801010101
0f0f080808
0808080808
0101080808
0808080108
0101010101
0101080101
0101010101
150f080801
1515151515
150f150f0f
0f0f0f1515
080f0f0f0f
0f0f0f0f08
0f0f0f1515
1515151515
08150f1515
0000000001
0000000000
0000000000
0000000000
0000000000
0000000000
0000000000
0000000000
0000000000
0000000000
0000000000
0000000000
0100010101
0101010001
080f0f0808
0808010101
0f0f080808
0f0f0f0f0f
080808080f
0f0f0f0f08
080808080f
0108080808
0101010101
0101010101
0808080801
0f0f0f0808
0f0f0f0f0f
0f0f0f0f0f
0f0f0f0f0f
150f0f0f0f
1515151515
0f0f151515
0000000108
0000000000
0000000000
0000010100
0000000000
0000000000
0000000000
0000000000
0000000000
0000000000
0000000000
0000000000
0101010101
0101010101
0f0f0f0f08
0108010108
0f0f0f0f08
0f0f0f0808
0808080f0f
0f080f0808
0f0808080f
0808080f0f
0101080808
0101010101
0808010801
150f0f0f08
0f0f0f0f15
1515151515
0f15151515
0f0f0f0f0f
0f0f0f0f0f
0108080f0f
0101010100
0000000101
0000000000
08080f0800
0000000001
0000000000
0000000000
0000000000
0000000000
0000000000
0000000000
0000000000
0101010108
0808010101
0808080808
0808010808
15150f0f0f
080f0f1515
0f0f0f0f08
0f0f0f0f0f
1515150f0f
0f0f0f0f15
0f0f0f0f0f
0808080f0f
0f0f0f0f08
151515150f
0f0f151515
0f0f0f0f0f
15150f0f0f
0f15151515
0f0f0f0f0f
0101080808
0808080101
0000010108
0000000000
080f0f0f01
0000000001
0000000000
0000000000
0000000000
0000000000
0000000000
0000000000
0000000000
0101010808
0808010101
080f0f0f0f
0808080808
0f0f0f0f0f
0f0f0f0f0f
0f0f0f0f0f
1515150f0f
150f0f1515
150f0f0f0f
0f0f15150f
0f0f0f0f15
0f0f0f0f0f
151515150f
1515151515
0f15151515
0f0f0f0f0f
0f15150f15
0f0f0f0f0f
010108080f
080f080801
0000010108
0801010101
08080f0f08
0000000001
0000000000
0000000000
0000000000
0000000000
0000000000
0000000000
0000000000
0101010108
0808010101
0f0f0f0f08
0f08080f0f
08080f0f08
0f0f080808
0f0f0f0f0f
151515150f
0f15151515
0f0f0f1515
0808080808
0f0f0f0808
0f0f0f0f0f
0f0f0f0f0f
1515151515
0f15151515
0f0f0f0f0f
0f0f0f0f0f
08080f0f0f
0f08080101
0f0f0f0f0f
0001010108
0101010101
0001010101
0000000000
0000000000
0000000000
0000000000
0000000000
0000000000
0000000000
0001010100
0808080808
0808080808
0f0f080f0f
150f150f0f
151515150f
0f0f0f0f0f
0f0f0f0f0f
15150f150f
0f0f0f0f0f
0808080f0f
0808080808
0f0f0f0f0f
0f0f0f0f0f
0f080f0f08
150f0f0f0f
0f0f0f1515
0f0f0f0f0f
0f0f0f0f08
0101010808
0f08080808
080f15150f
0001080101
0000000101
0000000000
0000000000
0000000000
0000000000
0000000000
0000000000
0000000000
0000000000
0000000000
0f080f0f0f
0f08080f0f
0f0f15150f
1515150f0f
1515150f15
1515151515
1515151515
0f0f0f0f0f
080808080f
0108080101
0808080808
0f0f0f0808
0f0f0f0f0f
0f0f0f0808
0f0f0f0f08
0f0f0f0f0f
08080f0f0f
0808080808
0808080808
0808080808
0f0f0f0808
0001080808
0000000000
0000000000
0000000000
0000000000
0100000000
0000000000
0000000000
0000000000
0000000000
0000000000
0f15150f0f
080f0f0f0f
0f0f0f0f0f
0f150f0f15
1515151515
1c1c1c1515
1515151515
08080f0f0f
0808080808
0f08080808
15150f0f0f
1515151515
1515151515
0f0f0f0f15
0f0f0f0f0f
1515150f0f
0f0f0f0f15
0f0f0f0f0f
08080f0f0f
0108080808
0801010108
0000010801
0000000000
0000000000
0000000000
0001010100
0101010001
0808080101
010808080f
0001010001
0000000000
0101010100
1515150f0f
1515150f15
151515150f
1515151515
1515151515
1515151515
1515151515
0f0f0f0f0f
08080f080f
0f0f0f0808
150f0f0f0f
1c1c151515
1c1c1c1515
15151c1c1c
1515151515
15150f1515
1515151515
0f0f151515
08080f0f0f
0808080808
0101010101
0000000101
0000000000
0100000100
0101010101
0101010101
0808080101
0f08080808
0101080f0f
0101010101
0801010101
080f0f0808
151515150f
1515151515
1515151515
1515151515
151515151c
1515151515
1515151515
0f15151c15
15150f0f0f
1515151515
1515151515
1515151515
1515151515
151c1c1c15
15151c1515
0f15151515
15150f0f15
0f15151515
0f0f0f0f0f
080808080f
0000010101
0101010101
0808080808
0100000101
0101010101
0101010101
0808010101
010108080f
0101010101
0808010101
0f150f0f08
0f0f0f0f0f
151515150f
1515151515
1515151515
1515151515
1c1c1c1c15
0f15151515
1515151515
15151c1c1c
1515151515
151c151515
1515151515
1515151515
151c151515
1515151515
1515151515
1515151515
1515151515
0f15151c1c
0808080f0f
0101010108
0f0f080801
080808080f
0108080808
0101010801
0108080808
0101010101
0f08010101
0101010808
0808010101
15150f0f08
0f15151515
080f0f0f0f
151515150f
1515151515
1c1c1c1515
1c1c1c1c1c
1c1c1c1c15
1c1c1c1c1c
1515151515
1c1c1c1c1c
1c1c1c1c1c
1c1c1c1515
0f15151515
151515150f
151c151515
1515151515
1515151515
1515151515
151c151515
1515151c1c
0808080f0f
0f08080108
0f0f0f0808
0101080808
0f0f0f0801
0f0f0f0f0f
080808080f
0808080808
0108080808
0808080808
0f0f0f080f
1515151515
0f0f0f0f15
08080f0f0f
1515151515
151c151515
1c1c1c1c15
1c1c1c1c1c
1c1c1c1c1c
1c1c1c1c1c
0f15151515
1c1c1c150f
151c1c1c1c
1515151515
1515151515
1515151515
1515151515
15150f1515
1515151515
15150f0f15
1515151515
1515151515
0f0f0f0f15
080f0f0f0f
0808080808
0f08080808
0f0f0f0f0f
0f0f0f0f0f
080808080f
0808080808
0808080808
0f0f0f0f0f
1515151515
0f0f151515
0f0f0f0f0f
0808080f0f
1515151515
1c1c151515
1c1c1c1c1c
1c1c1c1c1c
1c1c1c1c1c
1c1c1c1c1c
1c1c1c1c1c
1515151515
1515151515
1515151515
0f15151515
0f0f0f1515
0f0f0f0f0f
0f0f0f0f0f
0f0f0f0f15
15150f0f0f
0f0f0f1515
1515151515
080f0f0f15
08080f0f0f
0808080808
0f0f0f0f0f
080f0f0f0f
0808080808
0f08080808
0f0f0f0f0f
0f0f0f0f0f
151515150f
0f15151515
0f0f0f0f0f
0f0f0f0f0f
0808080f0f
151515150f
1c1c1c1515
1c1c1c1c1c
1c1c1c1c1c
1c1c1c1c1c
1c1c1c1c1c
1c1c1c1c1c
1c1c1c1c1c
1515151515
1515150f15
0f0f0f0f0f
0f0f0f0f0f
080f0f0f0f
0101080808
0f08080808
150f0f0f0f
1515151515
0f0f0f0f15
0f0f0f0f0f
0f0f0f0f0f
0f0f0f0f0f
0f0f0f0f0f
08080f0f0f
0808080808
0f0f080808
151515150f
1515151515
15151c1515
1515151515
1515151515
0f0f0f1515
08080f0f0f
151515150f
1c15151515
1c1c1c1c1c
151515151c
1c1c1c1c1c
1c1c1c1c1c
151c1c1c1c
0f15151515
1515151515
1515151515
1515151515
1515151515
0f150f0f15
0f0f0f0f0f
0f08080808
0f0f0f0f0f
1515151515
0f0f0f0f0f
0f0f0f0f0f
150f0f0f0f
0f15151515
0f0f0f0f0f
0808080808
0f0f080808
0f0f0f080f
151515150f
1515151515
1515151515
1515151515
1515151515
0f0f0f0f15
0808080f0f
151515150f
1c1c151515
1c1c1c1c1c
151515151c
1c15151515
1c1c1c1c1c
1c1c151c1c
1515151515
1515151515
0f0f0f0f0f
151c151515
0f15151515
0f0f0f0f15
15150f0f0f
0f0f0f1515
1515150f0f
0f0f0f1515
0f0f080808
151515150f
15150f1515
0f15151515
0f080f0f0f
0f0f0f0f08
0f0f0f0f0f
0f0f0f0f0f
1515151515
1515151515
1515151515
0f0f0f1515
0f0f0f0f0f
080f0f0f0f
0108080808
1515151515
1c1c151515
1c1c1c1c1c
1515151515
1515151515
1c1c151515
1515151515
15150f1515
15151c1c15
080f0f1515
0f08080808
1515151515
0f0f0f0f15
150f0f0f0f
1515151515
0f0f151515
080808080f
1515150f0f
1515151515
1515151515
0f0f151515
0f0f0f080f
1515151515
150f151515
1515150f15
1515151515
15151c1515
1515151515
0f0f0f0f0f
0808080f0f
0101010808
0000000101
1515151515
1515151515
151c1c1515
1515151515
1515151515
1515151515
1515151515
1515151c15
1515151c15
0f0f0f0f15
0f0f0f0f0f
0f0f0f0f0f
080f08080f
1515150f08
1515151515
0f15151515
0f0f08080f
1515150f0f
0f15151515
0f0f0f0f0f
0f0808080f
1515150f0f
1515151515
1515151515
1515151515
1515151515
1515151515
0f0f0f1515
080f0f0f0f
0808080808
0101010108
0101010101
1515151515
1c1c151515
1515151c1c
150f151515
15150f0f0f
0f15151515
1515151515
1515151515
151c1c1c1c
1515151515
0f0f151515
0f0f0f0f0f
15150f0f0f
151c1c1515
0f15151515
0f0f0f0f0f
15150f0f0f
15150f0f15
1515151515
0f0f0f1515
150f0f0f0f
1515151515
1515151515
1515151515
1515151515
1515151515
0f0f0f0f15
0808080f0f
0808080808
0101010108
0808010101
0808080808
15150f0f0f
1515151515
1515151515
1515151515
1515151515
1515151515
1515151515
1515151515
1c1c151c1c
1c151c1c1c
151c15151c
1515151515
1c15151515
1c1c1c151c
150f0f0f15
1515151515
1515151515
1515151515
1515151515
0f0f0f0f15
1515150f0f
1515151515
1515151515
1515151515
0f15151515
0f0f0f0f0f
080808080f
0808080808
0808080808
0f0f080808
08080f0f0f
0808080808
15150f0f0f
1515151515
1515151515
1515151c15
1515151515
1515151515
15150f1515
1515151515
1515151515
1515151515
1515151515
15151c1c15
1c1c1c1c15
1515151c1c
1515151515
1515151515
15150f0f15
0f15151515
08080f0f0f
0f0f0f0f0f
1515151515
1515151515
1515151515
0f0f0f1515
080f0f0f0f
0808080808
0808080808
080f080808
0f0f0f0f0f
0f0f0f0f15
08080f0f0f
0108080808
1515151515
1c15151515
151c1c1c1c
1515151515
1515151515
1515151515
1515151c15
0f0f0f0f15
0f08080f0f
150f0f0f0f
1515151515
1c1c1c1c15
0f1515151c
0f0f0f150f
1515150f0f
150f0f0f15
151515150f
0f0f0f1515
0f0f0f0f0f
151515150f
151c151c1c
0f0f151515
0f0f0f0f0f
080808080f
0f08080808
0808080808
0f0f0f0808
0f0f0f0f0f
0f0f151515
150f0f0f0f
080f0f0f15
0101080808
1515151515
1515151515
1c1c1c1c1c
151515151c
1c15151515
15151c1515
1c1c1c1c1c
151c1c1c1c
0f08080f15
0f08010808
151515150f
1515151515
0f0f15151c
0f0f0f0808
0f0f0f0f0f
0f0f0f0f0f
0f0f0f0f15
0f0f0f0f0f
1515151515
1515151515
1515151515
0f15151515
080808080f
0808080808
0808080808
0f0f0f0808
0f0f0f0f0f
0f0f0f0f0f
15150f0f0f
0f15151515
08080f0f0f
080808080f
1c1c151515
1c1c151c1c
15151c1c1c
0f0f151515
1515151515
1515150f0f
151c151515
1515151515
0808080f15
15150f0808
1c1c1c1515
15151c1515
1515151515
1515151515
1515151515
0f0f0f1515
0f150f0f0f
1515150f0f
1515151515
1515151515
1515151515
0f0f0f0f15
0f0f080808
0f080f0f0f
0f0f0f0f0f
1515151515
1515151515
1515151515
15150f1515
0f0f0f0f0f
0808080f0f
0808080808
1c15151515
1c1c1c1c1c
15151c1c1c
1515151515
080f0f0f15
151515150f
1515151515
150f15150f
1515151515
1c15150f15
151c1c1c1c
1515151515
1c151c1c15
1515151515
1515151515
0f0f0f0f15
0f0f0f0f0f
1c15151515
151515151c
1515151515
0f0f0f0f15
0f0f0f0f0f
0f0f0f150f
1515150f15
1515151515
1515151515
1515151515
0f15151515
0f0f0f0f0f
0f0f0f0f0f
0f0f0f0f0f
0f0f0f0f0f
1515151515
1c1c1c1515
1c1c1c1c1c
151515151c
1515151515
0f0f0f0f0f
1515150f0f
151515150f
1515151515
1c15151515
1c1c1c1c1c
15151c1c1c
1c1c1c1c1c
1c1c1c1c1c
1c1c1c1c1c
151c1c1c1c
1515151515
1515151515
0f15151515
0f0f0f0f0f
0f0f0f0f0f
1515151515
1515150f15
1515151515
1515151515
1515151515
0f15151515
0f0f15150f
0f0f0f0f0f
0f0f0f0f0f
0f0f0f0f0f
0f0f0f0f0f
1515151515
1c1c1c1c15
1c1c1c1c1c
1515151c1c
1515151515
1515151515
0f0f0f0f0f
0f0f08080f
0f0f0f0f0f
1515150f0f
1515151515
1515151515
1c15151515
1c1c1c151c
151c1c1c1c
1515151515
1515151515
0f0f0f0f0f
0f0f0f0f0f
0f0f0f0f0f
0f0f0f0f0f
151515150f
1515150f0f
0f15151515
150f0f0f0f
151515150f
0f0f151515
0f0f0f0f0f
0f0f0f0f0f
0f0f0f0f0f
0f0f0f0f0f
080808080f
1515151515
1c1c1c1c15
1c1c1c1c1c
151515151c
1c15151515
1515151515
0f0f151515
0f0f0f0f0f
0808080808
1515150f08
15150f1515
1515151515
151515150f
1515151515
0f0f151515
1515151515
0f0f0f0f0f
0f0f0f0f0f
0f0f0f0f0f
0f0f0f0f0f
0f0f0f0f0f
0f0f150f0f
1515151515
1515151515
1515151515
0f0f151515
150f15150f
0f0f0f0f15
0f0f0f0f0f
0f0f0f0f0f
0808080f0f
0808080808
1515151515
1c1c1c1515
1c1c1c1c1c
1515151515
1515151515
1515151515
1515151515
1515151515
0f15151515
150f0f0f0f
1515151515
150f151515
1515151515
1515151515
1515151515
0f0f0f1515
0f0f0f0f0f
0f0f0f0f0f
0f0f0f0f0f
15150f0f0f
1515151515
1515151515
1515151515
1515151515
1515151515
15150f1515
0f0f150f0f
0f0f0f0f0f
0f0f0f0f0f
080808080f
0808080808
0808080808
151515150f
1c15151515
151c1c1c1c
1515151515
0f0f0f0f15
0f0f150f0f
15150f0f08
1515151515
1515151515
150f151515
1515151515
150f151515
1515151515
1515151515
0f0f151515
0f0f0f0f0f
0f0f0f0f0f
0f0f0f0f0f
0f0f0f0f0f
0f0f0f0f0f
0f0f0f0f0f
1515151515
150f151515
0f0f0f0f15
0f150f0f0f
0f0f0f150f
0f0f0f0f0f
0f0f0f0f0f
0f0f0f0f0f
0808080808
0808080808
0808080808
1515151515
1515151515
1515151c15
1515151515
1515151515
0f150f1515
1515151515
150f0f0f15
1515151515
0f0f151515
0f0f0f0f0f
0f0f150f0f
150f0f0f0f
0f0f0f0f0f
15150f0f0f
0f0f0f1515
0f0f15150f
0f0f0f0f0f
0f0f0f0f0f
0f0f0f0f0f
0f0f0f0f0f
0f0f0f0f0f
0f0f0f0f0f
0f0f0f0f0f
0f0f0f0f0f
0f0f0f0f0f
0f0f0f0f0f
0f0f0f0f0f
0f0f0f0f0f
0f0f0f0f0f
08080f080f
0808080808
1515151515
1515151515
1515151515
1515151515
1515151515
1515151515
0f0f0f0f15
1515150f0f
0f15151515
0f0f0f0f0f
0f0f0f0f0f
150f0f0f0f
0f0f0f0f15
0f0f0f0f0f
0f0f0f0f0f
0f0f0f0f0f
0f080f0f0f
0f0f0f0f08
0f0f0f0f0f
0f0f0f0f0f
0f0f0f0f0f
0f0f0f0f0f
0f0f0f0f0f
0f0f0f0f0f
0f0f0f0f0f
0f0f0f0f0f
0f0f0f0f0f
0f0f0f0f0f
0f0f0f0f0f
0f0f0f0f0f
08080f0f0f
0808080808
0f0f0f0f0f
1515151515
1515151515
1515151515
1515151515
1515151515
0f0f151515
0f1515150f
0f0f0f0f0f
0f0f0f0f0f
0f0f0f0f0f
0808080f0f
0f0f0f0f0f
0808080808
0f08080f08
080f0f080f
0f080f0f0f
0f0f08080f
0f0f0f0f0f
0f0f0f0f0f
0f0f0f0f0f
0f0f0f0f0f
0f0f0f0f0f
0f0f0f0f0f
0f0f0f0f0f
0f0f0f0f0f
0f0f0f0f0f
0f0f0f0f0f
0f0f0f0f0f
0f0f0f0f0f
0808080808
0808080808
150f0f0f0f
1515151515
1515151515
1515151515
1515151515
1515151515
150f151515
0f0f151515
08080f0f0f
0f0f080808
0f0f0f0f0f
080808080f
0f0f0f0f08
0808080808
0808080808
0f0f0f0808
0f0f0f0f0f
0f0f0f0f0f
0f0f0f0f0f
0f0f0f0f0f
0f0f0f0f0f
0f0f0f0f0f
0f0f0f0f0f
0f0f0f0f0f
0f0f0f0f0f
0f0f0f0f0f
0f0f0f0f0f
0f0f0f0f0f
080f0f0f0f
080808080f
0808080808
0101010108
15150f0f0f
1515151515
1515151515
1515151515
1515151515
0f0f151515
0f0f0f0f0f
0f0f0f150f
0f0f0f0f0f
0f080f0f0f
0808080f0f
0808080808
0808080808
0808080808
0808080808
0f0f08080f
0f0f0f0f0f
0f0f0f0f0f
0f0f0f0f0f
0f0f0f0f0f
0f0f0f0f0f
0f0f0f0f0f
0f0f0f0f0f
0f0f0f0f0f
0f0f0f0f0f
0f0f0f0f0f
0808080f08
0808080808
0808080808
0808080808
0101080808
0101010101
15150f0f0f
1515151515
1515151515
151515150f
1515151515
0f0f0f0f0f
0f0f0f0f0f
0f0f0f0f0f
080808080f
0808080808
0808080808
0808080808
0808080808
0808080808
0808080808
0808080808
0808080808
0f0f080f08
0f0f080f0f
0f08080808
0f080f0808
0f0f0f0f0f
0f0f0f0f0f
080f080f0f
08080f0808
0808080808
0808080808
0808080808
0808080808
0101080808
0101010101
0101010101
0f0f0f0f08
0f0f0f0f0f
151515150f
1515151515
1515151515
0f0f0f1515
0f0f0f0f0f
0f0f0f0f0f
0f0f0f0f0f
0808080f0f
0808080808
0808080808
0101010108
0808080101
0808080808
0808080808
0f0f08080f
0808080f08
010808080f
0801010108
0808080108
0808080101
0808080808
0808080808
0808080808
0101010108
0101010101
0101010101
0101010101
0101010101
0000000101
0000000000
0f0f0f0808
15150f150f
1515151515
1515151515
1515151515
1515151515
1515151515
0f0f0f1515
08080f0f0f
0f0f080808
0f0f0f0f0f
0f0f0f0f0f
0f0f0f0f0f
0f0f0f0f0f
0f0f0f0f0f
0f0f0f0f0f
0f0f0f080f
010808080f
0108080808
0101010108
0108010101
0101010101
0108080101
0101010108
0101010101
0101010101
0101010101
0101010101
0100010101
0000000000
0000000000
0000000000
15150f0f0f
1515151515
1c1c1c1515
1515151515
1515151515
1515151515
1515151515
1515151515
0f15151515
151515150f
0f15151515
1515150f15
0f0f151515
0f150f0f15
0f15150f15
08080f1515
0801010808
0801080808
0101010101
0101010101
0101010801
0101010101
0101010101
0101010101
0101010001
0100000101
0000000001
0000000000
0000000000
0000000000
0000000000
0000000000
0f0f0f0f08
150f0f0f0f
1515151515
1515151515
1515151515
1515151515
1515151515
1515151515
0f0f0f0f15
0f15150f0f
01010f0f15
1515150f08
1515151515
1515151515
1515151515
0f0f151515
0f0f0f0f0f
080808080f
0108080808
0101010101
0101010101
0101010101
0101010101
0101010101
0101010101
0001010100
0000000100
0000000000
0000000000
0000000000
0000000000
0000000000
15150f0f0f
1515151515
1515151515
0f0f0f0f15
1515151515
1515151515
1515151515
1515151515
0f15151515
15150f0f0f
08080f0f15
15150f0f0f
0f0f0f0f0f
1515151515
1515150f15
1515151515
1515151515
0f0f0f0f0f
0f0f0f0f0f
0f0f0f0f0f
08080f0f0f
0101010108
0101010101
0101010101
0101010101
0001010101
0000000000
0000000000
0000000000
0000000000
0000000000
0000000000
15150f150f
1515151515
15151c1c1c
1515151515
151515150f
1515151515
1515151515
1515151515
0f0f151515
15150f0f0f
1515151515
1515151515
1515151515
1515151515
1515151515
1515151515
15150f1515
15150f0f15
1515151515
0f0f0f0f0f
15150f0f0f
0f0f0f0f15
01080f0f0f
0101080801
0000000100
0100000000
0000010101
0000000000
0000000000
0000000000
0000000000
0000000000
0f0f0f0f0f
151515150f
1515151515
1515151515
15150f1515
1515150f0f
1515151515
0f15151515
0f15150f0f
1515150f0f
1515151515
15150f0f0f
1515151515
1515151515
1515151515
1515151515
150f0f1515
0f150f150f
0f15151515
0f0f0f0f0f
0f150f0f0f
151515150f
1515151515
0f0f15150f
0f0f0f0f0f
080808080f
0101010808
0000000100
0100000000
0000000100
0000000000
0000000000
151515150f
1515151515
1515151c15
1515151515
15150f1515
15150f0f15
1515151515
0f0f0f0f0f
0f0f0f0f0f
0f0f0f0f0f
0f0f0f0f0f
0f0f0f0f0f
0f0f0f0f0f
0f0f0f0f0f
0f0f0f0f0f
0f0f0f0f0f
150f150f0f
0f0f0f0f0f
0f0f0f0f0f
0f0f0f0f15
0f15151515
151515150f
1515151515
1515151515
1515151515
1515151515
0f080f0f15
0808000000
0801080808
0000010108
0000000000
0000000000
1515150f0f
1515151515
1515151515
1515151515
0f0f0f1515
0f0f0f0f15
0f0f0f0f0f
0f0f0f0f0f
0f0f0f0f0f
0f0f150f0f
0f150f0f0f
0f0f0f0f0f
0f0f0f0f0f
0f0f0f0f0f
0f0f0f0f0f
0f0f0f0f0f
0f0f0f0f0f
0f0f0f0f0f
0f0f0f0f0f
0f0f0f0f0f
151515150f
1515151515
1515151515
1515151515
1515151515
1515151515
0f0f0f150f
0f0f081501
0f0f0f0f0f
0f0f0f150f
0101080f0f
0000000000
0f0f0f0f0f
151515150f
1515151515
1515151515
15150f1515
1515150f15
0f150f0f0f
0f0f0f0f0f
0f0f0f0f0f
0f0f0f0f0f
0f150f0f0f
0f0f0f0f0f
0f0f0f0f0f
0f0f0f0f0f
0f0f0f0f0f
0f0f0f0f0f
0f0f0f0f0f
0f0f0f0f0f
0f0f0f0f0f
0f0f0f0f0f
0f1515150f
15150f150f
1515150f15
15150f1515
1515151515
0f15151515
1515151515
150f081501
0f0f0f1515
0f0f150f0f
0f0f0f0f0f
0101080808
0f0f0f0f0f
1515151515
1515151515
1515151515
1515151515
0f15151515
0f15151515
150f0f0f15
0f0f0f150f
0f0f0f0f0f
0f0f0f0f0f
0f1515150f
0f0f0f0f0f
0f0f0f0f0f
0f0f0f0f0f
0f0f0f0f0f
0f0f0f0f0f
0f0f0f0f0f
0f0f0f0f0f
0f0f0f0f0f
0f0f0f0f0f
15150f0f0f
1515151515
1515151515
1515151515
1515151515
0f0f0f150f
150f010101
0f150f0f15
0f0f0f0f0f
0f0f0f0f0f
01080f080f
151515150f
1515151515
1515151515
1515151515
150f150f15
1515150f0f
1515151515
0f15151515
0f1515150f
0f0f0f0f0f
0f0f0f0f0f
0f0f0f150f
150f0f0f0f
0f0f0f0f0f
0f0f0f0f0f
0f0f0f0f0f
080f0f0f0f
0f0f0f0f0f
0f0f0f0f0f
0f0f0f0f0f
0f0f0f0f0f
0f0f0f0f0f
15150f0f0f
1515151515
1515151515
0f15151515
0f0f0f0f15
150f000800
0f0f0f0f0f
08080f0f0f
08080f0808
0808080808
1515150f0f
1515151515
1515151515
0f0f151515
151515150f
1515151515
1515151515
1515151515
1515151515
0f0f0f0f0f
0f0f0f0f0f
0f0f0f0f0f
0f0f0f150f
0f0f0f1515
0f0f0f0f0f
150f0f0f0f
0f0f0f0f0f
0f0f0f0f0f
0f0f0f0f0f
0f0f0f0f0f
0f0f15150f
0f08080f08
0f0808080f
0f0f0f0f08
1515150f0f
150f151515
1515151515
150f011501
1515151515
0f0f0f0f0f
080808080f
0108080808
15150f0f0f
1515151515
1515151c15
1515151515
1515151515
1515151515
1515151515
0f15151515
0f0f0f0f0f
0f0f0f0f0f
0f0f0f0f0f
0f0f0f0f0f
0f0f150f15
150f0f0f0f
0f0f0f0f15
0f15150f15
150f151515
0f0f0f0f0f
0f0f150f0f
0f0f0f0f0f
1515150f0f
0f0f15150f
0f0f0f0f0f
0f0f0f0f0f
0f0f0f0f0f
150f0f150f
1515151515
150f080f01
1515151515
0f0f151515
08080f0f0f
0808080808
1515150f0f
1515151515
15151c1c15
1515151515
1515151515
0f0f0f1515
0f0f0f0f0f
0f0f150f0f
0f0f0f0f0f
0f0f0f0f0f
0f0f0f0f0f
0f0f150f0f
0f0f0f0f0f
0f0f0f0f0f
0f0f0f0f0f
0f0f0f0f0f
0f0f0f0f0f
0f0f150f0f
0f0f150f0f
0f0f0f0f0f
150f150f0f
1515151515
0f15151515
1515151515
1515151515
0f0f0f0f0f
0f0f0f0f0f
150f010100
150f0f0f15
0f0f151515
0f0f0f0f0f
0108080f0f
0f150f0f0f
1515151515
1515151515
150f0f1515
15150f0f15
1515151515
1515151515
1515151515
0f0f0f0f0f
0f0f0f0f0f
0f0f0f0f0f
0f0f0f0f0f
0f0f0f0f0f
0f0f0f0f0f
0f0f0f0f0f
0f0f0f0f0f
150f0f0f0f
0f0f151515
0f150f0f0f
0f0f0f0f0f
15150f0f0f
1515151515
15150f1515
0f0f0f1515
150f0f0f0f
0f0f0f0f0f
0f0f0f0f0f
150f000801
150f0f0f0f
0f0f0f0f0f
0108080f0f
0000000000
0f0f0f0f0f
1515151515
1515151515
0f15151515
1515151515
1515151515
1515151515
1515151515
0f0f0f0f15
0f0f0f0f0f
0f0f0f0f0f
0f0f0f0f0f
0f0f0f0f0f
0f0f0f0f0f
0f0f0f0f0f
0f0f0f0f0f
0f0f0f0f0f
0f0f0f0f0f
0f0f0f0f15
0f0f0f0f0f
0f0f0f0f0f
0f150f0f0f
150f0f0f0f
0f0f150f15
0f0f0f0f0f
0f0f080f0f
010100080f
0f08000101
0f0f0f0f0f
0001080f0f
0101000000
0f0f0f0808
150f0f0f0f
1515151515
1515151515
1515151515
1515151515
15150f150f
0f0f150f15
0f0f0f0f0f
0f0f0f0f0f
0f080f0f0f
0808080808
0f080f0f0f
0f0f0f0f0f
15150f0f0f
0f0f0f0f15
0f0f0f150f
0f0f0f0f0f
0f0f0f0f0f
0f0f0f0f0f
0f0f0f150f
0f0f0f0f0f
0f0f0f0f0f
0f0f0f0f0f
0f0f0f0f0f
0f0f0f0f0f
0f0f0f0f0f
0000000008
0000000000
0000000000
0000000000
0808080808
080808080f
1515151515
1515151515
1515151515
1515151515
1515151515
1515151515
0f0f0f1515
0f0f0f0f0f
0f0f0f0f0f
0f0f0f0f08
08080f0f0f
0f0f080808
0808080f0f
0f080f080f
0f0f0f0f0f
0f0f0f0f0f
0f0f0f0f0f
0f0f0f0f0f
0f0f0f0f0f
0f0f0f0f0f
0f0f08080f
0f0f0f0f0f
0f0f0f0f0f
0f0f0f0f0f
150f0f0f0f
00010f080f
0000000000
0000000000
0000000000
0000000000
0101080100
0808080100
1c150f1515
080108010f
150f0f0f0f
1515151515
1515151515
0f0f151515
0f0f150f15
0f150f0f0f
0f0f0f0f0f
0f0f0f0f0f
080f0f0f0f
08080f0f0f
0f0f0f0808
0f0f0f0f0f
0f0f0f0f0f
0f0f0f0f0f
0f150f0f0f
0f0f0f0f0f
0f0f0f0f0f
0f0f0f0f0f
0f0f0f0f0f
0808080f08
0808080808
0808080f08
0001080f0f
0000000000
0000000000
0000000000
0000000000
0000000000
0000000000
0000000000
0101000101
0000000001
0101010101
0f0f0f0801
0f150f150f
08080f0f0f
0101010808
0f0f080801
0f0f0f0f0f
0f0f0f0f0f
0f0f0f0808
0f0f0f0f0f
0f0f0f0f0f
0f0f0f0f0f
0f0f0f0f0f
0f0f0f0f0f
0f0f0f0f0f
0f0f0f0f0f
0f0f0f0f0f
0f0f0f0f0f
0f0f080f0f
08080f0f0f
08080f0f0f
08080f0808
0000000108
0000000000
0000000000
0000000000
0000000000
0000000000
0000000000
0000000000
0000000000
0100000000
0101010101
0101010101
0101010101
0101000001
0000000100
0000000001
0801010101
0001010101
0000000000
0108080100
150f0f0801
0f0f0f0f0f
0f0f0f0f0f
08080f0f0f
0f0f0f0808
0f080f0f0f
0f0f0f0f0f
0f0f0f0f0f
0f0f080f15
0f0f0f0f0f
0f0f0f0f0f
000108080f
0000000000
0000000000
0000000000
0000000000
0000000000
0000000000
0000000000
0000000000
0000000000
0000000000
0101000000
0000000000
0101010001
0000000000
0000000000
0000000000
0000000000
0000000000
0000000000
0000000000
0f0f010100
150f151515
0f0f150f0f
0f0f0f0f0f
0f150f0f0f
0f0f080f0f
0f080f0f0f
0f080f0f15
0f0f0f0f0f
0f0f0f0f0f
080f080f0f
0000000101
0000000000
0000000000
0000000000
0000000000
0000000000
0000000000
0000000000
0000000000
0000000000
0000000000
0000000000
0000000000
0101000001
0000000000
0000000000
0000000000
0000000000
0000000000
0000000000
0101010000
0115150801
151c1c1501
0f15151515
0f0f0f0f0f
0f0f0f0f0f
0f150f0f0f
15150f0f0f
1515151515
010f0f0f0f
0101080808
0001010101
0000000000
0000000000
0000000000
0000000000
0000000000
0000000000
0000000000
0000000000
0000000000
0000000000
0000000000
0000000000
0000000000
0100000000
0000000000
0000000000
0000000000
0000010000
0000000000
0000000000
1515150801
0f15151515
1c150f0101
1515151515
0f15151515
15150f0f0f
1515151515
0f15151515
080f0f1515
0101010108
0000010000
0000000100
0000000000
0000000000
0000010100
0000000000
0000000000
0000000000
0000000000
0000000000
0000000000
0000000000
0000000000
0000000000
0000000000
0000000000
0000000000
0000000000
0000000000
0100000000
0f00000101
080f0f0f0f
151515150f
1515151515
1501000808
1515151515
1515151515
150f0f0f15
0f151c1515
0000010108
0000000000
0001010000
0000000000
0000000000
0000000000
0101000000
0000000101
0000000000
0000000000
0000000000
0000000000
0000000000
0000000000
0000000000
0000000000
0000000000
0000000000
0000000000
0000000000
0000000000
0000000000
0101000000
0f0f000101
0f0f151515
151515150f
000f151515
0101000000
0801010101
1515151515
0f0f151515
0000010101
0000000000
0108080100
010f150000
0000000000
0000000000
0101010000
0000010108
0000000000
0000000000
0000000000
0000000000
0000000000
0000000000
0000000000
0000000000
0000000000
0000000000
0000010000
0000000000
0100000000
0101000100
0101010101
0000000000
1c0f000101
0f15151c15
1515151515
0008151515
0100000000
0101010001
15150f0100
000001010f
0001010101
0101010000
0815150f0f
000f0f0000
0000000101
0000000000
0001000000
0000010101
0000000000
0000000000
0000000000
0000000000
0000000000
0000000000
0000000000
0000000000
0000000000
0100000000
0000000000
0000000000
0101000000
0101010101
0101010101
0000000001
1c00010100
151515151c
1515151515
000101151c
0000000101
0000000000
0000000000
0000000000
0801010001
01080f0f0f
010815150f
0008080000
0000000000
0000000000
0000000000
0000000100
0000000000
0000000000
0000000000
0000000000
0000000000
0000000000
0000000000
0000000000
0000000000
0101000000
0000000000
0000000000
0101000000
0101010801
0001010101
0000010000
0101010000
1515151515
1515151515
0100000008
0000000101
0000010100
0000000000
0800000000
080101080f
0108151515
081515150f
0000000000
0000000000
0000000000
0100000000
0000000000
0000000000
0000000000
0000000000
0000000000
0000000000
0000000000
0000000000
0000000000
0000000000
0000000000
0000000000
0000000000
0101080000
0101010100
0001010101
0000000000
0101000000
0101151508
01151c0801
0101000000
0100000001
0000000101
0000000000
0800000000
0800010f15
01080f1515
081515150f
0000000000
0000000000
0001010000
0000000000
0000000000
0000000000
0000000000
0000000000
0000000000
0000000000
0000000000
0000000000
0100000000
0000000000
0000000000
0000000000
0000000000
0101010000
0108080801
0000010108
0100000000
0100000000
0000000000
0001000000
0101000000
0001010101
0000000000
0008000000
0000000000
0000000101
0000000000
0000010100
0000000000
0000000000
0101010101
0000000001
0000000000
0000000000
0000000000
0000000000
0000000000
0000000000
0000000000
0000000000
0000000000
0000000000
0000000000
0000000000
0000000000
0108010100
0001010101
0000000000
0000000000
0000000000
0000000000
0000000000
0801000000
0000000000
0000000000
0f08000000
000000010f
0000000000
0000000000
0000000000
0000000000
0000010100
0101010101
0000000000
0000000000
0000000000
0000000000
0000000000
0000000000
0000000000
0000000000
0000000000
0000000000
0000000000
0000010000
0000010000
0100000000
0101000001
0001010801
0000000001
0000000001
0000000000
0000000000
0000000000
0100000000
0000010101
0000000001
0108010000
0000010101
0000000000
0000000000
0000000000
0100000000
0001000101
0000000000
0000000000
0000000000
0000000000
0000000000
0000000000
0000000000
0000000000
0000000000
0000000000
0000000000
0000010000
0000000000
0000000000
0000000000
0000000000
0001000000
0000000000
0000000000
0000000000
0000000000
0000000000
0000000000
0100000000
0000000000
0100010100
0001010001
0000000000
0000000000
0000000000
0101000000
0000010101
0000000000
0000000000
0000000000
0000000000
0000000000
0000000000
0000000000
0000000000
0000000000
0000000000
0000000000
0000000000
0000000000
0000000000
0000000000
0000000000
0000000000
0000000000
0000000000
0000000000
0000000000
0000000000
0000000000
0000000000
0000000000
0000000100
0000000000
0000000000
0000000000
0000000000
0100000000
0000000101
0000000000
0000000000
0000000000
0000000000
0000000000
0000000000
0000000000
0000000000
0000000000
0000000000
0000000101
0000000000
0000000000
0000000000
0000000000
0000000000
0000000000
0000000000
0000000000
0000000000
0000000000
0000000000
0000000000
0000000000
0000000000
0000010100
0000000000
0000000000
0000000000
0000000000
0000000000
0000000101
0001000000
0000000000
0000000000
0000000000
0000000000
0000000000
0000000000
0000000000
0000000000
0000000000
0000000001
0000000000
0000000000
0000000000
0000000000
0000000000
0000000000
0000000000
0000080801
0000000000
0000000000
0000000000
0000000000
0000000000
0000000000
0000010100
0000000000
0000000000
0000000000
0000000000
0000000000
0101010100
0001010101
0000000000
0000000000
0000000000
0000000000
0000000000
0000000000
0000000000
0000000000
0000000000
0000000000
0000000000
0000000000
0000000000
0000000000
0000000000
0000000000
0000000000
0001010101
0000000000
0000000000
0000000000
0000000000
0000000000
0000000000
0000000000
0000000000
0000000000
0000000000
0000000000
0000000000
0001010001
0000000000
0000000000
0000000000
0000000000
0000000000
0000000000
0000000000
0000000000
0000000000
0000000000
0000000000
0000000000
0000000000
0000000000
0000000000
0000000000
0000000000
0000000000
0000000000
0000000000
0000000000
0000000000
0000000000
0000000000
0000000000
0100010000
0001000000
0000000000
0000000000
0000000000
0000000000
0000000000
0101010000
0100010000
0000000000
0000000000
0000000000
0000000000
0000000000
0000000000
0000000000
0000000000
0000000000
0000000000
0000000000
0000000000
0000000000
0000000000
0000000000
0000000000
0001000000
0000000000
0000000000
0000000000
0000000000
0000000000
0000000000
0101000000
0101000001
0001010100
0101000000
0801010808
0108080808
0000010001
0108010000
0000010100
0000000000
0000000000
0000000000
0000000000
0000000000
0000000000
0000000000
0000000000
0000000000
0000000000
0000000000
0000000000
0000000000
0000000000
0000000000
0100000000
0000000001
0000000000
0000000000
0000000000
0000000000
0000000000
0000000000
0801010000
0801010101
0801080108
0808080101
0801010808
0808080808
0801010808
0808080808
0801080808
0101080108
0101010100
0001080801
0000000000
0000000000
0000000000
0000000000
0000000000
0000000000
0000000000
0000000000
0000000000
0000000000
0000000000
0000000000
0000000000
0000000000
0000000000
0000000000
0000000000
0000000000
0000000000
0101000000
0801010101
0808080108
0108080808
0808010101
0808080808
080f0f0808
0808080808
0808080808
0801010808
0101080108
0801000101
0101080101
0808080801
0001010808
0000000000
0000000000
0000000000
0000000000
0000000000
0000000000
0000000000
0000000000
0000000000
0000000000
0000000000
0000000000
0000000000
0000000000
0000000000
0000000000
0101010100
0101010101
0101010101
0101010108
0101010101
0101010101
0001010101
0101010000
0801010108
0108080808
0808010101
0808080108
0808080101
0101080808
0101010101
0808080808
0001080808
0000000000
0000000000
0000000000
0000000000
0000000000
0000000000
0000000000
0000000000
0000000000
0000000000
0000000000
0000000000
0000000000
0000000000
0101000000
0101080101
0101010801
0101000101
0000000001
0000000000
0000000000
0000000001
0100000000
0808010101
0101010108
0808010101
0808080108
0801010808
0108080808
0101010801
0101010101
0108080808
0000010101
0000000000
0000000000
0000000000
0000000000
0000000000
0000000000
0000000000
0000000000
0000000000
0000000000
0101010000
0000010101
0101010101
0101010101
0101010801
0000000101
0000000000
0000000000
0000000000
0000000000
0000000000
0000000000
0100000000
0100010101
0808010101
0108080101
0108010101
0101080801
0101010101
0108010101
0100010101
0100010000
0000010001
0000000000
0000000000
0000000000
0000000000
0000000000
0000000000
0000000000
0000000000
0000000000
0101010000
0101010108
0001000101
0101000000
0000010101
0000000000
0000000000
0000000000
0000000000
0000000000
0000000000
0000000100
0000000000
0000000000
0801080801
0101010101
0808010101
0101010108
0108010101
0808080801
0001080101
0000000000
0000010000
0000000000
0000000000
0000000000
0000000000
0000000000
0000000000
0000000000
0000000000
0000000000
0101010000
0000000001
0000000100
0100000000
0000000001
0000000000
0000000000
0000000000
0000000000
0000000000
0000000000
0000000000
0000000000
0000000000
0100010100
0101010001
0808010101
080808010f
0101080801
0808010101
0008080808
0000000101
0000000000
0000000000
0000000000
0000000000
0000000000
0000000000
0000000000
0000000000
0100010000
0000000000
0000000000
0000000000
0000000000
0000000000
0000000000
0000000000
0000000000
0000000000
0000010000
0000010100
0000000000
0000010000
0000000000
0000010000
0001010000
0000000000
0108010101
0101010108
0101010108
0101010000
0100000001
0101010100
0000000000
0000000000
0000000000
0000000000
0000000000
0000000000
0000000000
0000010000
0001000000
0000010001
0000010000
0000000000
0000000000
0000000000
0000000000
0000000000
0000000000
0000000000
0000000000
0000000000
0000000000
0000000000
0000000000
0000000000
0000000000
0000000000
0808010100
01080f080f
0008080801
0001010000
0001010000
0000010001
0000000000
0000000000
0000000000
0000000000
0000000000
0000000000
0000000000
0000000000
0000000000
0101000100
0101010100
0000000000
0000000000
0000000000
0000000000
0000000000
0000000000
0000000000
0000000000
0000000000
0000000000
0000000000
0000000000
0000000000
0000000000
0000000000
0808080801
01080f0808
010f0f0808
0000000000
0108010000
0001010108
0000000100
0000000000
0000000000
0000000000
0000000000
0000000000
0000000000
0000000000
0000000000
0000010001
0101010001
0000000101
0000000000
0000000000
0000000000
0000000000
0000000000
0000000000
0000000000
0000000000
0000000000
0000000000
0000000000
0000000000
0000000000
0101010000
0108080100
0001010101
0101010000
0101000001
0808080000
0101010808
0100000101
0000000000
0000000000
0000000000
0000000000
0000000000
0000000000
0000000000
0000000000
0000010000
0101000100
0001000101
0000000000
0000000000
0000000000
0000000000
0000000000
0000000000
0000000000
0000000000
0000000000
0000000000
0000000000
0000000000
0001010000
0101000101
0001010000
0000010000
0000000000
0100000000
0101000000
0101010101
0000000101
0000000000
0000000000
0000000000
0000000000
0000000000
0000000000
0000000000
0000000000
0000010001
0000000001
0101010101
0000000001
0000000000
0000000000
0000000000
0000000000
0000000000
0000000000
0000000000
0000000000
0000000000
0000000000
0000010000
0100000000
0100010101
0001000000
0000000000
0000000000
0000000000
0000000000
0101000000
0101010801
0000000000
0000000000
0000000000
0000000000
0000000000
0000000000
0000000000
0000000000
0000000000
0000000000
0000000000
0000000000
0000000000
0000000000
0000000000
0000000000
0000000000
0000000000
0000000000
0000000001
0000000001
0000000000
0000000000
0000000000
0000010101
0000000000
0000000000
0000000000
0000000000
0000000000
0000000000
0000000000
0000000000
0000000000
0000000000
0000000000
0000000000
0000000000
0000000000
0000000000
0000000000
0000000000
0000000000
0000000000
0000000000
0000000000
0000000000
0000000000
0000000000
0000000000
0000000000
0000000000
0000000000
0000000000
0000000000
0000000000
0000000000
0000000000
0000000000
0000000000
0000000000
0000000000
0000000000
0000000000
0000000000
0000000000
0000000000
0000000000
0000000000
0000000000
0000000000
0000000000
0000000000
0000000000
0000000000
0000000000
0000000000
0000000000
0000000000
0000000000
0000000000
0000000000
0000000000
0000000000
0000000000
0000000000
0000000000
0000000000
0000000000
0000000000
0000000000
0000000000
0000000000
0000000000
0000000000
0000000000
0000000000
0000000000
0000000000
0000000000
0000000000
0000000000
0000000000
0000000000
0000000000
0000000000
0000000000
0000000000
0000000000
0000000000
0000000000
0000000000
0000000000
0000000000
0000000000
0000000000
0000000000
0000000000
0000000000
0000000000
0000000000
0000000000
0000000000
0000000000
0000000000
0000000000
0000000000
0000000000
0000000000
0000000000
0000000000
0000000000
0000000000
0000000000
0000000000
0000000000
0000000000
0000000000
0000000000
0000000000
0000000000
0000000000
0000000000
0000000000
0000000000
0000000000
0000000000
0000000000
0000000000
0000000000
0000000000
0000000000
0000000000
0000000000
0000000000
0000000000
0000000000
0000000000
0000000000
0000000000
0000000000
0000000000
0000000000
0000000000
0000000000
0000000000
0000000000
0000000000
0000000000
0000000000
0000000000
0000000000
0000000000
0000000000
0000000000
0000000000
0000000000
0000000000
0000000000
0000000000
0000000000
0000000000
0000000000
0000000000
0000000000
0000000000
0000000000
0000000000
0000000000
0000000000
0000000000
0000000000
0000000000
0000000000
0000000000
0000000000
0000000000
0000000000
0000000000
0000000000
0000000000
0000000000
0000000000
0000000000
0000000000
0000000000
0000000000
0000000000
0000000000
0000000000
0000000000
0000000000
0000000000
0000000000
0000000000
0000000000
0000000000
0000000000
0000000000
0000000000
0000000000
0000000000
0000000000
0000000000
0000000000
0000000000
0000000000
0000000000
0000000000
0000000000
0000000000
0000000000
0000000000
0000000000
0000000000
0000000000
0000000000
0000000000
0000000000
0000000000
0000000000
0000000000
0000000000
0000000000
0000000000
0000000000
0000000000
0000000000
0000000000
0000000000
0000000000
0000000000
0000000000
0000000000
0000000000
0000000000
0000000000
0000000000
0000000000
0000000000
0000000000
0000000000
0000000000
0000000000
0000000000
0000000000
0000000000
0000000000
0000000000
0000000000
0000000000
0000000000
0000000000
0000000000
0000000000
0000000000
0000000000
0000000000
0000000000
0000000000
0000000000
0000000000
0000000000
0000000000
0000000000
0000000000
0000000000
0000000000
0000000000
0000000000
0000000000
0000000000
0000000000
0000000000
0000000000
0000000000
0000000000
0000000000
0000000000
0000000000
0000000000
0000000000
0000000000
0000000000
0000000000
0000000000
0000000000
0000000000
0000000000
0000000000
0000000000
0000000000
0000000000
0000000000
0000000000
0000000000
0000000000
0000000000
0000000000
0000000000
0000000000
0000000000
0000000000
0000000000
0000000000
0000000000
0000000000
0000000000
0000000000
0000000000
0000000000
0000000000
0000000000
0000000000
0000000000
0000000000
0000000000
0000000000
0000000000
0000000000
0000000000
0000000000
0000000000
0000000000
0000000000
0000000000
0000000000
0000000000
0000000000
0000000000
0000000000
0000000000
0000000000
0000000000
0000000000
0000000000
0000000000
0000000000
0000000000
0000000000
0000000000
0000000000
0000000000
0000000000
0000000000
0000000000
0000000000
0000000000
0000000000
0000000000
0000000000
0000000000
0000000000
0000000000
0000000000
0000000000
0000000000
0000000000
0000000000
0000000000
0000000000
0000000000
0000000000
0000000000
0000000000
0000000000
0000000000
0000000000
0000000000
0000000000
0000000000
0000000000
0000000000
0000000000
0000000000
0000000000
0000000000
0000000000
0000000000
0000000000
0000000000
0000000000
0000000000
0000000000
0000000000
0000000000
0000000000
0000000000
0000000000
0000000000
0000000000
0000000000
0000000000
0000000000
0000000000
0000000000
0000000000
0000000000
0000000000
0000000000
0000000000
0000000000
0000000000
0000000000
0000000000
0000000000
0000000000
0000000000
0000000000
0000000000
0000000000
0000000000
0000000000
0000000000
0000000000
0000000000
0000000000
0000000000
0000000000
0000000000
0000000000
0000000000
0000000000
0000000000
0000000000
0000000000
0000000000
0000000000
0000000000
0000000000
0000000000
0000000000
0000000000
0000000000
0000000000
0000000000
0000000000
0000000000
0000000000
0000000000
0000000000
0000000000
0000000000
0000000000
0000000000
0000000000
0000000000
0000000000
0000000000
0000000000
0000000000
0000000000
0000000000
0000000000
0000000000
0000000000
0000000000
0000000000
0000000000
0000000000
0000000000
0000000000
0000000000
0000000000
0000000000
0000000000
0000000000
0000000000
0000000000
0000000000
0000000000
0000000000
0000000000
0000000000
0000000000
0000000000
0000000000
0000000000
0000000000
0000000000
0000000000
0000000000
0000000000
0000000000
0000000000
0000000000
0000000000
0000000000
0000000000
0000000000
0000000000
0000000000
0000000000
0000000000
0000000000
0000000000
0000000000
0000000000
0000000000
0000000000
0000000000
0000000000
0000000000
0000000000
0000000000
0000000000
0000000000
0000000000
0000000000
0000000000
0000000000
0000000000
0000000000
0000000000
0000000000
0000000000
0000000000
0000000000
0000000000
0000000000
0000000000
0000000000
0000000000
0000000000
0000000000
0000000000
0000000000
0000000000
0000000000
0000000000
0000000000
0000000000
0000000000
0000000000
0000000000
0000000000
0000000000
0000000000
0000000000
0000000000
0000000000
0000000000
0000000000
0000000000
0000000000
0000000000
0000000000
0000000000
0000000000
0000000000
0000000000
0000000000
0000000000
0000000000
0000000000
0000000000
0000000000
0000000000
0000000000
0000000000
0000000000
0000000000
0000000000
0000000000
0000000000
0000000000
0000000000
0000000000
0000000000
0000000000
0003000000
0000000000
0000000000
0000000000
0000000000
0000000000
0000000000
0000000000
0000000000
0000000000
0000000000
0000000000
0000000000
0000000000
0000000000
0000000000
0000000000
0000000000
0000000000
0000000000
0000000000
0000000000
0000000000
0000000000
0000000000
0000000000
0000000000
0000000000
0000000000
0000000000
0000000000
0000000000
0000000000
0000000000
0000000000
0000000000
0000000000
0000000000
0000000000
0000000000
0000000000
0000000000
0000000000
0000000000
0000000000
0000000000
0000000000
0000000000
0000000000
0000000000
0000000000
0000000000
0000000000
0000000000
0000000000
0000000000
0000000000
0000000000
0000000000
0000000000
0000000000
0000000000
0000000000
0000000000
0000000000
0000000000
0000000000
0000000000
0000000000
0000000000
0000000000
0000000000
0000000000
0000000000
0000000000
0000000000
0000000000
0000000000
0000000000
0000000000
0000000000
0000000000
0000000000
0000000000
0000000000
0000000000
0000000000
0000000000
0000000000
0000000000
0000000000
0000000000
0000000000
0000000000
0000000000
0000000000
0000000000
0000000000
0000000000
0000000000
0000000000
0000000000
0000000000
0000000000
0000000000
0000000000
0000000000
0000000000
0000000000
0000000000
0000000000
0000000000
0000000000
0000000000
0000000000
0000000000
0000000000
0000000000
0000000000
0000000000
0000000000
0000000000
0000000000
0000000000
0000000000
0000000000
0000000000
0000000000
0000000000
0000000000
0000000000
0000000000
0300000000
0000000000
0000000000
0000000000
0000000000
0000000000
0000000000
0000000000
0000000000
0000000000
0000000000
0000000000
0000000000
0000000000
0300000000
0000000000
0000000000
0000000000
0000000000
0000000000
0000000000
0000000000
0000000000
0000000000
0000000000
0000000000
0000000000
0000000000
0000000000
0000000000
0000000000
0000000000
0000000000
0000000000
0000000000
0000000000
0000000000
0000000000
0000000000
0000000000
0000000000
0000000000
0000000000
0000000000
0000000000
0000000000
0000000000
0000030000
0000000000
0000000000
0000000000
0000000000
0000000000
0000000000
0000000000
0000000000
0000000000
0000000000
0000000000
0000000000
0000000000
0000000000
0000000000
0000000000
0000000000
0000000000
0000000000
0000000000
0000000000
0000000000
0000000000
0000000000
0000000000
0000000000
0000000000
0000000000
0000000000
0000000000
0000000000
0000000000
0000000300
0303000000
0000000000
0000000000
0000000000
0000000000
0000000000
0000000000
0000000000
0000000000
0000000000
0000000000
0000000000
0000000000
0000000000
0000000000
0000000000
0000000000
0000000000
0000000000
0000000000
0000000000
0000000000
0000000000
0000000000
0000000000
0000000000
0000000000
0000000000
0000000000
0000000000
0000000000
0000000000
0000000000
0000000300
0000000300
0000000000
0000000000
0000000000
0000000000
0000000000
0000000000
0000000000
0000000000
0000000000
0000000000
0000000000
0000000000
0000000000
0000000000
0000000000
0000000000
0000000000
0000000000
0000000000
0000000000
0000000000
0000000000
0000000000
0000000000
0000000000
0000000000
0000000000
0000000000
0000030000
0000000303
0300000000
0000000000
0000000000
0000000000
0000000000
0000000000
0000000000
0000000000
0000000000
0000000000
0000000000
0000000000
0000000000
0000000000
0000000000
0000000000
0000000000
0000000000
0000000000
0000000000
0000000000
0000000000
0000000000
0000000000
0000000000
0000000000
0000000000
0000000000
0000000000
0000000000
0000000000
0300000000
0000000003
0000000000
0000000000
0000000000
0000000000
0000000000
0000000000
0000000000
0000000000
0000000000
0000000000
0000000000
0000000000
0000000000
0000000000
0000000000
0000000000
0000000000
0000000000
0000000000
0000000000
0000000000
0000000000
0000000000
0000000000
0000000000
0000000000
0000000000
0000000000
0000000000
0000000003
0000000300
0000000000
0000000000
0000000000
0000000000
0000000000
0000000000
0000000000
0303000000
0303000000
0000000000
0000000000
0000000000
0000000000
0000000000
0000000000
0003000000
0000000000
0000000000
0000000000
0000000000
0000000000
0000000000
0000000000
0000000000
0000000000
0000000000
0000000000
0000000000
0003030003
0000000000
0303000000
0000000003
0300000000
0003000303
0000000000
0000000000
0000000000
0000000000
0000000000
0000000000
0000000000
0000000000
0000000000
0000000000
0000000000
0000000000
0000000000
0303030000
0000000000
0000000000
0000000000
0000000000
0000000000
0000000000
0000000000
0000000000
0000000000
0000000000
0000000000
0000000000
0003000300
0000000000
0303030000
0000000303
0000000000
0000000000
0000000000
0000000000
0000000000
0000000000
0000000000
0000000000
0000000000
0000000000
0000000000
0000000000
0000000000
0000000000
0000000000
0000000000
0000000000
0000000000
0000000000
0000000000
0000000000
0000000000
0000000000
0000000000
0000000000
0000000000
0000000000
0000000000
0300000300
0303030000
0000000000
0000000000
0303030000
0000030300
0000000000
0000000000
0000000000
0000000000
0000000000
0000000000
0000000000
0000000000
0000000000
0000000000
0000000000
0000000000
0000000000
0000030300
0000000000
0000000000
0000000000
0000000000
0000000000
0000000000
0000000000
0000000000
0000000000
0000000000
0000000000
0000000000
0303030303
0300000003
0300030000
0300030300
0303030303
0300030000
0000000000
0000000000
0000000000
0000000000
0003030000
0000000003
0000000000
0000000000
0000000000
0000000000
0000000000
0000030000
0303000000
0000000300
0000000000
0000000000
0000000000
0000000000
0000000000
0000000000
0000000000
0000000000
0000000000
0000000000
0000000000
0000000000
0003000303
0300000303
03000b0300
0000000003
0000000000
0000000000
0000000000
0000000000
0000000000
0000000300
0000000000
0000000000
0000000000
0000000000
0000000000
0000000000
0300000000
0300030000
0000000303
0000000000
0000000000
0000000000
0000000000
0000000000
0000000000
0000000000
0000000000
0000000000
0000000000
0000000000
0000000000
0000000000
0003030300
0303030303
0303000003
0303000303
000b000303
0000000000
0000000000
0000000000
0000000000
0000000000
0000000000
0000000000
0000000000
0000000000
0000000000
0000000000
0300000300
0000000000
0000000000
0000000000
0000000000
0000000000
0000000000
0000000000
0000000000
0000000000
0000000000
0000000000
0000000000
0000000000
0000000000
0000000000
0303000003
0303030303
0303030303
030b030303
0303030300
0000000300
0000000000
0000000000
0000000000
0000000000
0000000000
0000000000
0000000000
0000000000
0000000000
0000000000
0000000000
0000000000
0000000000
0000000000
0000000000
0000000000
0000000000
0000000000
0000000000
0000000000
0000000000
0000000000
0000000000
0000000000
0000000000
0000000000
0303030303
0303000303
0300000303
0003030303
0303030003
0000000303
0000000000
0000000000
0000000000
0000000000
0000000000
0000000000
0000000000
0000000000
0000000000
0000000000
0000000000
0000000000
0000000000
0000000000
0000000000
0000000000
0000000000
0000000000
0000000000
0000000000
0000000000
0000000000
0000000000
0000000000
0000000000
0000000000
0300000303
0303030303
0303030303
0303030000
0003000303
0003030303
0000000000
0000000000
0000000000
0000000000
0000000000
0000000000
0000000000
0000000000
0000000000
0000000000
0000000000
0000000000
0000000000
0000000000
0000000000
0000000000
0000000000
0000000000
0000000000
0000000000
0000000000
0000000000
0000000000
0000000000
0000000000
0000000000
0303030303
0003030303
0000030003
0000000300
0000000000
0000030000
0000000000
0000000000
0000000000
0000000000
0000000000
0000000000
0000000000
0000000000
0000000000
0000000000
0000000000
0000000000
0000000000
0000000000
0000000000
0000000000
0000000000
0000000000
0000000000
0000000000
0000000000
0000000000
0000000000
0000000000
0000000000
0000000000
03030b0303
0303030303
0000030303
0003000300
0000000000
0000000000
0000000003
0000000000
0000000000
0000000000
0000000000
0000000000
0000000000
0000000000
0000000000
0000000000
0000000000
0000000000
0000000000
0000000000
0000000000
0000000000
0000000000
0000000000
0000000000
0000000000
0000000000
0000000000
0000000000
0000000000
0000000000
0000000000
03030b0303
0303030303
0000030303
0000000000
0000000000
0000000000
0000000000
0000000000
0000000000
0000000000
0000000000
0000000000
0000000000
0000000000
0000000000
0000000000
0000000000
0000000000
0000000000
0000000000
0000000000
0000000000
0000000000
0000000000
0000000000
0000000000
0000000000
0000000000
0000000000
0000000000
0000000000
0000000000
0303030b0b
0303030303
0000030003
0000000000
0000000000
0000000000
0000000000
0000000000
0300000000
0000030300
0000000000
0000000000
0000030300
0000000000
0000000000
0000000000
0000000000
0000000000
0000000000
0000000000
0000000000
0000000000
0000000000
0000000000
0000000000
0000000000
0000000000
0000000000
0000000000
0000000000
0000000000
0000000000
030303030b
0303030303
0300000300
0000030000
0000000000
0000000000
0000000000
0000000000
0000000000
0000000000
0303000300
0000000003
0000000000
0000000000
0000000000
0000000000
0000000000
0000000000
0000000000
0000000000
0000000000
0000000000
0000000000
0000000000
0000000000
0000000000
0000000000
0000000000
0000000000
0000000000
0000000000
0000000000
03030b0b0b
0303030303
0000000000
0303030300
0000000303
0000000000
0300000000
0303030000
0303030303
0000030303
0000000000
0000000000
0000000000
0000000000
0000000000
0000000000
0000000000
0000000000
0000000000
0000000000
0000000000
0000000000
0000000000
0000000000
0000000000
0000000000
0000000000
0000000000
0000000000
0000000000
0000000000
0000000000
030b0b0b0b
0003030303
0000000003
0303030303
0303030303
0003000303
0003000303
0000000003
0300000000
0303030303
0003030300
0303000000
0000000003
0000000000
0000000000
0000000000
0303030000
0000000003
0000000000
0000000000
0000000000
0000000000
0000000000
0000000000
0000000000
0000000000
0000000000
0000000000
0000000000
0000000000
0000000000
0000000000
030303030b
0003030303
0300000000
0303030303
0303030303
0300000303
0000000003
0000000300
0303030303
0303030300
030b0b0b03
0000000003
0303030000
0000030003
0000000000
0303000000
0000000300
0000000000
0000000000
0000000000
0000000000
0000000000
0000000000
0000000000
0000000000
0000000000
0000000000
0000000000
0000000000
0000000000
0000000000
0000000000
0303030b0b
0303030303
0303030303
0b0b0b0b0b
0303030b0b
030b0b0303
0300000003
0003030303
0303030300
0000030303
0000000303
0303030303
0303030303
0000000003
0000000000
0000000000
0000000000
0000000000
0000000000
0000000000
0000000000
0000000000
0000000000
0000000000
0000000000
0000000000
0000000000
0000000000
0000000000
0000000000
0000000000
0000000000
0b0b0b1313
03030b0b0b
0b03030303
0b0b0b0b0b
0b0b0b0b0b
0303030b0b
0303030303
0000000000
0300000303
0000030000
0303030303
0303030303
0000000000
0000000000
0303030000
0000000000
0000000000
0000000000
0000000000
0000000000
0000000000
0000000000
0000000000
0000000000
0000000000
0000000000
0000000000
0000000000
0000000000
0000000000
0000000000
0000000000
1313131b1b
1313131313
0b0b030303
0b0b0b0b0b
0b0b0b0b0b
030b030b0b
030300030b
0000030303
0000000300
0303000000
0003030303
0000000000
0000000000
0300000000
0000030303
0000000000
0000000000
0000000000
0000000000
0000000000
0000000000
0000000000
0000000000
0000000000
0000000000
0000000000
0000000000
0000000000
0000000000
0000000000
0000000000
0000000000
1313131313
030b0b1313
0303030303
0303030303
03030b0303
0b03030303
03030b0b03
030303030b
0303030b03
0303000003
0303030303
0000000303
0303000000
03030b0300
0000000000
0000000000
0000000300
0000000000
0000030000
0000000000
0000000000
0000000000
0000000000
0000000000
0000000000
0000000000
0000000000
0000000000
0000000000
0000000000
0000000000
0000000000
0b0b0b0b0b
0303030b0b
0303030000
0303030303
0303000003
0303030303
0300030303
0b0b0b0303
0b0b0b0b0b
0b0b0b0b0b
0303030303
0000000000
0303030300
0300000000
0303030000
0000000303
0000000000
0003000303
0000000000
0000000000
0000000000
0000000000
0000000300
0000000000
0000000000
0000000000
0000000000
0000000000
0000000000
0000000000
0000000000
0000000000
0b0b131313
0b0b0b0b0b
0300000303
0b0b0b0b03
0b0b0b0b0b
030303030b
0003030303
0300000000
0b0b0b0b0b
0b0b0b0b0b
000000030b
0303030300
030b030b03
0003030303
0000030000
0300000000
0000000000
0000000000
0000000000
0000000000
0000000000
0000000000
0000000000
0000000000
0000000000
0000000000
0000000000
0000000000
0000000000
0000000000
0000000000
0000000000
030b0b0b13
0303030303
0b0b030000
23231b1b1b
1323232323
030b0b0b0b
0303030303
0b03030303
1313131313
000303030b
0303030000
0000030303
0000000000
0000000000
0000000000
0000000000
0000000003
0000000000
0000000000
0000000000
0000000000
0000000000
0000000000
0000000000
0000000000
0000000000
0000000000
0000000000
0000000000
0000000000
0000000000
0000000000
030b0b1313
0000000303
0b03000000
1313131313
1b1b1b1b1b
0b0b13131b
0b0b0b0b0b
0b0b0b0b0b
0303030b0b
0300030303
0303000003
0003030303
0000000000
0000000003
0300030303
0303030303
0003000000
0000000000
0303000000
0000000003
0300000000
0000000000
0000000000
0000000000
0000000000
0000000000
0000000000
0000000000
0000000000
0000000000
0000000000
0000000000
0b0b131b1b
000003030b
0000000000
0b0b13130b
1b1313130b
1313131b1b
0b0b0b1313
1313131313
0b0b0b0b0b
0303030b0b
0300030303
0303030303
0000000003
0003000000
0003000000
0000030003
0303030000
0000030303
0003030000
0000000003
0000000000
0000000000
0000000000
0000000000
0000000000
0000000000
0000000000
0000000000
0000000000
0000000000
0000000000
0000000000
0b131b1b1b
0000000303
0000000000
1b130b0b0b
1b13131313
130b13131b
1b1b131b13
131313131b
1313131313
03030b130b
0b0b0b0b0b
0b0b0b0b0b
0303030303
0003030003
0303030303
0303030303
0303030303
0003030303
0000000000
0000000000
0000000000
0000000000
0000000000
0000000000
0000000000
0000000000
0000000000
0000000000
0000000000
0000000000
0000000000
0000000000
131b232323
000000030b
0000000000
1b1b13130b
030b131b13
130b0b0b03
131313131b
130b0b0b13
1313131313
0b0b0b0b13
030b0b0b0b
0b0b030303
0b0b0b030b
0b03030303
0b0b0b0b0b
0b0b0b0b0b
0303030303
0000000303
0000000000
0000000000
0303000000
0000000303
0000000000
0000000000
0000000000
0000000000
0000000000
0000000000
0000000000
0000000000
0000000000
0000000000
1b1b231b1b
00030b131b
0000000000
1b1b1b1313
1b1b1b1b1b
231b1b1b1b
0b13131b1b
0b0b0b0b0b
0b0b030b0b
0b13130b0b
0b0b0b1313
0b0b0b0b0b
0b0b0b0b0b
0b0b0b0b0b
030303030b
03030b0b0b
0000030303
0003000000
0000000000
0000000000
0000000000
0000000000
0000000000
0000000000
0000000000
0000000000
0000000000
0000000000
0000000000
0000000000
0000000000
0000000000
1b1b1b1b23
03131b1b1b
0b03000000
1b1b1b1b1b
23231b1b1b
23231b2323
13131b1b1b
0b0b0b1313
0b0b0b0b0b
13130b0b0b
0b0b0b0b0b
0b13130b0b
0b0b0b0b0b
0b0b0b0b0b
0b0b0b0b0b
03030b0b0b
0303030003
0003030303
0000000000
0303030300
0000000003
0000000000
0000000000
0000000000
0000000000
0000000000
0000000000
0000000000
0000000000
0000000000
0000000000
0000000000
1b1b1b2323
131b1b1b1b
13130b0b0b
1313131313
1b1b131313
131b1b1b1b
1b1b1b1b13
13131b1313
0b0b13130b
1313131313
1313131313
1313130b13
0b0b0b1313
0b0b0b0b0b
03030b0b0b
0303030303
0303030303
0000000003
0000000000
0003000000
0003030003
0000000003
0000000303
0000000000
0000000000
0000000000
0000000000
0000000000
0000000000
0000000000
0000000000
0000030000
1b1b1b2323
1b1b1b1b1b
13131b1b1b
0b0b0b0b13
0b1313130b
13130b0b0b
1b1b131b1b
1313131313
1313131313
0b0b131313
0b0b0b0b0b
0b0b0b0b0b
0b0b0b0b0b
030b0b0b0b
0b0b0b0b03
0303030b0b
0303030303
0000000303
0000000000
0000000000
0000000000
0000000300
0000000000
0000000000
0000000000
0000000000
0000000000
0000000000
0000000000
0000000000
0000000000
0000000000
2323232323
1b1b1b1b23
13131b1b1b
0b0b131313
1b13131313
1b1b1b1b13
1313131b1b
131b131313
1313131313
0b0b0b0b13
0b0b0b0b0b
1313130b0b
03030b0b0b
03030b0303
0303030303
0303000303
0000000303
0000000000
0300000000
0000000000
0000000000
0000000000
0000000000
0000000000
0000000000
0000000000
0000000000
0000000000
0000000000
0000000000
0000000000
0000000000
2323232323
13131b1b1b
1313131313
1313131313
1b1b1b131b
1b1b1b1b1b
1b1b1b1b1b
13131b1b1b
1313131313
13130b0b0b
0b0b0b0b0b
0b0b0b0b0b
0b0b0b0b0b
030303030b
03030b0303
0303030303
0000000300
0000000000
0300000000
0000000003
0000000000
0000000000
0000000000
0000000000
0000000000
0000000000
0000000000
0000000000
0000000000
0000000000
0000000000
0000000000
2323232323
13131b1b23
1313131313
1b1b1b1b13
1b1b1b1b1b
1b1b1b1b1b
1b1b1b1b1b
13131b1b1b
0b0b131313
0b130b0b0b
0b0b0b0b0b
0b0b0b0b0b
0b0b0b0b0b
030b0b0b0b
0303030303
0303030303
0000030303
0000000000
0000000000
0300000000
0000000003
0000000000
0000000000
0000000000
0000000000
0000000000
0000000000
0000000000
0000000000
0000000000
0000000000
0000000000
2323232323
1b23232323
1b1b1b1b1b
1b231b1b1b
232323231b
1b1b232323
1b1b1b1b1b
1b1b1b1b1b
1313131313
1313131313
0b0b13130b
0b0b13130b
0b0b0b0b0b
0b0b0b0b0b
03030b0b0b
0303030303
0303030303
0003000303
0303030300
0b03030003
0000000003
0000000003
0000000000
0000000000
0000000000
0000000000
0000000000
0000000000
0000000000
0000000000
0000000000
0000000000
232323231b
2323232323
2323232323
1b1b231b23
1b1b231b1b
1b1b1b1b1b
131b1b1b1b
1313131313
0b0b0b1313
1313130b0b
0b1313130b
0b0b0b130b
0b0b0b0b13
030b0b0b0b
0303030303
0303030303
0303030303
0003030303
0303030303
0000030000
0300030000
0003000003
0000000000
0003030003
0000000000
0000000000
0000000000
0000000000
0000000000
0000000000
0000000000
0000000000
2323231b1b
2323232323
231b1b1b23
1b1b1b1b23
1b1b1b1b1b
131313131b
1313131313
1313131313
1b1b1b1b13
13131b1313
0b0b131313
030b0b0b0b
0b03030303
030303030b
0303030303
0300030003
0b0b0b0303
0303030b03
0303030303
0303000300
0000030303
0000000000
0000000000
0000000003
0000000000
0000000000
0000000000
0000000300
0000030300
0000000000
0000000000
0000000000
1b1b1b1b1b
0b131b1b1b
0b0b0b030b
1313131313
130b0b1313
0b0b0b0b13
0b0b0b0b0b
0b0b0b0b0b
0b0b0b0b0b
0b0b0b0b0b
130b0b0b03
030b030b0b
03030b0303
0303030303
0303030303
0b130b0303
030b0b0b13
0303030303
0303030303
0303030303
0000030000
0000000000
0000000300
0000000000
0000000000
0000000000
0300000000
0303000000
0000030003
0000000003
0000000000
0000000000
232323231b
1b23232323
130b0b0b13
131313131b
0b0b0b0b13
0b0b0b0b0b
0b0b0b0b0b
0b0b0b0b0b
0b0b0b0b0b
0b0b0b0b0b
1b131b1b13
0b0b0b1313
0303030303
0300030303
0000030303
0000000300
0000030300
0000000300
0303030000
0303030303
0303030303
0303030300
0000000000
0000000000
0000000000
0000000000
0300000000
0300030303
0000000000
0000000000
0000000000
0003000000
1b1b131b1b
131b131313
1b0b0b0313
131b1b1b1b
0b0b0b0b13
0b0b0b0b0b
0b0b0b0b0b
0b0b0b0b0b
0b0b0b0b0b
0b0b0b0b0b
0b0b131313
0b0b030b0b
0b0b0b0b0b
0b030b0303
0303030b03
0000030303
0000000000
0000000000
0000000000
0000000000
0003000000
0303030300
0303000303
0000030303
0000000003
0003000000
0300000000
03030b030b
0000000303
0300000000
0000000000
0303030303
1b1b1b1b23
0b131b1b1b
0b0b03030b
1313131313
0b0b131313
0b0b0b0b0b
0b0b0b0b0b
0b0b0b0b0b
0b0b0b0b0b
030b0b0b0b
0303030303
0303030b03
0303030303
0000000003
0000030000
0000000000
0000000000
0000000000
0000000000
0000000000
0000000000
0000000000
0003000000
0300000003
0300030003
0000000000
0300000000
03000b030b
0000000000
0000000000
0000000000
0303030300
1313131b1b
0b0b131313
0b0b030303
131313131b
0b0b131313
0b0b0b1313
0b0b0b0b0b
0b0b0b0b0b
0b0b0b0b0b
0b0b0b0b0b
0b0b0b0b0b
030b0b0b0b
0303030b0b
0303030303
0303030303
0000000303
0000000000
0000000000
0000000000
0000000000
0000000000
0000000000
0000000000
0000000000
0000000000
0000000000
0b00000000
03000b030b
0000030000
0000000000
0000030000
0303030303
1313131313
0b13131313
0b03030303
1313131313
0b0b0b0b13
0b0b0b0b0b
0b0b131313
0b0b0b0b0b
0b0b0b0b0b
0b0b0b0b0b
0303030b0b
0303030303
0303030303
0303030303
0303030303
0003030303
0000000000
0000000000
0000000000
0000000000
0000000000
0000000000
0000000000
0000000000
0000000000
0000000000
0300000000
0000130b0b
0000000000
0000030000
0000000300
0303030000
1b1b1b1b1b
0b13131313
0b0b030303
1313131313
0b13131313
0b13131313
0b0b0b1313
0b0b0b0b0b
0b0b0b0b0b
03030b0b0b
0303030303
0303030303
0303030303
0303030303
0003030303
0003030303
0000000300
0000000000
0000000000
0000000000
0000000000
0000000000
0000000000
0000000000
0000000000
0000000000
1300000000
000013000b
0000000000
0000000000
0300000000
0000000000
1313131b1b
0313131313
0b03030303
131313130b
1313131313
0b0b0b0b0b
0b0b0b0b0b
0b0b0b0b0b
0b0b0b0b0b
0b0b0b0b0b
030b0b030b
0303030303
0303030303
0303030303
0303030303
0000000303
0003030303
0000000000
0000000000
0000000000
0000000000
0000000000
0000000000
0000000000
0000000000
0000000000
1300000000
00001b030b
0003000000
0000000000
0000000000
0000000000
1313131313
0b0b131313
0b03030303
131313130b
0b0b0b0b0b
0b0b0b0b0b
0b0b0b0b0b
0b030b0b0b
030b030b0b
0b03030b0b
0303030303
0303030303
0303030303
0300000303
0000030300
0300000000
0000000000
0000000000
0000000000
0000000000
0000000000
0000000000
0000000000
0000000000
0000000000
0000000000
1300000000
00001b130b
0000000000
0000000000
0000000000
0000000000
0b0b131313
030b0b0b0b
0b03030303
0b0b130b0b
0b0b0b0b13
0b0b0b0b0b
0b0b0b0b0b
0b03030b0b
030b0b0b0b
0303030303
0303030303
0303030303
0303030303
0303030303
0000000000
0000000000
0003000000
0000000000
0000000000
0000000000
0000000000
0000000000
0000000000
0000000000
0000000000
0000000000
1300000000
00000b030b
0000000000
0000000000
0000000000
0000000000
1313131313
0b0b131313
0b03030303
0b0b0b0b0b
0b0b0b0b0b
0b0b0b0b0b
030303030b
0303030303
030b0b0303
0303030303
0303030303
0303030303
0303030303
0000000003
0000000000
0000000000
0000000000
0000000000
0000000000
0000000000
0000000000
0000000000
0000000000
0000000000
0000000000
0000000000
1b00000000
0000130303
0000000000
0000000000
0000000000
0000000000
1313131313
0b0b0b0b13
0b03030303
0b0b0b0b0b
03030b0b0b
0b03030303
0b0b0b0b0b
0b0b0b0b0b
030b0b0b0b
03030b0303
0303030b03
0303030303
0303030303
0300030303
0000000303
0000000000
0000000000
0000000000
0000000000
0000000000
0000000000
0000000000
0000000000
0000000000
0000000000
0000000000
1b00000000
00001b0b03
0000000000
0000000000
0000000000
0000000000
0b0b0b0b0b
030b0b0b0b
0b03030303
0b0b0b0b0b
0b0b0b0b0b
0b0b0b0b0b
0b0b0b0b0b
0b0b0b0b0b
0b0b0b0303
0303030303
0303030303
0303030303
0303030303
0003030303
0000000000
0000000000
0000000000
0000000000
0000000000
0000000000
0000000000
0000000000
0000000000
0000000000
0000000000
0000000000
1b00000000
000013130b
0000000000
0000000000
0000000000
0b030b0300
0b0b0b0b0b
0b0b0b0b0b
0b0b030303
0b0b0b0b0b
0b0b0b0b0b
0303030b0b
0303030b0b
030b030303
0303030303
0303030303
0303030303
0303030303
0303030303
0303030300
0303030303
0000030303
0000030000
0000000000
0000000000
0000000000
0000000000
0000000000
0000000000
0000000000
0000000000
0000000000
1300000000
00000b0b0b
0000000000
0000000000
0b0b0b0b03
00030b0b0b
0b130b0b0b
0b0b0b0b0b
0b0b03030b
0b0b0b0b0b
0b0b0b0b0b
0b0b0b0b0b
030b0b0b0b
0303030b0b
03030b0303
0303030303
0003030303
0303030003
0303000003
0303030303
0000000003
0000030303
0303000000
0000030300
0000000000
0000000000
0000000000
0000000000
0000000000
0000000000
0000000000
0000000000
130b1b1303
0b0b0b0b03
030000030b
0b0b0b0b0b
0003030b03
0000000000
0b0b0b0b0b
0b0b0b0b0b
0b0b030303
0b0b0b0b0b
0b0b0b0b0b
0b0b0b0b0b
03030b0b0b
030303030b
0303030303
03030b0303
0303030303
0303030303
0303030303
0303030303
0000000003
0000000000
0000000000
0000000000
0000000000
0000000000
0000000000
0000000000
0000000000
0000000000
0000000000
0b00000000
030303131b
0b0b03030b
13130b0b0b
000b0b0b0b
0000000000
0000000000
0b03030303
0b13130b0b
0303030303
0b0b0b0b03
0b030b0b0b
030303030b
03030b030b
0303030303
0303030303
0303030303
0303030303
0303030303
0303030303
0303030303
0303030300
0000030003
0000000000
0000000000
0000000000
0000000000
0000000000
0000000000
0000000000
0000000000
0b03000000
0b13131313
0b0303030b
030b030b03
030b0b030b
030303030b
130b13130b
00000b0b0b
1b131b1b13
131b1b2323
131b131b1b
0b0b130b13
0b0b0b0b0b
030b030303
0b0b0b0b03
030303030b
0303030303
0303030303
0303030303
0303030303
0000000003
0000000000
0000000000
0000000000
0000000000
0000000000
0000000000
0000000000
0000000000
0000000000
0000000000
0000000000
1b1b1b0303
0b0b0b0b13
0b0b0b0b0b
030b03030b
030b0b0b0b
03030b0303
030b0b0b0b
0b0b030303
231b131b1b
131313131b
1b1b131313
1b1b1b1b1b
1b13131313
1b1b13131b
13131b1b13
130b131313
0b03030b0b
0b0b0b0b0b
1313131313
030303030b
0000000000
0303000000
0000000003
0000000000
0003000003
0000000000
0000000000
0000000000
0000000000
0000000000
0000000000
0b03000000
0b0b131313
030b0b0b0b
0303030303
0303030b03
0303030303
0303030303
0303030303
030303030b
1313131313
1313131313
1313131313
1b13131313
1b1b131b13
131313131b
0b0b0b1313
1313130b0b
131313130b
1313131313
1313131313
1313130b13
0000000b13
0000000000
0000000000
0303030000
0000000300
0000000000
0000000000
0000000000
0000000000
0000000000
0000000000
1313130b00
13130b0b13
030b030b13
03030b0b03
0303030303
030303030b
0303030303
0303030b03
0303030303
1313131313
1313131313
1313131313
1313131313
1313131313
13130b130b
0b0b130b0b
0b0b0b0b13
0b0b0b130b
0b0b0b0b0b
0b0b0b0b0b
0b0b0b0b0b
0b0b0b0b0b
0000000000
0000000300
0000000000
0003030000
0000000000
0303030300
0000000000
0000000000
0000000000
1303130300
0b13131313
0b0b0b0b0b
0b0b0b1313
0303030b03
0303030b0b
030303030b
0303030303
0b0b030303
0303030303
1313131313
1313131313
1313131313
13130b1313
13130b1313
0b0b130b13
0b13130b0b
0b0b0b0b0b
0b0b0b0b13
0b0b0b0b0b
0b0b0b0b0b
03030b0b0b
0b03000303
000000030b
0000000000
0000000000
0000000300
0000000000
0000000300
0000000000
0b0b000000
0303030303
0b0b030300
0b0b130b0b
0b0b030b13
03030b0b0b
0303030303
0b0b0b0b0b
03030b0b0b
030303030b
0303030303
0303030303
1313131313
1313131313
1313131313
1313131313
130b0b0b0b
0b0b0b130b
0b0b0b0b0b
0b0b0b0b0b
0b130b0b0b
0b0b0b0b0b
030b0b0b0b
0000000003
0b03000000
00000b0b03
0000000000
0000000000
0000000000
0000000000
0b03000000
1313131313
030b0b130b
0003030b0b
130b0b0b00
0b0b0b1313
0b1b0b130b
0303030b0b
0b03030303
0b0b0b0303
03030b0b0b
0303030303
0303030303
0b03030303
1313131313
1313131313
1313131313
1313131313
13130b1313
130b0b130b
131313130b
0b0b0b0b0b
0b0b130b0b
030b0b0b03
0000000000
0000000000
0b0b000000
0303131303
000003030b
0000000000
0000000000
13130b0300
0b0b131313
030b0b0b0b
0303000303
030303030b
0b0b130b0b
130b0b0b0b
030b130b13
0b0b0b0b0b
0303030303
030b030303
0b030b0b0b
030b030303
0303030303
0b03030303
0b0b131313
0b0b0b130b
1313130b0b
0b13131313
0b0b0b0b13
0b0b130b13
0b0b0b130b
0b0b0b0b0b
0b0b0b0b0b
00000b0b0b
0000000000
0000000000
231b030000
0b0300130b
030b0b0b0b
0000000003
13130b0000
0b0b130b13
0303030303
0b03000303
031300000b
0b0b030303
0313131313
0b0b0b0b0b
0b0b0b130b
0303030b0b
0b030b030b
0303030303
0b0b030303
03030b0b0b
0303030303
03030b0b03
1313131313
1313131313
0b0b0b1313
130b0b0b0b
0b0b0b0b13
0b0b0b1313
0b030b0b0b
0b03030b0b
0b0b0b0b0b
00030b0b0b
0000000000
0000000000
031b1b0000
000b0b0000
0b0000030b
0b0b0b0b0b
0b0b13131b
0b0b030000
0003030b0b
0b0b000000
030b00030b
130b0b0b0b
0b0b0b0b13
13130b0b0b
0b0b0b0b13
030b030b0b
0b0b030303
030303030b
0303030303
0303030b0b
0303030303
0303030303
1313131313
1313131313
0b13131313
13130b0b13
1313130b13
0b0b0b0b13
03030b0b0b
0b0b03030b
0b0b0b0b0b
000b0b0b0b
0000000000
0000000000
0313231b03
030b0b0303
0b0300000b
0b0b0b0b0b
030303030b
000b030303
0303030000
0b13030000
0b1313030b
0b0b0b0b13
0b130b0b0b
130b0b0b0b
03030b030b
030303030b
03030b0303
0303030303
0303030303
0b030b0303
0303030303
0b0303030b
1313131313
1313131313
130b131313
13130b1313
1313131313
0b130b1313
0303030303
0b0b0b0303
0b0b0b0b0b
000b0b0b0b
130b000000
1303000303
03030b1b23
00030b0b03
0b0b030000
0303000b03
00030b0b0b
0003030300
0303030000
0b03030000
13130b0b0b
0b0b0b0b0b
0b13130b0b
0b0b0b0b0b
030b03030b
0303030303
030b0b0b0b
0303030303
0303030303
030b030b0b
03030b0b03
0303030303
1313131313
0b130b1313
1313131313
131313130b
1313131313
1303030b13
030b0b030b
0b13130b03
0b0b0b0b0b
03030b0b0b
13131b0b13
2323031313
03000b0b13
000b0b130b
030b0b0b03
1303030303
030b0b0b0b
0013131303
030b0b0b03
1b130b0b03
0b0b0b0b13
0b0b0b0b0b
131313131b
0b0b0b0b13
030b0b030b
0303030303
0303030303
0b0303030b
0303030b03
03030b0303
0b030b0b03
0303030303
0b0b0b0b0b
1313130b0b
1313131313
13130b0b13
1313130b13
030b03130b
0b03030303
0b0b0b130b
0b0b0b130b
13130b0b0b
0b0b13130b
131b1b130b
0b030b0b13
0b0b0b030b
0303000b13
0b0b030303
0b0b0b0b0b
0b0b0b1b13
0b0b131313
13130b0b0b
0b0b0b130b
130b13130b
1313131313
03030b0b13
030303030b
0303030303
0303030b03
03030b030b
030b030b03
0b03030303
030b0b0b0b
0b0b030303
13130b0b13
13130b130b
0b0b0b0b0b
13130b0b0b
0b0b131313
0b0b0b030b
13130b0b0b
0b0b0b0b13
0b0b0b0b0b
0b130b0b0b
0b0b0b0b13
0b0b0b1313
0b030b0b13
0b0b0b0b03
0303030303
0000030303
0b0b030300
0b0b130b0b
0b0b0b0b0b
0b0b0b0b0b
130b0b0b0b
1313130b13
1313131313
0b030b131b
030303030b
0303030303
0b03030303
0b0b030303
0303030303
0303030303
0b0b0b0b03
0303030303
1313130b0b
0b130b0b0b
0b0b0b0b0b
0b0b0b0b0b
0b0b130b0b
0b0b0b0b0b
0b0b0b0b0b
0b0b0b0b0b
0b0b13130b
0b0b0b0b0b
0b0b0b0b0b
0b0b0b0b0b
130b0b0b0b
0303030303
030b030303
0b03000303
0b03030303
030b0b030b
0b0b0b0b0b
0b0b0b0b0b
0b0b0b0b0b
13131b1313
13131b1313
0b030b0b13
030303030b
0303030303
0b0b0b0303
0b03030303
0b03030303
030303030b
0b0b0b0b03
0303030303
0b0b0b0b0b
0b0b0b0b0b
0b0b0b0b0b
130b0b0b0b
130b0b130b
0b0b130b0b
0b0b0b130b
0b0b0b0b13
0b0b0b0b0b
0b0b0b0b13
0b0b0b0b0b
0b0b0b0b0b
130b0b0b0b
0003030b0b
03030b0300
03130b0003
130b0b0b0b
0b030b030b
0b0b0b0b0b
0b0b130b0b
130b0b1313
131313131b
0b130b0b0b
0b030b0b0b
030303030b
0303030b03
0b03030303
0303030b0b
0303030b0b
03030b030b
030b030b03
0303030b0b
0b0b0b130b
0b13130b0b
0b0b0b0b0b
0b130b0b0b
0b0b0b0b0b
0b0b0b0b0b
130b0b130b
0b0b131313
0b0b0b0b0b
0b0b0b0b0b
0b0b0b0b0b
0b0b0b0b0b
0b0b0b0b0b
0303030b0b
03030b0b03
0b13130303
0b0b030b0b
030b0b0b0b
130b0b0b0b
0b0b0b0b0b
13130b0b13
130b131b1b
0b130b0b0b
0b030b0b0b
03030b0303
0303030303
0303030303
0b03030303
0303030303
030b030303
0b03030303
0b030b0b0b
13130b0b03
0b0b0b0b0b
0b0b0b0b0b
130b0b0b0b
0b0b0b0b0b
13130b0b0b
0b0b0b1313
0b0b0b0b0b
130b0b0b0b
0b0b0b0b0b
0b0b0b0b0b
0b0b0b0b0b
0b130b0b0b
0b0303030b
0b0303030b
0b0b0b0303
13130b0b0b
0b0b0b0b0b
0b0b0b0b0b
0b0b0b130b
0b13130b0b
0b1b131313
0b0b0b0b0b
03030b0b0b
0b03030b03
0303030303
0303030303
03030b0303
0b0b0b0303
0303030b03
0303030303
0b0b030b0b
0b0b0b1313
0b0b0b0b0b
0b0b0b0b0b
0b0b0b0b0b
130b0b0b0b
0b130b0b0b
0b0b130b0b
0b0b0b0b0b
0b0b0b0b0b
0b0b0b1313
0b0b0b130b
0b0b0b0b0b
0b0b0b0b0b
0b0b030303
0b0b130b0b
0b1313030b
0b0b030b0b
0b0b0b0b0b
0b0b0b130b
13130b130b
130b13130b
0b0b13131b
1313130b13
0b0b030b0b
030303030b
03030b0303
0303030303
0b0b0b0303
030b0b0303
0303030b0b
0303030303
0b0b0b0303
0b0b0b0b0b
130b0b0b0b
0b0b0b0b13
0b0b0b0b0b
13130b130b
0b0b0b0b13
0b0b130b0b
030b0b0b0b
130b131313
0b0b0b0b13
0b130b0b0b
0b0b0b0b0b
0b0b0b0b0b
0b0b0b0b03
030b0b0b0b
0b0b0b1303
0b0b0b0b13
0b0b130b0b
0b0b0b0b0b
0b0b0b0b03
13130b0b0b
1b13131313
1313131313
130b0b0b0b
030b0b0b0b
0303030303
0303030303
030b030303
030b030303
030b0b0b0b
0303030b03
0b03030b03
0b0b0b0b0b
0b0b0b0b0b
1313130b0b
0b0b0b0b13
1313130b0b
0b0b0b0b0b
130b0b0b0b
0b0b0b0b0b
0b13130b0b
0b0b0b0b0b
0b0b130b0b
0b0b0b0b0b
0b0b0b0b0b
0b0b0b0b0b
0b0b0b0b03
130b0b0b0b
0b0b0b0b0b
0b0b0b0b13
0b0b0b130b
0b0b0b0b0b
131313130b
0b0b0b0b13
1b13130b0b
0b0b0b0b13
03030b0303
0303030303
03030b0303
0303030303
0303030303
030b0b0303
0303030b0b
03030b0303
0b0b0b0b0b
0b0b130b0b
0b13130b0b
0b0b0b0b0b
0b0b0b0b13
0b0b0b130b
0b0b0b130b
0b0b0b0b0b
130b0b0b0b
0b0b0b0b0b
0b0b0b0b0b
0b0b0b0b0b
0b0b0b0b0b
0b0b0b0b0b
0b0b030b0b
1313130b0b
131313131b
1313131313
130b0b0b0b
1313131313
0b030b1313
0b0b0b0b0b
131313130b
1313130b0b
0b0b030b0b
0b0b0b0b0b
030b030b0b
0303030303
0303030303
0b0b030303
0303030303
03030b0b03
0b0b0b0b0b
0b130b0b0b
0b0b0b0b0b
0b0b0b0b0b
13130b0b0b
0b0b0b0b13
0b0b0b0b0b
1313130b0b
1313131313
0b0b0b0b0b
0b0b0b030b
0b0b0b0b0b
0b0b0b0b0b
0b0b0b0b0b
0b0b0b0b0b
1b0b0b030b
0b0b0b1313
0b130b0b0b
130b0b0b0b
0b13131b13
1313131313
030b130b0b
130b130b13
030b131313
0b0b030303
0b03030303
0b03030003
0b0b030b0b
0b0b0b0b03
03030b0b03
030303030b
030b0b0303
0b0b130b0b
0b0b0b0b0b
0b13130b0b
1313130b0b
0b130b1313
0b13130b13
0b0b130b0b
1313131313
1313131313
0b0b0b0b0b
0303130b0b
0b0b0b0b0b
0b0b030b0b
0b0b0b130b
030b130b0b
1313131313
1313130b13
1313130b13
130b131313
1313130b13
13130b1313
1313131b13
0b13131313
130b131313
130b0b0b13
130b0b130b
0b13131313
030b0b0b0b
030b0b0300
030b0b0b0b
03030b0b03
0b0b0b0b03
0b0b0b0b13
0b0b0b0b0b
0b0b130b0b
1313130b0b
1313131313
0b130b1313
1313131313
0b0b0b0b0b
13130b0b0b
0b0b0b0b0b
13130b0b0b
0b0b0b0b0b
0b0b0b0b0b
0b0b0b0b0b
131313130b
0b0b13131b
0b0b131313
0b13131313
0b13130b13
1313130b13
131313131b
1313131313
131313131b
0b0b0b0b0b
130b0b131b
0b0b0b0b13
0b0b0b0b0b
131313130b
0b0b0b1313
0b03030303
0b0b0b0b03
0303030b0b
130b0b0b0b
0b0b0b0b0b
0b0b0b0b0b
0b0b0b0b0b
0b0b0b0b13
0b0b0b1313
1313130b13
0b0b0b0b0b
13130b0b0b
1313131313
0b130b1313
0b130b1313
131b13130b
131b131313
13131b1313
0b13131313
0b130b0b13
130b0b0b0b
130b0b0b0b
0b0b0b1b13
0b0b030b0b
0b0b131313
0b0b0b0b0b
1313131313
0b0b0b1313
0b130b0b0b
13130b0b0b
0b0b13130b
130b130b0b
0b0b131b13
0b0b0b0b0b
0b0b0b0b03
0b0b130b13
0b0b0b0b13
0b0b0b0b0b
0b0b0b0b13
0b0b0b0b0b
0b0b0b130b
131313130b
130b13130b
13130b0b13
131b131313
13131b1313
0b0b0b0b13
1313130b13
13131b1313
1313131b13
130b0b0b0b
0b0b13131b
0b0b0b0b0b
0b0b0b0b0b
0b0b030b13
0b0b030b0b
0b0b0b0b0b
0b13130b13
130b0b0b13
130b0b0b0b
1b1313130b
1313130b13
0b13130b0b
130b0b130b
13131b1313
0b131b1313
0b0b0b1313
0b0b130b13
0b0b0b0b0b
130b0b0b13
0b0b0b0b0b
130b130b0b
0b0b131313
0b0b13130b
0b0b0b130b
0b0b0b0b0b
1313131313
1313130b13
1b13131313
131b0b1313
1313131313
0b130b130b
130b0b0b0b
0b0b0b0b0b
0b0b0b0b03
0b0b0b0b03
0b0b0b0b0b
0b0b0b030b
130b0b0b0b
0b0b0b1313
0b0b13130b
131b130b13
0b0b130b0b
1313130b0b
13130b0b13
1313131313
1b130b0b13
130b0b0b0b
13130b0b0b
0b030b130b
0b0b130b0b
130b0b130b
0b130b130b
130b131313
0b0b0b130b
0b0b0b0b13
13130b0b0b
0b0b0b0b13
0b1313130b
1313131313
130b131313
0b13131313
0b13131313
0b030b0b0b
130b0b0b0b
030b0b0b0b
0b0b0b0b0b
0b0b0b0b0b
0b0b0b0303
0b0b0b0b0b
0b0b0b0b03
0b0b0b0b0b
131313130b
0b13131313
130b0b1313
0b13131313
0b0b0b0b0b
1b13130b0b
131b1b1313
13130b0b0b
130b130b13
1313130b0b
130b0b0b0b
13130b130b
13130b1313
130b0b130b
1313130b0b
0b0b0b0b0b
0b130b0b0b
0b13130b0b
1313131313
0b0b0b0b13
0b130b0b0b
131313130b
030b0b0b13
0b0b0b0b0b
130b0b0b0b
130b0b1313
0b0b0b130b
0b0b13130b
130b0b0b0b
0b0b03030b
0b0b0b0b0b
0b0b0b0b0b
0b0b0b0b13
0b0b0b0b13
1313130b0b
0b1313130b
130b131b13
1313130b13
13131b1313
130b130b13
0b130b0b0b
130b0b0b0b
0b0b130b0b
0b130b0b0b
0b0b0b0b13
0b0b0b0b0b
0b130b130b
0b130b0b13
131313130b
13130b1313
0b13130b13
0b0b0b0b0b
0b0b0b130b
0b0b0b0b0b
0b0b13130b
130b130b13
1313131313
0b0b0b0b0b
0b13130b13
0b0b0b130b
0b0b0b0b0b
0b13130303
030b0b0b03
0b0b0b0b0b
0b0b0b0b03
0b0b0b0b0b
0313131313
130b0b0b0b
1313030b0b
130b030b0b
0b0b0b0b0b
1b1b13130b
0b0b0b130b
130b0b0b0b
0b13130b0b
0b0b130b13
130b0b0b13
0b0b130b13
0b0b0b0b0b
0b13130b13
1313130b13
1313130b13
0b0b130b13
0b0b0b0b0b
0b0b0b0b13
130b0b130b
13130b0b0b
130b131313
0b0b13130b
0b0b0b0b0b
0b0b0b130b
0b0b0b130b
0b0b0b0b0b
0b0b0b0b0b
0b03030b0b
0b0b0b0b13
0b0b0b0b0b
0b0b030b0b
13130b0b0b
1b1313131b
13130b130b
13130b0b0b
13130b0b0b
13130b130b
0b0b0b0b13
0b0b0b0b0b
130b0b0b0b
0b0b0b0b0b
0b0b0b030b
0b0b0b0b0b
0b0b0b0b0b
0b0b0b0b0b
0b0b0b0b0b
0b130b1313
13131b1b13
130b13130b
130b0b0b0b
0b130b130b
0b0b0b0b13
0b13130b03
0b0b0b0b0b
0b0b0b130b
03030b0b0b
0b0b0b0b0b
030b0b0b0b
0b0b0b1303
0b0b0b030b
0b0b0b0b0b
130b0b0b0b
130b130b13
1b13131313
131b13131b
1313131313
130b0b0b0b
131b0b0b0b
0b13131313
0b1313130b
0b0b0b0b0b
0b0b0b0b0b
0b0b0b0b03
030b0b1303
0b0b0b0b13
0b0b0b0b0b
030b0b0b0b
0b0b130b0b
13130b0b13
1b13131313
0b0b131b13
0b13130b0b
0b0b0b0b0b
0b0b0b0b0b
030b0b0b0b
0b0b0b0b03
030b0b0b0b
0b0b0b030b
03030b030b
0b0b030b03
030b0b0b0b
130b030b03
0b0b0b130b
130b0b0b13
131313130b
1313131313
0b0b131313
130b130b0b
13130b130b
130b130b0b
0b130b1313
1b13131313
0b0b0b030b
0b0b0b0b0b
0b0b0b0b03
0b130b0b0b
0b0b0b0b13
0b0b0b0b0b
0b0b130b0b
0b0b0b0b0b
1313131313
1b13131313
131b131313
130b0b1313
0b0b0b130b
0b0b0b0b0b
0b0b030b0b
0b030b0b0b
0b0b0b0b13
0b0b0b030b
0b0b0b0b0b
0303130b03
0b0b0b0b0b
0b0b0b030b
0b0b13130b
0b13130b0b
1313131313
0b130b130b
0b130b130b
130b0b0b0b
130b0b130b
130b0b0b0b
130b0b130b
13130b1313
0b0b130b0b
0b0b0b0b0b
0b0b0b130b
0b0b0b0b0b
0b0b0b0b0b
0b0b0b0b0b
0b0b0b130b
030b0b0b0b
0b130b0b0b
0b13131313
131313130b
13130b1313
130b0b0b13
0b130b0b0b
0b0b0b130b
130b0b0b0b
030b0b0b13
0b0b0b0b0b
0b0b0b0b03
0b0b0b0b0b
03030b0b0b
0b0b030b03
130b0b0b0b
1b13131313
13130b131b
130b130b0b
0b0b130b0b
0b0b0b0b0b
0b0b0b0b0b
130b0b0b0b
0b0b0b0b0b
0b13131313
0b0b0b0b0b
030b0b0b0b
0b0b0b0b0b
0b0b0b0b0b
0b0b0b0b0b
0b0b0b0b0b
0b030b0b0b
130b0b130b
130b0b130b
130b0b0b13
130b0b0b0b
0b130b1313
130b0b0b13
0b130b0b0b
0b0b0b0b0b
0b0b0b0b0b
0b0b0b0b03
0b0b0b0b0b
0b0b0b0b0b
0b0b0b1313
0b0b0b0b0b
03030b0303
0b0b0b0b0b
0b0b0b0b0b
0b13130b13
0b0b130b0b
0b0b0b0b0b
0b0b0b0b0b
0b0b0b0b0b
0b0b0b0b0b
130b130b0b
0b130b0b13
0b0b0b0b0b
0b0b0b0b0b
0b0b0b0b0b
0b0b0b0b0b
0b0b0b0b0b
0b0b0b0b0b
130b0b0b03
0b130b0b0b
0b0b13130b
0b0b0b0b0b
0b0b0b0b0b
130b0b0b0b
030b0b0b0b
0b0b0b0b0b
130b0b0b0b
0b13130b0b
0b0b0b0b0b
13130b0b0b
0b0b0b0b0b
0b0b0b0b0b
0b030b0b0b
0b0b0b0b0b
0b0b0b0b03
130b0b0b13
0b0b130b13
130b0b0b0b
0b0b0b0b0b
0b0b030b0b
0b0b0b0b0b
0b0b0b030b
0b0b0b0b0b
0b0b0b0b0b
0b0b0b0b0b
0b0b0b0b0b
0b0b0b0b0b
0b0b0b0b0b
0b0b0b0b0b
0b0b0b0b0b
0b0b0b0b0b
0b0b0b0b13
0b0b0b0b0b
0b0b0b0b13
0b0b0b0b0b
0b0b0b130b
0b0b0b0b0b
0b0b0b0b0b
0b0b130b0b
0b0b0b0b0b
0b030b0303
03030b0b0b
0b0b0b0b0b
0b0b0b0b03
0b0b0b0b0b
0b0b0b030b
030b0b0b0b
0b0b0b0b0b
0b0b0b0b03
0b0b0b0b0b
0b0b0b0b0b
0b0b0b0b0b
0b0b0b0b0b
0b0b0b0b0b
0b0b0b0b0b
0b130b0b0b
0b0b0b0b0b
0b0b0b0b0b
0b0b0b0b0b
0b0b0b0b0b
0b0b0b0b0b
0b0b0b0b0b
0b0b0b1313
130b0b0b13
0b130b0b0b
0b0b0b0b0b
0b0b0b0b0b
0b0b0b0b0b
0b0b0b0b0b
0b0b0b0b0b
030b0b0b0b
0b0b0b0b0b
0b03030b0b
0b0b0b0b0b
0b0b0b0b0b
0b0b0b0b0b
03030b0b0b
0b0b0b0b03
0303030b0b
0b0b0b0b0b
0b0b130b03
0b0b0b0b0b
0b0b0b0b0b
0b0b0b0b0b
0b0b0b0b0b
0b0b0b0b0b
0b0b0b0b0b
0b0b0b0b0b
0b0b0b0b0b
0b0b0b0b0b
0b0b0b0b0b
0b0b0b0b0b
0b030b0b0b
0b0b0b0b0b
0b0b0b0b0b
0b0b0b0b0b
0b0b0b0b0b
0b0b0b0b03
0b0b0b030b
0b0b030b0b
0b0b0b0b0b
0b0b130b0b
0b13130b0b
0b0b0b0b0b
0b0b030b0b
0b0b030b0b
0b0b0b0b0b
0b0b030b0b
0303030b0b
0b0b0b0b0b
0b030b0b0b
0b030b0b03
0b0b0b0b03
030b0b0b0b
0b030b0b0b
0b0b030b03
0b0b0b0b0b
0b0b0b0b0b
0b0b0b0b0b
0b0b0b0b0b
0b0b0b0b0b
130b0b0b13
0b030b0b0b
0b0b0b0b0b
0b0b0b0b0b
0b0b0b0b0b
0b0b0b0b0b
0b0b0b0b0b
0b0b0b0b0b
0b0b0b0b13
0b0b0b030b
0b0b0b0b0b
0b0b0b0b0b
0b0b0b0b0b
130b0b0b0b
0b0b0b0b13
0b0b13130b
0b0b130303
0b0b0b0b0b
0b0b0b030b
13130b0b03
0b0b030b13
030b030b0b
0b0b0b0b0b
0b0b0b0b03
0b0b0b0b0b
0b0b0b030b
0b0b0b0b0b
030b0b0b0b
0b0b0b0b0b
0b0b0b0b0b
0b0b0b0b0b
0b0b0b0b0b
130b0b0b0b
130b0b0b0b
0b0b0b0b0b
0b0b0b0b0b
0b0b0b0b0b
13130b130b
0b0b0b130b
1b0b0b030b
130b0b0b13
0b0b0b0b0b
0b0b0b0b0b
0b0b0b0b0b
0b0b0b0b0b
0b13130b0b
0b0b030b0b
0b0b0b0b0b
030b0b0b0b
0b0b0b0b0b
0b0b13130b
0b130b0b0b
0b0b0b0b0b
130b0b030b
0b0b0b0b13
0b0b0b0b03
0b03030303
030b0b0b0b
0b0b0b0b0b
0b0b0b0b0b
0b0b0b0b0b
0b0b0b0b0b
030b0b0b03
0f0f0f0f0f
0f0f0f0f0f
0f0f0f0f0f
0f0f0f0f0f
0f0f0f0f0f
0f0b06060f
0002060f0f
0000000000
0202000000
0f0b0b0b06
0f0f0f0f0b
0f0f0f0f0f
060b0b0b0b
0b0b0b0b06
0606060b0b
0606060606
0b0b0b0b0b
02060b0b0b
0b0b0b0606
0b0b0b0b0b
06060b0b0b
0002060606
0000000000
0000020000
0000000000
0000000000
0606060600
0f0b0b0b0b
0f0f0f0f0f
0f0f0f0f0f
0f0f0f0f0f
0f0f0f0f0f
0f0f0f0f0f
0f0f0f0f0f
0f0f0f0f0f
0f0f0f0f0f
0f0f0f0f0f
0b0f0b0f0f
0b0f0f0f0f
0000020206
0202020200
0b0b0b0b06
0f0f0f0f0f
0b0b0b0f0f
000206060b
0606020000
0602060606
0606060606
0b0b0b0b06
0b0f0b0b0b
0f0f0f0f0b
0b0b0b0b0b
060b060b0b
0202020606
0000000200
0000000000
0000000000
0200000000
0b06060602
0f0f0f0f0f
0f0f0f0f0f
0f0f0f0f0f
0f0f0f0f0f
0f0f0f0f0f
0f0f0f0f0f
0f0f0f0f0f
0f0f0f0f0f
0f0f0f0f0f
0f0f0f0f0f
0f0f0f0f0f
0b0b0b0b0b
06060b0b06
0606020202
0b06020202
0f0f0f0b0b
0b0b0b0b0f
0202060606
0202020000
0202020002
0606060606
0b0b0b0606
0f0b0b0b0b
0f0f0f0f0f
0606060b0b
0606060606
0202060606
0000000002
0000000000
0000000000
0202000000
0b0b060606
0f0f0f0b0b
0f0b0b0b0b
0f0f0f0f0f
0f0f0f0f0f
0f0f0f0f0f
0f0f0f0f0f
0f0f0f0f0f
0f0f0f0f0f
0f0f0f0f0f
0f0f0f0f0f
0f0f0f0f0f
0b0b0f0b0f
0b0b0b0b0b
0b0b0b0b0b
0b0f0f0f0f
0f0f0f0f0b
06060b0b0b
0602020202
0206020202
0606020202
0b06060606
0b0b0b0b0b
0b06060b0b
060b0b0b0b
0606060606
0202020206
0202060202
0000000002
0000000000
0000000000
0602020002
0b0b0b0606
0b0f0f0f0b
0b0b0b0b0b
0b0f0f0b0b
0f0f0f0f0f
0f0f0f0f0f
0f0f0f0f0f
0f0f0f0f0f
0f0f0b0f0f
0f0f0f0f0f
0f0f0f0f0f
0f0f0f0f0f
0f0f0f0f0f
0b0b0b0b0b
0b0f0f0b0b
0b0b0f0b0b
0b0b0b0b0b
0b06060b0b
0b06060b0b
0f0b0b0b0b
0b0b060b0b
0b0b0b0b0b
0b0b0b0b0f
06060b0b06
0606060606
0000020206
0002000000
0000000000
0000000000
0000000000
0200000000
0606020202
0b0b0b0b0b
0f0b0b0f0b
0b0f0f0b0b
0f0f0f0b0b
0f0f0f0f0f
0f0f0f0f0f
0f0b0b0b0b
0b0b0f0f0f
0f0f0f0f0f
0f0f0f0f0f
0f0f0f0f0f
0f0f0f0f0f
0f0f0f0f0f
0b0b0b0b0f
0f0b0b0b0b
0f0f0f0f0f
0b0b0b0b0b
0f0b0b0b0b
060b0b0b0b
0f0f0b0b06
0b0602060b
0b0b0b0b0b
0f0b0b0b0b
06060b0b0b
0606060606
0002060606
0000000000
0002000000
0000000000
0000000000
0200000000
0206060202
0b0b0b0606
0f0b0b0f0b
0b0b0f0b0b
0f0f0f0f0f
0f0f0f0f0f
0f0f0f0b0f
0b0b0b0b06
0b0b0b0b0b
0f0f0f0b0b
0f0f0f0f0b
0b0b0f0f0f
0f0b0f0b0b
0b0b0b0b0f
0b0b0b0b0b
0f0f0f0f0f
0f0f0f0f0f
0f0b0f0b0f
060b0b0f0f
0602060606
0606060206
0606060200
0606060606
0606060606
0206060202
0206020602
0202060602
0202020002
0002000000
0000000000
0000000000
0000000000
0202020202
0b0b060602
0b0b0b060b
0b0b0b0b06
0f0f0f0f0f
0b060b0f0f
0f0f0f0f0f
0b06060606
0b0b0b0b0b
0b0b0b0b0b
0b0f0b0b0b
0f0f0f0b0b
060b0b0b0b
060b060606
0606060606
0b0b0b0b0b
0b0b0b0b0b
0b0b0b0b0b
02060b0b0b
06060b0202
0202060606
060b060600
0602020206
0000000206
0200020000
0202020202
0002020602
0200000000
0000000200
0000000000
0000000000
0000000000
0202020202
0b0b060202
06060b0b06
0f0f0f0b0b
0f0f0f0f0f
0f0f0f0f0b
0f0f0f0f0f
0606060602
0b0b060606
06060b0b0b
0b0b0b0606
0f0b0b0b0b
0206060b0f
0202020202
0000020002
0206020200
0606060606
0606060206
0000000206
0602020200
0202060602
0002020202
0606060602
0000020202
0000000000
0000000000
0002000200
0202000000
0000020202
0000000000
0000000000
0000000000
0202020202
0f0b0b0b06
0b0b0b0b0b
0f0f0f0f0b
0f0f0f0f0f
0f0f0f0f0f
0f0f0f0f0f
0606060202
0606060606
06060b0b06
0606020606
0b060b0606
0202060206
0000000000
0000000002
0000000000
0200000000
0206060602
0000000202
0000000000
0000000000
0000000000
0000000000
0000000000
0000000000
0000000000
0000000000
0000000000
0000000002
0000000000
0000000000
0000000000
0606060202
0b0b0b0b06
0f0f0f0f0b
0f0f0f0f0f
0f0f0f0f0f
0f0f0f0f0f
0f0f0f0f0f
0606020202
0606060606
0606060606
0606060606
0b0b060606
0606060b06
0206060606
0206020602
0002020202
0000000000
0202020202
0000020202
0000000000
0200000000
0000000000
0000000000
0002000000
0000000002
0000000000
0000000000
0000000000
0000000000
0000000000
0000000000
0202000000
0606060602
0b0b0b0b0b
0f0f0f0f0f
0f0f0f0f0f
0f0f0f0f0f
0f0f0f0f0f
0f0f0f0f0f
0602020202
0206060606
0606060606
0606060606
0606060606
0606060606
0606060606
0606060606
0000020206
0202020002
0202020202
0200020202
0000000000
0000000000
0000000000
0000000000
0202000000
0000020202
0000000000
0000000000
0000000000
0000000000
0000000000
0200000000
0b0b060602
0b0b0b0b0b
0b0f0f0b0b
0f0f0f0f0b
0f0f0b0b0f
0f0f0f0f0f
0f0f0f0f0f
0f0f0f0f0f
0202020002
0202020202
0202020202
0202060602
0206020206
0202020206
0202020202
0202060606
0202020206
0202020202
0206020202
0000020202
0000020000
0000020002
0000000000
0000000000
0200000000
0000000202
0000000000
0000000000
0000000000
0000000000
0000000000
0202020000
0b0b0b0b06
0b0f0b0b0b
0f0f0f0f0f
0b0b0b0b0f
0f0f0f0b0b
0f0f0f0f0f
0f0f0f0f0f
0f0f0f0f0f
0000000202
0000000000
0000000000
0202020000
0202020202
0202020202
0000000000
0602020202
0202020202
0202020202
0202020202
0202020202
0202000000
0206020202
0002020202
0200020000
0000000000
0000000000
0000000000
0000000000
0000000000
0000000000
0000000000
0606020202
0b0b0b0b06
0b0b0b0b0b
0b0b0f0b0b
0b0b0b0606
0b0f0f0f0b
0f0b0b0b0f
0f0f0f0f0f
0f0f0f0f0f
0000000202
0000000000
0000000000
0000000002
0202020202
0202020202
0000000202
0000000000
0200020002
0202020202
0202020202
0202020202
0000000000
0202020202
0000020202
0202000202
0000000000
0000000000
0000000000
0000000000
0000000000
0000000000
0000000000
0606020202
0b0b0b0606
0b0b0b0b0b
020b0b0b0b
0b0b0b0b02
0b0b0b0b0b
0b0b0b0b0b
0f0b0b0b0b
0f0f0f0f0f
0002020202
0000000000
0000000000
0000000000
0002000000
0202020200
0000000002
0000000000
0000000000
0202000000
0202020202
0000000000
0000000000
0000000000
0000000000
0000000000
0000000000
0000000000
0000000000
0000000000
0000000000
0000000000
0202020000
0606060202
0b0b0b0606
0b0b0b0b0b
0b060b0b0b
0b0b0b0b0b
0b0b0b0b0b
0b0b0b0b0b
0f0f0f0f0b
0f0f0f0f0f
0000020202
0000000000
0000000000
0000000000
0000000000
0202020000
0202020202
0200020002
0000000000
0000000000
0000000000
0000000000
0000000000
0000000000
0002020200
0000000000
0000000000
0200000000
0200000202
0000000000
0000000000
0000000000
0602020200
0b0b060606
0b0b0b0b0b
0b0b0b0b0b
0b0b0b0b0b
0b0b0b0b0b
0b0b0b0b0b
0b0b0b0b0b
0b0b0b0b0b
0f0f0f0f0f
0202020200
0000020000
0000000000
0000000000
0000000000
0000000000
0000000000
0000000000
0000000000
0000000000
0000000000
0000000000
0000000000
0000000000
0000000000
0200000000
0000000000
0202000000
0202020202
0602060602
0000000202
0000000000
0606060202
0b0b0b0b06
0b0b0b0b0b
0b0b0b0b0b
0b0b0b0b0b
0b0b0b0b0b
0b0b0b0b0b
0b0b0b0b0b
0b0b0b0b0b
0f0b0b0b0b
0202000202
0000000002
0000000000
0000000000
0000000000
0000000000
0000000000
0000000000
0000000000
0000000000
0000000000
0000000000
0000000000
0000000000
0000000000
0000000000
0000000000
0000000000
0002000000
0606060200
0606060606
0202020202
0b060b0606
0b0b0b0b0b
0b0b0b0b0b
0b0b0b0b0b
0b0b0b0b0b
0b0b0b0b0b
0b0b0b0b0b
0b0b0b0b0b
0b0b0b0b0b
0b0b0b0b0b
0202020200
0000020202
0002000000
0000000002
0000000000
0000000000
0000000000
0000000000
0000000000
0000000000
0000000000
0000000000
0000000000
0000000000
0000000000
0000000000
0000000000
0000000000
0000000000
0606020200
0b0b0b0606
0b0b0b0b0b
0b0b0b0b06
0b0b0b0b0b
0b0b0b0b0b
0b0b0b0b0b
0b0b0b0b0b
0b0b0b0b0b
0b0b0b0b0b
0b0b0b0b0b
0b0b0b0b0b
0b0b0b0b0b
0202020202
0002020202
0200000000
0000000202
0000000000
0000000000
0000000000
0000000000
0000000000
0000000000
0000020202
0000000000
0000000000
0000000000
0000000000
0000000000
0000000000
0000000000
0000000000
0000000000
0b0b060600
0b0b0b0b0b
0b0b0b0b0b
0b0b0b0f0b
0b0b0b0b0b
0b0b0b0b0b
0b0b0b0b0b
0b0b0b0b0b
0b0b0b0b0b
0b0b0b0b0b
0b0b0b0b0b
0b0b0b0b0b
0202020000
0202020202
0000000000
0000000000
0000000000
0000000000
0000000000
0000000000
0000000000
0000000000
0000000000
0202020000
0000000202
0000000000
0000000000
0000000000
0000000000
0000000000
0000000000
0000000000
0b06060200
0b0b0b0b0b
0b0b0b0b0b
0606060606
0b0b0b0b0b
0b0b0b0b0b
0b0b0b0b0b
0b0b0b0b0b
0b0b0b0b0b
0b0b060606
0b0b0b0b0b
0b0b0b0b0b
0200000000
0002020200
0000000000
0000020000
0000000000
0000000000
0000000000
0000000000
0000000000
0000000000
0000000000
0000000000
0000000000
0000000000
0000000000
0000000000
0000000000
0000000000
0000000000
0202000000
0206020202
0b06060602
060b0b0b0b
0200000002
0b0b0b0602
0b0b0b0b0b
0b0b0b0b0b
060b0b0b0b
0b06060606
0b0b0b0b0b
0b0b0b0b0b
0b0b0b0b0b
0200000000
0000000002
0000000000
0000000000
0000000000
0000000000
0000000000
0000000000
0000000000
0000000000
0000000000
0000000000
0000000000
0000000000
0000000000
0000000000
0000000000
0000000000
0000000000
0200000000
0000000002
0202020000
0606060606
0000000000
0b06060202
0b0b0b0b0b
0b0b0b0b0b
0606060b0b
0b06060606
0b0b0b0b06
0b0b0b0b0b
0b0b0b0b0b
0000000000
0000000000
0000000000
0000000000
0000000000
0000000000
0000000000
0000000000
0000000000
0000000000
0000000000
0000000000
0000000000
0000000000
0000000000
0000000000
0000000000
0000000000
0000000000
0000000000
0000000000
0202020200
0002020202
0200000000
0606060202
06060b060b
0b060b0606
0606060606
0606060606
0b0b0b0b06
0b0b0b0b0b
0f0f0b0b0b
0000000000
0000000000
0000000000
0000000000
0000000000
0000000000
0000000000
0000000000
0000000000
0000000000
0000000000
0000000000
0000000000
0000000000
0000000000
0000000000
0000000000
0000000000
0000000000
0000000000
0000000000
0202020000
0200000000
0202020202
060b060606
0606060606
0606060606
0202060206
0b06060602
0b0b0b0b0b
0b0b0b0b0b
0606000606
0000000000
0000000000
0000000000
0000000000
0000000000
0000000000
0000000000
0000000000
0000000000
0000000000
0000000000
0000000000
0000000000
0000000000
0000000000
0000000000
0000000000
0000000000
0000000000
0000000000
0000000000
0202000000
0206020202
0606060602
060606060b
0606060606
0606060606
0606060606
0b0b0b0606
0b0b0b0b0b
060b0b0b0b
0606060606
0000000000
0000000000
0000000000
0000000000
0000000000
0000000000
0000000000
0000000000
0000000000
0000000000
0000000000
0000000000
0000000000
0000000000
0000000000
0000000000
0000000000
0000000000
0000000000
0000000000
0000000000
0202000000
0606020602
0606060b06
0606060606
0606060606
0202020202
0606060602
060b0b0606
06060b0b0b
0b0b0b0b0b
060606060b
0000000000
0000000000
0000000000
0000000000
0000000000
0000000000
0000000000
0000000000
0000000000
0000000000
0000000000
0000000000
0000000000
0000000000
0000000000
0000000000
0000000000
0000000000
0000000000
0000000000
0000000000
0602020000
0606060606
0606060606
0606060606
0202020206
0202020202
0000000202
0202000000
0202020202
0606060606
0202020602
0000000000
0000000000
0000000000
0000000000
0000000000
0000000000
0000000000
0000000000
0000000000
0000000000
0000000000
0000000000
0000000000
0000000000
0000000000
0000000000
0000000000
0000000000
0000000000
0000000000
0202000000
0606060602
0202020206
0202020202
0000000202
0000000000
0000000000
0000000000
0200000000
0000020202
0202000200
0000000000
0000000000
0000000000
0000000000
0000000000
0000000000
0000000000
0000000000
0000000000
0000000000
0000000000
0000000000
0000000000
0000000000
0000000000
0000000000
0000000000
0000000000
0000000000
0000000000
0000000000
0206020200
0002000202
0000000000
0202020202
0200020202
0000000000
0000020200
0000000000
0202020000
0000000202
0000000000
0000000000
0000000000
0000000000
0000000000
0000000000
0000000000
0000000000
0000000000
0000000000
0000000000
0000000000
0000000000
0000000000
0000000000
0000000000
0000000000
0000000000
0000000000
0000000000
0000000000
0202000000
0000000202
0000000000
0000000200
0000000000
0000000000
0000000000
0000000000
0000000000
0000000000
0000000000
0000000000
0000000000
0000000000
0000000000
0000000000
0000000000
0000000000
0000000000
0000000000
0000000000
0000000000
0000000000
0000000000
0000000000
0000000000
0000000000
0000000000
0000000000
0000000000
0000000000
0000000000
0000000000
0000000000
0000000000
0000000200
0000000000
0000000000
0000000000
0000000000
0000000000
0000000000
0000000000
0000000000
0000000000
0000000000
0000000000
0000000000
0000000000
0000000000
0000000000
0000000000
0000000000
0000000000
0000000000
0000000000
0000000000
0000000000
0000000000
0000000000
0000000000
0000000000
0000000000
0000000000
0000000000
0000000000
0000000000
0000000000
0000000000
0000000000
0000000000
0000000000
0000000000
0000000000
0000000000
0000000000
0000000000
0000000000
0000000000
0000000000
0000000000
0000000000
0000000000
0000000000
0000000000
0000000000
0000000000
0000000000
0000000000
0000000000
0000000000
0000000000
0000000000
0000000000
0000000000
0000000000
0000000000
0000000000
0000000000
0000000000
0000000000
0000000000
0000000000
0000000000
0000000000
0000000000
0000000000
0000000000
0000000000
0000000000
0000000000
0000000000
0000000000
0000000000
0000000000
0000000000
0000000000
0000000000
0000000000
0000000000
0000000000
0000000000
0000000000
0000000000
0000000000
0000000000
0000000000
0000000000
0000000000
0000000000
0000000000
0000000000
0000000000
0000000000
0000000000
0000000000
0000000000
0000000000
0000000000
0000000000
0000000000
0000000000
0000000000
0000000000
0000000000
0000000000
0000000000
0000000000
0000000000
0000000000
0000000000
0000000000
0000000000
0000000000
0000000000
0000000000
0000000000
0000000000
0000000000
0000000000
0000000000
0000000000
0000000000
0000000000
0000000000
0000000000
0000000000
0000000000
0000000000
0000000000
0000000000
0000000000
0000000000
0000000000
0000000000
0000000000
0000000000
0000000000
0000000000
0000000000
0000000000
0000000000
0000000000
0000000000
0000000000
0000000000
0000000000
0000000000
0000000000
0000000000
0000000000
0000000000
0000000000
0000000000
0000000000
0000000000
0000000000
0000000000
0000000000
0000000000
0000000000
0000000000
0000000000
0000000000
0200000000
0000000000
0000000000
0000000000
0000000000
0000000000
0000000000
0000000000
0000000000
0000000000
0000000000
0000000000
0000000000
0000000000
0000000000
0000000000
0000000000
0000000000
0000000000
0000000000
0000000000
0000000000
0000000000
0000000000
0000000000
0000000000
0000000000
0000000000
0000000000
0000000000
0000000000
0000000000
0202020200
0000000000
0000000000
0000000000
0000000000
0000000000
0000000000
0000000000
0000000000
0000000000
0000000000
0000000000
0000000000
0000000000
0000000000
0000000000
0000000000
0000000000
0000000000
0000000000
0000000000
0000000000
0000000000
0000000000
0000000000
0000000000
0000000000
0000000000
0000000000
0000000000
0000000000
0200000000
0202020200
0000000000
0000000000
0000000000
0000000000
0000000000
0000000000
0000000000
0000000000
0000000000
0000000000
0000000000
0000000000
0000000000
0000000000
0000000000
0000000000
0000000000
0000000000
0000000000
0000000000
0000000000
0000000000
0000000000
0000000000
0000000000
0000000000
0000000000
0000000000
0000000000
0000000000
0000000000
0000000000
0000000000
0000000000
0000000000
0000000000
0000000000
0000000000
0000000000
0000000000
0000000000
0000000000
0000000000
0000000000
0000000000
0000000000
0000000000
0000000000
0000000000
0000000000
0000000000
0000000000
0000000000
0000000000
0000000000
0000000000
0000000000
0000000000
0000000000
0000000000
0000000000
0000000000
0000000000
0000000000
0000000000
0000000000
0000000000
0000000000
0000000000
0000000000
0000000000
0000000000
0000000000
0000000000
0000000000
0000000000
0000000000
0000000000
0000000000
0000000000
0000000000
0000000000
0000000000
0000000000
0000000000
0000000000
0000000000
0000000000
0000000000
0000000000
0000000000
0000000000
0000000000
0000000000
0000000000
0000000000
0000000000
0000000000
0000000000
0000000000
0000000000
0000000000
0000000000
0000000000
0000000000
0000000000
0000000000
0000000000
0000000000
0000000000
0000000000
0000000000
0000000000
0000000000
0000000000
0000000000
0000000000
0000000000
0000000000
0000000000
0000000000
0000000000
0000000000
0000000000
0000000000
0000000000
0000000000
0000000000
0000000000
0000000000
0000000000
0000000000
0000000000
0000000000
0000000000
0000000000
0000000000
0000000000
0000000000
0000000000
0000000000
0000000000
0000000000
0000000000
0000000000
0000000000
0000000000
0000000000
0000000000
0000000000
0000000000
0000000000
0000000000
0000000000
0000000000
0000000000
0000000000
0000000000
0000000000
0000000000
0000000000
0000000000
0000000000
0000000000
0000000000
0000000000
0000000000
0000000000
0000000000
0000000000
0000000000
0000000000
0000000000
0000000000
0000000000
0000000000
0000000000
0000000000
0000000000
0000000000
0000000000
0000000000
0000000000
0000000000
0000000000
0000000000
0000000000
0000000000
0000000000
0000000000
0000000000
0000000000
0000000000
0000000000
0000000000
0000000000
0000000000
0000000000
0000000000
0000000000
0000000000
0000000000
0000000000
0000000000
0000000000
0000000000
0000000000
0000000000
0000000000
0000000000
0000000000
0000000000
0000000000
0000000000
0000000000
0000000000
0000000000
0000000000
0000000000
0000000000
0000000000
0000000000
0000000000
0000000000
0000000000
0000000000
0000000000
0000000000
0000000000
0000000000
0000000000
0000000000
0000000000
0000000000
0000000000
0000000000
0000000000
0000000000
0000000000
0000000000
0000000000
0000000000
0000000000
0000000000
0000000000
0000000000
0000000000
0000000000
0000000000
0000000000
0000000000
0000000000
0000000000
0000000000
0000000000
0000000000
0000000000
0000000000
0000000000
0000000000
0000000000
0000000000
0000000000
0000000000
0000000000
0000000000
0000000000
0000000000
0000000000
0000000000
0000000000
0000000000
0000000000
0000000000
0000000000
0000000000
0000000000
0000000000
0000000000
0000000000
0000000000
0000000000
0000000000
0000000000
0000000000
0000000000
0000000000
0000000000
0000000000
0000000000
0000000000
0000000000
0000000000
0000000000
0000000000
0000000000
0000000000
0000000000
0000000000
0000000000
0000000000
0000000000
0000000000
0000000000
0000000000
0000000000
0000000000
0000000000
0000000000
0000000000
0000000000
0000000000
0000000000
0000000000
0000000000
0000000000
0000000000
0000000000
0000000000
0000000000
0000000000
0000000000
0000000000
0000000000
0000000000
0000000000
0000000000
0000000000
0000000000
0000000000
0000000000
0000000000
0000000000
0000000000
0000000000
0000000000
0000000000
0000000000
0000000000
0000000000
0000000000
0000000000
0000000000
0000000000
0000000000
0000000000
0000000000
0000000000
0000000000
0000000000
0000000000
0000000000
0000000000
0000000000
0000000000
0000000000
0000000000
0000000000
0000000000
0000000000
0000000000
0000000000
0000000000
0000000000
0000000000
0000000000
0000000000
0000000000
0000000000
0000000000
0000000000
0000000000
0000000000
0000000000
0000000000
0000000000
0000000000
0000000000
0000000000
0000000000
0000000000
0000000000
0000000000
0000000000
0000000000
0000000000
0000000000
0000000000
0000000000
0000000000
0000000000
0000000000
0000000000
0000000000
0000000000
0000000000
0000000000
0000000000
0000000000
0000000000
0000000000
0000000000
0000000000
0000000000
0000000000
0000000000
0000000000
0000000000
0000000000
0000000000
0000000000
0000000000
0000000000
0000000000
0000000000
0000000000
0000000000
0000000000
0000000000
0000000000
0000000000
0000000000
0000000000
0000000000
0000000000
0000000000
0000000000
0000000000
0000000000
0000000000
0000000000
0000000000
0000000000
0000000000
0000000000
0000000000
0000000000
0000000000
0000000000
0000000000
0000000000
0000000000
0000000000
0000000000
0000000000
0000000000
0000000000
0000000000
0000000000
0000000000
0000000000
0000000000
0000000000
0000000000
0000000000
0000000000
0000000000
0000000000
0000000000
0000000000
0000000000
0000000000
0000000000
0000000000
0000000000
0000000000
0000000000
0000000000
0000000000
0000000000
0000000000
0000000000
0000000000
0000000000
0000000000
0000000000
0000000000
0000000000
0000000000
0000000000
0000000000
0000000000
0000000000
0000000000
0000000000
0000000000
0000000000
0000000000
0000000000
0000000000
0000000000
0000000000
0000000000
0000000000
0000000000
0000000000
0000000000
0000000000
0000000000
0000000000
0000000000
0000000000
0000000000
0000000000
0000000000
0000000000
0000000000
0000000000
0000000000
0000000000
0000000000
0000000000
0000000000
0000000000
0000000000
0000000000
0000000000
0000000000
0000000000
0000000000
0000000000
0000000000
0000000000
0000000000
0000000000
0000000000
0000000000
0000000000
0000000000
0000000000
0000000000
0000000000
0000000002
0000000000
0000000000
0000000000
0000000000
0000000000
0000000000
0000000000
0000000000
0000000000
0000000000
0002000000
0000000000
0000000000
0000000000
0000000000
0000000000
0000000000
0000000000
0000000000
0000000000
0000000000
0000000000
0000000000
0000000000
0000000000
0000000000
0000000000
0000000000
0000000000
0000000000
0000000000
0000000000
0000000000
0000000000
0000000000
0000000000
0000000000
0000000000
0000000000
0000000000
0000000000
0000000000
0202020602
0000000000
0000000000
0000000000
0000000000
0000000000
0000000000
0000000000
0000000000
0000000000
0000000000
0000000000
0000000000
0000000000
0000000002
0000000000
0000000000
0000000000
0000000000
0000000000
0000000000
0000000000
0000000000
0000000000
0002000000
0000000000
0000000000
0000000000
0000000000
0000000000
0202020200
0202020202
0606060606
0000000000
0000000000
0000000000
0000000000
0000000000
0000000000
0000000000
0000000000
0000000000
0000000000
0000000000
0000000000
0000000000
0000000000
0000000000
0000000000
0000000000
0000000000
0000000000
0002000000
0000020000
0000000000
0000000000
0200020202
0002020202
0000000202
0202020202
0202020202
0206060206
0202060206
0606020202
0606060606
0000000000
0000000000
0000000000
0000000000
0000000000
0000000000
0000000000
0000000000
0000000000
0000000000
0000000000
0000000000
0000000000
0000000000
0000000000
0000000000
0000000000
0000000000
0200000000
0000000202
0000000000
0000000000
0000020000
0200000202
0202020202
0202020202
0606060602
0606060606
0b0b060b0b
060606060b
0606060606
0b06060606
0000000000
0000000000
0000000000
0000000000
0000000000
0000000000
0000000000
0000000000
0000000000
0000000000
0202000000
0000000202
0000000000
0000000000
0000000000
0000000000
0000000000
0000000000
0000000000
0000020000
0000000200
0000000000
0000000000
0202000000
0200020202
0202020202
0606020202
0606060606
0606060606
0b0606060b
060b0b0606
0b0b0b060b
0000000000
0000000000
0000000000
0000000000
0000000000
0000000000
0000000000
0000000000
0000000000
0000000000
0000020000
0000000000
0000000000
0000000000
0000000000
0000000000
0000000000
0000000000
0000000000
0000000000
0000000000
0000000000
0200000202
0200000202
0202020202
0202020202
0602060606
06060b0f0f
0606060606
0b0b0b0606
0b0b0b0b0b
0b0b0b0b0b
0000000000
0000000000
0000000000
0000000000
0000000000
0000000000
0000000000
0000000000
0000000000
0000000000
0000000000
0000000000
0000000000
0000000000
0000000000
0000000000
0000000000
0000000000
0000000000
0000000000
0000000000
0000000000
0200000000
0202020202
0202020202
0202020602
0202020202
06060b060f
0602060606
0b06060606
060b0b0b06
0f0b0b0b0b
0000000000
0000000000
0000000000
0000000000
0000000000
0000000000
0000000000
0000000000
0000000000
0000000000
0000000000
0000000000
0000000000
0000000000
0000000000
0000000000
0000000000
0000000000
0000000000
0000000000
0000000000
0000000000
0000000000
0000000000
0000000000
0200000000
0602020202
06060b020b
0202060206
0b06060602
060b0b0606
0b0f0b0b0b
0000000000
0000000000
0000000000
0000000000
0000000000
0000000000
0000000000
0000000000
0000000000
0000000000
0000000000
0000000000
0000000000
0000000000
0000000000
0000000000
0000000000
0000000000
0000000000
0000000000
0000000000
0000000000
0000000000
0000000000
0000000000
0000000000
0000000000
00000b0b0b
0602020200
0606060202
060b060606
0f0b0b0b0b
0000000000
0000000000
0000000000
0000000000
0000000000
0000000000
0000000000
0000000000
0000000000
0000000000
0000000000
0000000000
0000000000
0000000000
0000000000
0000000000
0000000000
0000000000
0000000000
0000000000
0000000000
0000000000
0000000000
0000000000
0000000000
0000000000
0000000000
00000f0006
0000000000
0000000000
0606060000
0606060606
0000000000
0000000000
0000000000
0000000000
0000000000
0000000000
0000000000
0000000000
0000000000
0000000000
0000000000
0000000000
0000000000
0000000000
0000000000
0000000000
0000000000
0000000000
0000000000
0000000000
0000000000
0000000000
0000000000
0000000000
0000000000
0000000000
0000000000
0000060002
0000000000
0000000000
0000000000
0606020202
0000000000
0000000000
0000000000
0000000000
0000000000
0000000000
0000000000
0000000000
0000000000
0000000000
0000000000
0000000000
0000000000
0000000000
0000000000
0000000000
0000000000
0000000000
0000000000
0000000000
0000000000
0000000000
0000000000
0000000000
0000000000
0000000000
0000000000
0000060f0b
0000000000
0000000000
0000000000
0000000000
0000000000
0000000000
0000000000
0000000000
0000000000
0000000000
0000000000
0000000000
0000000000
0000000000
0000000000
0000000000
0000000000
0000000000
0000000000
0000000000
0000000000
0000000000
0000000000
0000000000
0000000000
0000000000
0000000000
0000000000
0000000000
0000000000
0000000000
00000b060b
0000000000
0000000000
0000000000
0000000000
0000000000
0000000000
0000000000
0000000000
0000000000
0000000000
0000000000
0000000000
0000000000
0000000000
0000000000
0000000000
0000000000
0000000000
0000000000
0000000000
0000000000
0000000000
0000000000
0000000000
0000000000
0000000000
0000000000
0000000000
0000000000
0000000000
0000000000
00000b0006
0000000000
0000000000
0000000000
0000000000
0000000000
0000000000
0000000000
0000000000
0000000000
0000000000
0000000000
0000000000
0000000000
0000000000
0000000000
0000000000
0000000000
0000000000
0000000000
0000000000
0000000000
0000000000
0000000000
0000000000
0000000000
0000000000
0000000000
0000000000
0000000000
0000000000
0000000000
0000060006
0000000000
0000000000
0000000000
0000000000
0000000000
0000000000
0000000000
0000000000
0000000000
0000000000
0000000000
0000000000
0000000000
0000000000
0000000000
0000000000
0000000000
0000000000
0000000000
0000000000
0000000000
0000000000
0000000000
0000000000
0000000000
0000000000
0000000000
0000000000
0000000000
0000000000
0000000000
0000020b0b
0000000000
0000000000
0000000000
0606020000
0000000000
0000000000
0000000000
0000000000
0000000000
0000000000
0000000000
0000000000
0000000000
0000000000
0000000000
0000000000
0000000000
0000000000
0000000000
0000000000
0000000000
0000000000
0000000000
0000000000
0000000000
0000000000
0000000000
0000000000
0000000000
0000000000
0000000000
000006020b
0000000000
0000000000
0b0b060200
0b0b0b0b0b
0000000000
0000000000
0000000000
0000000000
0000000000
0000000000
0000000000
0000000000
0000000000
0000000000
0000000000
0000000000
0000000000
0000000000
0000000000
0000000000
0000000000
0000000000
0000000000
0000000000
0000000000
0000000000
0000000000
0000000000
0000000000
0000000000
02060b0b00
0206060f06
0000000000
0b06060202
0b0b0b0b0b
000000020b
0000000000
0000000000
0000000000
0000000000
0000000000
0000000000
0000000000
0000000000
0000000000
0000000000
0000000000
0000000000
0000000000
0000000000
0000000000
0000000000
0000000000
0000000000
0000000000
0000000000
0000000000
0000000000
0000000000
0000000000
0000000000
0000000000
06060b0b06
0b0b0b0b0b
0f0f0f0b0f
0b0b0f0b0f
0000000002
0000000000
0000000000
0000000000
0000000000
0000000000
0000000000
0000000000
0000000000
0000000000
0000000000
0000000000
0000000000
0000000000
0000000000
0000000000
0000000000
0000000000
0000000000
0000000000
0000000000
0000000000
0000000000
0000000000
0000000000
0000000000
0000000000
0606060602
0b0b060606
0b0b0f0b0b
0f0b0b0b0f
140f0f0f0f
0b0b0b0f14
0002060b0b
0000020000
0206060202
0000000000
0000000000
0000000000
0000000000
0000000000
0000000000
0000000000
0000000000
0000000000
0000000000
0000000000
0000000000
0000000000
0000000000
0000000000
0000000000
0000000000
0000000000
0000000000
0000000000
0000000000
0000000000
0b0b060000
0f0f0f0b0b
0f0f0f0f0f
0f0f0f0f0f
0f0f0f0f0f
0f0f0f0f0f
0f0f140f0f
0f0f0f0f0f
060b060606
0606060602
0202020206
0002000602
0000000000
0600000000
0606060202
0000060606
0000000000
0000000000
0000000200
0000000000
0000000000
0000000000
0000000000
0000000000
0000000000
0000000000
0000000000
0000000000
0000000000
0000000000
0000000000
0000000000
0b06060602
0f0b0b020b
0f0f0f0b0b
0f0f0f0f0f
0f0f0f0f0f
0f0f0f0f0f
0f0f0f0f0f
0f0f0f0f14
0606060606
0206060606
0202020602
0606020602
0206020206
0202020202
0606060206
0606060606
0606060606
0606060606
0b0b060606
060606060b
0000000206
0000000000
0000000000
0000000000
0000000000
0000000000
0000000000
0000000000
0000000000
0000000000
0000000000
0b06060000
0f0f0f0f0b
0b0b060b0b
0f0f0f0b0b
0f0f0f0f0f
0b0f0f0f0f
0f0f0f0f0b
0f0f0f0f0f
0f0f0f0f0f
0606060606
0606060606
0202020202
0202020202
0202020202
0206020202
0606060202
0606060606
0606060606
0b06060606
0b0b0b0b0b
0b060b0b0b
0002020b0b
0000000000
0000000000
0000000000
0000000000
0000000000
0000000000
0000000000
0000000000
0000000000
0606060000
0b0b0b060b
0b0b0f0f0f
0f0b0f0b0f
0f0f0f0f0b
0f0f0f140f
0f0f0f0f0f
0f0f0f0f0f
140f0f0f0f
0f0f0f0f0f
060606060b
0606060606
0202020202
0202020202
0202020202
0602020202
0606060602
0606060606
0606060606
0b0b060606
06060b060b
00020b0b0b
0600000002
000000000b
0000000000
0000000000
0000000000
0000000000
0000000000
0000000000
0602000000
0202060002
0b06020202
0f0f0f0f0b
0b0b0f0f0f
0f0f0f0f0b
0f0b0f0f0f
0f0f0f0f0f
0f0f0f0f14
0f0b0b0f14
0f0f0f0f0f
0f0f0f0f0f
0606060606
0606060606
0202060602
0202020202
0202020202
0606060202
0606060606
0606060606
0b06060606
0606060606
060b0f0b06
0000000606
0000000000
0000060602
0000000000
0000000000
0000000000
0000000000
0000000000
0602020200
0606060602
02060b0b0f
0b0f060606
0f0f0f0f0f
0b0b0f0f0b
0b0b060606
0f0f0f0f0b
0f0f0f0f0f
0f1414140f
0f0f0f0f0f
0f0f0f0f0f
0f0f0f0f0f
0606060606
0606060606
0206060606
0602060206
0606020606
0606060606
0b0b060606
0606060606
060606060b
06060b0202
0202000200
0000000000
0000000000
000b060600
0000000000
0000000000
0000000000
0202000000
0606060606
0b06060606
0b0b02060b
06060b060b
0f0f0f0b0b
0f0f0f0f0b
020206060b
0b0b0b0606
0f0f0f0b0b
0f0f0f0b0b
140f0f0f0f
0f140f0f0f
0f0f0f0f0f
0f0f0f0f0f
0606060606
0606060206
0606060606
0206060606
0602020606
0606060606
060b0b0606
06060b0606
0206060606
0002060202
0000000000
0000000000
0b06000000
0b0602060b
0606020602
0000000000
0600000000
0b060b0606
0b0b0b0b06
0602020606
060000060b
0b06060606
0f0f0b0b0b
06060f0f0b
06060b0600
0b0b0b0b0b
0f0f0f0f0f
0f0f0f0b0f
140f0f0f0f
0f0f0f0f14
0f0f0f0f0f
0f0f140f0f
0606060606
0606060606
0602020602
0602060606
0602020606
0206060606
0602060602
0202020206
0606060606
0006060202
0000000000
0000000000
0b06000000
060b060206
0602020606
0000060f0b
0606060602
0b06020202
0206060b0b
0200000002
020000060b
0f0b0b0602
0f0b0b0b0b
02060f0b0b
0b0b060202
0b0b0b0b0f
0f0f0f0f0b
0b0f0f0f0f
0f0f0f0f0b
0f0f0f140f
0f0f0f0f0f
0f0f0f0f0b
0606060606
0606060606
0202020606
0606020602
0606020606
0202060606
0002060602
0200000202
0602060602
0006020606
0000000000
0000000000
0606060600
0b0b060206
0602020206
060b0b0b0f
060b060606
020202060b
0000000000
0202000000
0b02060606
0f0f0b0b0b
0b0b0f0b0f
060b0f0f0f
0b0b060606
0b0b0b0f0b
0f0f0f0f0f
0f0f0f0f0f
0f0f0f0f0f
140f0f0f0f
0b0f0f0f0f
0f0f0f0f0f
060b06060b
0606060606
0206060606
0606020606
0606020606
0206060606
0200020202
0202000202
0606060606
0606060b06
0000000000
0200000000
06060b0602
060b060602
0b06020206
0606060b06
0b060b0b06
0002020202
0000000000
0200000000
0b0f0b0606
0f0f0b0b0b
060b060b0f
060602060b
0b0b0b0b06
0b0b0b0b0b
0f140f0b0b
0f0f0f0b0b
0f0f0b0f0f
0f140f0f0f
0f0f0f0f0f
0f0f0f0f0f
0b0b06060b
0606060606
0606060606
0606020606
0606060606
0602020606
0202000202
0602020002
0606060606
0602060b06
0602020206
060000000b
02020b0b0b
060b060b06
0606060f02
0b02060606
0b0b0b0f0b
02060b0200
0200000000
0600000000
0f0b0b0606
020b0b0b0b
0b06060606
0b06060b0b
0f0f0f0f0f
0b0b0b0f0f
0f0f0f0b0b
0f0f0f0f0f
0f0f0b0f0f
0f0f140f0f
140f0f0f0f
0f0f0f0f0f
06060b0606
0b06060b06
060606060b
0606060606
060b060606
000202060b
0200020002
0606020202
0606060606
06060b0b06
0b0b0b0b06
06020b0b0b
06000b0b06
0b0b06020b
0606060b0b
0b06060606
0f0b0b0b0b
0f0b0f060f
060b0b0f0b
0606060206
0b0b0b0b0b
0b0b0b0b0b
0202020202
0b0b060606
0b0f0f0f0f
0b0b0f0f0f
0f0f0b0b0b
0f0b0f0f0f
0f0f0f0f0f
140f0f0f0f
0f14140f14
140f0f0f0f
0b06060b06
0b0b0b060b
060606060b
0b06060606
0b0b060b0b
0200020206
0602020206
0606060606
0b06060606
0b0b0b0b0b
0b0b0b060b
0b0b0b0b0b
06060b0606
0b0b0b060b
0606020606
0002060606
0b0f0b0b02
0f0b0b0b0f
0f0f140f0f
0b060b0b0b
0b0b0b0b0b
060602060b
0206000202
0b060f0f0f
0f0f0f0b0f
0f0f0f0f0f
0f0b0f0b0f
0f0f0f0f0f
0f0f0f0b0f
0f0f0f0f0f
140f140f14
0f0f0f0f0f
0b060b0b0b
0b0b0b0b0b
060606060b
0b06060606
0606060606
0206060206
0602020202
0606060202
060b0b0606
0b0b0b0b0b
0b0b0b0b0b
0b0b0b0b0b
0b0b06060b
0606060606
0606060606
06020b0606
0f0f020002
0f0f0f0f0b
0f0f0f0f0f
0b0b0b0b0b
020b0b0b0b
0602060202
0606060b0b
0b0b0f0f0b
0f0f0f0f0b
0b0b0f0f0f
0b0f0b0b0f
0f0f0f0f0b
0f0f0f0b0f
0f0f0f0f0f
140f14140f
0f0f0f0f0f
0b0b0b0b0b
0b0b06060b
0606060b0b
0606060606
060b06060b
0606060606
0606060606
0606060606
0b0b060b06
0b0b0b0b0b
0b0b0b0b0b
0b0b0b0b0b
0b0b0b0b0b
0202060f0f
0606060602
020b020206
0f06060606
0f0f0f0f0f
0b0b0f0f0f
060b0b0b0b
02020b0b0b
0606060202
06060b0f0b
0b0b0f0b0b
0f0b0f0f0b
0f0f0f0f0f
0f0b0f0f0f
0f0b0f0f0f
0f0f0f140f
0f0f0f0f0f
14140f0f0f
0f0f0f1414
0b0b0b0b0b
0b0b0b0b0b
0606060606
0606060606
0606060606
0606060606
060b0b0606
0b0b0b0b0b
0b0b0b0b06
0b0b0b0b0b
0b0b0b0b0b
0b0b0b0b0b
0b0b0f0f0b
02020b0f0f
0606060602
0b0b0b0606
0606060606
0b0f0b0b0b
0b0b0f0b0b
0b0b060b0b
0206060b0b
0b06060602
0b0f0f0f0f
0b0b0f0f0b
0f0f0b0b0b
0f0f0f0f0f
0b0b0f0f0f
0b0f0f0f0f
0f0f0f0f0f
0f0f0f0f0b
0f0f0f0f0f
1414141414
0b0b0b0206
06060b060b
0606060b06
0606060606
0606060606
0606060606
0b0b0b0b06
0b0b0b0b0b
060b0b0606
0b0b0b0b0b
0b0b0b0b0b
0b0b0b0b0f
0f0f0f0f0b
06060b0b0f
0b06060606
0b0f0b0206
0f0b0b0b0b
0b0b0b0b0b
0b0f0f0f0b
0b0b0b0b0b
0206060b0f
0b06060202
0606060b0f
060b0f0b0b
0b0b0b0b0b
0f0f0f0f0f
0f0f0f0f0f
0f0f0f0f0f
0f0f0f0f0f
0f0f0f0f0f
0f0f0b0f0f
141414140f
0b0b060606
06060b0b0b
0606060606
0606060606
0606060606
0b0b060606
0b0b0b0b0b
0b0b0b0b0b
060b060606
0b0b0f0f0f
0b0b0b0b0b
0b0b0f0b0f
0f0f0f0b0f
0f0b0b0b0b
0f0b0b0f0f
0f0f0b060b
0b0b0b0f0b
0b0b0b0b0b
0f14140f0b
0f0b0b0b0f
06020b0b0f
0202020606
0606060202
0b060b0b06
0b0b060b0b
0f0b0f0f0b
0f0f0f0f0f
1414140f0f
0f0f0f0b0f
0f0f0f0f14
0f0f0f0f0f
140f140f0b
0b0b0b0606
0b0b0b0f0f
060606060b
0606060606
0b0b060b06
0b0b0b0b0b
0b0b0b0b0b
0f0b0b0b0b
0b0b060b0b
0b0f0f0f0b
0f0f0f0b0b
0b140f0f0f
0f0f0f0f0f
0b0f0f0b0b
0f0f14140f
0f0f0b0b0b
0b0b0f0b0b
0b0b0b0b0b
1414140f0b
0f0f0f0b0f
060606060f
0b06060606
0f0b0b0b0f
0b0606060b
0b0b0b0f0b
0f0f0f0f0f
0f0f0f0f0f
0f0f0f0f0f
0f0f0f0f0f
0f0f0f140f
0f0f0f0f0f
140f0f0f0f
0f0f0f0b0b
0b0b0b0f0b
0b0b060b0b
0b0b0b0b0b
0b0b0b0b0b
0b0b0b0b0b
0b0b0b0b0b
0f0f0b0b0b
0b0b0b0f0f
0f0f0f0f0b
0f0f0f0f14
0f0f0f0f0f
0f0f0f0f14
0f0f0b0b0b
140f0f0f0f
0b0b0b060f
0b0b0b0b0b
0b0b0b0b0b
0f140f0f0b
0b0f0f0b0b
0b0b0b0b06
0b0b0b0606
0606020b0b
0602020606
0f0f0f0b0b
0f0f0f0f0f
0f0f0f0b0f
0f0f0f0f0f
0f0f0b0f0f
0f0f140f0f
0f0f0f0f0f
140f0f0f0f
140f0f0f0f
0b0b0b0f0f
0b0b06060b
0f0b0f0f0b
0b0b0b0f0f
0b0b0b0b0b
0f0f0f0b0b
0f0b0b0b0b
0b0b060f0f
0f0b0f0f0f
0f0f141414
0f14141414
140f0f0f0f
0f0f0f0f0f
140f0f0f0f
02060b1414
0202060606
0b060b0606
0202060b0b
0202000000
0202020002
0b0b060606
0202060b0b
0606060206
0f0b0b0b06
0f0f0b0b0f
0f0f0f0f0f
0b0f0f0f0f
0b0f0f0f0f
14140f0b0f
0f0f0f0f0f
0f0f0f140f
0f0f0f0f0f
0f0f0f0f0f
0b0f0f0b0f
06060b060b
0b0b0f0f0b
06060b0b0f
0f0f0f0f0b
020606060b
0b06060606
141414140f
14140f0f0f
1414140f14
1414141414
0f1414140f
0f0f0f0f0f
02060b0f0f
0002020202
0002000200
0000000202
0000020200
0000000000
0002020200
0000000000
0000000000
0202000202
0b06060606
0b0b020606
0f0f0b0b0b
0f0f0f0f0f
0f0f0f0f0f
0f0f140f14
0f0f0f0f0f
0f0f0f0f0f
0f0f0f0f0f
0f0f0b0f0b
0606060f0f
060b0b0606
060b0b0606
0b0b0f0b06
0b0b0f0f0f
0b060b0606
0f0f0f0f0f
0b0f0b0f0f
0f140f0b0b
0b0f0f0f0f
0b0b0f0b06
060b0b060b
0002000202
0200000000
0202000000
0202020202
0002000200
0000000002
0000000000
0000000000
0000020000
0000000000
0002020202
0202020202
0600000200
0b0b0b0602
0f0f0f0b0b
0f0f0f140f
0f0f14140f
0b0b0f0b0f
140f0f0f0f
0f0f0b0f0f
0b0b0b0b0f
0606060b0b
0606060606
0b0b0b0606
0f0f0f060b
0606060b0b
0b0b0b0b0b
0b0b0b0b0b
0f0b0b0606
0b0b0b0b0b
060b060606
0202000202
0202020206
0200020202
0606060606
0206060206
0606060202
0206060b0b
0202000000
0000000200
0000000000
0000000000
0000000200
0202020200
0206060602
0000000000
0b06020002
0f0f0f0f0b
0f0f0f0f0f
0b060b0b0b
0f0f0f0f0f
0f14140f0f
0b0f0f0f0f
060b0b0b0b
0b060b0b06
0f060b0b0b
0b0f0b060f
06060b0b0f
0606020206
0606060606
0b0b060606
0202020206
0206000202
0602020002
0202020202
0606060202
0b06060606
0606060b06
0606060606
0606060606
0002020606
0200020000
0000020202
0000000202
0000000000
0600000000
0202020000
0202020200
0200000002
0b06060200
0f0f0b0b0b
0b0b0b0606
0f140f0f0f
0f0f0f140f
0f0f0f0f0f
0b060b0b0f
060b0f0b06
0f060b0b0b
0f0f0f0f0f
0b0f0b0f0f
0602060606
0202020202
0202020206
0000020202
0200020200
0b06020602
06060b060b
0f0b0f0b0b
0b0b0b0b0f
060b0b0b0b
0b06060b0b
0b0b0b0b0b
020606060b
0206060206
0000000000
0000020202
0202020202
0200000206
0202020206
0200060202
06020b0006
06060b0f0b
0f0f060606
0f0f140f0f
0f0b0f0f0f
0b0b0f0b0f
0b0b060606
060b0b0b0b
0b0b0f0b0b
0b0b0b0b0b
0f0b0b0f0f
0b0b0b0f0f
000206060b
0206020200
0b02020602
060202060b
0602060606
0f0b0f0b0b
0b060b0b0f
0f0f0b0b06
0b0b0f0f0f
0b0f0b0b0f
0b06060f0f
0b06060b0f
0b0b0b0b0b
0b0b060b0b
020b060606
0002020202
0002020000
0202020202
0200020206
0000000200
0b02000202
0b0b0f0f06
0606060b0b
0f0b0f0f0f
0b0b0b0f0f
06060b060b
0b06060606
0f140b0b0b
06060b0606
0b0b0b0b0b
0b0b060b0b
0b0b0b0b0b
0206060606
06060b0f06
0b06060606
060606060b
0b0f0b0b0b
0b0f0f0f0f
0b0b0f0f0b
0f0b0b060b
060b0b0b0b
0b0b0b0b0b
060b06060b
0b0b060b0b
06060b0606
0b0b0b0606
0606060b06
0202060b06
0000000200
0202000200
0202020200
0000000002
0602000000
0606020606
0b060b0b0b
0b060b0606
0b060b0b0b
0f0b0b0b06
0b0b0b0b0b
0f0f0b0b0b
060606060b
0b0b060b06
0b0b060b06
02060b0b06
0b0606060b
0b0f140f0f
0b0b0b060b
0f0b0b0b0b
0b0b0b0b06
0b0b0b0f0b
0b0b060b0b
0b06060b0b
0b06060606
0606060602
0f0b0b0b0b
0b0606060f
0b0b0b0b0b
0b06060606
060b020b0b
06060b0b0b
0202020206
0202020202
0600020200
060002060f
0606060b06
0602060206
0b0b0b0606
0b0606060b
0b0606060b
0b0b060b0b
0b0b0b0b0f
0f0f0f0f0b
060b0b0f0b
0b0606060b
06060b060b
0606060b06
0b0b020606
0f0f0f0f0b
0b0b0b0b0f
0b0b0b0b0b
0b0b0b0b06
06060b0606
0b0606060b
0f0b0b0b0b
0b0f0b0b0b
0b0b0b0b0b
0b0b0b0b0b
0b0b0b060b
060b0b060b
0b060b0b06
0b0b06060b
0b0b0b0b0f
000206060b
0000000000
0b02000202
0b02060b0b
0606060b0f
0606060602
0b0606060b
0b0b0b0b0b
060b06060b
0f0b0b060f
14140f0f0f
0b0f0f0b0f
0f0b0b0b0b
0b0b0f060b
0606060b0b
0606060206
060202060b
0b0f0f0b0b
0b060b0f0b
0b0b0b0b06
06060b0606
0b06060606
0b06060606
0b0606060b
0b0b0b0b06
0b0b0b0b0b
0f0b0b0f0b
0b0b0b060b
0b0b060b0b
0b0b0b0b06
0b060b0f0b
0b0b060b0f
0000000002
0000000000
0200000202
0b06060b0b
0200020b0f
0602020600
0f0b060606
0b0b0b0f0f
0f0b0b0f0b
140f0f0f0f
14140f0f14
0b0f0b0f0f
0f0b0f0b0b
0f0f0f0f0f
0b0b0b0b0b
0606020b0b
0202060602
0f0b0f0b06
0b0b0b0f0f
0b0b0b0f0b
060b060b06
0f0f0f0b06
0f0f0b0b0f
140f0f0f0f
0f0f0b0f14
0f0f0b0b0b
0f0b0b0f0b
0b0b0b0f0b
060b0b0b0b
0b0b0b0b02
0b0b0b0b0b
0202060606
0002020206
0606020002
0606060b06
06020b0b02
0000020b06
0202020200
0b0b020202
0b0f0f0f0f
140f0f0f0b
0b0f0f0f0f
0f0f0f0f0b
0f0f0f0f0b
0f0f0b0b0f
0b0b0b0f14
0b0f0b0b0b
0606060606
0202060206
0f02060606
0b0f140b0b
0b0f0b0b0b
0b0b0b0b0b
0f0f0f0b06
0f0f0f0b0b
0f0f0f0f0f
0b0b0f0f0f
0b0b0b0b0b
0f0f0f0f0f
0b0b0b0b0b
0b060b0b0b
0606060b0b
0b06060b0b
0202060602
0606020606
0b0606060b
0b0b0b0b06
060b060606
06060b0b06
0200020206
0b06060202
0f0f0f0b14
140f0f0f0f
0f0f140f14
0f140f0b0b
0f0f14140f
140f0f0b0f
140f0f0f0f
0f0f0b0b0f
060b0f0f0b
0606060606
020606020b
0b060f0b06
0b0b0b0b0b
0b0b0f0b0f
0b060b0b0b
0b0b0b0b0b
0f0b0b0b0f
0b0b0f0f0b
0b0b0f0b0b
06060b060b
0b0b0b0b0b
0b060b060b
060b0b060b
060b0b0b06
0606060602
0b06060b02
0f0f0f0b0b
0f0f0b0f0f
0f0f0f0f0f
0b0f0b0b0b
02020b060b
0606020606
140f0f1414
0f0f0f1414
140f0f0f0f
14140f0f0f
0f140f0b0f
0f0f140b0f
0f0f14140f
0f0f0b0b0f
0b0b0f060b
0b0b0b0f0b
06060b0b0b
0b0b06060b
0b0b0b060b
060b06060b
0b0b0b0b06
0b0b0b0b06
060606060b
0f0b0f0b0f
060b06060b
0b0b0b0602
0b0b0b0b06
0b0b0b0b0b
060606060b
0f0b0b0b06
0606060206
0f0b0b060b
140f0f0b0f
0f0b0f140f
0f0f140f0f
0b0606140f
0206060f0f
0b06060b0f
140f0f0f0f
0f14141414
0f0f0f0f0f
1414140f0f
0b14140f0f
0f0f0f0b0f
0b0b0f140f
0b0b0b0f0b
060b0b0b0f
0f0b0f0f0f
0b0b0b0b0b
06060b0b0b
060b0b0606
0b0b0b0b0b
0f0b0b060b
0b0b0b060f
0b0b0b0b06
0b060b0b0b
0b0b060b0b
06060b0b0b
0b0b0b0b0b
0b0f0b0b0b
060b0b0b0b
0b0606060b
0b0b0b0b06
0b0b0b0b0b
140f0f0f0f
0f0f14140f
0f0f0f0b0b
0b0b0b0f0f
0b0b0f0f0f
0f0b0b0b0b
14140f1414
0f0f0f1414
140f0f140f
0f14140f0f
140f0f140f
0f0b0f0f0f
0f0b0f0f0f
0b0b0f0f0f
0b0b0f0b0b
0f0f0f0f0f
0b0b0b0f0f
060b0b0b0b
0b0b0b0b06
060b0b0b06
0b0b0b0b06
0b0f0b0b0b
0f0f0f0f0f
0f0f0b0b0f
0b060b0f0b
0b0b0b0b0b
0f0b0b0b0b
0b0b0b0b0b
0f0f0b0b0b
0f0b0b0b0b
0f0b0b060f
0f0f0b0b0f
0f0f0b0f0f
0f0f0f0f0f
0f140f0b0f
0f0f0b0b0f
0f0f0f0f14
0f0b0f0f0b
1414141414
0f0f0f1414
141414140f
0f0f140f0f
1414140f0f
0b0f0f1414
0f0f0f0f0b
0f0f0f140f
0f0b0f0b0f
0f140f0f14
0f0f0f0f0f
060b0f0f0f
0f0b0b060b
0f0f0f0f0f
0f0f0f0b0b
0f0f0f0b0b
0f0f0b0f0f
0b0b0b0b0b
0f0f0f0b0b
0b0b0b0b0b
0b0b0b0b0b
0b0f0b0b0b
0f0f0f0b0b
0b0b0b0f0b
0b0b0f0b0b
0f0f0f0b0b
0f14140f0f
0f0f140f0f
0f140f0f0f
0f0b0b0f0f
0f0f14140f
0f0f0f0f0f
1414141414
14140f0f14
1414141414
14140f140f
14140f0f0f
140f141414
0f0f0f0f0f
14140f140f
0f0f0f0f14
140f14140f
140f0f0f0f
0f0f140f0f
0b0b0b0b0b
0f0f0f0f0b
0b0b0b0b0b
060b0b0b0b
0b0f0f0f0f
0f0b0f0f0f
0f0f0b0f0f
0b0b0b0b0b
0b0f0f0f0f
0b0b0b0b0b
0b0f0b0f0b
0f0f0f0f0f
0b0f0f0b0b
0f0f0f0f0f
140f0f0f0f
0f0f140f0f
140f0f0f0f
0f0f0f140f
140f140f0f
0f0f0b0f0f
1414141414
0f14140f0f
1414141414
140f140f0f
140f140f0f
14140f1414
0f0f140f0f
141414140f
0f0f0f0f14
0f14140f0b
0f0f0f0f0f
0f0f0f0f0f
0f0b0b0f0f
0b0b0b0b0b
0f0f0b0b0b
0b0b0b0f0b
0f0b0f0b0b
0b0b0f0f0f
0b0b060b0b
0b0b0b0f0f
060b0f0b0f
0b0f0b0b0b
0f0b0f0b06
0f0f0f0b0b
0b0f0b0b0f
0f0f0f0f0f
0f0f0f0f0f
0f0f0f0f0f
0f0f0f0f0f
0f0f0f140f
141414140f
140f0f0f0f
0f0f141414
0f0f0f0f0b
140f0f0f0f
0f0f0f0f0f
140f141414
1414141414
0f0b0f0b0f
14140f0f0f
0b0f0f0f14
0b0f0f0f14
0f0f0f0b0f
0f14140f0f
0f0b0f0f0f
0b0b0f0f0f
0b0b0b0b0b
0b0f0f0f0f
0f0b0b0b0b
0f0f0b0b0b
0f0b0b0b0b
0b0b06060b
0f0b0b0b0b
0f0f0b060b
0b0b0b0f0f
0f0f0b0b0b
0f140f0f0f
0b0f0f0f0f
140f0f0f0f
14140f0f0f
0f0f0f0f0f
140f14140f
14140f1414
140f0f0f14
0f0f141414
0f0f0f0f0f
1414140f0f
0f0f0f0f0f
141414140f
1414141414
0b060b0f0f
14140f140b
060b0f0f0f
0b0f0f0f0f
140f0b0f0f
0f14140f0f
0f0f0f0f0f
0b0f0f0f0f
0b0b0b0f0b
0f0f0b0f0b
0b0f0f0b0f
0f0f0b0f0b
0f0b0b0b0b
0b0b0b0b0b
0b0b0b0f0b
0b0f0b060b
0b0b0f0f0f
0f0b0f0b0b
0f0f0f0f0f
0f0f0f0f0f
0f0f0f0f0f
141414140f
140f0f0f14
0f0f141414
14140f1414
0f0f140f14
0b0b0b0b0b
0b0b0b0b0b
0b0b0b0b0b
0b0b0b0b0b
0f0f0f0f0b
0f0b131313
0f0f0f0f0f
0f0f0b0b0b
0b130f0f0f
0f0f0f0f0f
0f0f0f0f0f
0f0f0f0f0f
0f130f0f0f
0b0f0f0f0f
0b0f0b0f0f
0b0f0f0b0b
0f0f0f0b0b
0b0f0f130f
0f0f0f0b0b
0f0f0f0f0f
0f0f0f0f0b
0b0b0f0f0f
0f0f0f0f0b
0f130f0f0b
0f0f0f0f0f
0f0f0f0f0f
0f0f0f0f0f
1313131313
1313131313
0f0f0f1313
0f0f130f0f
0f0b0f0f0f
0b0b0b0b0b
0b0b0b0b0b
0f0f0f0f0f
0f0f0f0f0f
0f0f0f0f0f
0f0f0b0b0f
0b0b0b0f0f
17170b0f0f
0b0f0f0b0f
1313130f0f
0f0f0f0f0f
0f0f0f0f0f
1313130f0f
0f0f0f1717
0f13130f0f
0f0f0f0f0f
0f0f0f0b0f
0b0b0b0f0f
0f0f0f0f0f
0b0f0f0f0f
0b0b0f0b0f
0b0b0b0f0f
0f0f0f0b0b
0f0f0f0f0f
0f0f0f0f0f
0b0f0f0f0f
0f0f13130b
1313131313
1313131313
1313131313
0f0f0f1313
0f0f0f0f0f
0b0b0b0b0b
0f0f0f0f0b
0f0f0f0f0f
0f0f0f0f0f
0f0f0f0f0f
130f0f0f0f
0f13131313
0f130f0f0f
130b0b0b0b
0f13131313
0f0f0f0f0f
0f0f0f0f0f
0f0f0f0f13
0f130f070f
0b0f131313
0f0f0f0f0f
0f0f0f0b0f
0f0f0f0f0f
0f0f0f0f0f
0f0f0f0f0f
0f0f0f0f0f
0b0b0b0f0f
0f0f0f0b0b
0f0b0f0f0f
0f0f0f0f0f
0f0f0f0f0f
130f0f0f0f
1313131313
1317171713
1313131313
0f0f131313
0f0f0f0f0f
0f0f0f0b0b
0f0f0f0f0f
0f0f0f0f0f
0f0f0f0f0f
0f0f0f0f13
0f0f0f0f0f
0f0f0f0f13
0f0f0f0f0f
0f0b0f0b0f
0f0f0f0f0f
0f0f0f0f0f
1313130f0f
0b0f131313
0f13130f0f
0f0b0b0f13
0f0f130f0f
0f0f0f0f0f
0f13130f0f
130f0f0f0f
0f0f131313
130b0b0f13
0f0b0f0f13
0f0f0f0f0f
0f0f0f0f0f
0f0f0f0f0f
0f0f0f0f0f
130f0f130f
1713131317
1717171717
1313131317
0f0f131313
0f130f0f0f
0f0f0f0f0f
0f0f0f0f0f
0f0f130f0f
0f0f0f0f0f
0f0f130f13
0f0f0f0f0f
0f130f0f0f
0f0f0f0f0f
0f0f0f0f0f
0f0f130f0f
130f0f0f0f
131313130f
0f0f0b0f0f
0f0f0b0f0f
0f0f0f0f0f
0f0f0b0f0f
0f0f0f0f0f
13130f0f13
0f0f0f0f0f
13130f0f0b
130f0f1313
130f130f13
0f0f0f1313
0b1313130f
0f0f0f0b0b
0f0f0b0b0b
1713130f0f
1317131317
1713171717
1313131717
0f0f0f1313
131313130f
0f0f0f0f0f
0f0f0f0f0f
130f0f0f0f
0f0f0f0f0f
0f0f0f0f0f
0f0f0f0f0f
0f0f0f0f0f
0f0f0f0f13
131313130f
0f130f1313
0f0f0f0f0f
0f0f0f0f0f
0f0f0f0f0f
130f0f0f13
0f13171713
0f0f0b0f0f
0f0f0f0f13
0f0f0f0f0f
0f0f0f0f0f
0f0f0f0f0f
130f0f0f0f
0f0f0b0f0f
0f0f131313
0f0f0f1313
0b0b0f0b13
13130f0b0b
1313131313
1717171313
1717171717
1313131317
1313131313
0f0f131313
0f0f0f0f0b
0f0f0f0f0f
0f0f0f0f0f
130f0f0f0f
0f0f0f0f13
0f0f0f130f
0f0f0f0f0f
0f0f0f0f0f
0f0f0f0f0f
0f130f130f
0f13131313
1313130f0f
0f17170f0f
171313130f
0f0b0b0f13
0f13131313
130f0f0b13
130f0f1313
0f0f0f0f13
0f0f0f0f0f
0f0b0b0b0f
0b0f0f130f
0f0b0f1313
0f0f0b0f0f
0f130f0f0b
0f130f0f0b
1313131313
1713131317
1717131717
1717131313
13171b1717
0f0f0f0f13
0f0b0b0b0b
0f0f0f0f0f
130f130f0f
0f0f0f0f0f
0f0f0f0f0f
13130f0f13
0f0f131313
0f0f0f0f0f
0f0f0f0f0f
13130f130f
0f0f0f130f
0f0f130f13
0f0f0f0f0f
0f0f0f0b0f
13130b0b0b
1313130f0f
131717170b
0b0f0f0f13
0b0b0f0f0f
0f170f0f0b
0f0f0b0f0f
1317130f0b
1313171313
0b0b0f0b0f
0b0b0f0b0b
0f0f0f0f0f
1313131313
1717171713
1317131313
1317131313
0f0f0f1717
0f0f130f0f
0f0b0b0b0f
0f0f0f0f0f
0f0f0f0f0f
0f0f0f130f
0f0f0f130f
131313130f
1313131717
0f0f13130f
0f0f131313
0f0f0f0f0f
13130f0f0f
1313131313
0f1313130f
1313130f0f
13130f1313
0f0f0f0f0f
13130f0b0f
0f0f131313
0f130f0f0f
0f130f0f0f
0b0b0f0f0f
0f0b130b0b
0f0f0b130f
0b0b0b0f0b
0f0f0b0b0b
0f0f0f0f0f
1313131313
0f0f131313
131717130f
1313131313
1313131313
0f0f0f0f0f
0b0b0b0b0b
0b0f0f0f0f
0f0f0f0f0b
0f0f0f0f0f
130f0f0b0f
0f13131313
0f0f0f0f0f
0f0f13130f
131313130f
0f0f131313
0f0b0f0f0f
0f0f0f0f0b
1313130f0f
0f0f0f1313
0f13130f0f
13130f0f0f
1313130f13
1313131317
0f0f0f0f13
0f0f0f1313
0f0f0f0f0b
0f0f0f0f0b
0f0b0f0f0b
0b0f0b0b0b
0f0f0f0f0f
1313130f0f
1717171313
1313131317
1313171313
1313131313
1313131313
0f0f0f1313
0b0b0b0b0b
0b0b0f0f0b
0f0b0b0b0b
0b0f0b0f0f
0f0b0f0f0b
0f0f0b0b0b
0b0b0b0b0f
0b0b0b0b0f
0b0b0b0b0b
0f0b0b0b0b
0b0f0f0f0f
0f0f0f0b0b
1313170f0f
0f0f0f0b0f
0f13130f0f
0f0f0f0f07
0b0f0f0f0f
0f0f0b0f0b
0f0f0f0b0f
1313130f17
130f0f0f0f
1313131313
0f0b0f1313
0f0f0f0f0b
130f0f0f0f
1313131313
1717171313
1313131317
1317171713
1313131313
1313131313
1313131313
0b0b0b0b0b
0f0f0b0b0b
0f0b0b0b0f
0f0f0f0b0b
0f0f0f0f0f
0f0f0f0f0f
0f0f0f0f0f
0f0f0f0f0f
0f0f130b0f
0b0b0b0b0b
0b0b0b0b0b
0f0f0f0b0b
0f0f0f0f13
1317131313
0f0f0f1313
130f0f130f
0b0b0f0f0f
130f0b0b0b
0f070f0f0f
0b0f0b0b0b
0f130f0f0f
0f0f0f0f0f
0b0b0f0f0f
0b0f0f0b0f
0f0f0f0f0f
0f13131313
1717171713
1313131313
1317171717
1313131317
1313131313
1313131313
0f0f0f0b0b
0b0b0b0b0f
0f0f0f0f0b
0f0f0f0f0f
0f13130f0f
0f13131313
0f0f0f0f0f
0b0f0f0f0f
0b0b0f0b0f
0b0b0b0b0b
0f0f0f0b0b
0f0f0f0b0b
0f0f0b0b0f
0f0b070b0f
130f130f0f
0f0f0f0f13
0b0f0f0f0f
13130f0f0b
0f0f0f0f0f
0f0f0f0f0f
0b0b0b0f0f
0b0f0f0f0b
0b0b0b0b0b
0b0b0b0f0b
13130f0f0f
1713171713
1313131313
1717171317
1313171717
1313131313
1313131313
1313131313
0b0f0f0f0b
0b0b0b0f0f
0b0b0b0b0b
0b0f0b0f0f
0f0b0f0f0b
0f0f0b0b0b
0f130f0f13
0f0f0f0f0f
0b0b0b0b0b
0b0f0f0b0f
0b0b0b0b0b
0b0b0b0b0b
0b0f0b0f0b
0b0b0b0b0b
0f0b0f0b0b
0f0f0f0b0f
0f0f0f0f0b
0f0f0f130f
1313130f0f
0f0f0f0f13
0b0f0f0b0f
0f0b0f0f0f
0b0f0f0b0b
130f0f0f0b
1317131313
1313171713
1717131313
1713171b1b
1717131717
1317171717
1313131313
1313131313
0b0f0b0b0b
0b0b0b0b0b
0b0b0b0b0b
0f0b0b0b0b
0f0f0b0f0b
0b0f0f0b0b
0f0f0f0b0b
0f0f131b13
0f0b0b0f0f
0b0b0b0f0f
0f0b0b0b0b
0f0f0b0b0b
0f0f0f0f0f
0f0f0f0f0f
0f0f0f0f0f
13130f0f0b
0f0f0f0f13
0f13130f0f
0f0f0f0f0f
0f0b0f0f0b
0b0b0b0b0b
0b0b0b0b0b
0f0b0f0b0b
130f0f0f0f
1713131313
1313171717
1717171317
171713131b
1717171717
1717171717
1317171717
1313131313
070b070b0b
0b070b0b0f
0f0b0f0f0b
0b0b0b0b0f
0b0b0b0b0f
0b0b0b0b0b
130b0f0f0b
0f0f0f0b0f
130f0f0f13
0b0f0f0f13
0f0f0f0b0b
0f0f130f0f
0f0f0f0f0f
0f0f0f0f0f
0f0f0f0f13
130f0f0f0f
0f0f130f0f
0f0f13130f
0f0f0f0f0f
0f130f130f
0f0b0f0f13
0f070b0b0b
0f0b0f0f0f
13130f0f0b
1313131313
1717171713
1317171717
171717130f
1717171717
1717171717
1717131717
1313131313
0b0b07070b
0f0b070707
0b0b0b0b0b
0b0b0b0b0f
0b0b0b0b0b
0f0f0b0b0f
0b0b0b0b0f
0b0b0b0f0b
0f0b0b0b0b
0f0f0f0f0f
0f0f0f0f0f
0f1313130f
0f13130f0f
0f0f0f0b0f
0f0f0b0b0b
0f0f0f0f0f
0b0b0f0f0f
0f0f0f0f0f
0f0f0f0f0f
0f0f0f0f0f
0f0f0b0f0f
0f0b0b0b0f
0b0b0b0b0f
0f0f0f0f0f
1717171313
1717171717
1713171717
1717171717
1717171717
1717171717
1717171717
1313131317
0b0b07070b
0b0b0b0b0b
0b0b07070b
0b0b0b0b0b
0b0b0b0b0b
0b0f0f0b0b
0b0f0b0b0b
0f0f0f0b0f
130f0f0f0f
0f0f0f0f0f
0f0f0f0f0f
0f0f13130f
0f0f0f0b0f
0f0f0f0f0f
0f0f131313
0f0f0f0f0f
0f0b0f0b0f
0f0f0f0b0f
0b0b0f0f0f
0b0b130f0b
0f0f0f0b0b
0b0f0b0b0f
0f0f0f0b0b
17130f0f0f
1717171717
1717171717
1717171717
1717171717
1717171717
1717171717
1717171717
1313171717
0707070707
0b0b0b0b0b
070b0b0b07
070b0b0b0f
070b0b0b0b
0707070707
0f0f0f0b0b
0f0f0f0f0f
0f0f0f0f0f
0f0b0f0f0f
0b0b0f0f0f
0f0f0b0b0b
0f0b0f130f
130f0b0f0f
13130f0f0f
130f0f1313
130f0f1313
0f0f0f1313
0f0f0f0f13
1313131313
0f0f0f0f13
0b0b0f0f0b
13130f0f0f
1717171313
1717171717
1717171717
1717171717
1717171717
1717171717
1717171717
1717171717
1717171717
0707070b0b
0f0b070b07
070b07070b
0b0b070707
070b0f0b0b
070b070b0b
0f0f0f0b07
0b0b0b0f0f
0b0f0f0b0f
0b0b070b0b
0b0b0b0b07
0f13130f0f
0f0f0f0f0f
0f13130f0f
0f0b0b0b0b
0b0b0f0f0f
130f0f0f0b
13130f0f13
0f0f0f130f
130f0f0f0f
0f0f0f1313
0f0f0f0f0f
131313130f
1717131713
1717171717
1717171717
1717171717
1717171717
1717171717
1717171717
1717171717
1717171717
0b0b0b0707
0b0b070b0b
070b0b0f0b
0b0b0b0b0b
0b0b0b0707
0f0f0b070b
0b0f0f0f0b
0b0b0b0f0f
0b0b0b0f0f
0f0f0f0f0b
0f0b0b0b0b
1313130b0f
0f0f0f0f13
0f0f0b0b0b
0b0f0b0f0f
0b0b0b0b0b
0f0f0b0b0b
0b0b0b0f0f
1313130f0f
0f17130f13
1313130f0f
1313131317
1317171717
1317131313
1717171717
1717171717
1717171717
1717171717
1717171717
17171b1717
1717171717
1717171717
070b070b0b
0b070b0707
070b0b0707
0f0f0b0b0b
0b0b0b0b0b
0b0f0b0b0b
0f0f0f0f0f
0f0f0f0f0f
0f0f0f0f0f
0f0f0f0f0f
0f0f0f0b0b
0b0b0b0b0b
0707070b0b
0f130f0b0b
0f0b0b0f0b
0f0f131313
0f0b0b130f
0f0b0b0f0f
0b0f0f0f0f
0f0b0b0b0f
13130f0f0b
1317131317
1313171717
1313171713
1717171313
1717171717
1717171717
1717171717
17171b1717
171b171b17
1717171717
1717171717
0707070707
070b07070b
0b0f0b0f0b
070b0b070b
0b0b0b0b07
0b0b0b0707
0b0b0b0f0b
0f0b0b0b0b
0f0f0b0b0b
0b0b0b0b0f
0f0f0f0b0b
0f0f0f0b0b
0f0b0f0f0f
0f0f131313
0f0f0b0f0f
130f0f0f0f
0b0f0f1313
0b0b0b0b0f
0b0b0b0b0b
0707070707
130f0f0b0b
1313131313
1313131313
1317171b17
1717131313
1717171717
1717171717
1b1b1b1717
171b17171b
1717171313
1717171717
1713171717
0707070707
0b0b0b0b07
070707070b
0b0b0b0707
0b0b0b0b0b
0b0b0b0f0f
0b0f0b0b0b
0f0b0b0f0b
0f0f0f0b0f
0b0f0b0f0f
0f0f0b0b0f
0f0f0f0f0f
0f0f130f13
0f0f0f0f13
0b0b0f0f0f
0b0b0b0b0b
0f0f0b0b0b
0f0f0f0f0f
0b0b0b0f0f
0b0b0b0f0f
13170f0f0b
13130f130f
1313131313
1313131b17
1713171313
1717171717
1717171717
17171b1b17
1713131717
1717171717
1717171717
1313131717
0707070707
0b07070707
0b0b0f0b0b
0b0b07070b
0b07070b0b
0b0b0b0707
070b0b0b0b
0f0f0b0b0b
0b0b0b0b0b
0b0b0b0b0b
0b0f0f0f0b
0f0f0b0f0f
0f0b0b0b0f
0f0f0f0f0b
0f0f0f0f0f
0b0b0f0f0f
0b0b0b0f0b
0b0b0b0b0f
0b0b0b0b0b
0f0b0b0f0f
0f130f0f0f
0f0f0f0f0f
1717131313
0f0f13131b
1713131313
1717171717
1717171717
1b17171717
1b17171717
1717171717
1717171717
1313171717
0707070707
0b07070707
0b070f0707
0b0707070b
0707070707
0707070707
0b0b0b0b0b
0f0f0b0b0b
0b0f0f0f0f
0b0b0b0f0f
0b0f070b0b
0b0b0b0b0b
0b0b0b0f0b
0b0f0b0b0b
0f0f0f0f0f
0b0f0f0f0f
0b0b0b0b0b
0b0b0b0b0b
0707070b0b
0f130f0b07
0f13131313
0f0f0f0f0f
1717171313
1313130f0f
1713131313
1717171717
1717171717
1313171b17
1317171713
1713131313
1717171717
17171b1f1f
0707070707
0b07070707
070b070b0b
0b0b0b0b0b
0b0f0b0b0b
0f0b0b0b0b
0707070b0b
0b0f0b0b07
0b0b0b0b0b
0b0b0b0b0b
0f0f0b0f0b
130f0f0f0f
0f0f0f0f0f
0f0f0f0f0f
0f0f0b0f0b
0b0b0f0f0f
0b0b0b0b0b
07070b0b0b
0f0b070707
0f0f0f0f0f
0f0b13130f
130f17130f
1313131313
1713131313
1717171713
1717171717
1717171717
1717171717
1717171313
1717171717
1717171717
0f130f1317
0707070b07
0707070707
070b0b0b07
0b0b0b070b
0b07070707
0b0f0f0b0f
0b0b0b0b0b
0b0b0b070b
0b0b070b0b
0f0f0f0f0f
0b0b0b0f0f
0b0f0f0f0b
0b0b0b0f0b
0b0f0b0b0f
0b0b0b0f0f
0b0b0b0b0b
0f0f0f0f0f
0b0f0b0b0b
0f0f0f0f0b
0b0f0f0f0f
130f0b0b0b
1313131717
1313131313
1717171713
1713131717
1717131717
1313171717
1313171717
1717171313
1b1b1b1b17
1717171717
1313131313
070b070707
0307070707
0707070707
0707070707
07070b0707
0b0b0f070b
0b0b0b0b0b
0b070b0b0b
0f0b0b0b0b
0f0b0b0b0b
0f0f0f130f
0f0f0f130f
0f0f0f0f13
0f0f130f13
0b0f0f0f0f
0f0f0f0f0b
0f0b0f0f0b
13130f0f0f
0b0b0f0f0f
13130f0f0f
130f0f0f0f
13130f1717
1317131313
1317171717
1317131317
1313131313
1313131313
1b17171713
171b171b1b
1313171717
1717171713
1713131317
0703070707
0b070b0707
070707070b
0b0b070707
0b0b0b0b07
0b0b0b0b0b
0b0f0f0f0b
0b0b0b0b0b
0b0b0b0b0b
0b0b0f0f0b
0b0b0b0b0b
0f0f0f0f0f
0f0f0f0f0f
0f0f130f0f
0f0f0f1313
0f0f0b0f0f
0f0f0f0f0f
0b0f0f0f0f
0f0f0b0b0b
0f0f13130f
1313131313
1313131313
1313131313
1313131317
1717171717
1717171313
17171b1b17
1713131717
130f0f1313
131313130f
0f0f131313
1313131313
0707070707
0707070707
0707070703
0707070707
0b0b0b0f0b
0b070b070b
0f0f0b0b0b
0b0b0f0f0f
0b0b0b0b0b
0b0f0f0f0b
0f0f0f0f0f
0f0f0f0f0f
0f0f0f0f0f
0f0f0f0b0f
0f0f0f0f0f
0b0b0f0f0f
0f0f0b0b0f
0b0f0f0f0f
1313130f0b
0f0f0f0f13
0f0f0f0f0f
1713171713
1717171717
1313131317
1313131313
1313131313
1717131313
13130f1317
1313131313
1317171313
1313131717
0b0b0b0f13
0707070707
0707070707
0b07070707
0b0707070b
0b0b0f0b0b
0b0b0f0b0f
0f0f0f0f0b
0f0f0f0f0f
0f0f0f0f0f
0f0b0f0f0b
0b0b0b0b0b
0f0f0f0f0b
0f0f0f0f0f
0f0f0f0f0f
0b0b0b0b0b
0f0f0f0f0f
0f0f0f0f0f
0b0f0f0f0f
0b0b0f0b0b
0b0f0f0f0b
171b171713
131313131b
0f0f0f0f0f
1317131717
1713131313
1313171713
1717171713
1313131313
1717131313
1717131717
0b0f0f0f13
0f0b0b0b0b
0703030707
0707070707
0b0b0b0707
0b0b0b0b0b
0f0b0b0f0b
0f0f0f0f0f
0f0b07070b
0f0f0f0f0b
0f0f0f0f0b
0f0f0f0f0f
0b0b0b0f0f
0b0f0b0b0b
0f0f0f0f0f
0f0f0f0f0f
0f0f0f0f0f
0f0f0f0f0f
0f0f0f0f0f
0f0f0f0b0f
13130f0b0b
1b1717130f
0f13131317
130f0f0f0b
13171b1717
1313131313
130f131313
1313131313
0f13171717
131717130f
1313131317
0f0f0f0f0f
0b0b0f0b0f
0b0b0b0b0b
0703070307
070b070707
0b0b0b0b07
0f0b0b0b0b
0b0f0f0f0f
0f0b0f0b0b
0b0f0f0f0b
0b0b0f0b0b
0f0f0b0f0b
0b0b0f0f0f
0b0b0b0b0b
0b0f0b0b0b
0b0b0b0b0b
0f0b0b0b0b
0b0b0f0f0b
0f0f0b0b0b
0f0f0f0f0f
0b0f0f0b0b
1313130f0f
1313171313
0f0f0b0f0f
1313131313
0f13131713
1313131313
0f130f1313
131313130f
1313131313
1313171313
0f0f0f0f13
0b0b0f0f0f
0b0b0b0b0b
070b0b0b0b
0703030303
0b0b070707
0b0b0b0b0b
0f0b0b0b0b
0f0f0f0f0f
0f0f0b0f0b
0f0f0f0f0f
0b0b0f0f0f
0b0b0b070b
0f0f0f0b0b
0b0b0b0f0f
0707070b0b
070b0b0b0b
0b0b0b0b0b
0b0b0b0f0f
0f0f0b0b0b
0f0b0b0f0f
0f0f130f0f
0f0b0b0b0f
0f0b0b0f13
13130f0f0f
0f13131313
0f0f0f0f0f
0f0f0f0f0f
1313130f0f
1313131313
1313131313
0f0f0f0f0f
0b0b0b0f0f
0b0b0b0b0b
0b0b0b0b0b
0b0b0b0b0b
0707030307
0b0b0b0707
0b0b0b0b0b
0b0b0b0b0b
0f0b0f0f0b
0f0f0f0f0f
0b0b0b0b0b
0f0f0b0b0b
0b0f0f0f0f
0b0f0b0b0b
0707070b0b
0b0b0b0b0b
0b0b0b0b0b
0b0b07070b
0b0b0b0b0f
0b0b0b0b0f
0f0f0f0b0b
0f0b0b0b0f
0f0f0f0f0f
13130f0f0f
1313131313
0f0f0f1313
0f0f130f0f
1313131313
1713131313
0f13131313
0f0f0f0f13
0f0f0f0f13
0f0f0f0f0f
0f0f0f0f0f
0b0f0b0f0f
0b0b0f0b0b
0703030300
0b07070707
0b0b0b0b0b
070707070b
0b0b0b0b0b
0b0b0b0b0b
0b0b0b0b0b
0707070707
0b07070707
0f0f0f0b0b
130f0f0f0f
0b0b0f0f0f
0f0b0f0b0f
0f0f0f0f0f
0b0b0b0b0f
0b0b0b0f0f
0f0f0f0f0f
0f0f0b0b0b
0b0b0b0b0b
1313130f0b
0f0f0f1313
0f0f0f0f0f
13130f1313
1717131313
0f13171313
0f130f0f0b
0f0f0f0f13
0f0f0f0f0f
0f0f0f0f0f
0f0f0f0f0f
0b0b0b0b0b
0f0b0b0b0b
0300000303
0b0b070707
0b0b0b0b0b
070707070b
0b07070303
0b0b0b0b0b
0b0b0b0b0b
0f0f0f0f0f
0b0b0b0b0f
0b0b070b07
0b0b0b0f0b
0b070b0b0b
0b0b0b0b07
0f0f0b0f0f
0f0f0f0f0b
0f0f0f0b0f
07070b130f
130f0f0b0b
130f0f0f0f
0f130f130f
0b0f0f1313
130f130f0b
1313131313
1313131317
130f131313
0f0f0f130f
0f0f0f0f0f
0f0f0f0f0f
0b0b0b0f0f
0b0b0f0b0b
070b0b0b0b
0f0b0b0b0b
0303030000
0b0b070707
0b0b0b0b0b
0707070707
070b070707
0b0b070707
0b0b0b0707
0707070b0b
07070b0b07
0303030707
0703030307
0f0b0f0f0b
0b0b070b0b
0b0b07070b
0f0f0f0f0b
070b0b0f0f
0b0b0b0b0b
0f130f130f
0f0f0f0f0f
0f0f0f0f0f
130f0f0f0f
1313130f13
0f0f0f1313
0f13131313
0f130f0f0f
0f0f0f0f0f
0f0f0f0f0f
0f0f0f0f0f
0b0b0b0b0b
0b0b0b0b0b
0b0b0b0b0b
0b0b0b0b0b
0303030303
0b070b0707
070b0b0707
0303030707
0707070703
0707070707
0707070b07
0f0b0b0b07
0707070b0b
0b0b070707
0b07070707
030303070b
0b07070703
0f13130f0b
0b0f0f0b0f
0f0b0b0b0b
0f0f0f0f0f
0f0f0f0b0f
0b0f0f0f0f
0b0b0f0b0b
130f0b0f0f
0f0f131313
0f0f0f0f0f
0f0f0f0f0f
0f0f131313
0f0f0f0f0f
0f0f0f0f0f
0b0f0b0b0b
0b0b0b0b0b
0f0f0f0f0b
0b0b0b0b0f
0f0f0b0b0b
0703000000
0b0b070707
0307070b0b
0000000000
0303000000
0707070303
0b0b070707
0b0b07070b
070b0b0b0b
0b0b0b0707
0707070707
0b0b070707
0f0f0b0b0b
0b0f0f1313
070b0f0b0f
0b0b0b0b0b
0f0f0f0f0f
0f0f0b0b0f
0f0f0f0f0f
0f0f0f0f0f
131313130f
0f0f0f0f0f
0f0f0f0f0f
0f0f0f0f0f
0f0f0f0f0f
0b0b0f0f0f
0b0b0b0b0b
0b0f0b0b0b
0f0f0b0b0f
0b0b0f0f0f
0f0f0f0f0b
0f0f0f0f0f
0000000000
0000000000
0303030303
0303030003
0000000303
0703030300
0b0b070b07
070707070b
0b0b070b0b
0b0b0b0b0b
0b0b070b0b
0f0f0b0b0b
0f0f0f0b0f
0b0b0b0b0f
0f0f0b0707
0f13130f0f
0f0f0f1313
0f0f0f0f0f
0f0f0f130f
130f0f0b0f
0f1313130f
0f130f0f0f
0f0f0f0f0f
0f0f0f0f0f
0b0b0f0f0f
0b0b0b0b0b
0b0b0b0b0b
0b0b0b0b0b
0b0b0b0b0f
13130f130f
0f0f13130f
0b0b0b0f0f
0003030303
0303000003
0303070707
0707070703
0303070703
0307030303
0707070303
0707070703
0707070707
0707070707
0707070707
0b0b0b0b0b
0b0b0f0f0f
0b070b0b0b
0f0f0f0f0b
0b0b0b0f0f
0f0f0b0b0b
0b0b0f0f0f
0f0b0b0b0b
0f13130f0f
0f0f0f0f13
0f0f0f0f0f
0b0f0f0f0f
0b070b0b0b
0b0b0b0b0b
0f0b0b0b0b
0b0b0b0b0b
0f0f0f0b0b
0f130f0f13
0b0b0f1313
0f0f130f0b
0f0f0f130f
0303030303
0b0b070303
070b0b0b0b
0707070707
0707070707
0707070307
07070b0b07
0300070703
0303030303
0300030303
0b0b070707
0b0b0b0b0b
0707070b0b
0b0b070b0b
0b0b0b0707
0b0b0b0b07
0f0f0b0b0b
0b0b070b0f
0f0f0f0f0f
0f130f0f0f
0f0f0f0f13
0b0b0b0b0b
0b0b0b0b0b
0f0b0b0b0b
0f0f0f0f0b
0f0b0f0f0f
13130f0b0f
0f0f0f0f0f
0b0b0f0f0f
0f0b0b0b0b
0f0f0f0f0f
0f0b0b0f0f
0000000000
0300000000
0b0b0b0b0b
000003030b
0707030300
0707070707
0b0b0b0b0b
070b0b0b0b
0303030007
0703030003
0b0b0f0b0b
0707070b0b
070703070b
0b07070707
0b0b070707
0b0b0b0f0b
0f0b0b0b0f
0f0f130f0f
13130f130f
0b0b0f0f0f
0b0b0b0b0b
0b0b0f0f0b
0b0b0b0b0b
0f0f0b0b0b
0b0f0f0f0f
0f0f0f0f0b
0b0b0f0f0f
0b0b0b0b0b
0f0f0b0b0b
0f0f0f0f0f
0f0f0b0f0b
0f0f0f0f13
0707030003
0f0b0b0f0b
03070b0f0f
0000000000
0000000000
0303000000
070b070707
0707070707
0300000003
0b07070303
0b0b0b0b0b
0b070b0707
0f0b0b0b0b
0f0f0b0f0b
0b0f0f0f0f
0f0b0b0f0f
0f0f0f0b13
0f0f0f0b0b
0f0f0f0f0f
0b0b0b0f0b
0b0b0b0b0b
0b0b07070b
0f0f0f0b0b
0f0f0f0f0f
0f0f0f0f0b
0f0f0f0f0f
0f0f0f0f0f
0f0f0f0f13
0f0f0b0f0f
0b0b0b0b0b
0f0f0b0b0b
0b0b0f0b0f
0b07030000
0f0f0f0f0b
070f0f0f0f
0000000003
0000000000
0000000000
0003030300
0000000000
0707030303
0b0b070707
0b0b0b0b0b
0b0707070b
0b0b0b0b0b
07070b0b0b
0b0b0b0707
0b0707070b
0b0b0b0b0b
0f0f0f0f0b
0b0b0b0b0b
0b07070b07
0b0b0b0b0b
0f0f0b0f0b
0b0b0f0f0f
0f0f0b0b0f
0f0f0f0f0f
0f0f0b0f0f
0b0b0b0f0f
0b0b0b0f0f
0b0b0b0b0f
0b0f0f0b0b
0b0f0f0f0f
0f0f0f0f0f
0000000000
0f0b0b0703
0b0f0f0f0f
000003030b
0000000303
0000000000
0000000000
0000000000
0300000000
0b070b0707
0b0b0b0b0b
0b070b0b0b
0b0b0b0b0b
0b0b0b0b0b
0b0b0b0b0b
0f0b0b0b0b
0f0b0b0f0f
0707070707
0707070707
0b0b0b0b0b
0b0f0b0b0b
0f0f0f0f0b
0b0b0b0b0b
0b0b0b0f0b
0b0b0b0b0b
0f0f0b0b0b
0b0b0b0f0f
0b0b0b0b0b
0b0b0b0b0b
0b0b0b0b0b
0b0b0b0b0b
0b0b0b0b0b
0000000000
0f0f0f0b03
0b0f0f0f0f
0000030b0b
0300000000
0000030303
0000000000
0000000000
0000000000
0303030000
0307070707
0303030303
0b07070703
0b0b0b070b
070b0b0b0b
0707070707
0707070703
0b0b0b0707
0b0b0b0b0b
0b0b0b0b0b
0b0b0b0b0b
0b0b0b0b0b
0b0b0b0b0b
0b0b0b070b
0b0b0b0b0b
0b0b0b0b0b
0b0b0b0b0b
0b0b0b0b0b
0b0b0b0b0b
0b0b0b0b0b
0b0b0b0b0b
0b0b0b0b0b
0000000000
0f0f0f0b03
0b0f0f0f0f
000000000b
0703000000
0000000303
0300000300
0000000003
0000000000
0303000000
0300000003
0303070707
0303030307
0707070703
0303030303
0707030303
0703070707
0b0b0b0707
0b0b0b0b0b
0b0b0b0707
0b0b0b0b0b
0b0b0b0b0b
0b0b0b0b0b
0b0b0b0b0b
0b0b0b0b0b
0b0b0b0b0b
0b0b0b0b0b
0b0b0b0b0f
0b0b0b0b0b
0b0b0b0b0b
0f0f0f0b0b
0b0b0b0f0b
0000000000
0b0b0b0300
0b0f0f0f0f
000000000b
0000000000
0003000000
0303030300
0303000303
0003030303
0000000000
0000000000
0300000000
0003030303
0303030303
0707030703
0707070303
0b0b070707
07070b0b0b
0b0b0b0707
0b0b0b0b0b
0b0b0b0b0b
0b0b0b0b0b
0b0b0b0b0b
0b0b0b0b0b
0b0b0b0b0b
0b0b0b0b0b
0b0b0b0b0b
0b0b0b0b0b
0b0b0b0b0b
0b0b0f0f0b
0b0b0b0b0b
0b0b0b0b0b
0000000000
0b03030000
070b0f0f0f
0000000003
0000000000
0000000000
0003000000
0000000000
0000000000
0000000000
0000000003
0000000300
0303030000
0303030303
0000000003
0703030303
0707070b07
0707070707
0b0b0b0707
0707070b0b
0707070707
0707070707
070b0b0707
0707070707
0b0b0b0b07
070707070b
0b0b0b0b0b
0b0b0b0b0b
0b0b0b0b0b
0b0f0b0b0b
0b0b0b0b0b
07070b0b0b
0000000000
0300000000
0003070b07
0000000000
0000000000
0000000000
0000000000
0000000000
0000000000
0000000000
0000000000
0303000000
0000000303
0000000003
0707070303
0b07070707
0707070707
070b070707
070b070707
0707070707
07070b0707
0707070707
0707070707
0b0b0b0b0b
0b0b0b0b0b
0b0b0b0b0b
0b0b0b0b0b
0b0b0b0b0b
0b0b0b0b0b
0b0b0b0b0b
0b0b0b0b0b
0707070b0b
0000000000
0000000000
0000000000
0000000000
0300000000
0000000003
0000000000
0000000000
0000000000
0000000000
0000000000
0307000300
0303000303
0303030303
0303030303
0307030303
0703030303
0707070703
0b0b0b0b07
0b0b0b0b0b
0707070b0b
070b070707
0b0b0b0b0b
0b0b0b0b0b
0b0b0b0b0b
0b0b0b0b0b
0b0b0b0b0b
0b0b0b0b0b
0b0b0b0b0b
0b0b0b0b0b
0b0b0f0b0b
070b0b0b0b
0000000000
0000000000
0000000000
0000000000
0000000000
0000000000
0000000000
0000000000
0000000000
0000000000
0000000000
0303000000
0303030300
0303030303
0703030703
0707070307
0707070707
07070b0b07
070b0b0b07
0b0b0b0707
0b070b0b0b
0b0b0b0b0b
0b0b0b0b0b
0b0b0b0b0b
0b0b0b0b0b
0b0b0b0b0b
0b0b0b0b0b
0b0b0b0b0b
0b0b0b0b0b
0b0b0b0b0b
0b0b0b0f0b
07070b0b0b
0000000000
0000000000
0000000000
0000000000
0000000000
0000000000
0000000000
0000000000
0000000000
0000000000
0000000000
0000000000
0303030300
0303030303
0303030303
0707070303
0b07070707
07070b0b0b
0b0b070707
0b0b0b0b0b
0b0b0b0b0b
0b0b0b0b0b
0b0b0b0b0b
0b0b0b0b0b
0f0b0f0b0b
0b0b0b0b0b
0f0b0b0f0b
0f0f0f0b0f
0f0f0f0f0f
0b0b0b0b0b
0b0b0b0b0b
0b0b0b0b0b
0000000000
0000000000
0000000000
0000000000
0000000000
0000000000
0000000000
0000000000
0000000000
0000000000
0000000000
0000000000
0300000000
0303030300
0303030303
0707030307
0707070707
0707070707
0b07070707
0b0b0b0b0b
0b0b0b0b0b
0b0b0b0b0b
0b0b0f0b0b
0f0f0b0b0b
0f0f0f0f0f
0f0f0f0b0f
0f0f0f0f0f
0b0b0b0f0f
0b0b0b0f0f
0f0b0b0b0b
0f0f0b0f0f
0b0b0b0f0f
0000000000
0000000000
0000000000
0000000000
0000000000
0000000000
0000000000
0000000000
0000000000
0000000000
0000000000
0000000000
0000000000
0303030300
0303030303
0303030303
0707030703
070b070703
0707070707
0707030b03
0b0b0b070b
0b0b0b0b0b
0b0b0b0b0b
0f0b0f0b0b
0b0f0f0f0b
0b0f0f0b0b
0b0b0b0f0f
0b0b0b0b0b
0b0b0b0b0b
0f0f0b0b0b
0b0b0b0f0f
0b0b0b0b0b
0000000000
0000000000
0000000000
0000000000
0000000000
0000000000
0000000000
0000000000
0000000000
0000000000
0000000000
0000000000
0000000000
0303030000
0703030303
0707070707
070b070707
070703070b
0707070707
0707070707
07070f070f
0b07070b0b
0b0b07070f
0b0b0b0b0b
070b070b0b
0b0b0b070b
0b0b0b0f0b
0b0b0b0b0b
0b0b0b0b0b
0b0b0b0b0b
0b0b0b0b0b
0b0b0b0b0b
0000000000
0000000000
0000000000
0000000000
0000000000
0000000000
0000000000
0000000000
0000000000
0303030000
0b07070707
0b0b0b0b07
070b0b0b0b
07070b0b0b
0707070707
0b0b0b0707
070b0b0707
0707030307
0707070707
0703070707
0b07070b07
0b0b0b0b0b
07070b0b0b
0b0b0b0b07
0b0b0b0707
0b0b0b0b0b
0b0b0b0b0b
0b0b0b0b0b
070707070b
0b0b0b0b0b
0b0b0b0b0b
0707070b0b
0000000000
0000000000
0003030703
0000000000
0000000000
0000000000
0000000000
0000000000
0303030000
0707070303
0303030303
0703030303
0707030703
0707070707
0707070707
070303070b
0303030307
0707070703
0707070707
0b0b070703
07070b070b
070b0b0b07
0b070b0707
0b0b0b0707
070707070b
0b0b07070b
0707070b07
070707070b
0707070307
07070b0707
070707070b
0707070707
0000000000
0000000000
0000000300
0000000000
0000000000
0000000000
0000000000
0000000000
0000000000
0000000000
0000000003
0703030000
0707070707
0707070707
0707070707
0f0f070707
0b0f0b070b
0b0b0b070b
0307070b0b
0707070707
0707070303
0707070707
0b070b0b07
07070b0b0b
07070b0b0b
0b0b0b0707
0b070b0b07
070703070b
070707070b
0707070707
0707070707
0707030707
0000000000
0000000000
0003030703
0000000000
0000000000
0000000000
0000000000
0000000000
0000000000
0300000000
0303070303
0303070b07
0707070707
0707030307
0707070707
0707070707
0b070b0707
0b0b0b0b0b
0b0b0b0b0b
0b0b0b0b0b
070b0f0f0b
0707070707
0b07070707
0b0707070b
070b0b070b
0707070b0b
070b0b0b07
0703030300
0307070707
0307030703
0707070707
0303030707
0000000000
0300000000
0003070707
0000000000
0000000000
0000000000
0000000300
0303000303
0000000003
0303000000
0707070703
070707070b
0707070707
0707070707
0707070707
0b07070707
0b0b070707
0b0b0b0b0b
0b0b0b0b0b
0b0b0b0b0f
0f0f0f0f0b
0f0f0f0f0f
0f0b0f1313
070b0f0f0f
070b070b07
070b070707
07070f0b0b
0707070b03
0b0b0b0707
07030b0707
0307070707
0303030707
0000000000
0000000000
0003070707
0000000000
0000000000
0000000000
0000000000
0000000000
0000000000
0303030000
0303030707
0303000000
0307030307
0707030303
0707070707
0707070707
0b0b070707
0b0b0b0b0b
0b0b0b0b0b
0b0b0b0b0b
0b0f0b0b0b
0f0f0f0f0b
1313130f0f
0f0f131313
1313131313
0f1313130f
070b0b0f0f
0707030b07
0b0b070707
07070b070b
030703070b
0707070703
0000000000
0300000000
0003070707
0000000000
0000000000
0000000000
0000000000
0303000000
0000030303
0000000000
0707030303
0307070707
0303030707
0707070707
0707070707
0b07070707
0b0b070707
0b0b0b0b0b
0b0b0b0b0b
0b0b0b0b0b
0b0f0f0f0f
0f0f0f0b0b
0f0f0f0f0f
0f0f0f0f0f
130f0f0f0f
0f0f0f130f
0f0f130f13
13130f0000
0f0f130f13
070707070f
0707070707
07070b0707
0000000000
0300000000
0003070703
0000000000
0000000000
0300030000
0000000000
0303030300
0300030303
0707030303
0707070707
0303030707
0707030707
0707070707
0b07070707
0707070b07
0b0b07070b
0b0b0b0b0b
0b0b0b0b0b
0b0b0b0b0b
0f0f0f0f0b
0f0f0f0f0f
0f0f0f0f0f
0f0f0f0f0f
0f0f0f0f0f
0f0f130f0f
0f0f0f0f0b
0f130f170f
0f0f0f130f
0f13131313
0b0f0f1313
070707070b
0000000000
0303000000
0003070707
0000000000
0000000000
0000000000
0300030303
0303030003
0303030003
0303030303
0707070303
0707070707
0707070707
0707070707
0707070707
0b0b0b0b0b
0b07070b0b
0b0b070707
0b0b0b0b0b
0b0b0b0b0b
0b0f0f0f0b
0f0f0b0f0b
0f0f0f0b0f
0f0f0b0b0f
0f0f0f0f0f
0f0f0f0f0f
0f0f0f0f13
0f1713130f
0f130f0f13
0f0f130f0b
13130f0f0f
0f0f0f130f
0000000000
0300000000
0007070b07
0000000000
0000000000
0003000000
0000000000
0303030303
0303070307
0303030303
0707030303
0703030707
0707070707
0707070707
0707070b07
0b0b070707
0b0b0b0b0b
070b0b0b0b
0b0b0b0707
0b0b0b0b0b
0b0b0b0b0b
0f0f0f0b0b
0f0f0f0f0f
0f0f0f0f0f
0f0f0f0f0f
130f0f0f0f
0f0f13130b
0f13130703
0f0f0f0f0f
0f0f0f0f0f
0f0f0f0f0f
0b0f0f0f0f
0000000000
0300000000
0307070707
0000000300
0003000000
0303000000
0303070303
0303030303
0303030707
0303070303
0303070703
0707030707
0707070707
0707070707
0b0b070707
0b0b0b0b0b
07070b0b0b
0b0b070707
0b0b0b0b0b
0b0b0b0b0b
0b0b0b0b0b
0b0b0b0b0b
0f0f0b0b0b
0f0f0f0f0f
130f0f0f0f
0f130f0f13
0b0f0f0f13
0f1313130b
0f0f0f0f0f
0b0f0f0f13
0f0f0f0f0b
0f0b0b0f0b
0000000000
0300000000
0307070707
0000000000
0000000000
0003000000
0303030303
0307070707
0303030707
0707070707
0707070707
0707070707
0707070707
0707070707
0707070707
0b0b0b0707
0b0b0b0b0b
0b0b0b0b0b
0b0b0b0b0b
0f0b0b0b0b
0f0b0f0f0b
0b0b0b0b0f
0f0f0f0f0f
0f0f0f0f0f
0f0f0f0f0f
130f130f0f
0f0f0f0f13
13170f170f
0f0f0f0f13
0f0f0f0f0b
0b0b0f0f0f
0f0f0f0f0f
0000000000
0300000000
0307070b07
0000030000
0703030300
0303030307
0003030303
0303030303
0303030303
0703030303
0707030303
0707070707
0707070707
0707070707
0707070707
0b0b0b0b07
0b0b0b0b0b
0b0b0b0b0b
0b0b0f0b0b
0b0b0b0b0b
0f0f0f0b0b
0f0f0f0f0f
0f0f0f0f0f
131313130f
0f0f0f0f0f
0f130b0f0f
0f0f13130f
0f13131313
0f0f0f0f0f
0f0f0f0f0f
0f0f130f0f
0f0f0f0f0f
0000000000
0300000000
03070b0b07
0000000003
0003000000
0000000000
0303000000
0303070703
0303030303
0707070707
0707070707
0707070707
0707070707
0707070707
0b0b0b0707
0b0b0b0b0b
0b0b0b070b
0b0b0b0b0b
0b0b0b0b0b
0b0b0b0b0b
0f0f0f0b0b
0f0f0f0f0f
0f0f0f0f0f
0f0f0f0f0f
130f0f0f0f
0f0f130f13
0b0f0f0f13
0f0f170303
0f0f0f0f0f
0f0f0f0f0f
13130b0f0b
070b0f0f0f
0000000000
0300000000
0007070703
0000000000
0300000000
0303030303
0303030303
0703030707
0707070307
0303070707
0707070303
0707070707
0707070707
0b07070b07
07070b0b07
07070b0b0b
0b0b0b0b07
0b0b0f0f0f
0b0f0b0f0b
0b0b0b0b0b
0f0f0f0b0b
13130f0f0f
0f0f0f0f0f
0f0f0f0f0f
0f0f0b0f0f
130b0f130f
0b0f0f0f0b
0f0f13130b
0f0f0f0f13
0f0f0f0f0f
00030b0b0f
0b07030300
0000000000
0000000000
0003030303
0000000000
0003030000
0000000303
0703030300
0707030703
0707070707
0707070707
0b07070707
0b0707070b
0b070b0b0b
0b0b0b0b0b
0707070b0b
0b0b0b0b0b
0b0b0b0b0b
0b0b070707
0b0b0b0b0f
0f0b0b0b0b
130f0b0f0f
0f0f0f0f0b
0f0b0f0f0b
130f0f0f0f
1313130f0f
0b0b0f0f13
030300070b
0b0b0b0307
0b0f0f0f0b
0000070b0b
170f0b0303
1717171b17
0303000303
0300000000
0003030303
0000000300
0303030300
0707030300
0307030707
0303070707
0707030307
0703070307
0303030303
0707030303
0707070707
0b0b0b0b0b
0b0b0b0b0b
0b0b0b0b0b
0f0f0b0b0b
0b0b0b0b0b
0b0b0f0b0b
0f0b0b0f0b
130b0b0b0b
0f0f0b0b0b
0f0f0f0f0b
0f0b0f130f
0f0f0f1313
0b0f0f0f0b
0303030303
0003070703
0000000000
0b03030000
1717171717
0f0f0f0f13
0303070303
0300030303
0707070707
0303030303
0307030303
0707030303
0707030307
0707070707
0303070707
0707070303
0303070707
0707030303
0707070707
0b07070707
0b03070b07
0b0b07070b
0b0b0b0b0b
0f0b0b0b0b
0f0b0f0f0f
0f0b0b0b0b
0b0f0f0f0f
0f0b0b0b0f
0b0b0b0f0f
130f0b130f
0b0f130b13
00030b070b
0303030303
0703030303
0303030303
0303000000
0000000303
0f0f0b0300
0003000003
0000000000
0300000000
0303030303
0707070303
0307070707
0707070307
0707070703
0707070707
0707070b0b
070b070707
0307070707
0b0b070707
0b0b070707
0b0b0b0b0b
0b0b0b0b0b
0b0f0b0b0b
0b0b0b0b0b
0b0b0b0b0b
0b0b0b0b0b
0f0b0f0f0b
0f0f0f0b0f
0b0b0b0f0b
0b0b0b0b0b
0000070b07
0303000303
0000000300
0303000300
0000000000
0003000000
0000000003
0003030300
0000000000
0000000000
0000000000
0000000000
0003000300
0000000000
0000000000
0303000000
0707070707
0303070307
0707070303
0b0b0b0b0b
0707070b0b
0b0b0b0b0b
0b0b0b0b0b
0b0b0b0b0b
0b0b0b0b0b
0b0b0b0b0b
0b0b0b0b0b
0b0f0b0f0b
0f0f0b0b0b
0f0f0f0b0f
0b0f131313
0b0b0f0b0b
0300000007
0303030303
0000030303
0000000003
0303000000
0303030000
0000030000
0303000003
0000000000
0000000000
0000000000
0000000000
0000000000
0000000000
0000000000
0000000000
0000000000
0000000000
0000000000
0000000000
0b0b0b0700
0b0b0b0b0b
0b0b0b0b0b
070b0b0b0b
0b0b0f0f0b
0f0f0b0b0b
130f0b0b0f
130f0f0f0f
0b0f0f0b0f
0f0f0b0f0f
0f0f0f1313
0003070b0f
0000000000
0303030303
0300000303
0000000003
0303030000
0303030303
0300000000
0000000003
0000000000
0000000000
0000000000
0000000000
0000000000
0000000000
0000000000
0000000000
0000000000
0000000000
0000000000
0000000000
0b07030b07
0b0b0f0b0b
070b0b0b0b
0b0b0b0f0b
0b0b0f0f0f
0b0b0b0b0b
0b0b0b0b0f
0f0b0b0b0f
0b0f0b0b0f
0f0f130f0f
0707000f13
0000000000
0300000000
0303030303
0303030303
0000000000
0300000000
0303030300
0000000000
0303000300
0000000000
0000000000
0000000000
0000000000
0000000000
0000000000
0000000000
0000000000
0000000000
0000000000
0000000000
0707070703
030b130b0b
0f0f0f0b07
0b0f0f0f0b
0b0b0b0f0b
0b0f0f0b0f
0f0f0f0b0b
131313130b
130f0f1313
07070f0b0f
0b0b07070f
00070f0b0b
0000030300
0003030300
0303030000
0303030300
0000000003
0300000000
0303030300
0000000303
0300000300
0000000000
0000000000
0000000000
0000000000
0000000000
0000000000
0000000000
0000000000
0000000000
0000030003
0707030303
0f1317170f
030b17170f
0f0f0b070b
0f0f0f0b0b
0b0b0f0f0f
0f0f0f0b0b
0f0f0f130f
0b0f0f0f0f
0003070b0f
0b00030000
070b0b0703
0000030707
0303000000
0003030000
0307070703
0303030003
0000000003
0300000000
0300000000
0000030300
0000000000
0000000000
0000000000
0000000000
0000000000
0000000000
0000000000
0000000000
0000000000
0703000000
0f03000007
0f0b1b0f0f
0b0b0f1713
0b0b0f0b0f
0f07070703
0b0f0f0f0b
0f0f0b0b0f
0f0b0b0f0b
030b0f0b0f
0000000000
0303030300
03070b0b03
07070b0307
0000000303
0300000000
0703030300
0300030707
0303030303
0000000303
0000000000
0000000000
0303030303
0000000000
0000000000
0000000000
0000000000
0000000000
0000000000
0000000000
0000000000
0000000000
0703030000
1717070000
0b0b0f130f
0f0f0f0f0b
00000f0f0f
0707070703
0303070307
0f0f0f0f0b
030b0f0f0f
0303030300
0303030303
030b0f0f0b
030f130f03
0000000707
0300000000
0300030000
0003070003
0303030303
0303030300
0003030303
0000000000
0003000000
0303000300
0000000003
0000000000
0000000000
0000000000
0000000000
0000000000
0003000000
0003030000
0303030303
0000000000
0f13030003
0b0f0f0f0f
0f0f0f0f0f
03000b0f0f
0703070707
0307070b00
0b07070000
0703030003
03030f0b0f
07070b0f07
000f171713
03030b1303
0000000707
0000000000
0000000303
0303030300
0303030303
0003030303
0303000003
0000000003
0000000000
0003030003
0000030303
0000000000
0000000000
0000000000
0000000000
0000000000
0003000000
0300030300
0303030303
0003000000
0f03000303
0f0f0f0f0f
0f0b0f0f0f
0b0700070f
0307030707
0307070b07
0707000303
0b03030303
17070b0707
07070b1717
00000f0f13
0000070703
0000000000
0000000000
0300030000
0303070700
0303030303
0303000003
0300030003
0000030303
0000000000
0303000300
0000030300
0000000000
0000000000
0000000000
0000000000
0000000000
0003000000
0303070703
0003030303
0000000000
0703000000
070f0f0f0f
0b0b0b0b0f
0707030000
0703000307
0303070707
0707070703
170b030000
13070b0f17
0b07070f0f
070b0b0f0f
0300000300
0000000000
0000000303
0703030300
0703030300
0303030303
0300000303
0303030303
0303030003
0000000000
0000000303
0003000000
0000000000
0000000000
0000000000
0000000000
0000000000
0003070000
0303030303
0000030703
0000000000
0303030000
0000030703
00030b0303
070b070000
070b070303
0703030707
00070b0307
1303000000
130303030f
0b03070f13
000b0f0f13
0000000000
0303000000
0000000003
0300000000
0303000303
0303030303
0303030303
0003000300
0303030300
0000000003
0000000003
0300000003
0000000000
0000000000
0000000000
0000000000
0000000000
0703070300
0303070b07
0000000007
0000000000
0000000000
0000000000
0000000000
0707070000
030b070707
0307070703
030b0f0707
0000000300
0003000000
0300000000
0000030003
0000000000
0000000000
0000000000
0303000300
0303030300
0303030303
0303030303
0303000000
0000000003
0000030303
0000000000
0000000000
0000000000
0000000000
0000000000
0000000000
0000000000
0003030303
0000030003
0000000000
0000000000
0000000000
0000000000
0000000300
0307030000
0303000307
0307070707
130f0b0307
0300030713
0000030000
0000030000
0000000300
0000000000
0000000003
0000000000
0303000000
0000000000
0000000000
0303030303
0300000303
0003030303
0003030000
0000000000
0000000000
0000000000
0000000000
0000000000
0000000000
0003000000
0000000000
0000030707
0000000000
0000000000
0000000000
0000000000
0000030000
0300000000
0303070707
0703030707
030f0f0303
0303070b07
0000030300
0000000000
0000000000
0000000000
0000000003
0000000000
0303030000
0000000003
0003000003
0303030303
0000030303
0000030303
0000000000
0000000000
0000000003
0000000000
0000030300
0000000000
0000000000
0000000000
0000000000
0000000000
0000000000
0000000000
0000000000
0000000000
0000030000
0003000000
0707030000
030303070b
07030f0b07
0303030307
0003000300
0000000000
0300000000
0003000000
0000000000
0000000000
0303030000
0303000303
0000000003
0003030303
0303030000
0303000000
0000000000
0000000303
0000000003
0000000000
0000000000
0000000000
0000000000
0000000000
0000000000
0000000000
0000000000
0000000000
0000000000
0000000000
0000000000
0000000000
0707030300
0303030307
0303000707
0703030000
0003030000
0000000300
0000000000
0000000000
0000000000
0000000000
0303000000
0303030303
0000000000
0303030000
0303000000
0300000003
0000000000
0003000300
0000000000
0000000307
0000000000
0000000000
0000000000
0000000000
0000000000
0000000000
0000000000
0000000000
0000000000
0000000000
0000000000
0000000000
0303070303
0303030300
0003000703
0300000000
0000000003
0000000000
0000000000
0000000000
0000000000
0300000000
0303000000
0303030303
0300030303
0303030300
0300000000
0300000003
0000000003
0003030300
0003000300
0000000007
0000000000
0000000000
0000000000
0000000000
0000000000
0000000000
0700000000
0003030f0b
0000000000
0000000000
0000000000
0003000000
0003030303
0000030300
0000000707
0303030003
0000000003
0000000000
0000000003
0000000000
0000000000
0000000000
0307070000
0303030303
0303000303
0300000300
0000000003
0300000000
0003000000
0300030000
0300000303
0000000000
0000000000
0000000000
0000000000
0000000000
0000000000
0000000000
0300000000
000000000f
0000000303
0000000000
0000000000
0300000000
0303000303
0300000000
000000070b
0000000300
0000000000
0000000003
0000000303
0000000000
0000000000
0300030000
0000030000
0303030303
0303030303
0303030003
0003000000
0000030003
0303030003
0003030000
0303030303
0000000000
0000000000
0000000000
0000000000
0000000000
0000000000
0000000000
0000000000
0000000000
0000000000
0000000000
0000000000
0000000003
0000000303
0000000000
0003000000
0000000000
0000000000
0300000000
0300000000
0000000003
0000000000
0303000300
0300030300
0003000303
0303000303
0003000303
0303030303
0303030303
0303000303
0000000000
0303030300
0000000000
0000000000
0000000000
0000000000
0000000000
0000000000
0000000000
0000000000
0000000000
0003000000
0000000000
0000000000
0000000000
0000000000
0000030000
0000000000
0000000000
0000000000
0000000000
0303030303
0300000000
0303030300
0003000307
0000000000
0303030300
0000000000
0000000003
0303000303
0303030303
0000030303
0000000003
0303030300
0000000000
0000000000
0000000000
0000000000
0000000000
0000000000
0000000000
0300000000
0000000000
0000000000
0000000300
0000000000
0000000000
0000000003
0000000300
0000000700
0000000000
0000000000
0000030300
0000000000
0000000000
0703000000
0000000003
0703030700
0703070703
0307070303
0703070707
0003030003
0000000000
0003030300
0000030300
0000000300
0000000000
0000000000
0000030000
0000000000
0000000000
0000000000
0003000000
0000000000
0000000000
0000000000
0303000000
0300000003
0000000003
0000030007
0303000000
0000000303
0000000000
0000000000
0000000000
0300030000
0000000303
0000000000
0000000000
0000000000
0000000000
0000000000
0300000000
0307070703
0303070307
0000030000
0000030000
0303030000
0000000000
0000000000
0000000000
0000000000
0000000000
0000000000
0000000000
0000000000
0000000000
0000000000
0000000000
0000000000
0000000000
0000000000
0000000000
0000000000
0000000000
0000000000
0000000000
0000000000
0000000000
0000000000
0000000000
0000000000
0000000000
0003000000
0000030300
0000000000
0000030000
0003030707
0003000003
0303030000
0000000000
0003000000
0000000000
0000000000
0000000000
0000000000
0000000000
0000000000
0000000000
0000000000
0000000000
0000000000
0000000000
0000000000
0000000000
0000000000
0000000000
0000000000
0000000000
0000000000
0300030000
0000000000
0000000000
0000000000
0000000000
0000000303
0000000000
0000030300
0000000003
0000000000
0303030303
0000000003
0000000000
0000000000
0000000000
0000000000
0000000000
0000000000
0000000000
0000000000
0000000000
0000000000
0000000000
0000000300
0000000000
0000000000
0000000000
0000000000
0003000000
0000000300
0003030300
0000030300
0003030000
0300000000
0000000300
0000000000
0000000303
0000000000
0000000000
0000000300
0000000000
0000000000
0000000000
0000030000
0000000000
0000000000
0000030000
0000000000
0300000000
0000000000
0000000000
0003030000
0000000000
0000000000
0000000000
0000000000
0000000000
0000000000
0000000000
0000000303
0000000000
0000000003
0300000303
0300000300
0303030300
0000000003
0700030000
0700000003
0000000303
0300000000
0000000000
0000000000
0000000003
0003000000
0000030003
0000000000
0003030000
0000000000
0000000000
0000000000
0000000000
0000000000
0000000000
0300000000
0000000000
0000000000
0000000000
0000000000
0000000000
0000000000
0303030000
0300000000
0303000000
0003030303
0303070300
0300000703
0303000300
0003030003
0000000303
0000000000
0000000000
0000000000
0303000000
0300000303
0000000303
0000000000
0300030000
0000000000
0000000003
0000000000
0000000000
0000000000
0000000000
0000000000
0000000000
0000000000
0000000000
0000000000
0000000000
0000000000
0000000000
0300000000
0003000003
0000000000
0300000000
0000000003
0303000300
0000030303
0303070303
0000030000
0000030000
0300070700
0000030303
0000000000
0000000000
0303000000
0000000000
0000000000
0003000000
0000000000
0000000000
0000000000
0300000000
0000000000
0000000000
0000000000
0000000000
0000000000
0000000000
0000000000
0000030300
0000000000
0000000000
0000000000
0300030000
0000000000
0000000000
0000000000
0000030000
0303030300
0300000307
0303000303
0300000000
0000000703
0303030300
0300000300
0000000300
0000070000
0000030000
0000000300
0000000000
0000000000
0000000000
0000000000
0000000000
0000000000
0300000000
0000000000
0000000000
0000000000
0000000000
0000000300
0000000003
0300000000
0000000000
0000000000
0000000000
0000000000
0300000307
0303030003
0003030003
0303030303
0303000003
0003030003
0003030000
0303000003
0000030300
0000000703
0000000000
0000000000
0000000000
0003030000
0000000000
0000000000
0000000000
0000000000
0000000000
0300000303
0000000003
0000000000
0000000000
0000000000
0000000000
0000000000
0000000000
0000000000
0000030000
0000000000
0000000000
0300000000
0000000003
0303070000
0000030303
0303000000
0303030003
0003000300
0303000303
0000030003
0000000000
0000000000
0000000000
0000000000
0003000000
0000030000
0000000000
0000000000
0000000000
0000000000
0003000003
0303030003
0000000000
0000000000
0000000000
0300000000
0000000000
0000000000
0000000000
0000000300
0300000000
0000000000
0303000000
0000000303
0000000003
0300000300
0303030303
0303030303
0300030703
0000030303
0000030300
0000000000
0000000000
0000000000
0000000000
0000000000
0000030000
0000000000
0000000000
0300000000
0000000303
0000000000
0000000003
0000000000
0000000000
0000000000
0000000300
0000000000
0000030000
0000000000
0300000000
0000000000
0303000000
0003030303
0307030000
0300000003
0303030303
0003030303
0003030303
0703030303
0003030303
0000000303
0000000000
0300000000
0000000000
0000030000
0000000300
0000000300
0000000003
0003000003
0000030003
0000000000
0000000000
0000000000
0000030003
0300000000
0003000000
0000000000
0300000000
0000000300
0003000300
0000000000
0000000000
0000000000
0300000000
0000030303
0000000000
0000000000
0000000003
0303030000
0703000703
0003030007
0303030003
0000030303
0003000300
0000000000
0000000000
0000030000
0000000000
0003000000
0000000000
0007000000
0000030000
0000000000
0000000000
0300000000
0300030000
0000000000
0003000000
0000000000
0703030000
0303000000
0003000000
0000000000
0000000000
0300000000
0003000000
0300000000
0003000300
0303000000
0000000003
0000030000
0000000000
0000000000
0000000300
0303030303
0000000300
0300000003
0000000000
0000000000
0300000000
0000000003
0300000000
0000000000
0000000000
0000000000
0000000000
0000000000
0000000000
0000000000
0003000000
0000000000
0000030003
0000000000
0000000003
0000000000
0000000000
0000000000
0303000000
0003030300
0000030000
0000000303
0000000000
0300000303
0000000003
0000030303
0003030303
0303000303
0003000303
0000000000
0000000000
0300000000
0300000000
0003030000
0000000000
0000000000
0300030303
0000030000
0000000003
0000000000
0000000000
0303000000
0000000000
0000000000
0300000003
0000000000
0000000000
0000030000
0000000000
0000000000
0000000000
0000000000
0300000000
0303000003
0303030000
0303030007
0003000303
0300000003
0300030303
0303030303
0003030003
0300030303
0003000003
0003000000
0000000000
0300000303
0000000300
0000030300
0300000000
0003000300
0300000000
0000000303
0000000000
0000030000
0000000000
0000000000
0300000000
0000000000
0000000000
0003000003
0000000303
0000000003
0000000000
0000000300
0300030300
0003030300
0303000000
0003000003
0003030300
0303000007
0303000000
0303030303
0303030303
0003000303
0003000003
0000030000
0000000000
0000000000
0000000000
0000030000
0000000000
0000000300
0000000000
0703000003
0000000000
0000000000
0000000000
0000000000
0003000000
0000000000
0000000000
0003000007
0000000003
0003000003
0000000000
0000000000
0300000000
0003000000
0003030303
0000030000
0300000703
0300030300
0307030303
0303000003
0003000303
0003030303
0300000303
0000030003
0000030000
0003030300
0000000000
0000000003
0000000000
0000030000
0000000000
0303030300
0000030003
0000000000
0000000000
0000000000
0003030300
0000000300
0700000000
0000000000
0300000300
0000000000
0000000000
0000000000
0303000000
0303030000
0000000000
0300000303
0300030303
0000000303
0003030303
0003030300
0703030300
0000000000
0300000003
0000000003
0000000000
0000000000
0000000000
0000000000
0000000000
0000000000
0003000000
0003000000
0000030000
0000000000
0000000000
0000000300
0000030000
0000000003
0703000000
0000000000
0000000000
0000000000
0000000000
0000000000
0000000000
0000030000
0300000000
0303000003
0300030300
0300000003
0700030000
0303030303
0303030003
0303000000
0300000003
0000000000
0000000000
0000000000
0000000303
0000030000
0000000000
0303000000
