0e0e0e0e0e
0e0e0e0e0e
100e0e0e0e
12130f110e
120d0d0c0e
0d0e0e0e0e
100d0d0e0e
190d0e150c
0e100e0d14
150e150f0e
0b0d110d16
0b0e0b0b0c
0b0b0b0b0b
0e0e0e0d0c
0e0e0e0e0e
1f0e0f100e
1414141414
1414141414
0b14181014
f6f2ee1020
0b10eeeeee
1014141814
0b10071c14
f6f6030710
fa10140b18
250703ffee
eefaff1025
f2ffeeeeee
e9eeeeeef2
0b07faffee
10141c1c0b
3a14141410
0303040407
0101010101
0606000101
090e070605
060c100d12
0601ff0104
12130e0e0d
0c07130e11
0a0403090a
070f000608
110a0c080e
110f080a0d
0909070e13
fd08060c08
ff0d060505
19030301fe
1414141414
1414141414
1410101414
070b0b1410
fffafff2f2
1414141010
fff2f21010
fafafa03ff
100b070703
0b1c141c14
fa0b0b0714
fafaeeeef2
eee9eef6fa
141414fff2
1025181414
3114181418
00ff01000a
00ff0200ff
00ff00ff01
070808ff03
0602010503
0a0c070904
0a13080814
060e080c0d
0e0a020a0d
0f0d0f0b12
0b090f120c
0c13121310
0a090e1016
08fc06020a
ff060c0404
1602040901
1414141018
1018101014
1414101014
1010101010
180b070b07
ff1014180b
140b140310
0b180b0b18
0714071020
03ff071410
f6fa03ff10
ff07030303
faeef2f607
180b0b100b
1010181018
31181c1c14
020a02070e
ffffff0003
01020001ff
080a080101
fffeff0702
0c0105ff03
12070d1407
070611080c
0e070c1009
0d06080c0b
0e0b110d09
0f0c170f0e
0b0b080a0e
0808030505
00fd070e09
1806020b00
0b18101818
1414141014
1410101410
18181c1418
1414182014
201814141c
1c07071414
180b10ff25
0b14201810
07ffff0703
fff6faf2f2
03fa0b0703
fff6f2f2ff
14180b07f2
18100b1814
311810181c
0a070e0b0a
01050f0000
0e01040206
101b070706
040e040710
0608040e05
0d0a0a1006
0e0608120e
0b0a0a0f11
140a111112
14100c0a08
0c100b0a12
08070e0a0c
050c0e0307
0301fe0503
180107ff08
14100707f6
1407100b07
1410141414
0725101003
1410101c14
0b14100714
07100710f2
0703142503
ff03f60303
03fa030307
ff03fafaf2
eefafaff03
e9eef6eeee
03101403fa
1818101c0b
3110181414
0c0a090a0c
100b0b0c0e
100a0b0e09
0f0e0b120a
0e0b14140e
09080b0b07
110915100a
0a120f100b
110b0d170b
100c100c14
0a0b0e1211
13090b130e
0a0c0a0f08
fffd090502
feff0709fc
16fffefefe
fffffffaf2
ffff030b10
0bff0710fa
f2f2f20303
f2f2fffff2
eef2f2fffa
faf603fff6
f2faf6fff6
03f2ee03f6
faf6faf6ff
fafa03faff
f6eee9eefa
fafae9eee9
1010140bff
10101c2514
2d10101010
11120d1112
0806050809
05070e0e09
080f060c0e
0a0c0a0b09
0a08080709
120e150b0b
0f0d0e130e
1509110815
150c13100e
0a100c150e
0a0f0c0e0b
040b0d060b
ff0204fe0b
ff02040605
15ff0106ff
0bffff03f6
fa03ffffff
03ff03fffa
ff14ff0b0b
f2eeeef6ff
eeeef2f2ee
f2f2fff2ee
faf6fafaf2
03f6f6eeff
03f2fafff6
eefaeefff6
e9f2eeeeee
1414140b03
1014251410
181c1c1818
2d141c1c14
0a150a1515
0d1513151c
0a09090b0e
100e0b110d
0a08100a0c
0f120a0a0b
090909090a
0e08090709
0f100d0f15
10170a1110
0a0d131210
05070a0b0c
ff01080308
0500051101
fefe03fefe
1500060605
eefff2ff03
f60307fa07
f2eef2f6fa
03f6fafaf2
eef2faf203
03faf6f2ee
faf6f2eef2
fff2f2f2f2
fffaf6faff
03fff2fff6
eeeefaffff
f6eee9eeee
070b140bff
100310200b
0707141007
2d14201018
1715110c16
10120f0f0e
090b0e1518
0f150d1308
08100c1414
170d080a11
0913090d17
0a0e150b0c
0a0e0e100d
15110c0e13
0a0b0a0c1b
07070b0e15
fe05ff0505
fe050500fe
fefefefefe
1c06fffefe
fafaf6f2ff
fffafff6f6
f6f2ff03ff
faf6eefaf2
f2fafa03fa
10fff2f2fa
f603f6ff10
f6ff07ffff
f2f2f6faf6
f2f6eef6fa
e9eef2f6fa
03f6f2f6f2
0710071007
0710100307
0707070707
361c140b07
11160e130f
0c0f0f1112
0d0f150c0e
0a110a100d
1c110f0d19
190c09100c
1a1118140f
12130f110e
090d140a08
0b100e0a0e
130c0d0a0a
05030c0a0f
fefefefefe
fefefefefe
fffffefefe
1cfefefefe
fafaf6faf2
f6f6f2f6ff
f2f603f6f6
f2faeefaf2
03fafffa07
10f2eefaf6
1407100b07
030b0b0303
ff030bfaf2
070703ff03
e9e9f2fafa
10070307f2
0707070707
0707070707
0707070707
3a07070707
13131a0f1c
151115191c
140d0e130c
10150f0e10
150b0b1213
1114130a0b
140e0e0c12
0f0f131211
10120c151d
0e0c0b1013
010b050206
0b0a060504
fefefefe05
01fffefefe
ffff05ffff
1c05fefefe
faff0bfa03
faf6ff070b
03f6f6fff2
fa03faf6fa
faf6f6faf6
f6fafaf2f2
07f6faf6ff
fafffaf603
ff07ff030b
1003030707
10140b07f6
1c20100b10
0707070710
0707070707
0b0b180b0b
2d10070707
1c15101211
0d13140f11
12120f1312
0e130d130f
140d180b13
1218110b16
12120e0d0e
0c0c111113
140d120d09
0c0f0d0e12
04050e0f14
06120b03ff
fffffe0403
fefffffffe
ff050a0a06
1a0cfefefe
fffff6f6f6
f2fafffafa
f2ffff0303
fa03fa03ff
03ff14fa03
0303fafa07
ff0bfffafa
03ff070707
07ff03ffff
eef2f6f6ff
140b1407fa
1018101414
0b0b0b100b
0b0b0b0b0b
07100b0710
2918070707
1110100e0e
0e0e101610
0e0e0e0e0e
11100f0b0d
100e0d1511
151011170a
0b110d1614
0f10110e0d
0e0d0b0d0e
1313140e0f
0e0e090c0f
130608060c
010206040b
0c09ff0007
fc02050403
1c0501fefe
f6f6f6eef2
fafafafffa
faf2fafffa
0703fff6fa
fffffa0b07
03fffa07f6
fa03fffafa
faff03ffff
fffffafafa
03f6faf6ff
fafaf20307
eee90b03ff
0b0b0bfaee
07100b0b07
030b0bfaff
361c180707
0e0f0f0e0f
110e0d0d0e
100f130e0e
0a0f0f0f10
0e100a0d13
120d0b1519
13170c1314
0d0d0e1312
0e0e160e0f
151511140e
060e09110d
060d0c0d15
030a0d1109
0806060903
0601ffff0d
1c110dfefe
fafafafffa
fffffafaff
07070303ff
fafaff0303
eef2eef2ff
03fffa0707
f607faff07
fffaff03fa
f6f2f2f6fa
fff2f6f2f2
eefaf2faf6
fafaf6eeff
ff03100b07
ff07070b03
141c0b100b
1c0b14070b
10100f100e
100e100f0f
0e0e111011
10100f100e
1615121412
0e14150f10
141215130e
0f0e15150e
0d15150f1d
15090b0f0c
0c0b0d0f0e
0606080904
0b020e0503
0e100b0c08
0a070b0805
120e001608
ff03ff03ff
03ff03ffff
030303ff03
faff0303ff
0b0303fafa
070b1003ff
070b140707
0303030b07
0307100710
03f2f6fafa
faf2faf2e9
071007ff03
ff03100303
070bfffff6
1014101810
181810250b
0f100f100e
1012100f0f
11100f100f
10110f0c0e
0e18151410
0c0c0c0d0d
0c0c0d0e0c
0e0d0c0d0e
0e0c0d0f0e
0d0b0e0e0d
0609090b0d
0e0e06130f
0609060c0e
0f0a0b110b
10100d0e08
0f0e10120c
0303ff03ff
070b070703
07070b0b07
07070703ff
07140b0b07
ffffff0303
03030303ff
ff030303ff
ff0707ffff
eef2fafafa
0b0b070bfa
fa07f60307
eef6f2ffff
f6f6fa07f6
100b07faf2
ff03070b0b
100f0f0f0e
1012101110
0e0e111010
0e0d0f120f
0e0c0d0c0e
0c0e0e0e0e
0b0a0b0c0b
0b0c0c0e0e
0e0d0d0b0b
100e0e0f0d
0b110c0d0f
0a0f0c0e0b
100b08150a
0c15130908
0a12101b13
0e0d0e0e0c
0703ffffff
0b0b0b0b07
0b0b100b0b
0b07030707
0303070b0b
ff03ffff03
ffff03ff03
03faffffff
ff03070303
03fffffffa
fffffaffff
ff03ff0703
03faf603f6
ff1007f6fa
0310071c10
eef6f6f6ff
10100f0f0e
0f0f110f10
0e100f0e0c
100e0e0e0d
0e0e0e0e11
101016130d
0e140e0f11
0c0e0d120a
110b0c0e0d
1516181112
1611111110
100a0f090d
12090a110e
0c1214130c
100f0f110c
130e0e0e0f
0b07ffffff
0b0b0b0b0b
0b0b0b0b07
0307070b0b
ffffff0303
ffff0707ff
f6fff2f6f6
fafaf6f2f2
03faff03ff
070b07fffa
1003030307
fff2faf6ff
0b03fa07f6
0710101003
ffffff0707
f6f6faf6fa
100f0f0f0e
0f0f0e0f0f
0e0e0e0e0e
1011100f0e
0b0c0c1010
0e14120e0e
12110d0d0d
110f121c0e
110e0b0d0e
150d0e1716
0c0913120f
0c0d0e130e
0a0d181312
0b0c0c150e
0a090a0a0d
1e0b0b110b
0b03ffffff
ff030b0b0b
0b0b0b0303
03ff07070b
faffff0303
03030bfffa
07fafffaff
ffff070703
07faf6faff
1403ff0b0b
f6f6ff0b07
ff07ff0303
030310070b
0303031007
fafafafaff
03eef2f6fa
110f110f0f
0e0f0d0e0f
0e0f0e1011
0f0e0f100f
130f0f1010
150e0e0e0f
160f0d1411
0e0c0a1410
0f121b1d0d
0b110c0d14
12100e0b0c
0d120e120d
0d0d0c1312
090c0b0d0d
0e0f0e0f12
150e120f14
0703ffffff
ffff030707
03ff03ff03
0303ff03ff
ffff030707
03fafaf6fa
0b03fa03fa
fa03ff1007
0707070bf6
ff07ff030b
100bfff2f6
030b070b07
0303030b0b
faffff03ff
eef6f2f2fa
ffeef6f2f2
10100e0f0e
0f0e0e0e0f
0e0f0e0f0f
0e10100f10
101010100e
1111100f10
0c17141210
160e180d0f
0c0d141516
0f0f0e0c0e
0c1213150e
0f0b0d0d0c
0a090a0a0e
0c12100e14
17100b1515
131309120b
030703ffff
03ffff0303
ffff030303
030303ffff
0707070707
ff03ff0307
0b14181007
07ff07fa03
ff0307100b
fffffaff03
ff10100b07
070303ff03
fafaffff07
f2f6f2faf6
03fff603ff
f6fff2fafa
110e0e0e0d
0e0f101210
0f0f111011
121010120f
0e0e100e0f
0e0e0e100f
0d0d0c0a0d
0e110e150c
0d0e0b0d10
1514190e15
0c0c0c130d
0e130a090b
110e0e0d0e
120f11150e
130e0f0d17
190e090e0a
07ffffffff
0303070b0b
0303ff0303
0707030703
fffafaf603
0b0b0303ff
faff030707
ff070310fa
fa0303ff03
100b14f6ff
ff0303100b
faf6fafafa
fff2eef2f2
fffa0307f6
ff0303030b
fff6f2f2fa
1111100e0e
11110e1011
0f0f0e0e0f
0f10100e0e
110e10100f
0e0f0f0f0f
171111110f
0e0e0e1515
100e171015
0c0b111113
0e0e0e0d0e
1f13120f0e
1116151313
0d100e1415
120e0e0e11
15130f1612
07070b03ff
0b0b030b0b
03ffff0303
03ff030703
fffaff0303
ff03070b07
0bffff03ff
f6fffaff0b
0b0307fafa
03030b0b0b
f6faffff03
18fa07faf6
0710070307
ff03030b10
03fafffa03
fa03faff03
0e0e0e0f0f
0d0d0e0e0d
1110110e0f
0f100e0e10
0f10100f0e
0f100f1010
17120e0f0f
13100e0f13
0d0d0c150f
11100e0f0e
1b1313130e
16100e1a0e
0f0c0d0d14
0c0c0d0e0b
12150c0d0d
1510141114
0b0703fffa
ff03070b0b
070703ffff
0303ff03ff
0703faffff
0307070b0b
14100b0b0b
0307070b10
0303ff0b03
f6fafaff07
1003ff03fa
10070314ff
07ff070310
ffffff0303
fafff6f6f6
fa03fffaff
0e0f0f100d
0f0d0d0e0d
0e0e0e0d0e
100f121011
0f0e100f10
0e0f0e0f0f
0e0e0e110e
0e0f100f0e
0e0f0f0e0e
0e0e0e0e0e
110f100f0e
0e100e0f0e
0e0e0e0e0e
0e0e0e0e0e
0e0c0d0d0d
1d110c0d0d
0b0b030303
0703070b0b
fffa030303
ffffff0303
03fffa03fa
ffffffffff
030303ffff
ffff03ff03
fafafafaff
fffafaf6f6
0303ffffff
ff03ff03ff
faff03ffff
f6faffffff
f6f6f6f6f6
07faf2f2f6
0c0e0e0e0e
100e0a0e0d
0f0e0f0e10
0e0e0e0d0e
0e0f0f100e
0e0e0e0e0e
100e0e0e0e
0e0e0f110e
0e0e0f0e0e
0e0e0f0d0e
0d0d0d0e0e
0e0e0e0e0d
0f0e0e0e0e
0e0d0c0d0e
0c0b0e0f10
0e180f110a
0703ff0303
0b03030b0b
03ff030303
ffff03ffff
ff03ffffff
ffff03ff03
fa0303ff03
f6ff0303ff
f6fafaffff
fafafaf6fa
03fffffafa
fafaffff03
fafafafffa
f6f6fafafa
f2f6f6f6f6
f203f6faf2
0f0e0f0e0e
0e0d0e0e0e
0f0f0e0e0e
0f0e0e110e
100e100e0f
0e0e0e100f
0e0e0f1210
110f0e0e0d
0e0f0e0f0f
0e0f0e0e11
0e0e0e0f0f
0e0e0f0f0e
0e0f0e0d0e
0e0e0e0e10
0d0d0e0d0e
12110f0c16
ffff030303
ffffff0303
030703ffff
fffffffa07
fffaffffff
fffafaffff
faf2faf6fa
fafaf6f6f6
f6faf6fafa
fafaf6faf6
f6f6f6fafa
fafaf2f6f6
faf6f6f6f6
f6f6f6f6f6
fafaf6f6f6
f6f6f6f203
0e0f0e0e0e
100e0e0e0e
0e0f0e0e0e
0e0f0f0e0e
0f0e0e100e
0d0d0f0f0f
0e0d0e0e0e
0e0e0e0e0e
100e100f0f
0d0f0e0c0e
0e0e0e0e0e
0e0e0e0e0e
0f0e0e0e0e
0e0e0d0d0e
0c0c0e110e
18100b1112
030703fffa
03ff03ff03
0307070303
ff030303fa
fffffafafa
eef2ffffff
f2f2f6f6ee
f6f2f2f2f2
fafafafafa
f6fafaf6fa
fafaf6fafa
f6f6f6f6fa
faf6f6fafa
faf6fafaf6
eef6f2fafa
faf6eef6fa
0e0e0e0e0e
0e0e0e0e0e
0e0e0f0e0f
0e0e0e0e0e
0f0f0f0e0e
0e0f0e1010
0e0d0d0e0e
0f0e0e0e0e
0e0e100e0d
0b0c0e0f0e
0c0e0e0c10
0d0e0f0f0e
0b0b090d0d
0b0a080809
100b0b0f11
190a0f0c09
ff0303fffa
0707070303
faff030707
fafafafafa
f2f6fafffa
f6f6f6f2f6
f6f2f2f6f2
f6f2f2f2f2
f6f6f2f2f2
f6f2f6f6f6
f6faf6f6ff
eef6f6faf6
f2f2f2f2f6
eeeeeef2f2
f6eeeef2fa
ffe9eeeeee
0f0f0e0e0d
0f100f0f0e
0e0f0f0f11
0e0e0f100e
100e0f1010
13100f0f12
15140f1010
0e0e100e0e
0e0f0e0e0e
0f0e0e0e0e
0e0e0d0e18
0c090f110d
1412190b1d
150d130b0e
12100c0e10
0f12121112
07fffffffa
0707070707
0303030303
fa0303ff03
fffaff0303
fafaffffff
ff03faf6ff
fafffafafa
eef2f6f6f2
f2f2f2f2ee
eef2eeeeff
f2eef2f6ee
f2faf6f2fa
faeefae9f2
eef2eeeef2
0b03faf2f6
0f0e100e0e
0e0e0e0e0f
0e0f0e0e0e
0e0f0e0f0e
0e0e0e0e0f
0e160f100f
0f130f0e0e
140f0e0f10
1514181713
150f0f0f0e
0d0c0f1611
16160e0d0d
160e101c15
0e1c0f1c0b
111715150e
1315121a11
0303ff03ff
ff03030303
ff03fffa03
0303030703
03fffa0303
0307fffaff
0307ff0303
03ffffffff
f2f20303ff
fff2f6f6f6
eeeef2faf6
fafaeeeeee
faf2f603fa
f60bff07f2
ff0b0b0b07
1407071003
0e0e0e0e0d
110f0e0e0f
0f0e0f100f
0e0f100f11
0e0e0e100e
0e15110e0d
0f0f100e0e
10100f100e
0e120e120f
0e0e0f0e0e
0e0e130d13
141511100f
151719191a
120e1a1710
100f160c0f
0e15101314
ffff03fafa
0303070307
ffffff0303
ffffffffff
fffff6fafa
ff07ffffff
ff03ffffff
0703ff03ff
ff03ff07ff
faffff0303
ffff03ff03
ff03faff03
fffa070703
03180b0703
180b14ff03
1810141c1c
0f0f12110e
0e0e0c0e0f
0e0e0f0e0f
0e0f0d0f0e
100f100e0e
0e0f0f0e0f
0e0f0e0f0e
100e100e0e
0e0e100e10
0e0d0e0e0f
0f0e140f0e
0e0c0e0d14
0b110d0c15
230d1a0d14
0b1c0d1515
190a09100f
ffffff07ff
0303ff0303
03ffffff03
f6ffffffff
0303fafafa
fafffffafa
fafafafafa
fafafafafa
fafafafafa
fafafaf6fa
03070703ff
0707070310
070b030314
1c070bfa03
101cff1014
3610071814
0e0f0f0f0e
0f0f0d0e0f
0f0e0f1012
0e0e100f0f
0e0e0e100f
0e0e0e0e0f
0e0e0f0f0e
0e0e0e0e0f
0d0e0e0f0f
0d0d0d0c0d
0d0b0b0c0b
0f0c0d0c0c
0f0d140f11
191410120e
170a180e14
13080c0f11
ff0703fffa
070703ffff
ffffff0307
fff6fffffa
fafaf6fa03
fafffafafa
faf6fafaf6
f6faf6f6fa
f6f6fafafa
f6f6faf6f6
ffffff03ff
0703030303
0303100703
2914030703
180710070b
291010100b
110e110f0f
0e0e0e100f
0e0f0e0f0e
0f0e0e0e0e
0e0e0e0f0e
0e0e0e0e0e
0e10100e0e
0e0e0e0f0e
0e0e0e0e0e
0e0e0e0e0f
0a0e0d0e0e
0e0f0e0d0b
11120f0c0c
190b0e151b
0e180a0e0e
110c101111
ff030307ff
0303ff03ff
ffff0303ff
03ffff0303
fafaffffff
fafafaf6fa
f6fffffafa
fafaf6f6f6
fafaf6faf6
f6f6f6f6f6
fafafaffff
fafffafffa
070bff03ff
0b10fa070b
fffff6ff03
0bf6fa03ff
0f0f100e0c
0f0f0e1110
0e100e100e
100f0f0f0e
0e0e0f0e0e
0e0e0f0e0f
0e100e0e0e
0e0e0e0e10
0e10110e0e
0c0d0e0e0e
140e0e0e0e
120d0a150c
140f120e19
140d080c18
1410100b10
1c12120913
03030303fa
ffffff0707
f6faffff03
fffffaffff
fafafafafa
fafafafafa
fafafafafa
fafafafaff
fafafafafa
f6f6f6faf6
ffff03fffa
0303fa0bfa
0b0307fa03
1814fa03ff
0707070307
03fffff603
0f0f0e0f0e
100f0e0e0f
0f11110f10
0e0e0f0f0f
0f0e0e0e0e
0e0e0e0f0e
0e0e0e0e0f
0f0f0e0e0e
0e0e0e0d0e
140e0e0e0d
1010110b0f
0b11100e15
0e15130e0f
1c0a120811
0e0a0b0b12
281413110e
ff03fffafa
ff03ff03ff
ff0703ffff
ffff0303ff
faf6f6fafa
faf6f6fafa
f6faf6f6fa
faf6f6faf6
fafffffafa
fff6fafafa
070703fffa
ff0b07ff10
f603fafa03
1003faf607
fffafffaff
3603f6f6ff
100e0e0f0f
0f0e0e0e0f
0f0f0f0e11
0e0e0e0f0e
0e0f0e0f0f
0d0e0e0f11
0e0e0e0d0e
0f0e0e0e0f
10110f0e10
160f0e140c
0c0f120e12
0b130c120b
0e140e170a
0d140f120c
100e0e1710
130e0e0914
ff0303fafa
03ffffffff
03ffff03ff
fafafaffff
fafaf6fafa
f6f6f6f2fa
fff6f6f6fa
f6fafaf6fa
fafaf6faf6
07fafa03fa
fafa03fff6
fa03faf6f6
ff07ff10f6
f610f207f6
eee9e9f2f2
1c072503fa
0e0e0f0e0f
100e0f0e0f
0e0e110f0e
0f0e0e0e0d
100f0e0f0f
0e10100f0e
100e100f0f
0d100f0f0f
0c0d0e0e0e
120e0c1113
1015120e11
0f0e0b1511
0e0e141411
1219121712
1108080c0a
140b0e1115
f2f2fffff6
fafffafafa
faffffffff
fafaf6faff
fafaf6faf6
fafaf6faf6
f6faf6f6f2
fafafafaff
f6f6fafafa
fffafafa03
faf6fffffa
faf6f2fffa
f2f6eeee07
1418140bff
2914140714
f6fa030718
0e0e0e0d0e
0d0e0f0e0b
100e0e0e0d
0e0e0f0f11
0f0f10110f
100f0f100f
0e0f0f1015
0d0e0e0e0d
0e0e0d140c
15140f0d16
0e0f0b0c11
10130e1513
090e130d0e
060c0c0807
0f0b0e0706
0c110e0a0b
03faf2f6f2
f2f2e9f2f2
f2f2f2eeee
f2faf2eef6
eeeeeeeee9
f2eee9e9e9
fffffffaf6
f6faf6fafa
f6f6fa03f6
fa03faf6ff
fafaf6f603
f2f2fa0707
18031cf2e5
181c201418
201c201818
1c2d201c1c
0b0909090a
0c0b0c0c0d
0c0d0c0c0b
0a0a0a0b0d
0b0d0d0b0b
0b1008080b
0f100f230a
0e0e10100e
1f0e10150f
15130f150e
111a110b0b
0e11100f0c
0e0d160b07
06050e0b08
1011130f0b
090f0f0b0c
fafafafaff
f6f2f2eef6
f2f2f2f2f2
fafafafaf6
07faf6fafa
1c20070303
0703f6251c
ffffffff03
14faf607ff
0b070307ff
f6f2f6faf6
03fff6f2f6
1c14101414
181c251814
201c1c251c
1c2020181c
0909090909
0d0d0c0b0c
0c0e0d0e0d
0e0a0c0b0b
12090d0a0b
1411051909
1115100e0f
140d0c0d0e
15100d1112
170e0d0e14
150f152013
15090e140f
0d180e0e10
050d0d0707
0c070c0805
0d0b0f0e0c
fafffafa03
f2f2f2faf6
faf6f2f2f2
fafa03fafa
18070bfafa
1c31103618
fa070b0707
ff030303fa
030bff0307
f6eeeef6fa
14100b0be9
361807fff6
1810182925
1418201814
1c1c20201c
201c20201c
0a0b0a0a09
0c0a0a090a
0c0c0b0d0a
080b090a0d
18130e0d0a
0d0c15151e
1316170f0d
0a0e0e1112
0e11130d0e
150b0a0e0d
0c1c0d0d0b
120f060609
0b0c1a0a13
070d0d160e
0f08040c06
070609140b
fafafafafa
ffffffffff
fafafaf6fa
0703140b03
18f6faff0b
0303101c25
0314fffa03
ffeef6f6f2
07f6f6e9f2
2014141c1c
031c1c1014
181c181407
100b030325
1818202518
29201c1c18
1c1c1c291c
09090a090a
0a0c0d0d0a
0d0c0b0e0b
0f0e0e0d0e
0c120c0d0e
0c0e0e0b19
0b0e131b0b
0f0e101715
151a1a0c0e
101a0d1215
060b1a0c0f
0c0e07070b
0a0d0e0d0e
0c100e0f19
08060d090f
13070e0c0a
fafafafafa
fafafaf6fa
f603faf6fa
f2f6fa03f6
fffffafaff
ffffff0303
10ff1403ee
101810f610
0b0b10faf2
ff18ff2529
180703f60b
0b1c141429
101410fff6
1c1c202020
1c1c202020
2918141c20
0b0a080907
0a0b0a0a0a
0b090c0b0a
0e0e0e0e0e
170a0d0c0b
0e0e0e0f0d
150b12140e
111512150e
0e0f150e0c
0e0f13120e
0f0b07080d
11100d080a
0e0d0e0d0c
0b0d15150b
0b0e051312
0d0c0b070d
faff0b0703
fafafafafa
fa03fafafa
f6f2f6faf6
0307fafafa
eef2f6e9f2
1003071407
1814140b07
0bf6141825
f6f2f6e9e9
1410100bfa
0b1018031c
1018141810
251c312510
1c25141c25
201c201420
080a0d0c0b
0a0c0a0d0a
0e0e09080a
0c0d0e1116
0a070c0e0c
0b09060809
12170f0e0e
1e0e0d0e15
0e0807130b
0c120b0908
0c0907060a
150f0d0e0b
080f0d060f
0a0713100b
06060f0e0c
07100e040b
1007030703
03fafafa07
f2ff070b10
faf6f6f6ff
0b0b07fffa
03070b0b03
140b0310ff
1010ffff1c
1407101807
030b202514
1007180b10
1825eeeefa
182018181c
201c201818
1818251c18
1c1c1c1c25
0d0a090908
0a0a0a0d09
0f0d0a0b09
0c0e0d0e12
080809080d
0807070808
15110b0c0a
0e15110c14
0b0a0e1011
080d111206
0b0e0d0b08
150d0e0809
0906100607
0606070c07
0b070c0608
100d0e090b
0b070b140b
07fafa0310
fafaff0707
fffffafafa
0b0b0b0703
0b0b0b0b0b
fa18070707
0714fffaff
1c1c1c03f6
0b10201c14
f6f6f6140b
1c14070b10
1818251c10
1418101c18
1c1c181c1c
251c292025
090a09090c
0a0a0a0a0c
0e0c0c0b0a
080808090b
0c0a0d0e12
0907080909
120d08060e
0f15110f10
0606150c10
08090e060e
090c0e0a07
1006171106
0e0d0c0e0e
0c06091107
0f0e0e090b
0c0614100a
0b03101007
fafafa0303
fafafafafa
070b0710fa
0b0b071018
0b0b0b0b0b
ff18141414
18ff0bf6fa
100b140703
07070b1010
07fafa0310
20140b1418
1c1c1c1414
1c14182518
25181c1c25
251c29201c
0c09090d0d
110c0d0d0c
060a0b0d0e
0c08090708
0c06080b10
0b060b1008
0609080611
0d0e0e0906
0e060b0b0c
060c0f0307
0e0e0a0c10
0912080e0b
0e0b0e100d
0e06051307
0e0e0d0e15
150e0c0e13
0b0b0b07fa
fffafafa07
0b070bffff
1c0b0b0b0b
1414070b0b
2010181407
100b141418
2007201c1c
140b141418
1c182d1c0b
ff03030720
0b1c141410
291c180b18
2018142018
2029252020
311c1c2020
0806060609
0f0c080f09
0907090706
060f0d0b07
0d09090b04
09060a1505
09090d060c
0c1209050c
0908080908
0a130c1207
0a0b0d0c0c
0d140a090e
0d05060f07
140f110712
0e0b111315
101206100c
07141c1410
1c1407fa07
03100b1010
1810141c10
181c100b1c
1c1c252918
2020201420
141c251c20
1818101414
2014182920
140b070307
0314ff0b20
25201c2d14
2d20251c29
202020202d
252d18291c
0c050d0b06
0c09070b09
080a09080b
0b08100c0c
04050a090d
0e090a0f0e
09080a0309
0e0f0d0a09
0e0f0e0d0e
0e0e0c0f13
100f0e0e0e
1011100f0e
0c150f0e17
10170f0e10
05060b0713
120f070b0e
18141c1c18
ff14141c18
070b101010
070b201807
1c1c1403ff
20251c1c25
1c1c1c1c25
0714201c1c
eef2f6f6f6
eeeeeef2f6
f6f6f2eeee
f6f6f2f2f2
101003fa03
1418140714
1c20251820
252d1c252d
0a0a070c0a
0707050b06
0c0c0c0b0a
080e07080a
0a0c0c0a0c
070e0a0908
0c0c0c0b0e
0d0d0e0e0e
0c0c0e0f0e
0b140e0b0d
0e0f0e0c0d
0f0e0e110f
0f0e0f0e0e
0e0b0f0d10
0d100d110d
0715121017
1c180b1c18
18181c2518
070b03070b
1c0b140b07
1410030718
180b101010
0b0714101c
f2f2f6e9f6
03f6f2faf2
fafaf6f6ff
eef203fafa
f6f2eeeeee
f2f2eef2f2
faf6faf6f6
0bfff6f6f6
1c31140703
06050e090b
090c0d080f
09060a0807
1009090807
0c0806090b
0d0e0e0e10
100d0e0d0d
0e0a090c0e
0d06060809
0b15091006
0c0a080b07
0c100d0b0b
0e0e0f0f11
0c0d0e0e0f
0d0c0d0e0b
0e0a0b060e
1c181c1410
181818201c
1814030714
182018070b
f6030b101c
faf6f6f2fa
f6f6eef207
070b140703
141c181407
ff20181010
ff07100b0b
0bfa0b0307
f2f6f2f2f2
f203fff2f6
03fffafaf2
140b071810
0a070b0e10
0a0c0b0809
0b0e0b0e09
1009080a0d
0d0b0c090b
0a0b0b0a0c
09080a0a09
070b070d06
0e0b0d0b0f
0a0a120e0f
0a0b0d0c11
0b0e0c0c0d
0e120d0d09
13150d0e0d
0d0f0f0e0f
090a0b0d0a
1018141c20
070b0b070b
fa0b201403
1807101403
ff03071410
0bff0b2514
1010070b0b
0718142514
0707100710
140b141003
0b07100310
030b100703
fa03f60b0b
f203f2fafa
0303e9f2ff
10070bfa03
0a0b080b0c
060f060c0e
080e0d0c0f
0b08090e0a
0d0b090b0d
0c0606060e
090d0a0809
0c0b0a0d0e
0e0c0e1010
0c07090907
090b0f0c0f
0809080e0b
0e130c0a09
0f100e0f0e
0c090a0e0b
0d0b080c0d
07030b0303
1818180707
0b181c181c
fa07070b0b
070303ffff
0714101c1c
10ff0b0b0b
07f6030703
100b0b0710
140b0b0b0b
0b0714100b
100b0b1007
f6ff141014
fafae9eef6
0718140714
250310fffa
0706080e0e
0e0e0e0f10
07080a0c0b
0e0d0e0e0a
0d0e0b0d12
0708060d0a
0f0b090808
09080e0d0c
060d05060b
0e0c070811
080a090e14
0a0708100b
14150c0b0c
090a0c0e0d
0f0f0e0b10
0e0f0f0f0d
18100b1418
2918292525
14101c2018
141014141c
f2f6fa0707
1c1c1c18fa
100b071007
1c101c1c07
14291c181c
2018181414
070b101414
07100b100b
f6faf20703
0b07ffeef6
0b03f6faff
07f2f6f2f2
0a0606060e
12070c0610
030d0b0b09
0e0b0b060a
0b0a0e0a0b
08090d090b
0e0908080a
0c080b0f0e
120a0c0c0d
1617100e0c
0c090e130a
060c0b0b08
0e0e0e120e
0d060d0b08
0e0e0a0409
0d0b0f1207
202018141c
31141c1c25
1c14252520
1814201c1c
0303101810
070bfaff07
0b101c0b10
1410071c07
181c0b1010
0b0710140b
070b10180b
0b10ff0707
0b03fafafa
1c1820180b
10291c1c14
070bff030b
0c1503060c
07040a0a09
090706090c
0b0c0c0e0d
0d060a0e13
0a090e080c
090e09080e
0a0806080b
0c0c0f070b
0b070c090d
07070e0e0e
0b0b080907
0a07100e0b
1015060c0c
0d140a0e06
0e0e14080d
20361c1825
201c181c1c
1c14182020
1014182918
181c181418
030b070b20
0b10070703
1c07100703
0b0b101410
0b0b070710
100b101010
070710140b
180b140714
25291c1818
18181c2018
2014141825
09070f0e09
0e09050e0d
0909030606
0a090c080a
050d0a060a
0d0b0c0d0f
060c0b090b
0d0b0f070a
0e0d0c060c
0d080e0a0d
070910080c
0a060e0e07
06070e060d
0e03080a04
061305050e
0d0d0a0707
20202d2918
1c251c2925
1c251c1c1c
1c20251c18
1c251c101c
1818292025
1818140b0b
1814141010
18181c141c
0b1014181c
100b181418
1c141c1410
1414101014
2918202518
142d181820
1c20202020
0a0c0e0b0c
0305050804
070e0b0405
030a070f04
0707150303
0f060c080a
0907090e05
0b0d0f0d07
08140e070c
0a09090812
060c091010
0d070d080a
05050f0706
060e090909
09090a090d
0e0b110303
25292d2529
1c1c1c251c
2020251c1c
1c2020291c
202020181c
251c202020
181c25181c
2518182010
2020201014
1820201418
1c10141820
2514182020
1c1c1c1c1c
1c201c1c1c
25201c2520
29252d1c1c
0000000000
0000000000
0000000200
0000000000
0000000000
0000000000
0000000000
0000000000
0000000000
0202020000
0000000000
0000000000
0000000000
0000000000
0200000000
0200000002
0000000002
0202020200
0200020202
0202020200
0202020213
0202020202
0202020202
0202130202
0202020213
1313020213
0202021302
0202020213
0202020202
0202020213
1313021313
1302020202
0000000000
0000000000
0000000000
0000000000
0000000000
0000000000
0000000000
0000000000
0000000000
0000000000
0000000000
0000000000
0000000000
0000000202
0000000000
1302020000
0213020202
0202130202
0202020202
0202020202
0202020202
0202020202
0202020202
0202131302
0202131302
1313130202
1302131302
1302020213
0202131313
0202020213
0202130202
1313021302
0000000000
0000000000
0000000000
0000000000
0000000000
0000000000
0000000000
0000000000
0000000000
0000000000
0202020000
0000021302
0000000000
0000000000
0000000000
0200000002
0202020202
0202020202
0202020202
0202020202
0213131302
0202020202
0202020202
0202020202
0213130213
0202021313
0213130202
0213020200
0202020202
0213020202
1313131313
0202020202
0000000000
0000000000
0000020000
0000000000
0000000000
0000000000
0000000000
0000000000
0000000000
0000000000
0200020000
0000000002
0002000000
0000000002
0000000200
0200000200
0202020202
0202020202
0202020202
0202020202
1302020202
1313131313
1313131313
0202131313
1313021302
0213130213
0202131313
0202021302
1313131313
1302131302
0213131302
1302021302
0000000000
0000000000
0000000000
0000000000
0000000000
0000000000
0000000000
0000000000
0000000000
0000000000
0000000000
0000000000
0000000000
0000000000
0000000000
0000000000
0202020002
0202020202
0202020202
0202020202
0202020202
0202020202
1313131302
1313131313
1313131323
1313131313
0213131313
1313021302
1313020213
1313130213
0213021313
0213021302
0000000000
0000000000
0000000000
0000000000
0000000000
0000000000
0000000000
0000000000
0000000000
0000000000
0000000000
0000000000
0000000000
0000000000
0202000000
0200000000
0202000200
0202020202
0202020202
0202020202
0202020202
0202020202
0202020202
0202020202
1302020213
1313131313
1313131313
1323230202
1313231313
1313021313
0213130213
1313131313
0000000000
0000000000
0000000000
0000000000
0000000000
0000000000
0000000000
0000000000
0000000000
0000000000
0000000000
0000000000
0002000000
0000020200
0202000000
0202020200
0202000202
0202020202
0202020202
0202020202
0202020202
0202020202
0202020202
0202020202
0202020202
0202020202
1302020202
0223233413
1313131313
1313231313
1313131313
1313131313
0000000000
0000000000
0000000000
0000000000
0000000000
0000000000
0000000000
0000000000
0000000000
0000000000
0000000000
0000000000
0200020000
0202020200
0002000002
0202020200
0200000202
0202000000
0202020202
0202020202
0202020202
0202020202
0202020202
0202020202
0202020202
0202020202
0213130202
0223131313
1302020213
1313130202
1313130202
1313131313
0000000000
0000000000
0000000200
0000000000
0000000000
0000000000
0000000000
0000000000
0000000000
0000000000
0000000000
0000000000
0000000000
0002000200
0202020202
0202000202
0202020202
0002020202
0202020000
0202020202
0202020202
0202020202
0202020202
0202020202
0202020202
0202020213
0202131302
0223130200
0202020202
0202020213
0202020202
1313131313
0000000000
0000000000
0000000000
0000000000
0000000000
0000000000
0000000000
0000000000
0000000000
0000000000
0000000000
0000000000
0000000000
0000000000
0202020200
0202020202
0202020202
0202020202
0202020202
0202020202
0202020202
0202020202
0202020202
0202020202
0202020202
0213020202
0202020213
0223232313
0202020202
0202130213
0202020202
1302020202
0000000000
0000000000
0000000000
0000000000
0000000000
0000000000
0000000000
0000000000
0000000000
0000000000
0200000000
0000000000
0000000000
0200000002
0202000202
0202020202
0202020202
0202020202
0202020202
0202020202
0202020202
0202020202
0202020202
0202020202
0202020202
1302130202
0202020202
1323132323
0202020202
1313021302
1302020213
1313131313
0000000000
0000000000
0000000200
0000000000
0000000000
0000000000
0000000000
0000000000
0000000000
0000000000
0200000000
0000000000
0000000000
0000000000
0202000000
0202020200
0202020202
0202020202
0202020202
0202020202
0202020202
0213020202
0202131313
1313131313
0202020202
0213020202
0202020202
0223131313
0202020202
0202020202
1313130213
1313131313
0000000000
0000000000
0000000200
0000000000
0000000000
0000000000
0000000000
0000000000
0000000000
0002000000
0000000200
0000000000
0000000000
0000020200
0202020002
0202020202
0202020002
0202000202
0202020202
0202020202
0202020202
0202020202
0202130202
0202021302
1302020213
0202130213
0202020213
0213130200
0202020202
0202020202
1313020202
0202021313
0000000000
0000000000
0000000000
0000000000
0000000000
0000000000
0000000000
0000000000
0000000000
0000000000
0002020000
0002000002
0200000202
0200000202
0000020200
0000020002
0202020202
0202020202
0202020202
0202020202
0202020202
0202020202
0202020202
0202020202
0202020202
1302021302
0202020202
0223231313
0202020213
0202020202
0000020202
1313020200
0000000000
0000000000
0000000000
0000000000
0000000000
0000000000
0000000000
0000000000
0000000200
0000000000
0200020200
0200020202
0202020202
0202020202
0202020202
0202020202
0202020202
0200000000
0202020202
1302020202
1302020202
0202020202
0202020202
1302020202
1313131313
0202020213
0002000202
0202130202
0202020202
0000000202
2313130202
3434343434
0000000000
0000000000
0000000000
0000000000
0000000000
0000000000
0000000000
0000000000
0200000000
0000000000
0000000000
0200000000
0202020002
0202020202
0202020202
0202020202
0202020202
0002020202
0202020200
0202020202
1302020202
0202020202
0202130202
0202021302
0202131313
0202020202
0202130200
0202131302
0200000002
1302020202
2323232323
1302020213
0000000000
0000000000
0000000000
0000000000
0000000000
0000000000
0000000000
0000000000
0000020202
0000020000
0000000200
0202000000
0202020202
0202020202
0000000002
0202000202
0202020202
0202020202
0202131302
1302020202
0213020202
0202020213
0202021302
1302021302
0213130213
0200020202
1302021302
1302020213
0202131313
0202020202
0000000013
1302020200
0000000000
0000000000
0000000000
0000000000
0200000000
0000000000
0000000000
0000000000
0002000000
0202000202
0202020000
0002020202
0202020202
0202020202
0202020202
0202020202
0202020202
0202020202
0202020202
0202020202
0202020202
0213020202
0202020202
0202020202
0000020202
0202020202
0202020202
0202020202
0202020202
0213020202
0202020202
0202020202
0000000000
0000000000
0000000000
0000000000
0000000000
0000000000
0000000000
0000000000
0200000000
0000000002
0000020000
0202020202
0002000202
0002020202
0002020202
0202020202
0202020202
0202020202
0202020202
0202020202
0202020202
0202020202
1302131313
0202131313
0202020002
0202020213
0202020202
0202020202
0213020202
0213020202
0202130202
0202020202
0000000000
0000000000
0000000000
0000000000
0000000000
0000000000
0000000000
0000000000
0000000000
0000000000
0000000000
0000000000
0202020200
0202020202
0202020202
0202020202
0202020202
1302020202
1313020213
1302131313
0202020202
1302020202
0202131313
0000020213
0200020202
0202020202
1302020202
0202020213
0213130202
0202131302
1302020202
0202020213
0000000000
0000000000
0000000000
0000000000
0000000000
0000000000
0000000000
0000000000
0002000000
0000000000
0000000000
0202020202
0200021302
0202020202
0202020202
0202020202
0202131313
0213020202
0202020202
0202020202
0202020202
0213131302
0202000213
0202020000
1302020202
0202020213
0202020202
0202020202
1302020202
1313020202
0202020202
1302021302
0000000000
0000000000
0000000000
0000000000
0000000000
0000000000
0000000000
0000000000
0002020000
0202000000
0202020202
1302020202
0002231313
0202020202
0202020202
0202020202
0202130213
0202130202
1313131302
1302131313
1300020202
0202020013
0202130213
0202021302
0213131302
0202020202
0202020202
0202020202
0202020202
0202020202
0202020202
1302021302
0000000000
0000000000
0000000000
0000000000
0000000000
0000000000
0000000000
0000000000
0200020000
0002020202
1313020202
1313232313
0202131313
0202130013
0202020202
0202020202
0202130202
0213020202
0202021302
0000000202
1302000000
0213020200
0200020202
1302020202
0202020213
1313131302
0202020202
0202020202
1302020202
0202020202
0202021302
0202020202
0000000000
0000000000
0000000000
0000000000
0000000000
0000000000
0000000000
0002000000
0202000200
1302000202
1313342313
0000132323
0002020002
0202021302
0002020200
0202000202
0202020202
0002020202
0000000000
0202020202
0202131302
0202131302
0202020202
0202020202
1302131302
0202020213
1313131302
0202020213
0202020202
0202020202
0213130213
0202020202
0000000000
0000000000
0000000000
0000000000
0000000000
0000000000
0202000000
0200020000
0202020200
3423130000
0202021302
0202020202
0000020202
0213131302
0000020202
0202020202
0000020202
0213020000
0202020202
0213131313
0213232302
0202020213
0202020202
1313130202
0002020002
0202020202
0202021302
0202020202
0202020202
0213020202
0213020202
0202020202
0000000000
0000000000
0000000000
0000000000
0000000000
0202020000
0202020002
0202020202
0000020202
0213020202
0202020202
0202020202
1300020202
1302020213
0202021302
0200000000
1302000000
0202131313
1313131313
0013232323
0200131302
0202020213
0202020202
0000131302
0202020200
0202020202
0202130213
0202020202
0202020202
0202020202
0213130202
0202020202
0000000000
0000000000
0000000000
0000000000
0000000200
0002020000
0200020000
0002020202
0202020200
1302000202
0202020202
0200020202
1313000002
0202020202
0202021313
0202020202
1302020202
2313130213
0202132323
0000020213
0000020202
0202020200
0202020202
0202020202
0202020202
1313130202
1313020202
0202130202
0202130202
0202020202
0213020202
0202020202
0000000000
0000000000
0000000000
0000000000
0000000002
0202000000
0002020202
0000020202
0000020002
1300020200
0002020213
0000000002
0202020200
1302000202
0202020213
0202130213
2313020002
1302132334
0202000202
0202021313
0200000200
0202020202
0202020202
0202131302
1302020202
0213020202
1302020213
0202020202
1313020202
0202020202
0202020202
0213020202
0000000000
0000000000
0000000000
0000000000
0000000000
0002020200
0200020202
0000000202
0000000000
0202020000
0000000200
0000020002
0213130000
1313130200
0213020202
0002020202
2302020202
1302000013
0200000202
0002020213
0202020200
1313020202
0202020013
0200020200
0202020202
0202020202
0213020202
0202021302
0202021302
0202020202
0202020213
1302020213
0002000000
0000000000
0000000000
0000000000
0000000000
0202020000
0202020202
0000000202
0000000000
0000000000
0000000000
0002000000
0213130202
0213021302
0202131302
0202130202
0202020202
0002020200
0202020000
0200020202
0202000202
0200020202
0202000002
0202000202
0202020202
0202020202
1302130202
1302020202
0202020202
0202021313
0202020202
0202020202
0000020000
0000000000
0002020000
0000020200
0200000000
0002020202
0000020000
0200000000
0000020202
0000000000
0000000200
0002020200
0202020002
1313020213
0202020213
2323130202
0202021313
0202020202
0202020202
0202020202
0202020202
0202020202
0002000000
0213020000
0202020202
0202020202
0213130202
1302020202
0202130202
0202020202
0202020202
0202020202
0000000000
0000000200
0000000200
0000000000
0202000202
0002020002
0200020213
0202000002
0200000202
0000020000
0000000200
0202020200
0202000200
0213020202
0202020202
0013230202
0202130202
0202020202
0202020202
0202021302
0202020202
0002000002
0002020000
1302020202
0202020202
0202020213
0202020202
0202020202
0202020202
0202020202
0202020202
0202020213
0000000002
0000020200
0000000000
0000000000
0000000002
0000000000
0002000000
0202000000
0200000000
0000020200
0200000000
0000020202
0202020200
0213020202
0202020213
0200131302
0202020202
0213020202
1302130202
0202020002
0202020002
0202000000
0202020202
1302130202
0202020202
0202020213
0202020202
0202020202
1302020202
0202020202
0202021313
0202020213
0202020002
0000020000
0000000200
0000000000
0000000000
0200000000
0000000002
0000000000
0002000000
0202020200
0202020200
0202020202
0202020202
0202020202
0202020202
0202000202
1302020202
0202020202
0202021302
0202020202
0002020200
0202020000
0200020202
0213020202
0202020202
0202020202
0202020202
0202020202
0202020202
0202020202
0213021302
0213021302
0002020202
0002020202
0000000000
0000000000
0000000000
0000000000
0000000000
0000020000
0002000000
0200020202
0202020002
0202020202
0202020202
0202130202
0202020202
0213000202
0202020202
0202020202
0202020002
0202000202
0200020202
0200000000
1302020202
0213020202
1302020202
0202020202
0202130202
0202020202
1302020202
0202020213
0202021302
0213131302
0202020000
0000020200
0000000002
0000000000
0000000000
0000000000
0000000000
0200000000
0202021313
0202020200
0202020200
0202020202
0202020202
0202020202
0002020202
0202020213
1302020202
0202020202
0202020202
0202020202
0202020202
0202020200
0000000200
0213130202
0202021302
0202020202
0202020202
0202020202
0202020202
0213020202
1302130202
1302020202
0202000200
0002020202
0000000000
0000000000
0000020000
0000000000
0002020000
0202020000
0002020223
0202020202
0202020202
1302020202
0202020213
0202020202
1302020202
0202000213
0202020213
0202020202
0202020202
0202020213
0000020202
0000000002
1302130200
0202020202
0202020202
1313021302
0202130202
0213020202
0202020213
0213131302
0213130202
1313130213
0202000200
0002020202
0000000200
0200000000
0000000000
0002000002
0200000000
0002020202
0200020202
0202020202
0213130202
0202020202
0202020213
0202020202
0202020202
0213021302
0202020202
0213020202
1313130200
0202020202
0000000213
0202020202
0202021302
0202021302
0213020202
0202020202
0202021302
1313131313
0213021313
1313020202
0202020202
1313130202
0202000202
0202020202
0200020202
0213020002
0000020200
0202020000
0202020002
0202020202
0202020202
0213020200
0202020202
0202020202
0202020202
0202020202
0202020202
0000020202
0000020200
0002020000
0202130202
0202130202
0202020202
1313021302
0002020213
0000000202
0202020202
0202020202
0202020213
0213020202
0202131313
0202020213
0202020213
0202131302
0202020202
0202020202
0202020002
0202020202
0202020202
0202020202
0202020202
0202020213
0000020202
0202020202
0202131302
0202020202
0202020202
0202020213
0202020202
0002021302
0000000200
0202020202
0000021302
0000000000
0000000000
1302020202
0000000202
0202021302
1302131302
0213130202
1302131313
0202130202
0202020202
0202020202
0202131302
0202021302
0202020202
0202020202
0202130202
0000020202
0202020202
0202000200
0213020202
0000000200
0002000000
0202020202
1313020202
1302020213
0202020213
1302130013
1302021302
0000021302
0000000000
0000000000
0000000000
0000000000
0000000000
0002000000
0000000000
0000000000
0000000000
0202000202
0200000000
0202131302
1302020213
0202020202
0202130202
1313131302
0213020200
0202020202
0202020202
0000000202
0202020200
0202020002
0000020202
0002000202
0000000002
0202020202
0002020202
0202020200
0202020202
0202020202
0002020202
0000000000
0000000000
0000000000
0000000000
0000000200
0000000000
0000000000
0000000000
0002000000
0000000000
0002020000
0000020200
0000000002
0202020000
0202020202
0213020213
1313130202
0202020202
0213020200
0202020202
0202020202
0202000202
0000000000
0000020200
0202020202
0202020202
0000020202
0200020200
0202000002
0202020202
0000020000
0000000000
0000000000
0200000200
0000020200
0202000002
0202020000
0200020202
0002000000
0000000000
0000000000
0000000000
0000000002
0000000000
0202020200
0000000002
0200000000
0213020202
0202021313
0002000202
0202020202
0202020202
0202020202
0202020202
0202020000
0000020202
1302020202
0200020202
0000000000
0200000002
0202020200
0000000002
0000000000
0000000000
0200000002
0002000200
0000020202
0202020202
0200021300
0202020202
0200000202
0200000200
0000020002
0000000202
0000000000
0200000000
0000020200
0002020202
0000000200
0202000000
0202020200
0202000202
0202020202
0202131302
0202020202
0202020202
0202020202
0200000002
0202021302
0202020202
0000000002
0000000000
0000000002
0000000002
0202000000
0202000000
0202020202
0202020202
0202020202
0202020202
0202020202
0202020202
0000000002
0200020000
0200000002
0000020202
0202000000
0000000202
0002000002
0000000002
0002020200
0202020213
0202020202
1313130202
0202020202
0202020202
0202020202
0202000002
0002020202
0202000200
1302020202
0202020202
0000000002
0000020000
0202000000
0202000002
0000020002
0202020200
0202020202
0202020202
0213020202
0202131302
0202021313
0202020202
0202020202
0202020202
0202020202
0202020000
0000000000
0202000000
0200000202
0000000202
0200020200
0202020202
0202020202
0002020213
0202020202
0202020202
0200020002
0202020202
0002020202
0200020202
0002020202
0002000202
0000000200
0002020200
0200000002
0200000002
0202020202
0202020202
0202020202
0202020202
0202020202
0202021302
0202020202
0202020202
0000020200
0202020202
0202021300
0002020202
0000020000
0000000002
0202000200
0002020000
0200000000
0002000200
0202020202
0202020202
0200020202
0202020202
0202020202
0202130202
0202020202
0000020202
0202000002
0002020202
0200000202
0202021313
0202020002
0202020202
0202020202
0202130202
0202000200
0202000202
0202000202
0202020202
0202020202
0202020213
0202020202
0202020002
0202000202
0202020202
0202021300
0002000000
0200130200
0000020202
0202020202
0000000202
0202020202
0202000002
0202000202
0202020202
0202020202
1313020202
0002021302
0202000202
0002020202
0202020000
0002020200
0202020202
0202020202
0002020202
0002020202
0000020000
0202020202
1302021313
0202020202
0202020002
0202020202
1302000202
0202020202
0202020200
0202020202
0202020202
0002001302
0000000000
0000000000
0200020202
0002020202
0200020002
0202020202
0202020202
0202020200
0202020202
1302021313
0213020213
0202020202
0202020202
0200020202
0200020002
0202000202
0002000202
0002020202
0202020000
0202020002
0200000202
0200020202
0202020202
0202130202
0202020202
0202020202
0202020202
0202020202
0202020202
0202020202
0202020202
0000000002
0000000000
0000000000
0202020202
0200020202
0000000000
0202000202
0202020202
0202020202
1313020213
1313130213
0202020202
0202020202
0202131302
0202020202
0200020202
0000020000
0202020000
0202020202
0202020202
0202000202
0202020202
0202020202
0202020202
0202020202
0202020202
0202020202
0202021302
0000020202
0202130202
0202020202
0002020002
0002000200
0202020000
0002020202
0002020202
0002000000
0000020200
1302000000
0202021313
0202020202
0202020213
0202020202
0202020202
0202020202
0202021302
0202020202
0200020002
0000000202
0202020202
0202020202
0202020200
0213020202
0213130202
1302020202
0202020202
0202021302
0202020202
1313021302
0202020202
0202000202
0202000202
0202020202
0002000200
0202130202
0202020202
0202020202
0202020213
0002020002
0002020202
0202020202
0202020202
0202020202
0202130213
1302020202
0213020213
0202020213
1302020202
1313021302
0202021302
0202020002
0002020002
0002020200
0202020202
0202020202
0202020202
0202020000
0202020202
1302020202
1302021313
0202020213
0213020202
0002020202
0202020202
0202000202
0200020202
0200130202
0202020202
0202020202
0202020202
0013021302
0200020202
0202020200
0202020202
1313130202
1302130202
0213020202
0213020202
0202020202
1313130202
0213020202
0213130202
0202020200
0002020202
0202020202
0202020202
0202000002
0002020202
0202020002
0002020202
0202020202
0200020200
0002020200
0202020202
0202020202
0202020202
0202020202
0000000002
0202000202
1302020202
0202020213
1302020202
0202020202
0202020202
0200020202
0202020202
0202021313
0202020202
0202020202
0213020202
0202020202
0202130213
0202020202
0202020013
0202020200
0202020202
0002020202
0202020002
0202020202
0202020202
0002020202
0202020202
0202020202
0202020202
0202020202
0213020202
0202020202
0202020202
0202000200
0013000202
1302020202
1302130202
0213130202
0202020202
0202021302
0213131313
0202020202
0202020213
0202021313
0202020202
1313130202
0202020213
0202020202
1302130202
0202020202
0202020213
0202020202
0202020202
0202020202
0202020202
0202020202
0202020202
0202020202
0202020202
1302020213
0202020202
0202020202
0202020213
0202020202
0202020202
0202020202
0202020202
0202020202
0202020202
1302021313
0202131302
0202130202
1302130202
0213021302
1313020202
1302021313
0202130202
0202130202
0202020202
0202020202
0202020202
0202020202
0202020202
0213020213
0202021313
0202020213
0202020202
0002021302
0202020202
0213020202
0202020202
0202020202
0202020202
0202020202
0202020202
0202020202
0202020202
0202020202
0202020213
0202020202
0202020202
0202020202
0202020202
0202021302
0202020202
0202021302
0202020202
1313020213
0202020202
0202020202
0202020202
0202020202
0213020202
0202020202
0202020202
0213020213
0202021313
0213020202
0202020202
0202000202
0200000202
0202020202
0202020213
0202130202
0202021302
0202020202
1313130202
0202020202
0202020202
0202020202
0202020202
0202020202
0202130202
0213131302
0202020202
0202020213
0202020202
0202130202
1302131302
1313131302
0202130213
0202020202
0202020202
1302021302
0013021302
0202021302
1302020202
0202020202
1302021302
0202020202
0202020202
0002020202
1313020202
0202020200
0202000202
1302021313
0202020202
0202020213
0002020213
0202020202
1302130202
0202020202
1302020202
0202020202
0202020202
0202020202
0202020202
0202020202
1302020202
0202020202
0213020202
0202020202
0202020202
0202020202
1302020202
0202021302
0200130202
0202020202
1313020202
0202020202
0202020202
0213020202
0213020202
0202020202
0202020200
0200130202
0202020202
0202020202
0202020202
0202020002
1302020202
0202020213
0202020202
0213020002
1302020202
0202020202
0202020202
0202020202
0202021313
0202130202
1302020202
1313020213
0707070707
0707070707
0c1a0c0707
141712120c
140404041c
0407070707
1201011c07
2c040f1701
070f0c0422
2c041c0c07
040414042f
0c1c040407
090404ff07
0707071207
0707070707
4209090907
fdfdffffff
ffffffffff
0202090804
0efffdfafd
0b06010b09
0809040609
0615170e08
0604060806
fc06080601
06080806fc
0106ff0102
0d0d060604
0406080909
0e0e080b08
060d0d0b0d
0104040806
ececececf1
ecececefec
01f7ececec
141a010707
01141c0c1a
09f1eceff7
2c271f1a14
1a011f2227
0ff4f70907
011cf40107
1207090914
1f14040401
0907011724
ef12071401
f11f07140c
2fefefeff1
08080401fd
0808080808
0e08080808
1009090b10
0e10060204
0b08090809
0e0e120d0e
08090b0d12
0809060806
060e100b09
fd080b0808
0808090602
080b0b0b0b
100e0d0904
1010121512
0206020d0e
ececececff
ececf1f1ec
efecececec
070c09eff4
fff7f7f1f7
09140407f7
092c090437
ff1c040f07
270cf10c1a
2212221227
1204222c17
0f2c272222
04071a1727
14ec17ff0c
f40c27070f
2ff10104f1
0909090808
0d080b0b0b
0908080b10
08080d0b09
090b0b0d0b
10100b0906
0806080909
06060b1212
0d0d090b09
120e060609
0d14100e12
0b0e0b0d12
0902090b06
1514121009
1014151715
0e100d080d
f109f10912
ecececeff4
ecf7f4efec
070f04efe9
ececef01f4
17effcf404
27041432ff
12092c0117
1401142204
12fc041714
1712271204
17042c1414
1212ff0714
22120404ff
01ef172424
2f01042707
0808080809
0e080b0d09
090909090d
08090b0808
1010100d0b
0d0b091010
17120e100d
1214090e1a
0e0b101212
0d0b090b0d
0b14100609
0d0d0d0815
0e06080b0d
1715120e0d
1914151919
060d14191a
12071c07ff
f70422f4ef
1f0104f909
273f040f0f
f91cf7012c
040c071a04
1a0f0c2404
1cff09241f
0909122722
220c22221c
1a22010401
ff12010f2c
0704170101
091f22ff07
01fcf10cf7
2fecffef14
0d08090401
0d0b0b0d0d
1515100e0b
101714171c
0e14141a17
1417120e0b
10120e0e0d
100e120e12
101919140d
120b0b0b0b
100d04080b
0402101410
06040604ff
0e120e0e0d
140e12140d
08080d0d12
0c0fffff01
1f0f070714
1c0c171407
1717091f07
17142a1f17
0101040404
22092c2712
0c1c0f2704
270c093a12
17141a071f
0f0c221722
2a0101120f
141a121c04
ecf11c12ff
efef0c22ef
2fefefefef
060602fcfc
0208090602
0608090402
010402ff04
0d0e0b0404
0b08060d0d
1410101510
10090b0e0d
0e1410120d
1017140b0b
100e12100b
0808040e14
0d09080808
1014171912
0d12151514
0d0d0d0d0d
171c142222
0cffff0404
010c1f220f
010cf91214
0104041209
0404010104
171a350104
1f17222714
2f01140124
2fff14220c
011a042a14
0117070401
091a17f904
ff070cf71a
efff011714
2feff407ef
08090d0902
0b0d0b0809
12100d0d0b
0808090d10
0602020b09
0e06040401
12100b040d
0d0e0e1014
0d0904090e
0b080e0d0b
060b090909
0102020108
12120e0d06
1419171410
0d10101415
0d0d0d0d0d
fc2a07272c
0f221c1f37
0101010912
1c24171f14
010112ff12
1214010104
0101040404
1f07010101
1c1f141f2a
172c0c241c
01011f1a12
0107040c0f
f904120412
0c091437ff
f9f909f9f9
2ff709140c
0608080e04
0404040801
0904060908
1015100d08
01090d0b10
08020402fd
0e090b0408
1009080b10
10100d0d10
09090d0e0b
0809040406
0b06060804
101515120e
151c211512
1515151515
0e10101414
271c140422
1214171214
04040c1f24
12240f2404
011f122227
3214070c1f
042204172c
040c220404
0c170c2204
1f24071727
09ff040c3f
070104122c
f90cf90cfc
f90c0cfcf9
f9f9f9f9f9
4707f9f9f9
04fd02fffc
0204090b09
0e09080204
0604040408
0b090b0602
1217120d09
09080d0e0b
0908080408
09100b0b0b
120b0b0806
0402080809
0802fdfd09
1515151510
1515151515
1515151515
0d12171515
142c011409
01140c1714
090c1a0101
0722012209
371a221737
3209011f17
37172c2414
22241a220f
0914220901
121f140114
1f070c0901
0c0114120c
f9f9f9f9f9
f9f9f9f9f9
f9f9f9f9f9
4ff9f9f9f9
040802fafa
010608fdff
06fffd0402
0e090b0806
0e09100d0d
0609080b10
0d0d090809
1014141212
10100e1012
0e0d09080d
fdff020412
1714100801
1515151517
1515151515
1515151515
1515151515
1a1f320f32
1c0f222437
1701011afc
091f1a1417
2701ff1a1a
24272404ff
2701140c2a
01010f0f17
122214173a
1c17142422
fc12fcfc01
1c140c090f
f9f9f9f90f
fcf9f9f9f9
fcf90ff9f9
5214f9f9f9
09fdfcfffc
0204ffff09
0904fd0201
080e0b0e04
0d0e08090b
1914080202
0b090e1012
0206080406
0d091009fd
1514121210
121414120e
1914101517
151515191a
1515151515
191a191515
1715151515
321c0f120f
091f121412
0f12041714
0c220c2217
270c370422
222a14ff22
1c2409090f
140f241417
170414040f
01ff010417
09071a1727
093d17fffc
fcfcf90701
01fcfcfcf9
fc0c1c1c14
4522f9f9f9
0201fffdff
0402ff0601
0801020601
0806080809
06080b0906
0b06060904
09100e0d10
10140e0608
0208080d14
fdfa010806
1219150e04
191c191515
1515191510
1a1c171515
1715171c17
1915151515
0f0f0f0401
0101011714
0701070701
14120c0404
120c072214
1a12142f01
07170f1a22
0404040404
140c040407
221a1a0117
2214040f1a
27071a091a
0404170412
221ffc011a
f101120c0c
3f140ff9f9
0201fcf8fd
08ff020904
0609080408
0904020604
0804060409
0d0d0e090b
0d100e0d09
0608080b0b
08090b0604
060b0e0809
0b090e0d0b
0d141a1a0e
151515120d
1a1a171515
1719191517
1f231f1515
0401040101
0907010101
0707090704
0407070409
0114fc0414
1404ff222f
142a01141c
04040c1c14
01fc1701ff
271c1a12ff
041cff2212
0914172232
09242a3714
1a0c121f0f
0c0cf7fc17
4f4524f9f9
02fcfcfcfd
0606040106
0606080404
090401ff04
0202060b0b
0806060602
0808040808
080b090d09
fdfc010402
0e080bfff6
0e12081019
100d10120e
1919151417
1019191919
1f1c191710
101a1e151a
0707040701
0701070701
0909070107
0104040704
22241f1212
0f1f241717
17122a0f0f
1404142414
0f1c241435
350707170c
1c1a221a0c
1217141401
1cff270104
2c2f171a17
1f121c170f
272af73d07
fafcfffffd
fdfdfd01fd
060601fcfa
fffd010404
0d080604fd
090906090d
0d0e090809
0908040409
0d06060b0b
100e08080b
0d15140d10
1717120e0d
141417171a
191a141719
1e2521231f
19191e1e1a
0407010701
0409040401
0704070909
0907070404
072f171207
0704040404
0707070704
0404070c07
04070c0404
ff121c1401
091a120412
221f09271c
0912091f24
1c171c2c1f
321f1c1707
1c1f22241c
fffdfcfdfd
fdfcfafcff
fffcff0104
ff080d0802
0406010102
0b0b0b0606
0d09080609
0208090e14
0809080606
0e0d100804
171a17120b
1217171a1a
1414151515
10141c1915
1a1a191510
0b12101517
0401010401
0709070c04
0707120907
090c040409
0907070709
0409040409
0404070909
0404040404
0407090404
24171c1c01
141c1c2a2c
0f241c2a1f
22120c3512
1a3527170f
122f244d2f
090101010f
fafafafcfc
fffffffffa
0606060201
0d0b0b06ff
08090b0b09
0906010209
090b0d0d0b
0b0b090b08
0609090b09
1c1c101406
100d191c17
1415151c19
1217171414
1a17121919
1914191514
0802040914
0704010101
0c070c0707
0c0c070c09
040c070c07
0404040907
01071c0904
0114010101
0401011a01
1c04040404
223737170f
372222141a
170c1a011a
240c0f2714
12242f2f0f
0404041412
1701010404
01fdfafafc
060401ffff
0808080b0b
080b0b0908
0609080402
fffd010404
0604020202
0602020609
080b090609
0d0e120d06
0e14140d09
0b0b0b1210
1012150e0b
100d0e1414
ff0404060e
0204010202
0701010401
0404070707
07070c070c
0701040707
0407040404
0417241404
2414140404
0904172f0f
1707010704
3509042727
07041a241a
1414172217
07123d2c2f
0407072414
0404040404
4701011404
fffcfcfcfc
04ff01ffff
0606060b0b
fd01ff0204
100b060401
08060e1212
090e0b0806
080804ff06
06ff0e1010
140e060104
090d100d10
1412140d0e
0e0e0e1417
0b090b080d
0d0d0d0d0d
060604080b
0901010101
0101040704
0404070101
0904090704
0104040707
0407040101
1c04011404
0404042414
1a222c37ff
0f24140724
241f140104
0f241a2412
070707241f
0404070407
0114010114
2409140c17
04fcfafafa
ffff040404
0402ff04ff
01060604ff
f6fcff0206
0b0904fcfa
01ff080606
04080b0d06
0d0e06ff08
0e10100d08
10100d0b10
1015150d14
0d090d0d0d
0b0b0b0d0d
0604010109
01fffcfc01
09040401ff
01ff010407
0101010401
0909070407
0909040707
0701010707
092f271a04
22ff1aff07
09041a2c27
1212070404
042424241a
1409090404
0404040714
ff140c141a
1f14ff1a1a
1c1f011707
060401fcfc
f8fafa0402
fcfcfffaf6
060206ffff
0401020404
fffcfdfd01
100e0e0601
01fdf8060b
0b04080b12
09060b0d0d
0b0d0d120e
100e080908
0b0d0d0e0e
0202090906
0b090802ff
0b08090608
07fffcfcfc
0401040904
0104040101
0704010901
0404040701
0907040704
0104070c0c
0424072a01
0409040414
2c24320114
0707092417
121a040404
14ffff0104
17091c2704
221a1c0f2c
2c12011701
fcf8f6f8f8
01fffafafc
fafaf8fcfd
fffffffcfa
0606060204
090401fc02
01040b0e0d
0d0e100906
0b0d090b0b
150d040808
100e090d10
08040b0d0b
0204080208
0d09080904
08120d090b
060b0b0e0d
04070101ff
0104010907
0404070404
0404090404
04ffff0101
0409040904
1c04010401
0104041717
170f2c0914
09091f241f
0107040409
45141c0c01
172a272222
040f0f2224
1c04040414
24221a2422
faf8f8f8fa
fc010202fd
01ff0202fd
080b0b0404
fcfcf5f8f6
ff02040101
fcfdf8fcf8
090b02fdfd
0909060404
0d0d14100e
ff06060609
08060608ff
0908060609
0402080909
08080b0806
060b0e0b0d
07070401ff
fcfc010907
01fffffcfc
0104010401
09070407ff
0904090909
2414070907
120707071a
0707042214
010101040c
3712141701
27140f370f
14040f0f24
0407070907
141f010104
221c1f141f
060b09fff8
f8f6fa0608
fcfcfaf8f5
fafafdfffd
060201fcfa
0402090608
0202060409
ff02060804
100e060806
ff01060b0e
04ff02ff02
0d08080808
0b0b0d0d09
080e0e080b
090402060b
09090b0908
09090401fc
ffff040c07
fcfcffffff
fcff01fffc
0401ffffff
0101040404
0704070404
0404040407
0704010104
0407010104
1714121204
0407040904
0404040404
0104040404
0101010101
3d1aff0101
0b0bfaf8f5
f8fa010608
f8f6f3f8f6
f1f0f0f3f6
01fdf6f0f5
fcfd040906
0604090602
0404060908
04fc020408
0102ff0406
0808040201
0102ff0104
080101ffff
0204010408
0202020202
0106060402
090cfffcfc
ff01010c07
fcff01fffc
ffff01fcfc
01ffff01ff
ff0101ff01
ff0101ff01
ffff010401
0107070701
0707070107
0904040407
0404040704
0407040704
0101010104
0101010101
09350f1afc
0e0bf8f3f1
f3f8080e0e
fafcfcfaf3
fcfafafafa
f6f8fafcfa
fcfcfcfafa
fafcfcfafc
fcfaf8fafc
020202fdfc
0204080601
0604040606
0404040606
0606020102
0202040204
0109040202
0606090906
04fcfcfcfc
fcfcff0709
fcfffcfcfc
fffffcfcfc
fcffffffff
fffcffffff
fffcffffff
070101fffc
0104010707
0104010704
0101010704
0101010401
0101010101
0101010101
0101010101
120f0f011f
fff6f1eef1
f8f8f80d0e
f0f0f6f3f8
f5f1f5f5f5
f3fafaf8f5
f6f8f6f5f1
f8f3f5f6f5
fcfaf8f8f6
fdfcfdff02
fcfd01fffc
fcfcfcfcfc
fdfdfafcfc
0101020201
0202020202
0404020202
fd02020402
fcfcfcfcf9
fffffffcfc
fc0101ffff
fcfffffcf9
01fffcfcfc
fcfcffffff
fffffffffc
01ffffffff
0704070104
0101040101
0101010101
0101010101
0101010101
0101010101
ff01011a01
240fff141a
f5f5f1eef3
faf8f6f5f5
f6f5f8f6f6
f0f1f3f3f6
f6f3f5f1f0
faf8f8f5f5
faf8fafaf8
fcfcf8f8f8
ff0402fdfc
02fffd0402
02fdfa0202
0202020201
0202fdff01
080402ffff
0102080804
fd01020201
fcfcfcfcf9
fcfcfffffc
fcfcfcfcfc
fcf9f9f9f9
fcfcfffffc
fffffcfcfc
01fffcfcfc
040101ffff
010404ffff
0104010401
010101010c
0101041401
0101010114
0101010101
24ff011422
2c091c0f04
f3f3eeeef3
f5f8f8f6f5
f0eeeef1f3
f0eeeeeeee
f1f3f5f3f1
f5f8f5f3f5
f8fcfaf6f6
fdf8f8fafc
fd0202fffd
04080601fd
0208040401
0b04020604
0e080b100d
09090b0909
0606060609
ff0406060d
fcfcfcfcf9
fffffcfffc
fcfcfcfcfc
fcfcfcfcfc
fffcffffff
01fffffffc
170f01ff01
0401040101
ff04010101
01040104ff
0101010127
09ff140f01
22172c013a
1c041f0c17
221f090f1c
0f22221a24
f0eeeeeef3
eef1f5f3f1
f0f3f3f5f0
f0f3f6f6f3
f8faf5f3f1
f5f6f3f3fa
fcf0f3f3f3
fffcfcfcfc
fffa0606fc
fdf8fcfcfa
01fc0101ff
0608020402
0201020808
0404ff0406
0601ff0102
01ff010204
fffcfcfcfc
fcffffff04
fffffcffff
01ff010101
ff01ffff01
0412ff01ff
0117010404
0f01010107
121212170f
1204040101
0404091c14
2c27040401
2a0c0c3a1a
043f0f3204
142c221701
141f142f12
f5f1eef0f3
f8f1f6f8fc
faf6f3f5f8
f6f8f8f6f6
f6fafaf6f6
ffff01fdf8
fcfffdff01
f6fcfdfcfa
f8fdf0f3f5
f8f6f6f8fa
ff040201ff
fffffd01fd
01fcfffafc
fafafaf6fd
faf8f6f6fc
f5f6faf8fd
fcfcfcfcfc
fffffc0101
ffffff0101
ffffffffff
ffffffffff
01170cfcfc
0107070101
1407040701
0412041404
0101040404
0104120c22
141a0f0404
242a27243a
14fc322c0c
0c071cf907
041c0f1717
f6f6f3f5f6
f3f0f5f8fa
fafafafaf6
fafafafafa
f8f8f6f8fa
fa02fcf3f8
fafafcfcfc
06fdfcfcfa
0201040201
0204040101
fdfd010906
fcfdfdfcff
fafdfdfdff
f5f8f5fcff
f5f6f6fcf8
f5f5f5f6f3
01fcfffcfc
fffffc0101
ffffffffff
ffffff01ff
0101ffffff
0101070101
0104010101
0701070101
0101010107
0101040101
0f0f221404
0f120f1224
090f090f24
47f42a0412
ff37ff221c
2af7f40c07
faf0f6f8f1
f6f5f6fafc
f6faf6f8f3
f3fafafafa
fcfafafaf6
fafafcfcfc
fcfcfcfcfa
fcfcfcfcfc
020102fffc
040204fc02
0809090804
090e0d0e0e
100d0e100b
01fcfc010d
faff0101ff
f6faf6f6f8
01fffcfcfc
ffffff0101
ffff01ffff
fffffffffc
01fffcffff
0101010101
01ff0404ff
0104010104
0404070107
0101010104
0404040404
1404070404
0f0f241412
3a12241c0f
1a0f371422
1af1040722
faf3f3f3f5
f1f5f8fafa
f6faf5f8f3
faf3f3f3f8
f8faf6f8fa
fafcfcfcfa
fcfcfcfcfc
fcff01fcfc
06060801fc
0202020406
09060b0d08
0b0b090b0b
0b0d0d0908
0e140d0b0b
1012090d0e
ff020b0e10
01fffcfffc
fffcff0701
ffffffffff
0101ffff01
ffff0101ff
010101ffff
0107070101
0104010101
0701010101
0101010101
0404010401
0404040404
1f1a140404
42fffc2c37
122fff1214
14091a221a
faf8f8f5f6
f8f8fafcfc
fafaf8f8fa
f8faf8fafa
fafafafaf8
fcfafcfcfc
fcfcfcfcfc
01fffafcfc
ffff04ff01
ff010202fd
0b08040804
0808080b0d
0906060808
0e08040e0d
0b0d080b0b
0d10100e0b
040101fffc
ffffff0704
fcffffffff
0401010101
010101ff01
0101040101
0107010101
0404070107
0107010407
0101010401
1404040404
1c0f012201
2c171c042a
2f1412042c
221714041a
3a1f14ff1c
fcfaf8f6f5
f6fafafafc
f8f5f6fafa
fafafcfcfc
fcfcfcfafa
fcfcfcfcfc
fcfcfcfcfa
0201fdfffd
0101020404
0402020202
ff02080606
0d0d080604
100e0e0b08
12170d0d10
090b0b0810
0d0906090b
01ffffffff
ffffff0104
01040401ff
01ffff01ff
04ff01ffff
0101ff0401
0104ffff04
0704010701
0404070101
1401040401
1414170407
0f24141424
0c2c1a0c17
4a0c0f092a
120904041a
4d1c0f1212
faf6f6f8f6
faf8fa04ff
f6fafafcfa
faf8f8f8f8
fafcfcfafa
fcfcfcfcfc
fcfcfcfcfc
06020102fd
0609060102
0102040402
0d08080802
100d0b0b09
100d0d0d0b
0d0904100e
170e0d090d
0b141c1512
01ffffffff
ffffff0101
0101ffffff
01010101ff
0101040401
0104040404
0101010104
0107010107
0401070101
2704011a01
0404221214
0722011404
142c173a09
1a2f141c07
0c0c0c271c
1a35420107
f8f8fafaf6
fafafafafa
fcfcfafaf6
fafcfafcfa
fcfcfcfcfc
fd010201fc
0106040101
040401fd02
0402ffff02
0404040102
100d090b08
0b0b060b0b
0e100e0e0b
1704f6020d
fa0b15191a
17232b21ff
0104040101
ffffffff04
ffff01ffff
04040101ff
0704010404
0401010104
040101ff04
0101010107
0401040401
1201041422
1412141214
1f12092a0f
09091c242c
1227121c09
14ecf1f9f9
1f0c1c2a37
fcfcf8fafc
f8fafdfcfc
fffafcfdfa
01fcfdfafd
fffcfcfcfc
fcfdfdfcff
fffffdfdfa
02fffffd01
0602060402
0604060908
080408080b
120e100809
0410121517
f3f5f1f3ee
faf6f5f3f5
150e040809
f7ff01ff04
ffff01fffc
0701ff01ff
0404070709
0704090c07
0907070709
0104041217
0101010401
0101011a01
141c01ff1a
0c12040417
1c2714272c
f7ff17010c
ecff01f1f1
09fc09f1ec
ff0f04f9f9
f0f0e5eef0
f8f1f0eaf0
f0f8fcfcfc
faf6eef3f5
ff04020104
06080806fd
02ff01ff01
0402020402
0802040402
09010604ff
0b06080802
0b0b101517
f5f0f0e901
f5f5f5f6f5
f5f6f6f6f6
f6f6f6f5f5
f9f7f7f7f9
fffcfcfffc
fffffffcfc
f9f9f9fc01
f7f9fcf9f7
f4fcf1f1f9
0f17143fec
0104010404
3a01012217
27170f1aff
1a3f22071a
f709171412
04011f01f4
ece704fcf4
0c0f1409fc
f70909fcff
eeeeeeeeee
eeecececee
eeeeeeecec
f0f0f0f0ee
f3f1f0f0ee
faf3f3f0e9
060808fcff
0604ffff02
04fdff0608
190208ff06
120b0d0b14
f1f1ff0414
f3f3eef8f3
f5f6f5f5f5
f6f6f6f6f6
f6f6f6f5f6
f7f7f7f7f9
0101fffcff
ff01010101
fcf9fffcfc
14f4f4f9f9
1c2cf12aef
14220c1714
1209070909
2f14091412
1c1212271c
2404173509
1af7041a14
ff2c01070f
e90101f1ef
fff1fff4e7
fff90904ff
eef0eeeef0
eeeeeceeee
f0eeeeeef0
f0f0f0f0f0
fcf3f8f5f1
0b150efafd
0802fd140e
020610100e
1219190b02
09191e1f17
fff6f3f8f8
f1f3f1f0f8
fafcfaf8f3
f5f3f5f5f6
f6f6f6f5f5
f5f6f5f6f6
f9fcf9f9f9
fff9f9f7f9
f7f7f9fff9
f1f9f4f1f7
3d1204fff4
040f2c324a
24241f0707
090f07141c
fc0907070c
1c0cfffff9
fc32ff120c
140fe9ecf7
f9f924f712
ef01011f04
09f4e7ffef
f1ecf417f9
f0eef0f0ee
eef0eeeef0
f0f0eeeef0
f1f0f5f5f1
17faf3f0f1
090e0b0e0e
02f5ee020d
100e0efaf8
eceefd1214
021204fdf8
f1f5fc1009
fcfaf5f3f1
f5f3f0f5fc
f5f5f5f5f5
f6f6f5f5f5
f6f5f5f6f6
f7f7f9f7f9
f9ff01fff9
01f9fc04fc
040107ff01
fc0cff0104
040c070935
f9ff1a2c07
040107141f
2f2f24fc01
01470f1a37
ecf91f0112
fc01eff1fc
f90107ff01
ff0c07092a
f1e901f709
17ef04fcf9
eeeeeeeeee
eef0f0f0ee
f6f3f0eef0
f6f6fcfafa
12f0f1f1f0
0e0e141514
f5f3faf80b
f3f6f3faf8
09fc09fdec
f812080810
f3f1f10204
f1faf5f3f1
f5f3f5f1f1
f5f6f6f5f5
f6f5f5f6f5
f5f6f5f6f5
fcf9f7f9f1
f9fcf9f9f9
fcf7f9fcf9
0404010101
1cf9f9fffc
0901090c04
22fc121701
041a171c01
12173d04ff
071a1a120c
07fcecf1fc
0f12fff4ff
04010401f9
fc011c1afc
fc04e71412
fffff9ef01
eef0f0f0f0
eeeef0eeee
f8faf0eeee
eef6f5faf5
f3f1f0f0f0
fc08fd0909
fffcf601f5
f0f6f6f1fc
14081f0bf0
041715041c
fcf5f5f3f0
f1f3f6f6f5
f5f5f5f5f5
f5f5f5f5f5
f5f5f6f5f6
f6f6f6f5f5
f7f7f9fcfc
f9fcf901f4
0401f7f4f9
fcff070917
f7f1fffff7
fcf1eff4f4
0f24070901
3d0cfcff22
04f1ec0fff
f914f7f7e9
f9f7efefef
1a09ff07fc
f10901ef0c
f9ef170ffc
ecec0904ff
ef0c01e7ff
f1f1eef0f1
f0f0f0f0f1
f5f1f3f1f0
f1eceef3f1
eef1f1f1f0
eeecf1f3f0
f0faf6f6f1
0b04f6f1f5
f3f1f1f6ff
f1eef0f5f5
f3f6fcf5f1
f3f1eef0f0
f5f6f6f5f6
f5f5f5f8f5
f6f6f5f5f5
f5f5f6f5f5
f7f9f4f1f1
f9f9f9fcf7
09fff9fcf4
ff04040114
f1f1f4f104
f4f1efeff4
1a0ffcfcf4
072a0ffc14
fcf9ff1214
f4010f12e7
f9fc01f7f1
1fff04f4f1
f4ec0cecf1
efeff1fff1
f9f1ffecf1
0c0107f7fc
f3f3f3f3f1
f1f0f0f1f3
f0f0f0f0f0
f1f1f0f0f1
f3f3f0f1f1
f3f3f3f3f3
faf5f1f1f1
fa02faf1f8
f5f5f3f6f5
f1f3f5f5f3
eeeaf5f6f3
f3f5f1f1f3
f5f5f5f6f5
f5f5f5f5f6
f6f6f5f6f5
f5f6f6f5f5
f9f9f4f1fc
f9f9f9f9ff
01fcfcfcf9
eceff1f4fc
f4f1fc0709
f4f1f1f1f1
12fff4ef07
041c0f0109
efef1cff04
f4f407ec01
f4fffcf9ef
0cef1c0cec
0701ff0704
ffecf40fef
090709f7fc
ffef1a0cf9
f1f1f3f3f8
f0f0f0f1f1
f0f0f0f0f0
f5f3f1f3ee
f3f3f0f6fa
f3f3f3f3f3
f1f5f5f3f3
f3f5f5f1f0
f5f3f1f1f1
f3f1f3f5f3
f3f0eef0f3
f5f6f1f3f6
f6f6f6f5f3
f6f5f5f6f6
f5f6f5f6f5
f6f6f5f5f6
fceff4f901
0ffc01fcf9
eff9f9fffc
fff1f1eff1
ffecf4f922
fceff90cf1
eff4f4ec0f
010c09f7ec
01effcffff
effc09e4ef
0404f9ff0c
f714f40cff
07f9040c01
07e9e717ef
040704091f
1c07ff0917
f3f3f1f1f0
f0f1f0f0f1
f3f0f1f0f0
fcf1f3f1f3
f3f5f1f101
f3f3f3f1f1
f3f3f5f3f5
f5f6faf5f5
f1f3f3f3f3
f5f3f8f6f5
f0f0eef3f3
f6f6faf6f8
f6f6f5f5f5
f5f6f6f6f6
f5f5f5f5f6
f5f5f6f6f6
f1ecececf7
0401f10cf7
f1eff1efec
f10901fcf1
01f7effce9
f7ecfc1ce7
f9f701ef01
0114f7e9fc
f9f1f4f7f4
f70ff914f1
f9fcfcf9fc
ff14f4f709
ffe4f707ef
14ff0fef0c
07fc0f1717
0c12ec0cff
f3f3f5f3f1
f3f3f1ecf1
f0f3f3f0f1
f8f3f3f5f1
f5f3f3f3f8
f5f5f3f5f5
f5f5f6f3f5
f3f3f6f6f6
f6f5f5f6f5
fdfffcfafc
fffcfcf8f6
f8fcfcfdff
fdfcfcfdfc
f6fafdfffd
f5f5f6f5f5
f6f5f5f5f6
ffe7fcfcec
fff7f1fcf9
f4f9f7f1f7
fff40901f7
e4e7f1f901
01f7f90704
f7f7fce4f7
ff0c04f9fc
040904ff01
0104ff0114
0fffff0701
040f0c01ff
fc170c011c
091f09fc0c
e7e4f9f40f
140ceffc07
f3f5f5f5f5
f0f3f3f3f3
f1f3f1f3f3
f1f0f1f5f1
f5f5f3f0ec
f5f5f5f5f5
f8f6f6f5f5
f5fffdfafa
f3f5f3f1f1
f5f1f3f1f0
faf1f6f8f5
f6f5f0f5f5
f8f3f5f6f6
01fffcf8fa
f6faffff01
f5f5f5f6f6
fcf9f4fff9
ecefe9fce7
fff9fff9f4
f709eff1f7
f7fffff7ff
f1fcfcf7f4
fcfcfffc04
ff04fc0704
ffffff0904
f71404f9ff
010901fcff
0404070c09
01010401ff
01fc01ff01
0107ff0904
f117120c1c
f5f5f3f5f3
f5f5f5f3f5
f1f3f0f0f1
f3f1f3f1f0
f5f3f1f1f3
f5f1f3f3f5
f5f6f6f5f3
eeeeeef0f0
f1f0f0f0ee
e9eeeef0f0
f1f0f0f3f3
f6f3f1f1f0
f3f8f5f8f5
f0f5f5f5f5
faf5faf5f1
f6f6fafcf8
efe9fff1fc
f4fcfff704
f1f1f9f1f1
07f9f9f4f1
fff7f1ecfc
0101040404
0c01010401
f7f4f701ff
ffe9e9f1f4
fc1cf109e9
fcf1f4f9f4
010701fffc
fcfc070404
fcffffff04
fc01ff01ff
01f4f9ecff
f5f5f0f6f1
f5f3f5f5f5
f3f5f0f1f3
f3f3f1f1f1
f0f0f1f3f3
eef3f0f0f1
f0ecf0eeee
f3f3f1f0ee
f0f3f3f3f5
f1f1f6f3f6
eaf1f5f0f6
f3f5f0f1f1
f8f8f3f1f5
f5f3faf3f5
f3faf5f8f5
f1f3f3f6f0
f7f1f1040f
f7f9f9f4f7
fc07ff01f4
01f7f4f9ff
fff9fcf4f9
f7f9f9f7ff
f7f1f7f9ef
f1f4f104ec
fffcfff909
f7f7120709
f9fc01f90f
fc01f7f9f9
010f04fcf7
1214ff01ff
fc0c070109
f7f7f7fffc
f3f3f5f1f0
f1f1f0f1f1
f1f1f3f0f1
f3f1f5f3f1
f1f0f1f3f5
f1ecf1f5f0
f3f3f0f0f1
f1f3f5f6f1
f3f5f3f3f1
f3f3f1f3f3
f1f1f5f5f5
f0f3f3f1f1
faf5f0f1f5
f6f3f5f8f3
eef1e9f3f1
f3f1f1f1f1
f7fff4fcfc
ec09ecf907
f40401ff09
fcf1f401f9
fcfcf7f7f9
ffecf1e904
f701f9f1f4
fff9f70104
09ff070c0f
fff1f4f1ef
f4fc07ff04
f1f4f407f9
011201f4ef
0c0f0704ff
fcf4f401f9
fcf9f4fffc
f1f1f3f0f1
f1f1f5f1f1
f1f3f3f5f1
eef1eef0f1
f5f5f3f1f1
f3f3f1f6f5
f1f1f1f3f1
f1f0f1f0f1
f3f0f0f0f6
f3f3f3f3f0
f5f1f3f1f3
f3f1f3f1f1
faf5f8f6f3
f6fcf5f6f8
f8faf3f6f5
f3f6f3f1f5
f1eff40107
09070c0c0c
f1f4fc01f7
07040707f7
0104fc010f
ecf1ef01fc
07f7f1eff1
f9f107fff9
ec04e7e7fc
04fff4f40c
f7f7f70412
f7f1f407ff
1414fffffc
f7f4fcff01
0c0704fc0f
0101070701
f5f3f3f3f3
f8f8f6f3f5
f3f3f3f5f3
f3f1f3f3f5
eceef1f1f1
f3f3f8f6f3
f1f3f0f3f3
f3f3f5f5f1
f5f5f5f5f5
f6faf6f6f5
f1f3f3f3f3
f5f6f3f1f1
ecf0f1f3f8
f1f1f0eeee
eef5f0f5f0
f6eef1f0ec
f9ececec09
17f1ffef0f
e401fcfcf7
01fcfff1f9
fcfc09fcfc
f1f7fff9f9
fcf7f4f4f4
fff1f70c04
0cf9fffcf9
1f1f0f07ff
f9f40114f9
eff7fcfcf4
ff07fc0f07
04ec04fcef
0707f9e4f4
01ff0912f1
f5f5f5f5f5
f5f5f5f5f5
f5f3f5f5f5
f3f5f6f5f3
eef0f0f3f1
f5f3f0eeee
f3f1f5f1f3
f3f5f1f3f1
f3f5f3f3f3
f0f1f6f5f3
f1f3f5f3f1
f5f1f1f1f1
f1f0f0eeec
f3f5f5f3f3
f5f5f3f5f3
f1f0eef5f3
ff1fe4ecff
f1e7f9fcf7
f7f1eff701
fcffff09fc
01eff90717
f7f707f401
f704f4f1ff
f4f4ecf1fc
ff0104f1fc
f4f1f4f401
f1f1010404
fcfcf4f7f1
f9f10901fc
0f1cefffff
011af907ef
040417f101
f5f5f5f5f3
f5f5f5f3f5
f3f3f5f5f3
f1f5f3f5f5
f5f5f3f1f1
f0f3f1f3f3
f3f1f3f3f0
f3f1f3f5f1
f1f3f5f3f1
f3f3f1f1f0
f5f3f5f3f3
f1f0f3f3f3
f3f3f3f1f0
f5f5f5f5f5
f3f5f5f3f3
f5f3f5f5f5
fcf10c07f9
09f7e70701
f7f7e4ecef
f9f7fff4fc
e901f7eff9
01ff01040c
ecfffcf4f9
fffc07efef
0701ffec01
01f407ffff
eff409f1ff
f9ec0104f1
ecf104ec04
07e4f4fce7
ef17e7e907
0104f9f1f1
f6f5f5f5f5
f5f5f5f5f6
f5f5f5f5f5
f5f5f3f5f3
f5f5f3f3f5
f3f5f5f5f5
f5f5f3f3f3
f5f3f1f1f3
f3f3f5f8f6
f0f3f5f5f6
f6f3f6faf5
f5f5f5f6f5
f5f3f3f3f3
f3f5f5f5f5
f3f5f5f5f5
f6f5f3f5f3
fc0109fc01
e4e7e9f7e7
f107fce7e7
e4f9f10ce9
f1f117e4e4
0cecfff4f9
f7eff704e7
fc010704ef
f41409efff
f7f9f9f414
ef01f40f0f
01ef04f4f7
e9e709f1ef
ec07f7f7f7
f7f9f9f704
04ff12e4e4
f3f5f5f5f5
f5f5f5f5f5
f5f5f5f5f5
f5f5f5f8f8
f5f5f6f6f5
f5f5f5f5f5
f5f5f5f5f5
f5f5f3f6f3
f3f5f3f5f5
f3f3f3f3f5
f5f3f3f8f5
f5f5f6f5f5
f5f5f5f5f5
f5f5f5f5f5
f5f5f5f5f5
f5f5f5f5f5
2424242412
1212122424
1212121212
2424122412
2424121224
1224242424
1224121212
1224242424
1212121212
2412121212
2424242412
1212121212
1212121212
1212121212
1212121212
1224241212
1212121224
1200001212
1212001200
0000001212
0000001200
0000000000
0000000000
0000000000
0000000000
0000000000
1200000000
0000000000
0000000000
0000000000
0000000000
0000000000
2424242424
2424242424
1212121212
2412242424
1212242424
2424121212
2424242424
2424242424
2424242424
1224242424
2424362424
1212121224
1212121212
1212121212
1212121212
1200001212
0000120000
0000000000
0012000000
0000000000
0000000000
0000000000
0000000000
0000000000
0000000000
0000000000
0000000000
0000000000
0000000000
0000000000
0000000000
0000000000
2412121224
2424121212
2412121212
2424242424
1212242424
1212121212
1212121212
2412121212
1212122424
1212121212
1212122424
1212121212
1212121212
1212121212
1212121212
1212121212
1212121212
0012000000
0000000000
0000000000
0000000000
0000000000
0000000000
0000000000
0000000000
0000000000
0000000000
0000120012
0000000000
0000000000
0000000000
0000000000
2424242424
1224242424
1212121212
2424121212
2412242412
2424121212
2412122424
2424121212
1212242424
1212121212
1212121212
1212121212
1212121212
1212121212
1212121212
1212121212
1212121212
1212000012
1212121212
0000000012
0000000000
0000000000
0000000000
0000000000
0000000000
0000000000
0000000000
0000000012
0000000000
0000000000
0000000000
0000000000
1212242424
1212242412
1212121212
2424242412
2424122424
2424242424
2424242424
2424242424
1224242424
1212121212
1224242412
1212121224
1212121212
1212121212
1212121212
1212121212
1200121212
0012001200
0012121212
0000000000
0000000000
0000000000
0000000000
0000000000
0000000000
0000000000
1200000000
0000120012
0000000000
0000000000
0000000000
0000000000
2412241212
1212121212
1212121212
2424122412
2424122424
2412121212
2424242424
1224242424
1212121212
2412242412
1212122412
1212121212
1212121212
1212121212
1212121212
1212121212
1212121212
1200000000
0000120012
0000000012
0000000000
0012001200
0000000000
0000000000
0000000000
0000000000
1200000012
0000121212
0000000000
0000000000
0000000000
0000000000
2424242424
1212242424
1212121212
2424242412
2412122424
2424242424
2424242424
1212122424
2424241212
1212121212
1212121212
1212121212
1212121212
1212121212
1212121212
1212121212
1212121212
1212121212
0012120000
0000000000
0000120000
0000001200
1212000000
0000000000
1200001200
1212121212
1200120012
0000240024
0000000000
0000000000
0000000000
0000000000
1224242424
1212121212
1212121212
1212121212
2412122412
1224241224
1212121212
2412121212
2412121224
1212121212
1212121212
1212121212
1212121212
1212121212
1212121212
1212121212
1212121212
1212121212
1212121212
1212121212
0012121212
0000000000
1212000000
1200121212
1212000012
1212001212
2412121200
0000241224
1212000000
0012121212
0000000000
0000000000
1212242412
1212241212
1212121212
2424242412
1224121224
1212121212
1212122412
1212121212
1212121212
1212121212
1212121212
1212121212
1212121212
1212121212
1212121212
1212121212
1212121212
1212121212
1212121212
1212001212
1212121200
0012121212
0000000000
0000000012
1212120000
0012121212
2412001212
1200241224
1212001212
0000000000
0000000000
0000000000
2424121212
1212121212
1212121212
2424242412
2412241224
2424242424
1212121224
1212121212
1212121212
1212121212
1212121212
1212121212
1212121212
1212121212
1212001212
1212000000
0012121200
1212121212
1212121212
0000000012
1212121200
1200001212
1200121200
0000120012
0000000000
1200121212
2400001200
0000000024
0000000000
0000000000
0000000000
0000000000
2424241224
1224242424
1212121212
1212241224
1212121212
1212122424
1212121212
1212121212
1212121212
1212121212
1212121212
1212121212
1212121212
1212121212
0012121212
1200000000
0000000000
1200000000
0000001212
0000001212
0000000000
0000001200
1200000012
1212001200
1212121200
0012121212
2400000012
0000241212
0000000000
0000000000
0000000000
0000000000
2424242412
1212121212
1212121212
1212121212
1212241212
1212121212
2412241212
1212121212
1212121212
1212121212
1212121212
1212121212
1212121212
1212121212
1212121212
1212121212
1212121212
0000120000
0000000000
1212120012
0000000012
0000000000
0000000000
0000000000
1200000000
1200121212
2412000012
1200241224
0000000000
0000000000
0000000000
0000000000
2412121212
1212241224
1212121212
2424121212
2424242424
1212122424
1224121212
1212121212
1212121212
1212121212
1212121212
1212121212
1212121212
1212121212
1212121212
1212121212
1212121212
1212121212
1212121212
1212121212
1212121212
0012121200
0000000000
0012000000
0012120012
0012001212
2412121212
1200241224
1212001212
1212121212
0000000012
1212121212
1224121224
1212241224
1212121212
2412122412
1212122424
1212121212
1212121212
1212121212
1212121212
1212121212
1212121212
1212121212
1212121212
1212121212
1212121212
1212121212
1212121212
1212121212
1200121212
1212121200
0000001200
1212120000
1212121200
1200001212
1212121212
0012000012
2412000000
1200001224
0000120012
1212120012
2424242412
0012122424
2424241224
1212242424
1212121212
1212241212
2424121224
1224242412
1212121212
1212121212
1212121212
1212121212
1212121212
1212121212
1212121212
1212121212
1212121212
0000121212
1212121200
1212121212
0012121212
0000000012
1212000000
1212121212
1200000012
0000001212
1212001212
1200000000
1224242412
1212121212
1212121212
2424242412
0000122424
0000000000
1212121224
1212122412
1212121212
2424121212
1212121224
1212121212
1212121212
1212121212
1212121212
1212121212
1212121212
1212121212
1212121212
1212121212
1200001212
1200121212
1200000012
1200000000
0000121212
1212121200
1212121212
0000120000
0000000000
1212000000
1212120000
1212000000
0000002424
1212001212
2412121212
0000001224
0000000000
0000000012
1212121212
2424242412
1212121212
1224242412
1212121224
1212121212
1212121212
1212121212
1212121212
1212121212
0012121212
1212000000
1212121212
1224121212
1212121212
1212121212
1212120000
0012001212
0012120000
1212121212
1200000000
0012001200
0012000000
1212120000
1212001212
2424241224
1200000012
0000000000
0000000000
1200000000
1212121212
0000121212
3624243624
2436243636
2424242424
1224241224
1212121212
1212121212
1212121212
1212121212
1212121212
1212121212
1212121212
1212121212
0000000012
0000121212
0000121200
0000000000
0000000012
1212121200
0012001212
1212121212
1200000000
0000001200
0000120000
1200001200
2424241212
0000121224
0000000000
0000000000
0000000000
0000000000
0000000000
1200000000
3624242424
2412121224
2424242424
2424242424
3624362424
2424242436
2424362424
2412122424
1212121212
1212121212
2424242424
1212121212
1212121212
1212120000
1212001212
1200001212
1212121212
1212121212
1212121212
0012001212
0000001212
0000000000
0000000000
1212000000
1200242424
0000000012
0000000000
0000000000
0000000000
0000000000
0000000000
0000000000
1212121212
2424121212
1212242412
2424121224
2424242424
1224242424
1212121212
2424121212
2424242412
2424242424
1212122424
2424121212
0012121224
1212121212
0012121212
1212121212
1212121212
0012121212
1200120012
1212001200
0012000000
0000000000
1212120000
1212121200
1212001212
0000001212
0000000000
0000000000
0000000000
0000000000
0000000000
0000000000
1212121212
1212121212
1212121212
1212121212
1212121212
1212121212
1212121212
1212121212
1212121212
1212121212
0000121212
0012001200
1212121200
1200121212
1212121212
0000121212
1212121212
1200001212
1212121212
0000121212
1200001200
0000000012
2412241212
0012122424
0000000000
0000001212
0000000000
0000000000
0000000000
0000000000
0000000000
0000000000
1212121212
1212121212
1212121212
1212121212
1212121212
1212121212
1212121212
1212121212
1212121212
0000121212
0000000000
0000000000
1212001212
1212121212
1200121212
1212121212
1212121212
0000000000
0000001212
0000000000
2424000012
1212122412
0012001212
0012120012
1200000000
0000000000
0000000000
0000000000
0000000000
0000000000
0000000000
0000000000
1212121212
1212121212
1212121212
1212121212
1212121212
1212121212
1212121212
1212121212
1212121212
0000121200
0000000012
0000000000
1212120000
1212002412
1212121212
1212121212
1200001212
1212120000
1212121200
2424242424
0012242424
0000121212
1212120000
0000001212
1212001200
0000000000
0000000000
0000000000
0000000000
0000000000
0000000000
0000000000
1212121212
1212121212
1212121212
1212121212
1212121212
1212121212
1212121212
1212121212
1212121212
0012121200
0000000000
1212121200
1212121212
0012241212
1212121224
1212121212
1212000000
2424241212
2424242424
0012122424
1200000000
0000000012
0000121200
0000000012
0000120000
0000121212
0000000000
0000000000
0000000000
0000000000
0000000000
0000000000
1212121212
1212121212
1212121212
1212121212
1212121212
1212121212
1212121212
1212121212
0000001200
0000121212
0000121200
1212121212
3636241212
2412002424
1212241212
1212121212
2424241212
1224242424
0000000000
0000000000
1224000000
1200000000
0012000000
0000000000
1200001212
0000000012
0000000000
0000000000
0000000000
0000000000
0000000000
0000000000
1212121212
1212121212
1212121212
1212121212
1212121212
0000121212
0000121212
0000000000
1212121200
1200120000
1212121212
1212121212
0024241212
0012120000
1200000012
2424121212
1224242436
1212000000
0000000000
2412000000
1212000012
0012121200
0000000000
1212000000
1212001212
0000000000
0000000000
0000000000
0000000000
0000000000
0000000000
0000000000
1212121212
1212121212
1212121212
1212121212
1212121212
1212121212
1200000012
1212121212
1200120012
0012121212
1212121212
1212121212
0024363612
0012120000
1200000000
1212120000
0012000024
0012121212
0012120000
1224240000
1212120000
0000001212
0000000000
1200000000
0000120000
0000000000
0000000000
0000000000
0000000000
0000000000
0000000000
0000000000
1212121212
1212121212
1212121212
1212121212
1212121212
0012121212
1212000012
1212001200
1212121212
1212001212
2424121212
2412121212
0000122436
0000121200
0000000000
0000000000
0000001212
0012121200
0012121212
1212121200
1212120012
0000000000
0012120000
0000000000
0000000012
0000000000
0000000000
0000000000
0000000000
0000000000
0000000000
0000000000
1212121212
1212121212
1212121212
1212121212
1212121212
1212001212
1212121212
1212121212
1212121212
1200121212
2424361212
3636123612
0000000012
0000001212
0012121200
1200121200
0000000012
0012122412
1212121212
2424242400
0000000012
0000000000
1200001212
0012121212
0000000000
0000000000
0000000000
0000000000
0000000000
0000000000
0000000000
0000000000
1212121212
1212121212
1212121212
1212121212
1212121212
0012121200
0000000000
1212122412
1212121212
1212121212
1212121212
1224241212
1200001212
1212120000
0000001212
0012000000
1200000012
1200122412
1212122424
1224121212
0000000000
1212001212
1212120012
0000121212
0000000000
0000000000
0000000000
0000000000
0000000000
0000000000
0000000000
0000000000
1212121212
1212121212
1212121212
1212121212
1212121212
1212120000
1224121212
1212121212
1212121212
1212000012
1212120012
1212121212
1212000000
0012121200
0000000000
0000120000
0000000000
0000000000
0000000000
0000121212
1200000012
0012120012
1212121212
0000001224
0000000000
0000000000
0000000000
0000000000
0000000000
0000000000
0000000000
0000000000
1212121212
1212120000
1212001200
1212121212
1212121212
1212121212
1212120000
0012120000
0012121212
0012000012
1212000000
0000000012
0012000012
0000000012
0012120000
1212000000
0000120000
0000000000
0000000000
0000120000
0000000000
1212122412
0012121212
0000000012
0000000000
0000000000
0000000000
0000000000
0000000000
0000000000
0000000000
0000000000
1200121200
1212120000
1212121212
1212121212
1212121212
1212121212
1212121212
1212121212
1200001212
0000000012
0000000000
0000000000
1200000000
0000000000
0000121200
0024120000
1212001200
0000000000
0000000000
0000000000
1200001212
1212121224
1212000000
0000000012
0000000000
0000000000
0000000000
0000000000
0000000000
0000000000
0000000000
0000000000
0000121212
0012121212
1212120000
1212121212
1212121212
1212121212
1212121212
1212121212
1200121212
0000000012
0000121200
0000000000
0000000012
0000000000
0000001200
0012240000
0000000012
0000000012
0000000000
1212000000
1212000012
1200121212
1212000000
0000000000
0000000000
0000000000
0000000000
0000000000
0000000000
0000000000
0000000000
0000000000
1212120000
0012000000
1212121200
1212121212
1212121212
1212121212
1212121212
0000000012
1200121212
0012120000
0000001212
0000000000
0000000000
0000000000
0000000012
0000120000
1212001200
0000000012
0000001200
0000121200
0012120000
0012121200
0000000000
0000000000
0000000000
0000000000
0000000000
0000000000
0000000000
0000000000
0000000000
0000000000
0000122412
1212121212
1212121212
1212121212
1212121212
1212121212
0012121212
1212121200
1200121212
1200001212
0000001200
0000000000
0000000000
0000000000
0012000000
0012120000
0000000000
0000000000
0000001200
0000000000
1200120000
0000000012
1212121212
1200000000
0000000000
0000000000
0000000000
0000000000
0000000000
0000000000
0000000000
0000000000
0000121212
1200000012
1212121212
1212121212
1212121212
1212121212
1200001212
1200001212
1212122412
1200000012
0012000000
0000000000
0000000000
0000000000
0000000000
0000121200
0000000012
0000000000
0000000000
0000000000
1212120000
1212121212
1212121212
1200000000
0000000000
0000000000
0000000000
0000000000
0000000000
0000000000
0000000000
0000000000
0000120012
1200000000
1212120012
0012121212
1212121212
1212121212
0000001212
0000000012
0012120012
0000000000
0000120000
0000000000
0000000000
0000000000
0000000000
0000000000
0000000000
0000000000
0000000000
0000000000
1212121200
0012000012
1212120000
0000000012
0000000000
0000000000
0000000000
0000000000
0000000000
0000000000
0000000000
0000000000
0000120012
0000000000
0012120000
1200000000
0012000012
0000001212
0000000000
0000000000
1200000000
0000000000
0000000000
0000000000
0000000000
0000000000
0000000000
1212001200
1212121212
1212121212
0000000000
0000121200
0000000000
0000120012
1212120000
1200120012
0000000000
0000000000
0000000000
0000000000
0000000000
0000000000
0000000000
0000000000
0000000000
0000000000
0000001200
1200000000
1200000000
0000000012
0000000000
0012000000
1212121212
0000000000
0000000000
0000000000
0000000000
0000000000
0000000000
1200000000
1212121212
0012000012
1212120000
1212122412
1212121212
0012121212
1212121212
0000121212
0000000000
0000000000
0000000000
0000000000
0000000000
0000000000
0000000000
0000000000
0000000000
0000000000
0012000000
1212120000
0012121212
0012120000
0000000000
1212121212
1212121212
0000000000
0000000000
0000000000
0000000000
0000000000
0000000000
1212121200
1212121212
1212121212
1212121212
1212241224
2424121212
1212121212
1212121212
1212121212
1200121212
1212121200
0012121224
0000120012
0000000000
0000000000
0000000000
0000000000
0000000000
0000000000
0000000000
1212120000
0012121212
0012001212
1200001200
0000000000
1212001200
0000000000
1212000000
0000120000
0000000000
0000000000
1212121200
1212121212
1212121212
1212121212
1212121212
1212241212
1212121224
1212121212
1212121212
1212121212
1212121212
1212001212
1212121200
1212121212
1212121212
0000000000
0000000000
0000000000
1200000000
0000000000
0000000000
0000000000
0012001200
1200121212
1212120012
0000000000
1200000000
1212121200
0012120012
1212001212
1212120000
1212121212
1212121212
1212121212
1212121212
1212120012
1212121212
0012122412
1212000000
1200121212
1212121212
1212121212
1212121212
1212121200
1224121212
0000121212
1212121212
0012122412
0012000000
0000000000
1212120012
0000000012
0000000000
0000000000
0000000000
0000001212
1212121200
0000001200
1200000012
1212121212
1212121212
0000001212
1212121212
1212121212
1212121212
1212121212
1200121212
1212120000
1212000012
0000000012
1212000000
1212120000
1212121212
1212121212
1212121212
2412121212
1212121224
1212121212
1200121212
1212241212
0012121224
0000001212
0000120012
0000000000
0000000012
0000000000
1212120000
0012001212
0012000012
0000000000
0000000000
1212121212
1212121212
2412122412
1212121212
1212121212
1212121212
0000000000
0000000000
0000000000
0000120000
0012000000
0000000000
1200001200
1212121212
1212122412
1212121212
1212121212
1212120012
1212121212
1212121212
1212001212
1212000000
0012001200
0000000000
0000000000
0000000000
1212000012
1200121212
0000000000
0000120000
1212120000
0000000000
1212121200
2412121212
1212121212
1212121212
1212121212
0000000012
1212120000
0000120000
0000000000
0000000000
1200120000
0000121212
0000001200
1200000000
1212121212
1212121212
1212001212
0000001212
1212120000
1212121212
1212121212
1212000000
1212000012
1212000000
0000000000
1212001200
0012000000
0000000012
1200120000
0012000000
1212000000
0012121200
1212120012
0000000012
0012121212
1212121212
0000001212
0000000000
1212000000
1212001212
0012001212
0012121200
1200001200
0012000000
0012001212
1212001200
1212121212
1212000012
1212121212
1212121212
2412122412
1212121212
1212121212
1200000012
0000000000
1200120012
1200000000
0000000000
0000000012
0000000012
0000000000
1212000012
0012121212
1212001212
0012121200
0000000000
0000001200
1200001212
0000121200
1200000000
1212120012
1200120000
0012120012
1212001212
0000000000
1212120000
0000000000
0000000000
1212120000
0000121200
0012121212
1212121212
1212001212
1212000000
1200000000
1212121200
0000001200
1212121200
0012120000
0000120012
1200000000
0000120000
0000120000
1212120000
1212000000
1212121212
1200120012
0000000000
0000000000
1200121200
1212000000
1200121212
0000121200
0000000000
0000001200
0000001200
0000000000
0000121212
0000001200
1200001212
0000001200
0000000000
1212120000
1212121224
1212121212
1212000012
1212000012
1212121200
0000000012
0000000000
0000000000
0000120000
0000000000
0000000000
0000000000
0000000000
0000000000
0012000012
1212121212
1200121200
0012120000
1212001212
0000121212
0012121200
0012000000
0000001200
0000000000
0012000000
0000000000
0000001200
0012000000
0000001200
1212000000
1200000012
1212121212
1212121212
0012121212
1200121212
0012120000
0012121212
0012121212
0000000000
0000000000
0000000000
0000001200
0000000000
0000000000
0000000000
0000000000
1212000012
1200001212
1200001212
0000000000
0012001200
0000000000
0000000000
0000000000
0000000000
0000000000
0000000000
0000000000
0000000000
1200000000
0000001212
0000000012
1200121212
1212121212
0012121212
1200000000
1212000000
1212121212
1212001212
0012121212
0000000000
0000000000
0000000000
0000000000
0000000012
0000000000
0000120000
0000000000
1212001212
1212121212
0012001212
0000001212
0000000012
0000000000
0000000000
0000000000
0000000012
0000000000
0000000000
0000000000
1200000012
1200120000
1200121212
1212121212
1212120012
0000121212
0000000000
0000000000
1200121212
1200120000
1200120000
0012001212
0000120000
0000000000
0000000000
0000000000
0000000000
0000000000
0000001200
0000000000
1212120000
0012121224
1200121212
1212001212
1200120000
0012000000
1212121212
1212121212
0012120000
0000000000
0000000000
1200121200
0000120012
0000000000
1200120012
1212121212
1224121212
1212120012
0000120000
0000000000
0000000000
1212000000
1212000000
1212121212
0000000000
0000000000
0000000000
0000000000
0000000000
0000000000
0000000000
0000000000
1200000000
0000000012
1200000000
0012121200
0000001212
0012121212
1200000012
0000000000
1200001200
1200000000
0012001212
1200001212
0012000000
0000000000
1200000012
0012001212
0012001212
0000120012
0000000000
0000000000
0000000000
0000000000
1212120000
0012000012
0000000000
0000000000
0000000000
0000000000
0000000000
0000000000
0000000000
0012000000
0000000000
0000000012
0000000000
1200000012
0000001212
0000000000
1212121200
1212120000
0000001212
1212120000
0000120000
0000000000
0000000000
0012000000
1200000000
1200121212
1200120012
1200000000
0000000000
0000000000
0000000000
0000000000
0000000000
0000000000
0000000000
0000000000
0000000000
0000000000
0000000000
0000000000
0000000000
0000000012
0000000000
0000000012
0000000000
0000000000
0000120000
0000000000
0000121212
0000001200
0000000000
0000000000
1200000000
1200000000
0000000000
0000000000
0000000000
0000000000
0000001200
0000000000
0000000000
0000000000
0000000000
0000000000
0000000000
0000000000
0000000000
0000000000
0000000000
0000000000
0000000000
0000000000
0000000012
0000000000
0012000000
0000000000
0000000000
0000000000
0000000000
0000000000
0000000000
1200000000
0000000000
0000000012
0000000000
0000000000
0000000000
0000000000
0000000000
0000000000
0000120000
0000000000
0000000000
0000000000
0000000000
0000000000
0000000000
0000000000
0000000000
0000000000
0000000000
0000000000
0000000000
0000000000
0000000000
0000000000
0000000000
0000000000
0000000000
0000000000
0000000000
0000120000
0012001200
0000000000
1200000000
0000000000
0000000000
0000000000
0000000000
0000000000
0000000000
0000000000
0000000000
0000000000
0000000000
0000000000
0000000000
0000000000
0000000000
0000000000
0000000000
0000000000
0000000000
0000000000
0000000000
0000000000
0000000000
0000000000
0000000000
0000000000
0000000000
0000000000
0000000000
1200000000
1200121212
0000000000
0012121200
0000120000
0000000000
0012120000
1212000000
0000000012
0000000000
0000000012
0000000000
0000000000
0000000000
0000000000
0000000000
0000000000
0000000000
0000000000
0000000000
1200000000
0000000000
0000000000
0000000000
0000000000
1212000000
0000001200
1200000000
0000000012
0000000000
0000000000
0000000000
1200000000
1212120000
1212000012
0000000000
0000120000
0000000000
0000121200
0000000000
0000001200
0000000000
0000001200
0000000000
0000000000
0000000000
0000000000
0000000000
0000000000
0000000000
0000000000
0404060606
0606060606
101f120808
0c06081212
0812060810
06060a0a10
0a06041c12
16060e0e08
0412160a1c
27080e0402
040a0a1025
0812040404
0606040002
0a0a081208
080c101806
350c0a0e08
0303030305
0303030303
07ff010103
fd010303ff
03ff01fdfd
0103030305
0101ffff01
0301070701
0cff010101
ff05070512
fdff01ff01
fafafafafd
fdfdfafafa
010101ffff
0303030101
0c05070c03
0606060604
080a0a0a0a
120a080a0a
12120c1214
0a16180a12
140606080a
1a14121616
160a140e16
140808100e
0e1c0a1210
080a0e1012
1008040600
0808040c14
0c1812120a
0e23141f18
2d0c0e0c0c
f8fafafa01
f6f6f6f6f6
f2f8f4f6f6
f6faf6f4f0
f8ffff0301
f6f4f0f4f8
f4f8f8f2f8
f6f80105f2
f6faf4faf8
f6f6f2f2f4
fdfdf8f4f8
10f6f4f6fd
faf6f4f4fa
eef0f2f8fa
f2f0f0eeee
05fafdf6f0
08060a080c
08080c0c0a
0806060a0a
101410080c
100a0a080a
1418141408
0e1c140827
0c180a1810
211608141f
16101f1a1f
0c08161a16
f8100e080a
0808100a0e
1c0a1c1210
0a1827161f
2f0c14120c
f4f2f6f4fd
f2f4f8f2f2
f2f0f2f2f8
f4f4f4f2f8
f6f2f4faf6
fff6f8f8f6
fffafa01fa
fafff8090e
f4f8f8f6fa
f4f6f8f6f8
f2f8f0f4f0
05f812faf8
01fafafa29
eeeceef0f6
f2eeeeecec
fff6faf8f6
08160a1816
080608080c
0408080808
1016120608
0a0a0c140a
1a060c0816
1c0a14290c
140e230a21
120e10100c
0c06101814
020c180c04
06f808f800
120e040406
2518120c0a
160c1f2523
2d14142918
f6f8f6f803
f0f0f0f4f8
f2f2f2f4f0
faf4f6f4f6
f0eef0f6f4
f4f4f4f0f2
f4f2f8faf4
f2f2f60101
f4f4f2010e
f6f6f8f4f2
09f8f4f8f6
f825141601
f4fafafd0e
ecf0eef2f2
ececf0f4ee
01f6f4f2ec
1810180e06
0c0e1a0a08
1810140e14
18270e0e10
0c0a08081c
0a0c0e1412
140e021206
14060c1a10
fa040e1a14
0c0a0c0808
1016020404
f8fefe0416
08061002fc
121f1f080c
16120e1a0a
2d0a120e1f
f4f4f8fafd
f2f2f6f2f4
f0f0f2f4f2
f0f4f0eee9
f405f401ee
eeeef0f4f4
f0f2f4f4f0
faf60ef8f2
fa031207f8
faf8f61012
0101fdf8f6
0518f8f4f8
f8f8faff05
f4f0f2f4f8
f0f0f0eef4
01f4f6f6f2
12140a0806
160e0c0e18
181018140a
0c0c081208
0e0c1c1a0c
0404040a08
04040c180c
08100412fe
100c0a1c0c
0a0a0e0200
020410000e
1802fc0206
1616101004
0a0e211a0a
0c0c18270e
2b0c0c0c0c
03fafdff01
fdfdfffdff
fafaf6f8fd
fffafd01fd
0303fd03fa
f4f8fdfff8
10f80ef0f2
f2ff05f8f8
0e141803f2
1210f4160e
0503031401
f6ff033418
f4f8f8faf8
f0eeeceef2
f0f2f2ecec
fdf2f0f0f0
12100e1412
1206080606
0c0e181810
060a080e12
0402060e0e
0806060606
0c101f0008
120e14160c
16020a0212
1af6fc0e00
fa0c001608
040c060200
181f180808
12141c0e1c
0c14141c1f
2b0c10180c
f8f6f4f8fa
f4f4f2f4f6
f2f4f4f4f6
010ef6f4f4
fafafaf8f8
f6faf8f6fa
1d1d0701fa
f8f6031805
f8f8fdf6f8
07141201ff
03160c0cff
fdfaff090e
eef2f4f8ff
eceeeeecf2
f2f4eeeeee
faf2f2f4f2
fe1602161a
0614060e18
060604080c
0e1810100c
04040e040e
040c020206
0406040404
1608040606
0c100e1216
0010081610
00000e08fe
0c0a040a0a
0e14181214
1814182f10
10101a1010
2b0e161c16
f8f4f6ffff
f8fffafd0c
faf8f8f6f4
f40efdf4f8
faf8fafaf6
fa01fafafd
f8f8f8f6f6
f2f8fffdf8
f4f2f2f4f6
fd0307fdf4
ff0510fdff
f6f8f8f8f6
f0ecf0f0f4
eef4f4eef0
ece9ece9e9
faeeeeeeee
0e0a080412
fef8060a0a
0800fc06fc
0a0c081606
04120a0a16
0c06060610
0408020e06
0604040602
080e021206
10120a1016
06fefe0416
0e06080e18
101810180e
1018180e10
1010101010
3518101010
10fffaffff
ff18f60507
f810fa1a1a
ff120303f6
f6f4f6faf8
fdf6f2f4f4
f8f8f6f8ff
f8fdfffdfd
f6f8faf8fd
01fa0301f6
f8fdfaf60c
f6faff01fd
e9eeeef0f6
e9eef0eee9
e9e9e9e9e9
fff2eee9e9
0416080e0a
f806060c02
060400f8f6
0212021204
1a0c100a1c
080400100e
0cfa0402f8
0a02000afc
fafc02fefe
1210020004
0e040a080a
1812121408
1010101010
1010101010
1010101010
3910101010
03fd090705
1423ffffff
f80912ff34
f2f6f6f6f8
fd0cf4f2f6
03f4f6f4f4
ff18011801
fd01fd14ff
14fdfdfa12
01f6fafdff
fffdfdff03
eef2f8fa05
e9e9e9e9e9
e9e9e9e9e9
ecece9e9e9
f8e9e9e9e9
0a12210e1a
0e06120414
02f8f204fe
fc0a0e0a00
1202fa0a02
1614140404
0afc060616
eef0f6f4fa
fc06020010
1208020a04
10160e0a0a
211818181a
101010101a
1010101010
12101c1010
3d1f101010
fdff010305
0e070516ff
16ff210c05
ff0ef4f612
fa0707fd16
faf8f8fafd
fa090705ff
142b252318
180c09102b
0efdfdff01
f2f4f2f0f6
eeeeeeeef2
e9e9e9e9ee
eeece9e9e9
ececececec
f8e9e9e9e9
060c080c04
04100c0604
fafaf0fc00
fe08000806
0efc0ef608
0afe0afcfe
f400fcfc00
020008f6f8
f8f2f4fa00
0400f4f800
180e121018
0c21160e12
101010140e
1212101010
10181c1c1f
3525101010
14fdfd03fd
f801120309
1dff0c09ff
1a0518fdfd
010314ff10
1016180105
1d1016160e
faff01180c
1d161f05f4
1f36181018
eeeef0f603
eceeeeeeee
ecece9eef0
e7ececece9
e9eef0f0ee
f8f0e9e9e9
0406060202
fef6f6fe04
fc00fefafa
f6faf8f8f6
fef8f402f6
02040a12fe
fc06fe00fa
f6f4f2f8f6
fefcf8f8f8
0a0a0efc02
181006fafe
1808160c14
10121c0c0e
1c1f10121a
0c121a1414
35231c1010
07faff01ff
ff16321fff
030c070503
010509faff
160e140e09
fffffaf8f8
07fdfd1816
1f213f1812
fd031a142e
ff05091dfa
faf8030efa
faffececf2
eeeceef4fa
f0f0ececee
eceef0f0ee
01f0eee9e9
fcfafcfcfe
f4f8f6f4f8
eaecf2f0f0
fef4f2eaf0
fc02fe0208
00f4fa080e
f60cf2fefe
f6f8fc02fa
fef8f8f6f0
140608fe02
081202000c
120a14161f
1421252b18
1814181f1a
181f100e14
3533231010
1d1f05091d
1210050321
210741211a
ff1807161f
090e1001ff
142b251210
2b0e1a1d01
01ff051d09
16101fff1f
fa12121416
f6f40112f4
f603fff4f6
eeeef0f0f4
f0eee9ecec
f2f0eeeef4
fdf2f0e9ec
f6f0f0f0fa
eeeceef2f2
eef0eeecea
f2f2eeecec
040e10f6f8
f4f6000204
f4f000f4f6
fcf0eefaf8
fcf8fef8fe
1f020000fe
1612181206
181f18160a
160a210c10
1f1c121214
211818160e
1c1f0e250c
1210090703
0c09090918
0507182309
1f27052107
0301ff1416
100c18091d
102530211f
21163f0909
051a2b012e
faf2faff16
f8f2f00712
ececf0f2f2
eeecf0f0ee
e9eef2f2f0
f0eeeeece9
0eeeecf0ee
eceeeaecf8
eaeaeae7ec
eeeaece7ec
ece5f0f0ec
ec02f2f4ee
f0f2f6f0f0
f0f0f0ecf0
ecf0f2f4f6
f2eeeef2f0
04080e08f6
101808060c
18100c1016
0c0e0c161a
1010141f18
0e140c0e08
0a08fe0206
0909090907
0e0e0e0e09
0c0e0e0c0c
122118051f
071f090716
0103031207
0303121d03
1f0103ff1f
1f0514211f
fa0cf41005
ecf009010e
f2f2eef6f2
f0eef0eef0
f4f2eceef0
faf4f4f6f2
1a210e10f8
e7eaeaeaf6
e1e1e1e3e7
e5e5e7e3e3
eef0f2f0ee
f0f0f2eeee
f4f2f0ecf0
f6f6f8f6f4
f2f6f6f8f4
f0eef2f4f0
16020a00ee
060812181c
020c10140c
120c0c1f0c
08100a100a
fe0c061c0c
06faf6f800
0e0c090909
0e100e0e10
09090c0c0e
03031d270c
0301050303
0103121803
01ff16ffff
051818120e
1f0503ffff
0105270907
f4010cff16
f4f6050707
f4f4f4f2f2
f4f6f8f0f0
fdf8fafffa
0103101d16
e5eaeaeafa
eceae3e1e1
e7e7e5e7ea
e7f2eeeae5
eef2f2f2ea
f4f0faf6f2
fe00fcf6f6
f8f6f60400
04f6f2f2f0
fe160c04f8
14080a02fc
04080efc06
04f8040e0c
f8020a0afa
f0f0f0f4f8
0cfaf4f6ee
0e0c090907
090c0c0c10
090e0c0705
23161a1007
1d05141d1d
161d100c07
12ff0e213c
0e1205050e
051605230e
0c1407121a
fd0efd1005
f8fa0507ff
fafd10f4f4
0712ffffff
1a21211001
01101a0e16
e7eaeaecfa
eeece5e1e1
e5eaeceef0
f0eaeaece7
00f8f2f0f0
f2ee060402
040200f8f4
f6f2fa06f2
fcf6f8fefa
0cf6ee0204
fafa0202fc
fe00060602
f2f816100e
f2f0f200fa
00fcf8f8f6
2500fe06fe
0e0c090909
09090c0c0c
0907070709
1f230c0909
0701051a25
0e1f21211f
1818051803
3638141f12
1a1dfa100e
fa16091f0c
0101161616
0cf8f614f8
fd100cfdf6
01010103fd
0cfff80116
01ff10f8ff
eceaeaecf8
f0eef0ecec
eeeceef2f2
f0eef2eeec
f8f2ececec
fcf8f6fafc
f8f0fcfcfa
f2f6f600f8
fa06000afc
fe0802f4fe
0600fafafe
f800fe02f8
f2f2f202fe
fef6f4f8f6
fe0afcf804
1606080402
0c12270e0e
122107090c
0507102323
0907070707
2907090e0e
3205142b29
230e030310
2b0709ff12
0514180e1f
03fdff1203
12faff0c0e
0721011807
161a0714fd
fd1601121d
0c122b3810
0cff091212
eef0f2f806
f4eeeeeeec
ecececf0f4
eeeef0eeec
ececeaeaec
ecf0eeecec
eefefaf2ee
faeef6f2f2
f6f0f80a04
fefefaf6f4
f002020000
fafaf0f0f0
fafefef8f8
fa02020802
120afc06fe
100e0004fe
230e0e1012
181616090e
0909142525
0707090907
070e0e0e0c
23271a0709
031021411d
1a1d231a07
01031f0103
143a1f101d
100114ff03
010e181d0c
faf8ff09ff
0c05100e16
10ff050e09
fff6f61001
eceeeeecfa
eeecece5e1
ecececeeee
f6f2eceee7
f8fc00fcf6
ececececee
f4fcf8f4f0
f608f402f6
f6f6f4f2fe
080208f6f6
faf4f2fcfa
0606fafef8
02fafcfcfe
02fc0408f8
fa0204fa08
1a0c02fcf6
2725272725
0c0c0e1018
0c0c253432
210c291010
03010c070c
0505090907
0105010105
03fd180303
181d011014
ff07101a1a
01ff090903
120cf8f816
1212120e10
fdfdfdff05
12fdfdfd14
05f6f612fd
e3eae7ecfa
faf8eeece1
eef2f6f4f6
f4f4f6ecec
fa02f8fcf4
eaecece7ee
fcf6eaf0e3
f8f8eaf0f8
f4f604f2f2
f4f2fc04fe
f0f4f0f0f2
14fe02faf4
fafe080a0a
eef6f80200
04f6f8f6f8
120a0e080a
2712140e0c
1614090e1d
210e1a0c0e
27271a0909
271d271214
0907090c1d
1f251f2721
120c12211f
180c162718
03ff01ffff
2701030105
010c16140c
0105050101
161d1d101d
0e23302501
faf8f6090c
e7eceeecfa
f2e7eae7e7
fcf8faf8f4
f6faf2f2fa
eeeef4f4f6
eeeaf2eaee
f6f0e7eeec
f0eaeceaf2
f4f6f2fefa
eef2f4f2f4
04f6f802f6
02f6f60afa
f8f2f6f800
f4f4f8f2f0
fcfef6f4fa
140604fe00
0909071425
211f1a1007
162138324b
0e090e101a
0e18412b21
090e1d0e1f
0e0c090707
2309070e10
010c100110
2e27011f1d
101a1a1814
01010103ff
01011affff
05180e0e01
14180c0914
12fa031212
e5e7eaf000
f8f0ece7e5
f2eaf0f0f0
000200faf4
f0fa000002
eeecf0f4f2
f0eef0eeee
f0eef2f0ee
f8f8f2f4f6
f4f6f4f6f8
fafcfefef4
ececeaeef2
f6eeeeeeee
f6f6f0f0f4
fafaf6f6f6
1c0cfcfcfa
090e0c3a10
230e0e0707
1f27231d23
30253a2b34
161f232925
142910231f
1f23072705
0507100c0c
03031f0505
01ff16120e
1005051414
0507050514
1d1d100505
1a10101d1d
1afdfd0109
0501fdff0c
eef0f2f602
fcf4f2f0ee
fef8f8fcfa
f0f4f0f0fc
f6f6eeeeee
f4f4f2f4f4
f4f4f2f4f6
f2f4f4f4f2
f4f6f8f2f2
f4f8faf6f4
f2f0f4f6f4
f2f2f2f2f2
f6f4f4f4f2
f6f6f8f6f6
f8faf8f6f6
0818060cfe
030e2b141a
180e090707
321a1f1432
12100e1216
0e27294b21
0c0e070c10
2905180707
070e270e16
0510120507
0e1d120107
0103030101
0303030303
1d03031a01
1018fd0516
160e143038
0ef6f612f8
eef2fcf804
eeeef0f0f4
f6faf6eef2
f0f602f6f8
fefafcf6f2
f8faf8fcfc
f8f8f8f6f0
faf8f6f8f8
f2f8faf6f6
f4f4f4f6f0
f2f0f2f4f4
f2f2eef4f2
f4f4f6f6f4
f6f6f6f6f6
f6f6f6f6f6
040406fe04
301f321d1d
291d101016
3023323c23
1618143421
302b1a1216
23292b2e27
1a18272b2b
0909162112
0307162309
070505121d
0303030303
101a1f0303
1a1d100903
1410141430
0509140110
0901f61801
f4f8f8fc06
f2eef4f2f4
faf8f8f6f4
faf6fcfefa
fe02fefefa
0000fefefc
fe00fcfafc
f8fafefe00
f6f4f6f6f6
f6f4f4f6f6
f6f4eef6f4
f6f6f6f6f4
f6f6f0f4f4
fefcfafaf6
fcfefe0afa
1806fe080a
1f321d1816
2b2b10121a
211a142518
181a292925
121a0e3016
1d141f2914
0303051016
0703050303
1212181207
101d030107
141f29121a
0c0514161f
21161d1a01
ff16fd0314
05f80c2503
0c01f8010e
fcfcf8fa08
f8f8f8f4f8
fcfaf6f8f8
fafcfcfefc
04040002fe
0604060206
0202020402
fe0000fefe
f8fafcf8f8
fefefefaf6
fa00fefe0a
00fefe08fc
04fe02020e
0202020202
16fe000412
1806100a06
1d1f1d1a16
14162b1414
18181d1d1f
1616161816
29212b2116
1032182e3c
0907070c09
0505050303
16011fff01
0707160103
ff1414011f
2510342325
090c141a1a
f8faf8faf6
f6f6fa0909
03f8f8f6f6
f8fafcfc08
fafafaf6f6
f6f4f4f6f2
fcfefcf4f6
f4f8fefafc
00fe0204fe
000c0a0606
faf6f4f4fc
0004fefef6
0204000200
0004000014
0602060400
12100c0216
120410080e
12140a080e
1218181016
1a341a1812
1f32181f1d
2e1f1f1f38
2e2330361d
3030231618
3c21382538
1823232525
21161d070e
23180c0318
23271f091f
0c1614161d
0903fd0114
0103100e16
01fd12fa01
faff01fdfd
05ff0101fa
f6fcf8fe08
f6fcf6f2ec
eef4f2e7f2
f2f0f2f2f2
f4faf6f8f2
f0060a08f6
eefaf2f0f0
02eeeceaec
fe020a1000
0a08080402
0606081204
160e040400
180c0a210e
0a29102508
141f1a180c
161c121f12
4b21321825
21321f2932
2127274123
21100c1d2b
3f2b29292b
091012141d
0909070507
3225090909
2314412327
0e121f1612
05ff071614
0516160905
0701030509
0e1f1d0e01
0705050e0c
0909070703
ecf400fa02
f8faf8eee7
eeeef2f2f6
f2eeeeeeee
ecf4f6eef2
f0faeee7f0
eaecececec
f6eeeaecea
eefaf0f8f0
f6f6f4eeee
0000f8fc08
020e0a0602
1814161221
120e23210a
140e1a080e
1018141a1a
3c30272b23
2b251f1816
290c252b38
1f253f3049
162323381a
0c14232e21
090909090c
070909090c
0e09141f07
0109211005
0505030101
0105050c07
09090c0c0c
1d1a210309
0509090909
0507070507
ececeefc04
f4f4f2eeea
f2f8f4f6f2
f2f6f2f4f0
fefaf8f8f6
f4fcf4f2fc
f2f4f4f4f6
f0f2f4f0f2
f6f2f4f2f2
f6f6f4ecf6
f2f604faf4
f6faf4f800
f6faf4f402
180c1f02fa
0823081218
290c08160c
1f414b3c23
211d0e0c0c
1d2925122e
1f290c1210
1f253a1f23
05101a1a14
0505070909
0505050505
2516361005
ff10251f2b
1614031801
01fa18fdff
ffff030314
0c1f301218
0705050e05
050705050c
eefafcfc08
f8f6f4ecea
f6f4f2f6f6
f8f2faf8fa
f6f6f8f8f8
f4f2f2f2f4
f4f2f4f4f2
f2f6f2f2f4
f8f8f8f4f2
f6f6f6f6f8
f0f4f8f8f6
f8f2f2f2f4
f8f800f8f0
18161808f8
0400120200
1a080afa0a
21362e320e
2e300e0c09
1d1d212541
1418252e3f
1a16182127
070705101a
0703030503
0303030303
0103010703
010905fd09
1a070510ff
ff1807fdff
290c03fd18
f83f230125
1d03fdf818
0503fffdfa
eef4f2fa02
f6f4eeecea
eef0f2f2f4
eeeef0eeee
f6f8f4ecf0
f2f0f4f4f6
f2f2eef2f2
f6f6eef4f2
f4f4f6f4f6
f0f4f6f6f2
faf8f6faf6
f6f6f8fefa
00faf0f0f6
1f0c020802
0004f000fc
10060e0c0a
3a1d431627
1825250909
1f231d2525
180c0e1425
0909141616
0507070709
0507070505
21161d2b1d
01010c1a0c
0c1f1a051d
ff1dfd0107
1d293623fd
1a16101a0c
2349450712
0114071016
fff4f4f6f6
ecf0f0f604
eaeeeeece5
f2e5eaeeee
f4eef2f2f2
f4f6f4f8f6
f2f2f4f4f4
f0f4f2f0f0
f4f2f2f2f2
f2f6f4f4f6
f6f6f6f2f6
faeef0f4f8
04f6f8fef6
0e0202f8fa
14180afefa
0200f8f6f8
1f0a02fc02
25413f0c10
2925160e0c
253f1f291a
0c0925251a
0709090c07
0505050709
0505050707
120e0e0305
1632341d14
ff011a181a
1f101a1a21
21050e0909
0918fd302b
102518032b
010303fd18
16fdfaf814
eef0f4f8f8
f2eeeef0ec
f2f2eef2f0
f4eef6f4f2
f4f2f4f8f6
f2f2f2f4f4
f0f4f2f2f4
f6f4f4f6f2
f6f4f6f4f4
faf6f6f4f4
f6f8f4f8f6
fe06f800fe
fc0cf8fc00
230a02fe14
04fefaf604
3f160e0408
1030213821
1f250c0c09
291a492129
0e0c141f18
0905050c0c
0505050307
0303030305
051a010303
0303010101
1a101a1f01
120e121210
fa18030101
210727fa12
072b252307
fa050c0c10
211f1401fa
eceef4f8fc
f0eeeeecea
f0f0f0eeea
f4f2f4f0ee
f6f6f6f8f6
f8fcfefafc
f0fcfaf8f4
f6f6f4f2f4
f8f8f2f4f6
06f4f600f4
fafa0802fa
fa08f4f8fa
060c0416fa
142d1a1206
080e0e1f14
0c29370a10
2921252723
2910140c14
1a271f1a43
090505070c
070c050c07
0103031d09
1803030303
182712121f
273c1a1432
1a1dff21ff
1a231a0114
1ffa121a07
07ff1d091f
121f43271d
2e360c100c
ff27412129
0c10040400
eef8fc0404
f8f0f0f2f2
f8f2faf4fc
f8f4f2f4f2
f6f4f4f4fc
f8f4f6f6f2
f6f4f6f6fa
f8f6f6f4f4
fef6f8fe08
04f6fe00f8
1404060afe
0e0c140c14
1818161010
18080a0c0e
16101a212d
0c21121834
291a250e09
091429271a
1f1a031d0c
090507030e
1221211205
2716341d18
013a1d142b
03051a1a1a
211aff0e2b
ff1a1a1212
05ffff05fd
3c21291ff4
1f1a0e2127
122332251d
0e1f21211d
0e0e0a0a0e
0a0a0e0610
0a10080a0e
0e080c0e0c
0e0e0e0c0e
0a0c0c0412
f6eef4000e
fcf8f6f6f6
faf6f600fa
fc02f4f2fa
fcfaf8fafe
10080a0a10
0a0c1f1408
0a12160a0a
1612160e0a
121c141010
4732303229
211f25321f
2118252518
1a1d293236
100e0e0c0e
121f1f3a1f
0112050914
fd12101a03
1a180103ff
1f21141218
fa03161a23
1d0c1a09f8
0c38321d34
0303050303
0303030303
0c03030303
0c0c0c0c0e
0c0c0c0c0c
0c0a0c0c0c
0a0a0a0a0c
080c0c0a0a
08040a0606
eefe0e21fa
f4f4f4eeec
10eef00202
06faf6fef4
161f14fc0a
0a14160e0e
16140c100e
080a18100c
16161a1610
0c16161012
1f180e0e10
271a1a1f25
1f2b2b2b29
1d180e0e10
2e47292723
2e1f211d38
1629031d30
120c162107
290c230314
051d121a16
03ff140e12
3a433c2ef6
0716291a1f
0303030305
0505050303
0103030303
0c0c0c0c0e
0c0c0c0c0c
0a0c0c0c0c
0a0a0c0a0a
0a080c0a0a
fc0a021a08
0416f6fcf8
ecf0fc0004
120806faf6
120e101c16
230e10180c
270e101014
101a0c161c
0a12160806
120812100a
1010161412
0e0e0e0e0e
1012121012
1010101012
270c0e0e0e
1d1a301221
1201ff1a0e
2930210514
2103030c14
fa03120714
3c210e0907
231a432e34
120e1f2b0c
07141a141d
0305050303
0303030303
0303030303
0c0c0c0c0e
0c0c0c0a0c
0c080c0c0a
0c0c0c080e
12080a0e0c
f0fa080812
16251cfafa
040a0a1410
0c1808120a
0e02000806
0c25141210
1f180a0a0c
0e060c0a12
0a12162314
1a100a120a
0a0a0e1f10
0e100e0e0e
1010100e0e
1f270e100e
1d1a1f2736
091f292332
030301ff01
27164b5a03
fa01251f1d
493621320e
2529364341
1f1412ff21
0c050c1014
0e1a290e1d
0303050705
0303030303
0303030503
0c0c0c0c0e
0c0a0c0c0c
0a0a0c0c0c
0a06040c00
02120c0e0e
faf606000a
080818100e
12060e081a
161c180406
181a040a16
0c0c101012
0e160c0c18
0e10140a08
1216181625
080a160e16
1f0a121012
0e0e100e10
1010101010
14230e100e
1a1a14091d
ff2e12210c
252e210510
0c29ff3a16
1d2b1a320e
161d093a58
2912160c01
14182e123c
27120e2116
050514182b
0305050309
0303050305
0503050303
0c0c0c0c0e
0c0e0c0e0c
06060e0c0c
0c1008080a
0e0e0a0c0a
1206120c0c
16080c160e
121c1a140c
121831141a
1814121014
10120c0c0c
1018120a14
101010100a
1212252112
1016081a1c
1012100a14
10100e100c
1010100e10
2509321010
10101a341a
1410270c0e
4b232b3a25
0e09212556
161f101214
0927070c1d
303f07140e
18251a1f34
10291d1610
050505050e
0305050507
0305030505
0303030307
0c0e040e0e
0e0c0e0e0a
080a0c0a0c
0a100e0e14
0a0c0c080c
10060c0e0a
121f04120a
160e080821
140c041414
0c160e140a
0e0c0c0a0c
1f160e100e
0816120818
120a1c1610
0a0816140e
0a16100c16
25142b250e
0e0e0e1d21
16160e0c0e
271d251d12
2b1a342727
1f1f23141a
1416160e2e
29ff10271f
1f25291f07
2332182934
2318120c32
0e1d452712
0303030305
0503050703
0301030503
0303030303
0a0c0e0a0c
0a0a0a0c0e
100c0a0c0a
0e0e0e0e14
0a0a0a0c0e
0c0a0a0a0c
14180a0c0a
121c0e080a
1210140e0c
0e101c1a0a
0e10100e0c
210e0e100a
080816080a
0a0a0a1208
100c14080a
16121c1416
2b09233018
0e0e0c1d14
0e0e0e0e0c
091229100e
230e1f3418
050e1f2e18
0910121225
1825101021
030c29101f
0e1f07101d
2e3a14231a
0910250c21
0503050305
0303050503
0303050103
0303050503
0e0c0c0a0a
0a0a0a0c0e
0c0a0a0a0a
060a0c0c0c
0a0a0e0c18
0a0a0a0a0c
14100a0c16
1218140c0c
0a0a1c0a0c
0c0c120c12
0c100e0e0c
1a08161608
1412121212
1208081a0a
1612181212
140e251610
1a251f2e2b
0e0e0c0c09
100e0e0e0e
2325142527
30291d271d
0e070e1f18
120505050e
3a23102110
050e1f1829
1f1612051a
1d273f1a16
1d0338160c
050305050e
0505050501
0305050503
0303070503
0c0a0a080e
140c0e0c0c
0a080c0e0c
10080a0c0e
100a0c101f
120a10140c
0a0a0a0a1a
141216120c
140a121214
0c16160a08
0c14100e18
0c1a0a120e
1610121210
1808061c0a
141c181821
251412161c
121f102e2e
270e102727
0c230e2138
12141a1a2e
0e0e292325
07050e1f10
0505050507
0e32070e05
2309090712
1025070c10
2538290c09
211a1f0c25
0303050514
0503010503
0305050507
0503030305
0c0c0a0a0e
12160a160e
060e0c0e08
0c1612140c
14120a0e08
120c162708
1410140a16
161c160a16
100e0a0a0a
0812061812
0c0602fe06
0c1c0c0214
16080c1c08
180c1a0e1c
18121a1c23
1621081610
1407050c18
251f1f3029
2314342314
1a10100e1d
07052e181d
0505050c0c
0507070505
1a18070309
14160e090c
0518090507
1003161610
0c29120501
0505101407
0e21141414
0503070509
0305030505
140a0c140c
0e0e0a1212
0e0e0e0c0e
100c14160c
0a0a0a0e12
0e14101218
0a0e0e0a14
0c14100c0c
0e120a0a0a
0e0a0a0a14
0c0806100c
0c100e0c0a
08160e0810
101c0a060e
0a0e0e060e
1c1f0c121c
05031d0505
0c090e100e
0927122123
211f270c23
0707250e25
231d211821
050507050c
12120e0303
1210271010
2e30161010
0c2b211625
0e0c101410
101618070c
0c1605121a
181414fa03
03050c1807
14120c140e
0c0a0a160a
0c08120a0c
12140a0e0e
0e0e100e14
0e0c0c0c0e
0c0a0a0c0e
0e0e0a0e0e
0e0e080a0c
04120e0e0a
0c100e0e0e
0c080e0a0a
0c0e08080a
0e080c080c
100e06100a
0e1c161416
050c181021
211603071d
343218181d
052118212b
0e10141d29
2923090707
1010100e10
10122b1414
1014232b12
2e1d213029
1832291429
1021121012
0e10120e10
160c121425
142e18291a
181d1d1a16
0a0a0e0612
0a0c0c1414
0c0e0a0c0e
0812120e0e
0a100e0c14
0e0c101008
100e0e0c0e
0a0a080e0a
0e0a080a0e
0c25061608
040a0c0c08
0a0e0c0e0c
00060c0c08
0a0c120a0c
10020c0806
0e0a0c0e04
0c0e211414
100c210529
32321a1807
3010183014
100e232312
361a27122b
1427141010
4b21141f2b
1f1f0e2e2b
1f10212e10
2929102905
0c1418143a
1823121230
27291a213a
36140e0e0e
141d230727
0c0e08101f
0e0c0c0c0c
0c16180e0a
160e0c0e0e
0c100c0c0a
0c080e1410
0c0a0e100c
0a0c101608
0c0e0e0a16
0a0a181214
0e0c120a14
0c120e0c0c
08120e0e0c
061c0a120c
12100a0e0a
0c0c0e0e0e
210736121f
2b1d1d341a
2929121f34
38141a0914
2b1f141018
1623232b1d
2734343427
1d25232112
211d161616
10101a181d
092e072314
292e3a2730
1609143a12
2116140e25
3a29381241
14293a160c
0a0e0e0c0c
0a120c0c14
0c16141016
100c080e0a
0a0e0c0e0a
0c0c0c0a1a
0e0e0e0a0c
100e0c1414
1414121218
100a0c0a0a
0a0c120c12
0e0c0c120e
0a100c0c0c
120c0c0a08
080a0a100a
120c0a0c0a
1d18161f14
0e1a101d12
1012070e0e
1821161f12
2b1d101f38
250e1a2114
2330102529
2e181d1d1a
1a16141a23
0e071f2e14
1f0912141f
1f10320e32
1d100e1f36
2e0c163018
1a071a2112
251410271d
0c0a0c0e16
1c141a1c16
0a0c14140e
181614120c
10100e0e16
0e0c0c0a0e
140a060c0a
160a10140c
08180a0a10
18160c0c18
0e0c0a1210
0a0c0c1414
100e0e0c10
0c0c0c0c10
1a0e100e16
080e0a100e
0705071f07
050e0c0e10
070705071d
0707071d12
1f1d290e25
1f2b052329
1d21273225
1d0e0c1d14
0505091f25
071a090e0c
07271f1f25
1d0c07211f
472e292327
1423233f2b
3c161d2b25
212e21291d
140e0a0a1a
230a140c1f
0a14141610
0e12141012
0c0e181612
0e0c0e100e
0c100c0c08
120c0e1812
12100a0c0a
1c1218140e
0c0a0c180a
0c0c0e0c0c
0e140a1410
180c16140c
161c140a0c
0e1012160c
0305050c0c
0c07050507
030707050c
1f07070c0e
1a23301612
1812291621
2509071827
231f3f2910
1a050e122e
161d0c1a21
1f1014181a
1f2b101634
3027322932
1005050c18
180e0e161d
1f182b0e0e
14290a0a14
120c121412
120a0a1216
1214141a08
140e121621
080c120c16
0e140a0a0e
140c0a080c
120c120c0c
0c0a0a0c10
080c101014
0c0c0c0a0a
100a100a12
1f230e1414
142112160c
1410140c18
0505030507
0305050505
0707050505
100e21051f
0707291f09
181f161007
1621161f23
381414160c
1f14160e25
2714341414
0e10100e1a
1a1f1f0c0e
0e1816251a
050505070c
0709050705
0c10231f0c
12121f1c12
1a140a1a18
10140a0a0a
1214161012
0c14100a12
1414181a1c
0a14120c0c
0e12120c0a
14140e0a12
100c141216
0e0a1a0c14
100c14120a
0a0a140a16
1c0812140a
0a1f0a0a1a
181a141212
0905050505
0703030305
0e03030305
050c0e070e
030e120e05
0705050505
0c1d070e12
100e10253a
0c1d121603
23070c0c09
090e210710
070c1d0507
0507070c0e
0503030503
0507030305
0705050305
181a1f1618
0a0a0a140c
121a140a0a
0a12121f0c
121216080a
1c0a141210
0e0a14140a
16140c180c
1214160c12
0c14140c1f
0a0e0e181c
1208121010
0a0a180a0a
0a18101212
1414121416
1614210a0a
1805050307
030303030c
0305050303
031a210503
030c1f0303
0503050503
1010050703
250c1a0912
051a0c1f12
0e18050909
0510161007
050e090509
0303050705
0505030505
0503050305
0505050303
100e0e0e09
1513101010
1515151515
1313131313
1013131313
1313131313
1313131313
1313131313
1013101010
1310101010
1013101013
1310101010
100e101013
0e100e1010
1010100e10
06060b1313
0604040909
0606060606
0404060606
0406040404
0606060906
0404060604
0406040404
0404040404
0101010104
0100000101
0000000001
0000000000
0000000000
0000000000
0000000000
0000000000
0e0b090909
100e0e0e0e
1313131513
1010101010
1310131310
1013101010
1013101010
1010101010
1010100e10
101010100e
01010e0e13
1313100b09
1313131313
1313131313
1313131313
1010131310
0e0e0e1010
0b0b0b0b0e
0406090b0b
0404040404
0106040101
0404040404
0404040604
0104040604
0101010404
0104010101
0000010100
0000000000
0000000000
0000000000
0000000000
0000000000
10100e0e0b
1310101010
1313151313
0e0b0b0e10
1313131310
1313131313
1313131313
1313131313
1010101310
1010101010
0b0b0b1013
1010100e10
100e0e0e0e
1010101010
1310101010
1313131013
1313131310
1010101010
0e10101010
0e0e0e0e0e
09090e100e
0404040409
0404040404
0604040404
0404040104
0104010404
0101010000
0000000000
0000000000
0000000000
0000000000
0000000000
101010100e
1513101010
1515151815
1010131013
131310100e
1313131313
1313131313
1313131313
1010101313
1310101010
1013131313
1313131510
1313131313
1313131313
1313131313
1313131313
1013101313
1313101013
1313131313
1010101010
1313101010
1313101313
06090e1010
0106090904
0000010101
0101000000
0100010404
0000000000
0000010000
0000000000
0000000000
0000000000
0e0e0e0e0b
151310100e
1515151515
1010101013
10100e1010
1010100e0e
1313131313
1010101013
101010100e
1310101010
1010131315
10100e0e0e
1010131013
1013101010
1310101010
1313131313
1310101313
1013101310
1013131313
1010101010
1013101010
1313131310
1313151513
1013131313
0e10131010
0b0b0e0e0e
0104060909
0000000400
0101000000
0000000101
0000000000
0000000000
101010100e
1513131310
1515151815
1010131313
10100e1010
1313101013
1010101313
0e0e0e0e10
1010101010
0b0b0e1010
0e0e0e0e0b
0e0e0e0e0e
0b0e0e0e0e
0e0e0e0e0e
0e0e0e0e0e
10100e0e0e
1310101010
1010101010
1010101010
1010101013
1013131313
1313131310
1313151313
1313131313
1513131313
1313131313
0e0b131013
0e0e000000
090609090e
0000010409
0000000000
0000000000
1010100e0b
1513101010
1515151515
1010101313
0e0e0e100e
0e100e100e
0e0e0b0b0e
100e0b0e0e
0e0e10100e
101010100e
0e100e1010
0b0e0e0e0e
0e0e0e0e0e
0b0b0e0e0e
100e100e0e
0e0b0e0e10
1010101010
1010101010
1010101010
1010101010
1313131310
1313131313
1313131313
1313131313
1313131313
1315151315
1310101310
1010061306
10100e1010
1010101310
0404090e0e
0000000000
0e0e0e0e0b
151310100e
1515151515
1010101313
10100e1010
1010101010
1010101010
100e0e0b0b
0e0e0e0b0e
0e0e10100e
0e10100e10
0e0e0e0e0e
0e0e0e0e0e
0e100e0e0e
0b0e0e0e0e
0e0e0e0e0e
100e0e0e0e
1010101010
1010101010
1010101010
1013131310
1313101310
1313131013
1313101313
1313131313
1015131313
1313131315
1310061301
1010101313
1313130e0e
0e10101010
0604090b0b
0e0e0e0e0b
1313131010
1515151515
1010101013
1010101010
1013131010
1010101010
100e0e1010
0e0e101010
0b0b0e0e0e
0e0e0e0b0b
0e1013100e
100e0e0e0e
101010100e
0e0e0e1010
0e0e0b0e0e
0e0e0e0e0e
1010100e0e
1010101010
0e100e1010
1010101010
1313101010
1313131313
1313131313
1313131313
1513151313
1010101310
1310010401
0e13101013
100e0e0e0e
0e0e0e0e10
060b0e0b10
131013100e
1515131313
1515151515
1010131313
100e100e10
1313101010
1013101313
1010131013
0e1010100e
0e0e0e0e0e
0e0e0e0e0e
0e0e0e100e
10100e100e
1010101010
1010101010
0e10101010
090b0e0e0e
0e0e0e0e0b
101010100e
0e10101010
0e0e0e0e0e
100e0e100e
131310100e
1313131313
1513131313
1015131513
100e101015
130e000900
1010101010
090b0e1010
0b0b0e0b0b
090b0b0b0b
1313100e0e
1513131310
1515151515
0e0e101313
131013100e
1013101013
1313131313
1313151313
1010101313
0e0e0e0e0e
0e0e0e0e0e
0e0e0e0e0e
10100e100e
1010101310
1010101010
1310101010
1010101010
0e10101010
100e0e0e0e
10100e1010
1010131310
0e0b0b0e0b
0b0b0b0b0b
0e0e0e0e0b
151313100e
1510151313
1313131513
1313041304
1313131313
1010101310
0909090b0e
06090b0b0b
10100e0e0e
1513131010
1515151515
1513151513
1513131313
1313131515
1010101313
1013131010
0e100e100e
0e0b100e0e
0e0e0b0b0b
100e0e0e0e
1010100e10
1010100e10
1010101010
1013131010
1310131513
1010101010
1010131010
1010101010
1313131010
1010131310
10100e1010
1310101010
1010101010
1313101310
1315131313
1313060e01
1313131313
1010131313
0b0b0e1010
0b0b0b0b0b
1010100e0e
1515131313
1515151515
1313131515
1013131313
1010101010
0e10101010
0e1013100e
0b0e0b0b0e
0e0e0e0e0b
0e0b0e0e0e
0e0e100e0e
10100e0e0e
1010101010
1010101010
1010101010
1010101010
1010131010
1010131010
1010101010
1310131010
1313131313
1013131313
1313131313
1513131313
0e0e101013
1010100e10
1310010400
1310101013
1010131313
10100e0e10
040b0b0e0e
0e100e0e0b
1313131313
1315151515
100e0e1313
1310101010
1313131313
1313131313
1013131313
0e0e0e0e0e
0b0e0e0e0e
0e0e0e0b0b
100e0e0e0e
0e0e0e0e0e
1010100e10
1010101010
10100e0e10
1310101010
1010131513
1013101010
0e0e10100e
131310100e
1515131313
1313101313
0e0e0e1313
130e0e1010
0e1010100e
10100e0e0e
1310000b04
1310101010
1010101010
00060b0e0e
0000000000
0e0e0e0e0b
1513131010
1515151515
1010101315
1013131010
1010101313
1010101013
1310101310
0e0e101010
0e0e101010
0e100e0e10
0e0e0e100e
1010100e10
0e100e100e
100e0e0e0e
0e0e10100e
0e0e0e100e
10100e1010
1010101013
130e101010
0e10101010
1013100e10
1310101010
1010131013
100e100e13
0e0e0b0e0e
0401000b0e
0e09000101
0e0e0e0e0e
0004090e10
0604000000
0e0e100e0e
10100e0e0e
1513131010
1515151513
1013131313
1310131310
1010101010
0e0e101010
0e0e0e0e0e
0e0e0b0b0b
0b0b0b0b0e
0b0b0b0b0b
0e0b0b0b0b
1010100e0e
1313101010
1010101013
0e0e101310
1010100e10
0b0e0e0e0e
10100e0b0b
10100e1310
100e101010
101010100e
0e100e0e10
0e0e0e0e0e
10100e1310
0e0e101010
0100000006
0000000000
0000000000
0000000000
0e0e0e0e0e
0b0b0b0b0e
1313131013
1313131313
1515151515
1313131315
1313101010
1010131010
0e0e0e1010
0e0e0e0e10
0b0e0e0e0e
0b0b0b0b0b
090b0b0b0b
0b0b090909
0b0b090b0b
0b090e0b0b
0e0e0e0e0e
100e10100e
10100e0e0e
10100e1010
1010131010
100e0e100e
0b100b0b0e
0e0e0e0e0e
0e0e100e0e
130b100e10
1310100e13
00040b0b0e
0000000000
0000000000
0000000000
0000000000
0101060100
0b0b090100
15130b1013
0901040109
13100e0e0e
1313131313
1313101013
0e10131313
0e0e100e10
0e100e0e0b
0e0e0b0e0e
0e0e0e0e0e
090e0e0b0b
090b0e0e0e
0e0e0e0b0b
0e0e0b0b0e
10100e0e0e
0e0e0e0e10
1013101010
1010101010
0e10101010
10100e0e10
0e10101010
0b0b0b0e0b
0b0b0b0b0b
0b0b0b0b0b
00010b0e0b
0000000000
0000000000
0000000000
0000000000
0000000000
0000000000
0000000000
0000000001
0000000000
0101000000
0e0b090901
1013101010
06090e0e0e
0101000604
100e090401
1010100e0e
0e0e100b0e
0b0b0e0b0b
0e0e100e0e
0b0e0b0e0e
0b0e0e0e0e
0b0e100e0b
100e0e1010
1010100e0e
0e0e0e1010
0e0e101010
10100e100e
10100b0b0e
0b0b0e1010
090b0e0e0e
0b0b0e0b09
0000000006
0000000000
0000000000
0000000000
0000000000
0000000000
0000000000
0000000000
0000000000
0000000000
0000000000
0100000001
0000010101
0000000000
0000000000
0000000001
0604010100
0001010101
0000000000
0106060100
13100e0600
1010101010
1010101010
090b0e0e0e
0e100e0b0b
0e0b0b0b0b
100e0b0e10
100e0e1313
100b0b1013
0e10101010
101013100e
0001090b0e
0000000000
0000000000
0000000000
0000000000
0000000000
0000000000
0000000000
0000000000
0000000000
0000000000
0000000000
0000000000
0001010000
0000000000
0000000000
0000000000
0000000000
0000000000
0000000000
0000000000
100b040400
1310151313
1010101010
10100e1010
1013131310
0e0e0b0b0e
100b0e1010
0e0b0e1013
0e0e10100e
1013100e10
060b061010
0000000104
0000000000
0000000000
0000000000
0000000000
0000000000
0000000000
0000000000
0000000000
0000000000
0000000000
0000000000
0000000000
0101000000
0000000000
0000000000
0000000000
0000000000
0000000000
0000000000
0401010000
0013150606
1318181506
1013131313
1010101010
10100e0e10
10130e1010
1313101010
1313131313
0410101010
040406060b
0001060404
0000000000
0000000000
0000000000
0000000000
0000000000
0000000000
0000000000
0000000000
0000000000
0000000000
0000000000
0000000000
0000000000
0000000000
0000000000
0000000000
0000000000
0000010000
0000000001
0000000000
1315150e01
0e15151515
18150e0101
1515131315
1013131515
1313100e10
1315151313
1013131313
090e101313
0100000104
0001040000
0000000100
0000000000
0000000000
0000040400
0000000000
0000000000
0000000000
0000000000
0000000000
0000000000
0000000000
0000000000
0000000000
0000000000
0000000000
0000000000
0000000000
0000000000
0401000000
0e00000104
0e0e13100e
1313151313
1315151313
1501000909
1315131515
1315131313
1310101015
0e10151313
0000000106
0000000000
0006060100
0000000000
0000000000
0000000000
0404010100
0000000404
0000000000
0000000000
0000000000
0000000000
0000000000
0000000000
0000000000
0000000000
0000000000
0000000000
0000000000
0000000000
0000000000
0000000000
0101000000
1310000101
1010131518
1513131310
000b151315
0104010000
0601010104
1515131313
0e10151315
0000010104
0000000000
040b090400
0110150100
0000000000
0000000000
0404040000
0001010106
0000000000
0000000000
0000000000
0000000000
0000000000
0000000000
0000000000
0000000000
0000000000
0000000000
0000010000
0000000000
0100000000
0101000100
0404040404
0000000000
1a0e000401
1013151815
1313131315
0004151515
0600000000
0101010101
1510100100
000100040e
0001040606
0404060100
0613131310
0110100100
0000000104
0000000000
0001000000
0000010404
0000000000
0000000000
0000000000
0000000000
0000000000
0000000000
0000000000
0000000000
0000000000
0100000000
0000000000
0000000000
0404000000
0401010101
0404040404
0000000001
1a00010100
1515151518
1313131315
0004041515
0000000101
0000010100
0000000000
0100000000
0b04060104
04060e1313
010913130e
0006060000
0000000000
0000000000
0000000000
0000000100
0000000000
0000000000
0000000000
0000000000
0000000000
0000000000
0000000000
0000000000
0000000000
0101000000
0000000000
0000000000
0101000000
0104040604
0004040404
0000010000
0601010000
1015131518
1315131315
0101000009
0000000401
0000040100
0000000000
0b00000000
0e04010910
0406131313
0613131313
0000000000
0000000000
0000000000
0100010100
0000000000
0000000000
0000000000
0000000000
0000000000
0000000000
0000000000
0000000000
0000000000
0000000000
0000000000
0000000000
0000000000
0104060000
0404040100
0000040601
0000000000
0101000000
0101101006
0013180901
0101000000
0401000001
0000000104
0001000000
0b00000000
0900010b13
04060e1313
0915151510
0000000000
0101000000
0001010000
0000000000
0000000000
0000000000
0000000000
0000000000
0000000000
0000000000
0000000000
0000000000
0100000000
0000000000
0000000000
0000000000
0000000000
0404040000
0409060604
0000010106
0100000000
0100000000
0000000000
0000000000
0604000000
0001010401
0000000000
0006000000
0000000000
0000000000
0000000000
0000010000
0000000000
0100000000
0404010101
0000000004
0000000000
0000000000
0000000000
0000000000
0000000000
0000000000
0000000000
0000000000
0000000000
0000000000
0000000000
0000000000
0000000000
0106010100
0004040101
0000000000
0000000000
0000000000
0000000000
0000000000
0904000000
0000000000
0000000000
130e000000
000000040e
0000000000
0000000000
0000000000
0000000000
0000010400
0104040404
0000000000
0000000000
0000000000
0000000000
0000000000
0000000000
0000000000
0000000000
0000000000
0000000000
0000000000
0000010000
0000010000
0100000000
0104000001
0001010604
0000000001
0000000001
0000000000
0000000000
0000000000
0400000000
0000040106
0000000001
0409090000
0000040406
0000000000
0000000000
0000000000
0600000000
0001000106
0000000000
0000000000
0000000000
0000000000
0000000000
0000000000
0000000000
0000000000
0000000000
0000000000
0000000000
0000010000
0000000000
0000000000
0000000000
0000000000
0001000000
0000000000
0000000000
0000000000
0000000000
0000000000
0000000000
0100000000
0000000000
0100060600
0001010001
0000000000
0000000000
0000000000
0401000000
0000010101
0000000000
0000000000
0000000000
0000000000
0000000000
0000000000
0000000000
0000000000
0000000000
0000000000
0000000000
0000000000
0000000000
0000000000
0000000000
0000000000
0000000000
0000000000
0000000000
0000000000
0000000000
0000000000
0000000000
0000000000
0000000000
0000000100
0101000000
0000000000
0000000000
0000000000
0000000000
0000000101
0000000000
0000000000
0000000000
0000000000
0000000000
0000000000
0000000000
0000000000
0000000000
0000000000
0000000404
0000000000
0000000000
0000000000
0000000000
0000000000
0000000000
0000000000
0000000000
0000000000
0000000000
0000000000
0000000000
0000000000
0000000000
0000010100
0000000000
0000000000
0000000000
0000000000
0000000000
0000000104
0001000000
0000000000
0000000000
0000000000
0000000000
0000000000
0000000000
0000000000
0000000000
0000000000
0000000004
0000000000
0000000000
0000000000
0000000000
0000000000
0000000000
0000000000
0000060904
0000000000
0000000000
0000000000
0000000000
0000000000
0000000000
0000040100
0000000000
0000000000
0000000000
0000000000
0000000000
0404010100
0004010104
0000000000
0000000000
0000000000
0000000000
0000000000
0000000000
0000000000
0000000000
0000000000
0000000000
0000000000
0000000000
0000000000
0000000000
0000000000
0000000000
0000000000
0001000106
0000000000
0000000000
0000000000
0000000000
0000000000
0000000000
0000000000
0000000000
0000000000
0000000000
0000000000
0000000000
0001010001
0000010000
0000010000
0000000000
0000000000
0000000000
0000000000
0000000000
0000000000
0000000000
0000000000
0000000000
0000000000
0000000000
0000000000
0000000000
0000000000
0000000000
0000000000
0000000000
0000000000
0000000000
0000000000
0000000000
0000000000
0000000000
0401010000
0001000000
0000000000
0000000000
0000000000
0000000000
0000000000
0606040100
0100010100
0000000000
0000000000
0000000000
0000000000
0000000000
0000000000
0000000000
0000000000
0000000000
0000000000
0000000000
0000000000
0000000000
0000000000
0000000000
0000000000
0001000000
0000000000
0000000000
0000000000
0000000000
0000000000
0000000000
0401000000
0104000001
0001010100
0101000000
0604060909
0609060606
0100040101
0106060101
0000010100
0000000000
0000000000
0000000000
0000000000
0000000000
0000000000
0000000000
0000000000
0000000000
0000000000
0000000000
0000000000
0000000000
0000000000
0000000000
0100000000
0000000004
0000000000
0000000000
0000000000
0000000000
0000000000
0000000000
0601010000
0604040404
0604090406
0906060404
0904040606
0b090b0909
090404060b
090906090b
0904090906
0104090606
0404040401
0004060906
0000000000
0000000000
0000000000
0000000000
0000000000
0000000000
0000000000
0000000000
0000000000
0000000000
0000000000
0000000000
0000000000
0000000000
0000000000
0000000000
0000000000
0000000000
0000000000
0404000000
0604040404
0606040406
0106060606
0606040101
0606090606
090b0b0909
0906040909
0606090909
0406040406
0406060409
0604000104
0406060601
0909060906
0004040909
0000000000
0000000000
0000000000
0000000000
0000000000
0000000000
0000000000
0000000000
0000000000
0000000000
0000000000
0000000000
0000000000
0000000000
0000000000
0000000000
0404010100
0104040404
0401010401
0601010106
0101000004
0100010101
0001010106
0401000000
0604040406
0406060406
0606060404
0406060406
0906060104
0606090909
0404040101
0606090906
0004060909
0000000000
0000000000
0000000000
0000000000
0000000000
0000000000
0000000000
0000000000
0000000000
0000000000
0000000000
0000000000
0000000000
0000000000
0401000000
0101040404
0104040404
0101000101
0000000004
0000000000
0000000000
0000000001
0100000000
0606040401
0406040406
0404040401
0606060604
0604040909
0409090606
0106040604
0404010104
0406060609
0000060604
0000000001
0000000000
0000000000
0000000000
0000000000
0000000000
0000000000
0000000000
0000000000
0000000000
0401010000
0000010401
0404010601
0404040101
0104040404
0000000101
0000000000
0000000000
0000000000
0000000000
0000000000
0000000000
0100000000
0100010401
0406060601
0406060604
0406040401
0604040604
0104040404
0406040404
0400010404
0400000000
0000060001
0000000000
0000000000
0000000000
0000000000
0000000000
0000000000
0000000000
0000000000
0000000000
0404010000
0404040406
0000000404
0400000000
0000010101
0000000000
0000000000
0000000000
0000000000
0000000000
0000000000
0000000100
0000000000
0000000000
0604060601
0404010104
0906060404
0101040106
0406040401
0909060606
00060b0404
0000000000
0000010000
0000000000
0000000000
0000000000
0000000000
0000000000
0000000000
0000000000
0000000000
0000000000
0101010000
0000000004
0000000100
0100000000
0000000001
0000000000
0000000000
0000000000
0000000000
0000000100
0000000000
0000000000
0000000000
0000000101
0400010100
0404010001
0606040404
090606010b
0401060906
0606040606
00060b0606
0000010101
0000000000
0000000000
0000000000
0000000000
0000000000
0000000000
0000000000
0000000000
0100010000
0000000000
0000000000
0000000000
0000000000
0000000000
0000000000
0000000000
0000000000
0000000000
0000010001
0001010100
0000000000
0000040000
0000000000
0000010000
0001010000
0000000000
0406060404
0101040406
0404040406
0404010000
0400000000
0104010100
0000000000
0000000000
0000000000
0000000000
0000000000
0000000000
0000000000
0000010000
0101000000
0000010001
0000010000
0000000000
0000000000
0000000000
0000000000
0000000000
0000000000
0000000000
0000000000
0000000000
0000000000
0000000000
0000000000
0000000000
0000000000
0000000000
0b06040600
04090e090b
0009090904
0004040000
0004010100
0000010001
0000000000
0000000000
0000000000
0000000000
0000000000
0000000000
0000000000
0000000000
0000000000
0101000400
0104040100
0000000000
0000000000
0000000000
0000000000
0000000000
0000000000
0000000100
0000000000
0000000000
0000000000
0000000000
0000000000
0000000000
0000000000
0000000000
0b09090604
04090b0909
040b0b0906
0000000000
0406040000
0004040406
0000000100
0000000000
0000000000
0000000000
0000000000
0000000000
0000000000
0000000000
0000000000
0000040001
0104010004
0000000101
0000000000
0000000000
0000000000
0000000000
0000000000
0000000000
0000000000
0000000000
0000000000
0000000000
0000000000
0000000001
0000000000
0104010000
0404090400
0000010404
0101010000
0406000001
0906090000
0101010406
0100000406
0000000000
0000000000
0000000000
0000000000
0000000000
0000000000
0000000000
0000000000
0000040000
0401000100
0004000101
0000000000
0000000000
0000000000
0000000000
0000000000
0000000000
0000000000
0000000000
0000000000
0000000000
0000000000
0000000000
0004040000
0404000101
0001010000
0000010000
0000000000
0100000000
0104000000
0101040101
0100000101
0000000000
0000000000
0000000000
0000000000
0000000000
0000000000
0000000000
0000000000
0000010001
0000000004
0401010101
0000000001
0000000000
0000000000
0000000000
0000000000
0000000000
0000000000
0000000000
0000000000
0000000000
0000000000
0000010000
0400000000
0100010404
0001010000
0000000000
0000000000
0000000000
0000000000
0401000000
0104040604
0000000000
0000000000
0000000000
0000000000
0000000000
0000000000
0000000000
0000000000
0000000000
0000000000
0000000000
0000000000
0000000000
0000000000
0000000000
0000000000
0000000000
0000000000
0000000000
0000000001
0000000001
0000000000
0000000000
0000000000
0000040101
0000000000
0000000000
0000000000
0000000000
0000000000
0000000000
0000000000
0000000000
0000000000
0000000000
0000000000
0000000000
0000000000
0000000000
0000000000
0000000000
0000000000
0000000000
0000000000
0000000000
0000000000
0000000000
0000000000
0000000000
0000000000
0000000000
0000000000
0000000000
0000000000
0000000000
0000000000
0000000000
0000000000
0000000000
0000000000
0000000000
0000000000
0000000000
0000000000
0000000000
0000000000
0000000000
0000000000
0000000000
0000000000
0000000000
0000000000
0000000000
0000000000
0000000000
0000000000
0000000000
0000000000
0000000000
0000000000
0000000000
0000000000
0000000000
0000000000
0000000000
0000000000
0000000000
0000000000
0000000000
0000000000
0000000000
0000000000
0000000000
0000000000
0000000000
0000000000
0000000000
0000000000
0000000000
0000000000
0000000000
0000000000
0000000000
0000000000
0000000000
0000000000
0000000000
0000000000
0000000000
0000000000
0000000000
0000000000
0000000000
0000000000
0000000000
0000000000
0000000000
0000000000
0000000000
0000000000
0000000000
0000000000
0000000000
0000000000
0000000000
0000000000
0000000000
0000000000
0000000000
0000000000
0000000000
0000000000
0000000000
0000000000
0000000000
0000000000
0000000000
0000000000
0000000000
0000000000
0000000000
0000000000
0000000000
0000000000
0000000000
0000000000
0000000000
0000000000
0000000000
0000000000
0000000000
0000000000
0000000000
0000000000
0000000000
0000000000
0000000000
0000000000
0000000000
0000000000
0000000000
0000000000
0000000000
0000000000
0000000000
0000000000
0000000000
0000000000
0000000000
0000000000
0000000000
0000000000
0000000000
0000000000
0000000000
0000000000
0000000000
0000000000
0000000000
0000000000
0100000000
0000000000
0000000000
0000000000
0000000000
0000000000
0000000000
0000000000
0000000000
0000000000
0000000000
0000000000
0000000000
0000000000
0000000000
0000000000
0000000000
0000000000
0000000000
0000000000
0000000000
0000000000
0000000000
0000000000
0000000000
0000000000
0000000000
0000000000
0000000000
0000000000
0000000000
0000000100
0000000000
0000000000
0000000000
0000000000
0000000000
0000000000
0000000000
0000000000
0000000000
0000000000
0000000000
0000000000
0000000000
0000000000
0000000000
0000000000
0000000000
0000000000
0000010000
0000000000
0000000000
0000000000
0000000000
0000000000
0000000000
0000000000
0000000000
0000000000
0000000000
0000000000
0000000000
0000000000
0000000000
0000000001
0000000000
0000000000
0000000000
0000000000
0000000000
0000000000
0000000000
0000000000
0000000000
0000000000
1717171717
1717171717
181a171717
0411111315
1715170f0f
1717171717
151a151517
1517181315
1711151717
151717181c
1115171515
080c0c0c0f
110e0c0c08
1717171715
1717171717
1817171817
f3f3f3f3f3
f3f3f3f3f3
f6f7f6f3f3
fefefefaf6
f3f3f4f8fb
f3f3f3f3f3
f6fdfdf8f3
f3f3f7f7f6
fbf7f3f3f3
f3f3f3f3f8
f7f3f3f3f3
fefefbfbf8
f7fbfbfeff
f3f3f3f3f8
f3f3f3f3f3
f3f3f3f3f3
0f0f0e0e11
0f0f0f0f0f
1311110f0f
1813151115
181c181813
0f0f0f0f11
0f15110f15
1717171a13
0f13131117
1311110f11
11110c0f13
03080c0e0c
170f110cfb
1313131318
110f151713
0f0f0f1111
f0f0f0f0f2
f0f0f0f2f0
f2f2f0f0f0
f7f6f3f2f2
f3f7f4f3f6
f2f2f0f2f2
faf8fef8f4
f3f4f4f6fd
f2f2f2f2f2
f4f6f3f2f2
fbfafdf6fb
0201fef8fb
f6f8fefefe
f0f2f2f3f3
f2f2f2f2f2
f2f0f0f0f2
0f0f0f1111
0f0f11110f
0f0f0f0f0f
13130f1311
1111111113
180f150f11
1811171a13
1511131a15
1513151313
0e0f151515
060c080e0e
fdf2030306
1a17131108
1515151313
1315151517
11150f0f11
f0f0f0f0f2
f0f0f0f2f0
f2f0f0f0f0
f2f2f2f2f2
f2f2f2f2f2
f2f2f2f2f2
f3f3f3f4f3
f2f3f3f4f6
f4f2f3f2f2
fdf7f3f2f2
fefdfefdfe
0707030605
f2f4f80103
f2f2f2f2f2
f2f2f3f2f2
f2f2f2f2f2
1313131315
0f0f0f0f11
0e11110f0f
130a11110e
1113111311
0413131315
0e0e1a1315
081713170f
0e08030c11
0813130a06
03060e0e0e
0301f9fbff
150f170401
1518151517
1313151517
1115171515
f2f2f2f2f2
f0f0f0f2f2
f3f2f2f2f0
f4f6f3f2f3
f0f0f3f2f6
f4f6f3f2f2
faf7f4f7f8
fafbf7f4fa
f8020505fa
fef6f7fffb
0501fefafd
0706070b09
f7f6fdff06
f3f2f2f3f4
f2f2f3f3f3
f2f2f2f3f2
1115111313
13150a1513
010f0f1313
0a0a0a0604
0e08080603
0a030c150f
0a04ff0408
0a1303010a
fbfd030606
0c040604fb
03060c0e08
03030101fd
1713170f0a
1513131718
1311131517
0f0f111511
f2f2f3f2f4
f2f2f3f2f2
faf4f2f2f2
fefefdfefe
fafdfdfefe
fefbf7f7f8
fd020503fd
fdfdff0301
060706fefe
0505020306
01fe020302
fe02060603
f4f7f8fbfb
f3f3f3f2f3
f2f2f2f2f2
f2f0f2f0f2
1515131311
151315150e
1511131315
1513151318
0e0f0e0c15
080f0f1515
060608ff04
0c04060603
0415130e06
03010603ff
fdfbf90403
15080a0808
1518181815
1313171117
1111111313
1111111111
f4f4f4f4f7
f3f3f2f4f4
f4f3f3f2f2
faf7f4f4f4
fbfefbfbf8
fbfbf8f7fb
020302fffe
fefeff0102
03fefbfefe
0501ff0206
0606070505
fdfdfafe03
f3f3f6f8f8
f0f2f3f2f2
f0f0f2f2f0
f2f0f0f0f0
0c0a0c0e0e
130f0f0f0c
0f0f171315
0e0e110e0e
0f0c110f13
0e130f0f13
0e110f0e0e
0a080c010e
060a0e0e0a
0403ff0108
03ff060606
17110f0f0e
1515151715
1515131313
110f131511
1111111111
fbfbfdfefa
f7f7f7f8fb
fbf7f6f6f4
f7fffefefb
f8f7f8f8f8
f8f4f4f4f4
fbfefbf8fb
fefefefefe
01fef8fefe
01ff0503ff
fdfefefefe
f4f7f8fafe
f2f3f2f2f3
f2f4f6f2f3
f0f2f2f2f2
f2f0f0f2f0
06060a130e
0c030c0c08
0f0f0f0e0e
060e04080c
0f0f060e08
0f110f0f15
0a0c0c0e0e
0a130e0f0a
0c040c040a
01010a0a0a
0c0603fdfd
171511110e
1515151517
15181c0a15
1515151315
1111151513
fefefefefa
030503ffff
fbf7f7f8fb
010202fffb
f7fdfefb01
02fff8f8f7
fdf8fbf8fb
fbf8fbfbfb
0101fefefe
0705fffefe
fefe020509
f3f7f7fbfd
f2f2f2f2f3
f2f6f8f4f2
f2f2f2f2f2
f2f2f2f2f2
03080f110f
fb01030c0e
0e0a04ffff
0a0c15110e
0c080f0e13
0304060604
0c0c080c0e
0c0c0c0c08
0f0a0c0c0c
081717180e
110304040e
1718171717
0f0f151517
0f0f15170f
0f0f0f0f0f
0813151315
fefefef7fa
060602fefe
fefb050505
fdf8f7f8f8
fefe020502
0905fffefe
050503060a
0507070706
fbfefefb02
fefefaf7fa
fbfefffffd
f2f2f3f4f8
f2f2f2f2f2
f2f2f2f2f2
f2f2f2f2f2
f3f2f2f2f2
0306131311
01ff0a0c04
0101fd0101
06040c0a06
0c060808fd
f90606060a
f9fbf6f8f8
fdfffffdf9
fffdfbfd04
17130e08ff
1817151818
1713151718
0f0f0f0f17
0f0f0f0f0f
0f0f0f0f0f
15150f0f0f
01fdf7f4f7
05fefefe05
fe01050503
fffefefefe
fefe0101ff
09fffefefe
0b0a0b0b0b
070b0d050b
0509090502
fe0507090a
f6f7f4f3f3
f2f2f3f3f3
f2f2f2f2f2
f2f2f2f2f2
f2f2f2f2f2
f3f2f2f2f2
06170f1715
06080cfd06
fdfffdfb08
0104060803
04080c0e0e
11060e0f0e
ff0104060f
fbfbfdfff9
fdfbfff8f8
0ff9f6ffff
1517151717
1115151515
0f0f0f1718
0f0f0f0f0f
11180f0f0f
170f0f0f0f
fef7f6f7fa
fbf8020302
0603020301
0302ffff01
fe0203ffff
fefefbf8f8
0903020201
0909060506
0907060909
060a0a0a0a
f2f2f2f4f8
f4fbf6f2f2
f2f2f2f2f2
f2f2f2f2f2
f2f2f2f2f2
f3f2f2f2f2
0a0e0e0c13
060a030104
03f9f9ff03
fffb01ff04
fbfff9fff9
060cfd03ff
f8edfdff01
fbf8f9fdf8
fbf9f9fdff
0f03fffdfd
17110a0c17
0a010f1511
1111151517
131111110f
1118171813
11040f0f0f
fdfbf8f8fe
fffdfd0202
0209090706
0507030503
05050a0705
0502070607
0a0a070605
09090a0b0b
090a090a07
f7fd030505
f2f701fffd
0205fef3f3
f2f2f2f2f6
f2f2f2f2f2
f2f2f3f3f3
f3f3f2f2f2
040a0c0c0c
0101fb0301
fb0301ffff
f8f8fbfdfb
01fdfbf9f9
ff01040606
fdfffdf8ff
fbf8f8fbfb
fdfdfffbfb
060a0804ff
180e0a0101
1515010a0f
1311171718
180e151118
1711131717
0e0f0f0f0f
01fbf8f8fe
0606050503
0501050906
0b0a060505
0507090b0b
0503010202
0606060505
060a0b0b0a
0606050505
03fefe0305
f6f8ff0909
fefafefdfa
f2f2f2f3f4
f6f4f4f2f3
f2f2f3f3f3
f7f7f8f2f2
ff03fd0401
f8f9fbfbff
f4f4f9f8f6
03fbf9f6f4
06080c0403
f2ff04f804
ff03fff9ff
fffbfdfdff
01030401fd
0606060a0a
170a0e0806
1a1a1a1a17
1511171817
1318151115
1113171818
1c15111515
0203030906
0907070709
110e0b0b0a
0506090b0d
fdfdffff02
0a09070603
050509090a
0907050603
fffefe0507
01fefefbfd
f7fe020603
f3f2f4f6f8
f4f7f3f3f3
f6f8f7f6f7
f3f4f3f3f4
f6f6f7f2f3
f4f6f6f6ff
f6f4f6f9f8
f6f6f4f6f4
fbfbfbf8f8
0104030301
f4f0f8fbf9
f9f2f6f6f4
f8f8f8f9f9
f9f4f8f9fb
060606ffff
1817110f11
0e17111518
0c0f0f1717
04fd060a11
0a0f0e0a0c
ff060f0a15
090a0a0b09
0d0a0a0a0a
0d0d0b0b0b
060a0b0a0b
0b09070602
0e0b0b0a09
1114100e0d
0a0b0b0b0a
0a0a0b0a09
feff020305
f7fbfefafb
f8f6f4f8f6
fbfbfbf8f8
010101fefb
fefafdfe03
03050302fd
f4f2f4f4ff
f4f2f2f6f4
f8f4f0eff2
f4eff4f8f8
f6f4f6f6f6
f6f8f9f6f6
f6f6f6f4f6
f6f6f6f8f8
f8f4f4f8f6
0e0f0a03ff
0aff080c0e
04150a0afd
0e080f0806
0f080a0a11
fbfd0a150f
0c01f6f2ff
0b0b0a0a07
101010100b
0e1011110e
0e11110b0a
10100e1111
0a0a0a0b0d
0d0d0d0b0a
070b0b0d0b
0a10100a0a
fefb010106
fefe0305fe
0102fe02fe
fefefdfe01
fefe01fefd
0d0b0602fd
030609090a
f2f2f2f4fb
efedefedf2
eff0eff0ed
f6f6f9f6f0
f6f8f8f4f4
fbf8f6f6f6
fbfbfbfdf9
f8fbfbfbf8
f6f8f9fbf8
ff030103fd
040a040603
0606040104
080a010806
fd030a0404
01fff9fdef
0a01fb01fd
100b0a0a0a
1111111211
1111111112
12100b1010
0d0d0e1212
0a0a0a0a0b
0a090b0b0a
0b070a090a
0a0b0e0b0b
0206050507
0502ff02fe
0606060607
030302ff05
0b0b070303
090d0b0b0b
fe03050307
eff2f2f2fd
f4f2efeded
efeff0f0f0
f8f4f4eff0
f8f9f8f4f8
fbf9f9f9f9
040101fdfb
fbfbfd0106
fffff9f8f6
030101fdff
01fbfbfb01
0806060604
f2f9fd0304
f6f8f9fbfb
f6f8f9f8f6
08fffbfbf8
110e0a0a09
1111111112
1111111111
0b10101211
0a0a0a0b0d
09090a0909
0103010505
07050502ff
0607090b0a
0606050506
0706050a0a
03ffff0305
0b0b060602
0e0d0b0b0a
09090a0b0d
ff02050507
f0f2f2f4fb
f6f4f0eded
eff4f4f8f6
f6f8f4f4f6
01fbf8f6f6
f8f8f80103
f901fdfdf9
f9f8fbfbfd
fd01030301
fbfbf9f9f9
0301fbfbf8
03ff010103
f9f6fb0301
f8f6f9f8f8
0301fdfdf9
0c0a0a0603
120b0a0a0a
0a0d111111
1111110e0b
0a090e1011
05070a0b0b
0b0b0a0503
0703050509
0a090a070a
0905030509
0b0b0b0b0b
0305070b0b
060a0a0709
0b0b090909
0b0b0b0d0d
0606060709
fefeff0506
f2f6f2f2f9
f6f4f4f2f2
f8f4f4f8f8
f6f6f4f4f6
fbf8f8f2f2
fdfdfbfdfd
f2fd01ffff
fdfbfbf9f6
f9f4fb0304
fff8f9f8f8
f0ff010301
fbfbf6f9f6
f8f6f9f9f8
03fffbfbf9
060a040303
0e0f0f0f0e
0e0b0a0a0b
0a0b0e100e
0b0a0a0a0b
0b0b0a0a0a
03090b1010
0605060203
0a0b090603
060b090b0b
0b0a0a0302
07090a0b0b
0d0b060205
0b0b0b0b0d
0b0b0b0b0b
05090a0b0a
fbfe01ff05
f8f7f8f8f8
f6f4f4f8fd
f4f2f2f4f4
f2f2f4f6f4
f6f4f4f8f4
f4f2f2f8f2
f8f6f6f6f2
f6f6f4f4f6
f4f9f6fdfb
f6f8f9f9fd
ffff01fdff
f9f8f9fbff
fff8f6f6f6
040303fbfb
0604040404
01fd060604
01fb06040e
0b0b0b0a07
0b0b0b0b0d
0a0a0b0a0b
0d0a0a0a0a
100e101011
0909090d10
1211141210
090909070b
0a0b0b0a0a
0606050a0b
0b0d0d0d0a
0b0b0b0a0b
0606090a0a
fffdffffff
05050303ff
fefefeff06
f2f2f0f0f8
f4f4f0eff0
f2f2f0f2f2
f9f8f4f0f4
03010101fb
f4f4f4f6f6
fdfb03fbf4
fbfffbfbfd
fdf9fdfbf8
fbf901ffff
fbf9f8f9f8
04010403ff
0604060404
ffffffff01
f9f9f9fdfb
0a080403ff
0d0b0b0b0b
0b0b111111
0b0b0a0d0b
0d100d1110
0905050209
11120d0a0a
050a0b0e10
09090b0d07
050a0b0a09
0b0b0b0505
090b0d0e0e
fffe060606
0301ffffff
0505050503
07090a0a0a
fbff010209
efefedf0f9
f6f2f2edef
f4f6f9f8f4
f8f8f8f4f6
f9fffffdf8
f6f4f2eff6
f8f9f6f4f4
fffbf8f6f8
f8fdfdfdff
f8f9f9f9f6
fdfbf9f9f8
06fbff03ff
f9fbf8f901
f9f4f6f8f2
fbfffbfbfb
01060606ff
1112120e0b
0a0d0e1112
0b0b0a0b0b
0e090b0e0b
090607090a
0b0b0e1111
0a07060b09
050906090a
0e0b060606
0b0b0d0d10
0207090a0b
0a09070501
0b0d0a090a
0a090a0b0b
06060a060a
0303030205
eff2f6f2f8
efefebefef
f8f8f8f2f0
f8fbf8f6f9
f2f9f9f8f8
f2f2f2f6f2
f2efeff0f4
f2f2f2f2f2
f9f9f9f6fb
f9fdfdf8f9
f9f8fbfdfb
f9f9f6f8fb
f6f9f8f9fd
fbf9fbf9f8
fffffbfbfd
0404ffffff
12100b0b09
0d10121212
0a09070d0b
0b0b0a0b07
100b070707
0b10101212
1211111211
0910111111
0d0b0a0b0a
0306070a0e
0909070506
0b0b0b0b09
0b0b0b0b0b
090a090b0b
0505050305
ff06050505
f2f2f2f2f8
f0f0edefef
f0f0eff2f2
f9fbf9f9f0
f6f9ffffff
f4f4f6f8f6
f6f4f6f6f6
f9f6f8f8f4
fbfdf9f9f9
fbfbfbfbfd
fbfbfdf6fb
f8f8f4f8f8
fbf6f8f6f6
fbfbf9f8f9
01fffbfbfb
0a06060301
11120b0b0d
0d0e121111
0d090d0d0b
030303090b
0b09020302
0a0b0b0b0b
0e0b0b0a0b
0a0a090a0b
0305050609
0906050505
0909090909
0a0a0a0a0a
060a0b0a0a
0506090a0a
0205050505
ffffffff05
f6f4f0f0f9
f2f0f4f4f4
f6f6f8f6f4
f6f6f4f4f6
f6f4f0f2f2
f8f4f6f6f6
f6f6f4f8f8
fdf8f6f8f8
fbfbfbfbf9
fdfbfffbfd
f9f9fbfbfb
f9f9f9fdf9
fdf9fdfbfd
fbfbfdfbfb
0303fdfbfb
0a06060106
100b0d0d09
0d0d0e1111
0a09070a0d
0a0a0d0b07
090b0d0b0b
090b0b0b0b
070b0b0b0d
03060a090b
0305050707
0505050303
0b0a090707
050709090b
0607070705
0505050606
ff02050505
fefffefe02
f4f0f4f6fb
f0f0f0f6f8
f2f2f0eff0
f4f6f8f6f2
f8f8f9f6f6
fbf9f9f9f9
fdfdfbf9f6
fbfffdfdfb
fffffdfdf9
fdfdfbfdf9
f9fdf9f9fd
f9f9fdf9fd
fbfdfbfbfb
fbfbfbfbfb
fdfbfbfbfb
0804030301
0b0d0a0a0a
0b0b0b0a0a
090b0b0a0d
090906060d
0607070909
0906030303
05fe050306
0306030103
0303020305
0303030503
0303030303
0505010303
0503050503
0505050505
0505050505
fefefe0105
f0f0f4f8fd
f2f2f0f0f0
f4f2f2f0f0
f8f4f6f8f4
fbfbfdfbf8
fffffdfdf9
010101ffff
fdff010101
fbfffbfdfd
fbfdfbfffd
fbfbfbfbfb
fbfbfbfbfb
fbfbfbfbfb
010101fffb
040303ff03
0a0c040603
0d0d0b0603
0d0a0d0b0d
0d0d0d0d0d
06090a0709
0303020202
feff050505
fdfd0303fe
0301fefefd
0506050503
0505030505
0505020505
0505050505
0505020505
0502050503
fd02ff0305
fbfefefdfe
f6f6f6f6ff
f0f2f2f0f4
f8f6f2f0f0
f8f8f8f8f8
01fffdfdfb
0103010301
0403010101
0104040301
03ff01ff01
04040303fd
01040303ff
0601010301
0404040403
0406040404
0606030606
0f1111130e
070a0a0703
0d0d0d0d0b
05060a0d0d
0203030303
fd01030302
fefefefdff
fdfdfdfdfd
fefefefdfd
0302fffffe
0201020203
05050303fe
ff03050505
ffffffff02
fefefeffff
fdfdfefdfe
f7f8f8fbfd
f4f6f8f8ff
f0f0f2f0f2
f2f0f0f0f0
f8f6f2f2f2
fdfbfbf9f8
fffffdfdf9
fb06060601
fffbfbfffb
040c030401
0e0a0a0604
080a0a080a
0e0f0a060a
0a0f0f1115
11110f1111
1713181311
0f13151713
0b07070605
0d0d0e110d
070a0a0d0a
05090b0d0b
0a07050909
060603050b
03fffd0103
0309070707
fdfd030301
faf8fefefb
fdfbfbfbfa
fefdfbfefd
f8fbfefdfd
f8f8f8f8fb
f7f7f7f7f8
f3f3f3f6f6
f4f4f4f6ff
f6f6f4f0f4
f2f0f0f0f2
f2f2f2f2f2
f4f9f8f6f2
f4f80a04f8
f8f2f8f8f8
fdf6f4f4f4
040c0603fd
0c0c0c0a06
0e0e0f0a0e
130c0c0c0a
1517130a11
1715171717
1715150f15
1515151718
0a0a060905
0d0a0d0b0b
0b0d0b070b
0b0d0d0b0b
0b07060a0b
0b07ff020a
0b0b0b0b0b
05090b0a09
fe02ff0503
fdfbf80102
f7f8f8fefa
f7faf8f8f8
f7f4f4f7f6
f2f3f2f4f3
f3f3f3f2f2
f2f3f3f3f3
f0f2f6f6fb
f4f4f0efef
f2f4f4f4f4
f4f2f2f2f2
f4f6f8f4f6
f2f9f2f2f2
f2f2f4f8f4
f6f6f6f4f6
f9f8f8f8f8
fbfbf9f6f6
0306f9fbfb
11fb0c0c06
15110f110c
1315171713
1313111513
0f0f111115
0a0b090707
0a0a0d0e10
0b0b0a0b0b
0a0b0b0b0b
0a07030909
0a0a0b050b
0a0a0b0a0a
0b0b0a0a0a
0a090b0a0b
0606090b0b
0a0a090706
0306050a0a
f6f8f7fdf8
f3f3f6f4f8
f2f2f2f4f2
f2f2f2f2f2
f2f0f2f4fb
f0f0f0f2f2
f6f8f4f8f0
f8f8f6f8f6
f9f8f9f8f8
f9f9f8f8f9
f9f9fdfbf9
fbf9f9fdf9
fbfbfbfbfb
fbfbfbf9fb
f6f6f6f6f9
f8f8f2f4f9
fbf6f9f9ed
060e130ffd
13130f130e
0e1115110c
0a070b0d09
0d0d0d0b0b
0b07090a0a
02070b0b0b
0707070705
0505070606
0505050505
0505050505
0606060606
0606060206
0b0b0a0a0a
0b0d0b0b0b
0a0a0b0b0b
03fb010507
f802030203
f2f2f2f2f6
f2f2f6f8fd
f2f0f0f2f6
f4f4f4f6f4
f9f9f9f8f8
f9f9f8f9f8
f9f9f9f9fb
fdfdfdfdfd
f9fdfdfdf9
fdfffdfdf9
fbfbfbfbff
f8fbfdfbfb
f8f8f6f8f8
f9f6f8f6f8
f60403fbfb
fffdfdfdf8
0f0e08ff01
0b0d090706
0d0d0d0a0a
0909090b0b
0701050609
0305030509
0707060603
0303030303
0303030303
0505050303
0505050505
0909090b09
0b0b0b0b0b
0a0b0b0b0b
0901050b0a
060606070a
fa01050505
f2f0f0f4fb
f6f0f0f2f2
f2f4f2f2f4
f4f4f2f2f2
f9f9f8f4f4
f9f8f9fdf9
f9f9f9f9f9
fbfbfbf9fd
fdfbfffdfb
fbfbfbfbfb
fffdfbfdfb
fbfbfb01ff
f9f8f8f6fb
e50f0ffdfb
04fffffdff
0a01060604
0b0d0d0a09
0d0d0d0a0a
0b0b0b0b0a
0a0a0a0d0d
0303070a0a
0507050503
0307070505
0605020503
0505030505
0203050503
0605050909
060a060a07
0a0b0b0b0a
09fd010a09
0505030609
feffff0202
f4f2f2f6fd
f2f2f0f2f4
f6f2f0f2f2
f9f6f8f8f8
f9fdfbf9f9
f9f9f9fdfd
f9fdf9f9f8
f9f9f9fdfb
fbf9f9f9f9
fbfbfbf9fb
fffbf8f9fb
fbfd01fbfd
fffdfbfbfd
f60c04fbfb
fffbf8fbfb
0606060801
0b0b0b0b06
090d0b0e0e
0607090b0d
070a070b0b
0303050607
0505030303
0705050707
0706060506
0606060607
0505050605
05090b0706
0909060b07
090709060a
0aff030d0b
060a0b0b0b
fe01030506
f2f2f6f8fd
f4f4f2f4f4
f6f6f4f6f2
f6f4f4f4f4
f9f9f9f9f8
fdfbf9fdfb
fdf9fdfdfd
fffbfdf9fd
fbfbf9fbfd
fdfbfbfbfb
f9fbf8fdfb
fffdf8fdfb
0301fbfbfd
fb0f080803
0c03fbfdff
1318150a08
0b0b0a0706
0b0b0b0d0a
090b0b0a0b
0a0b0a0a0a
0303030307
0505030303
0303030303
0503030303
0709090505
0505060706
0b0b0b0905
070a0b090b
0505090907
09fafe0605
0606090606
fdfefeff05
f2f2f6f8fd
f2f2f0f2f2
f4f4f4f0f0
fdf9f9f8f4
fdfdfbfdfb
010101ffff
fbfffffffd
fdf9fdfdf9
fdfdfdfbfb
fff9fbfbff
fdfdfd0101
fff9ff0101
0403fffbff
1517111313
1818151317
0efbff1115
0a0b0d0707
0d0b0d0a0a
0b090b0d09
060606070a
0203030305
030302ff02
0705030303
0505050507
0505020505
0506060305
0605050503
0506060505
0503070705
fef8f2f8ff
f7fefefefe
fbfefef8fb
0a0e030303
f6fb010303
fff8f4f6f4
fb010303ff
fdfbfdfbfd
fffdfdffff
fbfbfbfdfd
fbfbfbfbfb
fffbfbf9fb
fffbfbfffd
040101ff01
0401040404
180f180e0c
0f11131518
0a0f0c110e
0e18200a08
02ff0b0d05
050b070605
070a0a0a0a
050503060a
0303030303
0505030503
03050302fe
0505050505
0505060605
0505050505
0103050505
020102ff03
fafefe0105
f2f2f2f2ef
f7f0f2f2f2
fefaf3f6f7
0e0f180f17
0c0e0f0e0f
1513110e0f
110c13130f
130f131313
110f131315
fbf9fbfd13
01fbfbfbfb
ff01fbfb01
01fdfdfff8
01fffdfffb
170806ffff
0f130e1718
0e0e0f0f0e
0c11110f0f
0f0c0f0f0e
f3f3ebf4f6
fefef4f2f4
f8fefefefe
fefbf6f6f8
fefbfbfbfe
fefefefefe
0909070501
0305050606
0305050502
0305050505
0605050506
fefe020506
f2f2f3f0fb
f2f2f2f2f2
f2f2f2f2f2
f2f2f2f2f2
0e0e0e0e0f
0f0f0f0f0f
0f110f0f0f
0f0f0f0f11
110f0f0f11
130a0f110e
f2010af008
fdfbfbf6f6
f6fdfbf6ff
04f9f9f8ff
170a080806
1315171115
0f110e0e0f
0e0f0f0e0f
110f11110e
0f0f0f0c0f
f2f2f2f2f3
f2f2f2f2f2
f2f2f2f2f2
f2f2f2f2f2
f2f3f3f2f2
fef8f2efee
100a020b06
090907090b
0709020705
090b0a0709
fefefe0602
f2f3fafefe
f2f2eff2f2
f2f2f2f2f2
f2f2f2f2f2
f0f2f2f2f2
0e0e0e0e0e
0f110f0f0f
0f11111111
131111130f
0f110e0f11
eff40a0e0c
ff0e04fff0
f6f6010306
080a06fdfd
1315151a04
1517151815
0e0e0e1818
110a0f0c0e
0c0c0f0f11
11110f0f0c
0e0f0c0f0f
f2f2f2f2f3
f2f2f2f2f2
f2f2f2f2f2
f2f2f2f2f2
05f3f7f4f3
0b0d060509
07fe050b0b
0a0a0b0b06
0b0e0a070b
fdfefefe01
f0eef0fff7
f2f2f2f3f3
f2f8f6f7f2
f2f2f2f2f2
f2f2f2f0f2
f2f2f2f2f2
0f0f0f0f0e
0f0f0f0e0f
0f110f1113
110f0c0f0e
f90f0f0f0f
f8f9f4fbf4
0e151a0af8
060f0c1318
181115150e
08fb0e0f15
111115060e
0c0c0f0c0f
1115130f0f
0e13110f0e
0f110c0c11
0c0e0e0f0f
f2f2f2f2f3
f2f2f2f2f2
f3f2f2f2f2
f2f2f4f2f3
0bf7f3f3f2
0b0b0a0e11
fef3f00a0e
0a05fdf6f0
f0f7fdfe01
050901f7fb
f3f3f403fd
f6f4f2f0f3
f2f2f3f4fb
f2f2f2f2f2
f2f2f2f2f2
f0f2f2f2f2
0e0e0f0e0f
110f11110f
130f11110f
15080e0f0f
06110f0f15
fbff060308
11110e1a15
130c131315
0a13031318
20f9030aed
0f17111511
0e0c0f0e0e
0f11111311
0f0f0f0f0f
0f0c081111
0f0f0f0f0c
f2f2f2f2f3
f2f2f2f2f2
f7f8f2f2f2
f7f7fbfbf7
fef7f6f3f3
0b0b060b0a
f0f4f4f7ff
f2f2f2f4f6
fff603f4ee
050d02070b
f2f0f3fbf8
f6f2f2f2f2
f2f2f2f2f3
f2f2f2f2f3
f2f2f2f0f2
f2f0f2f2f2
0f0f0e110f
0e0f110e11
0e0f0f110f
1513110a0f
110f0f0f0f
1c0c18180a
0f13130f18
1313131718
0f1e180c13
1e18081c18
0e0f0c110f
15130a0f0e
110f110f0f
1111111111
0e0a0f0e0f
0f0f110e0f
f2f2f2f2f3
f2f2f2f2f2
f8f7f3f2f2
f3f7f8fdf4
f7f3f2f2f2
f8fef8fefe
f4f4f3f8f2
fef3f3f3f7
fef7fff8ee
fdfefef8fd
f4f4f2f2f4
f3f2f6f7f7
f2f2f2f2f2
f2f2f2f2f2
f2f2f2f2f2
f2f2f2f2f2
0e0e110e0f
11110f110e
11110f0f0f
1113130f0a
0e0f11110e
0e0e0e0f11
0e0f0a0811
0313131311
0e0f0e0e18
0f0e110e0e
0f11060e0e
111311110f
0e0e110e0e
0f0e0f1111
0f0f0a0f0f
0e0e0f0c0e
f2f3eff3f3
f2f2f2f3f2
faf6f4f2f2
f3f2f3f6f7
f0f2f3f2f3
f3eef2f3f2
f0f7f8f7f3
fefef2f2f3
f3f2eef4fa
f3f3eff2f2
f4f7f8f4f2
f3f0f6faf8
f2f2f2f0f2
f2f2f2f2f2
f2f0f2f2f2
f2f2f2f2f2
0e0f0e110e
0f0f0f0f0e
110f0f0f0e
11110f1517
0e0f0f0f0f
0f0e0e0e0f
1713130f0f
1513111113
0e0e0e1111
0e110f0f0e
0f130c0c0f
0e0f11110e
0f0f11110f
0e0e0e0e0f
0f0c0e0f0e
060f0f0f0f
f2f3f3f0f4
f2f2f2f3f2
f3f3f2f2f2
f3f3f3f2f6
f2f2f0f2f3
f2f2f2f2f2
f3f2f0f4f2
f3fbf4f0f2
f2f2f2f3f3
f3f2f2f2f2
f3f3f8f6f3
f3f2f3f3f2
f2f0f2f2f2
f2f2f2f2f2
f2f2f2f0f2
f2f2f2f2f2
130f0f1311
0f0f0f0f0f
0f11110f11
0f0e0e0e0f
0e0e0f0f0e
110e0e0e0f
13110e0e0e
0f0c131513
0e0e11130f
0e0f0f0f0e
0e150f0f0c
0e11130f0e
0f0f0f0f13
0f0f0f0f0f
0a0f110f0e
0e0e0f110f
f3f3f2f2f8
f2f2f2f2f3
f2f2f2f2f2
f2f2f3f2f2
f2f2f3f6fb
f3f2f2f2f2
f3f2f2f2f2
f4f6f2f3f3
f2f2f3f3f3
f3f2f3f2f3
f4f3f4f3f2
f2f2f2f6f6
f2f2f2f2f2
f2f2f2f2f0
f2f2f2f2f2
f2f2f3f2f2
0e0e0e1111
1113110f0f
0e11110f0f
0e0f0f0e0e
0e0e0e1711
0f0e0c0f11
0e0f0f0c0f
0a0e0f0f0c
110f0f0e11
0e0e0e0e0f
110c110e0e
110c110a17
110f11110c
0f0f0f0f0f
110e0f0f0f
080f110f0f
f2f2f2f0f3
f3f3f3f3f3
f2f2f2f3f3
f4f0f2f2f2
f2f2f2f2f8
f2f2f2f2f3
f2f2f2f2f3
f2f6f2f2f2
f2f2f2f2f2
f3f3f7f2f2
f6f6f3f4f3
f3f4f4f8f4
f2f2f2f2f2
f2f0f0f2f2
f2f2f2f2f2
f2f2f2f2f2
0f0c0c0c11
0f0e0e0e0f
0e0f0f0e0f
0e0e0e0f0e
0f0f0f0e0c
0e0c0f0e0f
0e0e0f0e0e
080a0e0c0e
0c0c08060f
080103010e
0a0f04fdff
130e1304fb
0f0f0f1111
0c0f0a0e0e
0f0f0f110f
110c0f0a0f
f2f2f2f2f2
f2f3f2f4f2
eff2f2f3f0
f4f2f2f2f2
f2f2f2f3f4
f2f2f2f2f2
f2f2f2f2f2
f7f4f2f3f2
f3f6f8f8f6
fdfafffef8
fdfefe0201
fbfbfefffe
f8f4f4f8f8
f2f3f3f8f7
f2f2f2f2f4
f2f2f0f2f2
0c0e0c0e0f
110e0e0f0f
0e0f0e0e11
0c110e0e11
0a0a0e0f0f
0e0f0c0e0c
0e0e0e0c0e
0e0f0f060c
130e0a0f11
0f11080f0e
0308080f11
060c0c0806
080a0a0c08
0c0e080a01
110c080808
0e0f0f0f0e
f2f2f2f2f2
f3f3f2f2f2
f3f2f3f2f3
f6f3f2f3f3
f2f2f2f3f3
f2f2f2f2f2
f4f3f2f2f2
fdf7f6f8f8
f8fafdf7fb
fef8faf8f6
fef8fefffa
fbf8f8fdff
faf7fafafb
fdfdfafefb
f0f4fdfafb
f2f2f0f3f4
0e0e0f0f0e
0c0f0c0e0e
0f0f0e0e0c
0f0e0e0f0e
0a0f0c0f0f
0a0f0f0f0f
0e080c080c
1111111311
1315130f13
0f0f111111
150c0e1111
0c08171513
080e0a0608
11080c0c0a
170c0e0a0a
0e0e0c0c0a
f2f2f3f3f2
f2f2f2f2f2
f3f2f4f2f2
f2f3f2f3f3
f6f4f3f3f2
f4f0f6f6f8
f6f8faf8f6
f7f4f4f7f8
f3f3f2f6f3
ecf3f4f3f3
f7f7f3f3f3
faf8f7f7fb
fbfbfafafb
f7f8f8fbfb
f8fbfbf8f7
f0f4f4f6f6
0e0c031111
0e110c0f0e
0e0e130f0e
0f0f0c0e0f
0c0e0c0c0e
13110f0f15
150f0f1113
0e110e110f
0e0f0c0e0e
0f0f0f0a0f
0f110f110e
0e0a0f130f
030a0a0f11
0e08110a0c
0e040c030a
110e0f0c0e
f2f2eff2f3
f2f3f2f2f2
f2f3f3f2f2
f2f2f2f3f2
f7f6f3f2f2
f3f7f8f8fa
f3f3f4f4f2
f3f2f0f3f0
eff0f0f2f3
f3f3f0f2f2
eef2f2f4f2
f8faf8f3f6
fbfaf8f8f7
faf8fdf8fa
f8fefbfefb
f3f2f2f4f0
0e0e0f0f11
0e0f0f0e0f
110f0e0e0f
0c0f0f0f11
130e110f0e
0e0f0e0c11
0c0e0e0f0e
0e0e0e0e0f
130f0e110e
11130f110f
0f0f0e150f
0f13110f0f
04040f0f15
1108110a08
130f130e11
0c0f180f0f
f3f2f2f3f3
f3f3f3f3f3
f3f3f2eff3
f4f3f2f2f2
f6f3f3f2f7
f3f0f3f2f0
f2f2f3f3f2
f2f2f2f2f0
f3f3f3f3f2
f2f2f3f2f3
f3f3f2f3f4
f4f3f3f3f3
fffdf6f2f2
fafbf801fd
f4f7f3f8f6
f2f2f2f6f6
130f0e0f0f
0f0c0f0f0f
0e0f110fff
110e0e1111
0f0c0e1111
0f0c0e0e0c
0f110e0e0f
0f0f11130f
0e11111311
0e0e0e0e0c
0f0f0f0e11
0f0e0f0e0f
08080a0c0c
151111130c
06060f0e0f
0f110e1308
f3f3f2f3f3
f2f2f2f3f2
f3f2f2f2f3
f3f3eff3f2
f8f4f7f7f3
f3f2f2f3f2
f3f3f3f2f3
f3f3f3f3f3
f3f3f3f3f3
f2f2f2f2f0
f2f2f2f2f2
f2f3f2f2f2
fefbf6f6f2
f7fefafafe
fffef0f7f4
f0f7f7f7f8
0f0e0e0e0f
0f0f0f0e0e
0e0e0f0e0f
0f0f0f110f
110f0c1311
0c0c0e0a0f
0e110e0e0e
0e0f0e0e11
0f0f0e0c0c
110f110f0e
110e0e0f0e
0e0a0e1111
0f11150f08
110e0f130f
0e0e110f11
11150c1315
f2f2f2f2f2
f2f2f2f2f2
f2f2f2f2f2
f3f3f2f2f2
f4f4f6f6f6
f2f2f7f6f7
f2f2eff2f2
f2f2f2f0f2
f2f2f2f2f0
f2f2f2f2f2
f3f2f2f2f2
f4f4f3f2f3
f4f4f4f8fa
f3f3f3f4f4
f6f6f3f6f3
f0f4f7f6f4
0e0f0e0e0f
0c0e0e0e0e
0e0f0e110f
0f11030f0e
0e110c0f0e
0f0f110e0f
0f0f0e0e0f
0c11110e0e
0f0e110f0e
1113111311
0e0f11110f
0c0e0f0f0e
0f0e130f0f
0c0e0e0e0f
0f0f0f0e0c
130f11110e
f2f2f2f2f2
f2f2f2f2f2
f2f2f2f2f2
f2f2f2f2f2
f2f3f6f3f2
f3f3f3f3f3
f3f3f3f2f2
f2f2f2f2f3
f2f2f2f2f2
f3f3f3f3f2
f3f2f2f2f2
f4f2f3f3f2
f3f3f3f3f4
f2f2f2f2f2
f3f2f2f2f2
f0f3f4f3f3
0e030e0e0e
0e0f0f0f0f
0f0e0e0e08
110c0f0f0f
0e0f110f0e
0e0e0f0e0f
0e0f110e0f
0f0f0c0e0f
130e0f0e11
110e0f0e0e
0e0e0f0f0f
0f0f0e0f0e
110e0f0f0e
0f0e0f0f0e
0f110f0411
0f0f110e0f
f2f2f2f2f3
f2f2f2f2f2
f2f2f2f2f2
f2f3f3f2f2
f2f2f3f2f3
f2f2f3f2f2
f2f3f2f2f3
f2f3f2f2f3
f3f2f2f2f2
f2f2f2f2ef
f2f2f2f2f3
f3f3f2f2f2
f2f2f2f3f3
f2f2f2f2f2
f2f3f2f2f2
f2f2f2f2f2
0f0f0e0e0e
0e0e0c0e0e
0e0c0e0c0f
0e0c0e0e0e
0e0e0f0e0f
0e0f0e0e0e
0e0e0f0e0f
110f0c110e
0e110f0e0f
0f0e0e0e0f
0e0e080f11
110c0e0f11
0c0e0e0e0f
030e0e0e0e
110e0e0e0e
0f0f0f0e0e
f2f2f2f2f2
f2f2f2f2f2
f2f2f2f2f2
f2f2f2f2f2
f2f2f2f2f2
f2f2f2f2f2
f2f2f2f2f2
f2f2eff2f2
f2f2f2f2f2
f0f2f2f2f2
f2f2f3f2f2
f2f2f2f2f2
f2f2f3f2f3
f2f2f2f2f2
f2f3f2f2f2
f3f2f2f2f2
0c0f0c0e0e
0a0c0c0e0e
0e0a0e0e0c
0a0e0e0c0e
0e0e0a0e0c
0f0f0e0e0f
0c0e0e0f0c
0a0e0e0f0f
110e0f0e11
0f0f0f110e
0c0e13110f
0e0f0f0f11
0c0c0a0f0e
0f0a0c0f0c
0c0e0c0c0e
0f0e0e0e0a
f2f2f2f2f2
f2f2f2f2f2
f2f2f2f2f2
f2f2f2f2f2
f2f2f2f2f2
f2f2f2f2f2
f2f2f2f3f2
f2f2f2f3f2
f2f2f2f2f3
f2f2f2f2f3
f2f2f2f2f2
f2f2f2f2f2
f2f2f2f2f2
f2f2f2f2f2
f2f2f2f2f2
f2f2f2f2f2
0000000000
0a0a050000
0f0f0f150f
0a0a0a0a0a
050a0a0505
0a05050505
0505050a0a
0a0a0a0a0a
0a0a0a0a0a
0f0f0f0a0f
0f0a0a0a0a
0a0a0a0a0a
0a0a0a0a0a
0a0a0a0a0a
0f0a0a0a0a
0505050f0f
0000000505
0505050500
0500050505
050a050000
0a05050a0f
0505050a05
050a050505
05050a0505
050505050a
0505000505
0000000505
0000000005
0000000000
0000000005
0505000505
0000000000
0000000000
0500000000
050a0a0f0a
0505000000
0a0a0a0505
050a0a0505
0505050505
0505050505
0505050505
0505050505
000000000a
0f0a0a0000
0f0f0f0f0f
0f0f0f0f0f
0f0f0f0f0a
15150f0f0a
0f150f0f0f
0f0f0f0a0f
05050a0a0f
0505050505
0005050000
0505050505
0505050a05
05050a0a05
0505050a05
050a0a0505
0500050500
0500000005
0000050505
0000000000
0000050000
0000000500
050a050505
0505050505
050f0f0f0a
0000000000
0a05050500
0a0a0a0a0a
0a0a0a0a0a
0a0a0a0a0a
050a0a0a0a
0a0a050505
0a0a0a050a
0a0a0a1515
0a0a0a0a0a
0a0a0a0a0a
0f0a0a0a0a
0f0f0f0a0f
0f0f150f0f
0f0f0f0f0f
0f0f0f0f0f
0f0f0f0f0f
0a0f15150f
050505050a
0505050505
0a05050505
050a0a050a
0505050a0a
0505050000
0000000000
0000000000
0000000000
0000000000
0000000000
0000050500
0f05050500
0a0f15150f
0505050505
0505050500
050a0a0a0a
0a0a0a0a0a
0a0a0a0a0a
0505050a0a
0a0a050505
0f0f0f0f0a
0a0f0f0f15
0f0f0f0a0a
0f0f0f0f0f
0f0f0f0f0f
0f0f0f0f0f
0f0f0f0f0f
0f0f0f0f0f
1515150f0f
0f0f0f0f15
151515150f
1515151515
0a0f151a1a
050a0f0f0f
0505050505
0505050005
05000a0a0a
0000000a00
0505050505
0000050500
0000000000
0000000000
0000000000
0a05050000
0a0f0f0f0f
0505000505
0505050005
0505050500
0a050a0a0a
050505050a
050a050505
0a0a0a0505
0a0a0a0a0a
0a0a050505
0a0a0a0a0f
0a0f0a0a0a
0f0a0a0a0a
0f0f0f0f0f
0f0f0f0f0f
0f0f0f0f0f
0f0f0f0f0f
0f0f0f0f0f
0f150f0f0f
151515150f
1a1a1a1515
15151a1a1a
151a1a1a1a
0f15151515
050a0a0f0f
0505000500
0505000005
0505050505
0000000505
0000000000
0505050500
0f0a050505
0a0f0f150f
0505050505
0505050505
0a0a050505
0505050a0a
0505050505
0505050505
0000000505
0a0a050505
050a0a0a0a
0505050a0a
0a0a0a0a0a
0a0a0a0a0a
0a0a0a0a05
0f0f0a0f0a
0f0f0f0f0f
0f0f0f0f0f
0f0f0f0f0f
0f15151515
1515150f0f
1515151515
1515151515
1a15151515
151a1a1a15
15151a151a
151a050000
0f0a150f15
0505050a0f
0005050005
0000050505
0000000000
0f05000000
0a0f0f0f0f
0000000505
0505000005
0505050505
0005050505
0505050500
0505050505
0a0a0a0505
0a0a0a0a0a
0a05050a0a
0a0a050a0a
05050a0a0a
0a0a0a0a0a
0a0a0a0a0a
0f0f0a0f0f
0f0f0f0f0f
0f0f0f0f0f
0f0f0f0f0f
151515150f
1515151515
1515151515
1515151515
1515151515
1515151515
151515150f
151a051f0f
1515151a15
151a1a1a15
0a0f0f1a1a
0505050505
0000000005
0f0a050500
0a0f0f0f0f
0505050505
0a0a050a0a
0a0a050505
0a0a0a050a
0505050505
0505050005
0505050505
0a0a0a0505
0a0a0a0a0a
0a0a0a0a0a
0a0a0a0a0a
0a0a050a0a
0a0a0a0a0a
0a0a050a0a
0f0f0a0a0a
0f0f0f0f0f
0f0f0f0a0a
0f1515150f
15150f150f
1515150f15
15150f0f15
1515151515
0f15151515
151515151a
151a05150a
150f151515
1515150f0f
1a15151515
0f0f15150f
0000000000
0a05050505
0a0f0f150f
050505050a
0a0a0a0a0a
050a05050a
050a0a0a0a
0a050a050a
05050a0a0a
0505050505
0a0a050505
0a0a0a0a0a
0a0a0a0a0a
0a0f0a0f0a
0a0a0a0a0f
0a0a050a0a
0a0a0a0a0a
0a0a0a0a0a
0f0f0f0a0a
0f0f0f0f0f
0f0f0f0f0f
15150f0f0f
1515151515
1515151515
1515151515
1a15151515
0f151a150f
15150a0000
0f15150f15
0f0f0a0f15
0f0f0f0f15
0f15151515
0505050505
0f0a0a0a05
0f0f0f0f0f
0505050a0a
0505050505
0a0a0a0505
0a0a0a0a0a
050a0a0a0a
050a0a0a0a
05050a0505
05050a0a05
0a0a050a0a
0a0a0a0a0a
0a0a0a0a0a
0f0f0f0f0a
0f0f0f0f0f
0a0a0a0a0a
0a0a0a0a0a
0f0f0f0a0a
0f0f0f0f0f
0f0f0a0a0f
0f0f0f0f0f
15150f0f0f
1515151515
1a15151515
0f1a151515
0f0f15151a
15150a150a
1515151515
0a0f15150f
0f0f0f0f0a
0f0a0f0a0a
0505050500
0f0a050505
0a0f0f0f0f
0505050a0a
0a0a0a0a05
0a0a0a0a0a
0a0a0a0a0a
0a0f0f0f0f
0a0a0a0f0f
0a0a0a0a0a
0a0a0a0a0a
0a0a0a0a0a
0a0a0a0a0a
0f0a0a0f0f
0f0f0a0f0f
0f0f0f0f0f
0f0f0f0f0f
0f0f0f0f0f
0f0a0a0a0f
150f0f0f0f
0f0f15150f
0f0f0a0f0f
0f0f0f0f0f
0f0f0f0f0f
1515150f0f
1a0f1a1515
1515151515
151a001f0f
1515151515
151515150f
0f0a0a0f15
0a0f0f0f0f
0505050505
0f0a0a0505
0f0f0f150f
0a0a0a0a0a
0a0a0a0a0a
0a0a0a0f0a
050a0a0a0a
05050a0a0a
0505050505
0a05050505
0a0a050505
0a0a0a0a0a
0a0a0a0a0a
0a0a0a0a0a
0f0f0a0a0a
0f0f0f0f0a
0f0f0f150f
0f0f0f0f0f
0f0f150f0f
0f0f0f0f0f
1515150f0f
1515151515
1515151515
1515151515
0f15151515
15150f1515
1515151515
151a05150a
1515151515
1515151515
0f0f150f15
0f0f0f0f0f
0505050505
0f0a0a0505
0f0f0f150f
0a0a0a0a0f
050a0a0a0a
0505050505
0505050505
05050a0a05
0505050505
0a0a0a0a0a
050a0a0a0a
0a0a0a0a0a
0a0a0a0a0a
0a0a0f0f0a
0f0f0f0a0f
0f0f0f0f0f
0f0f0f0a0f
0f0f0f0f0f
0f0f0f0f0f
0f0f0f0f0f
150f150f0f
1515151515
1515151515
1515151515
1a15151515
0f0f151515
0f0f0f0f0f
15150a0000
150f150f15
150f151515
15150f0f0f
000a0a1515
0505050500
0a0a0a0a05
0a0f0f0f0f
0505050a0a
0a0a050505
0a0a0a0a0a
0a0a0a0a0a
0a0a0a0a0a
0a0a0a050a
05050a0a0a
0a0a0a0a05
0a0a0a0a0a
0a0a0a0a0a
0a0a0a0a0a
0a0a0f0a0a
0a0a0a0a0a
0f0f0f0f0f
0f0f151515
0f150f0f0f
0f0f0f0f0a
1515150f0f
1a1a151515
1515151515
0f0f0f1515
150f0a0f15
0f0f15150f
0f0f0f0f0f
15150a150a
1515151515
150f15150f
00000a0f0f
0500000000
0505050500
0a050a0505
0a0f0f0f0f
050a0a0a0a
0a0f0a0a0a
0a05050a0a
0a0a0a0a0a
0a0a0a0f0a
0a0a0a0f0a
0a0a0a0a0a
0f0a0a0a0a
0a0a0a0a0a
0a0f0f0f0a
0f0a0a0f0a
0f0a0a0a0a
0f0a0f0f0a
0a0a0a0f0f
0f0a050a0a
0f0f0f0f15
150f0f0f0f
0f0f0f1515
15150f0f0f
150f0f0f0f
1515151515
1a151a1515
0a0f0f0f15
0000000a0f
0a0a050005
0f0f0f0f0f
0000050a0f
1a0f050000
1a1a25251f
0a0505050a
0f0a0a0a0a
0a0f0f0f0a
050a0a0a0a
0a0a0a0a05
0a0a050a05
050a0a0a0a
05050a0a0a
0a05050505
0505050505
0505050505
0a05050505
0f0f0f0a0a
1515150f0f
0f0f0f0f15
0a0a0f150f
15150f0f0a
0a0f0f0f0f
0f0f0f0a0a
150f0f150f
150f0f0f0f
15150f0f0f
0f15150f0f
0f0f0f0f0f
0f0f151a1a
0f0f150f0f
0000000000
0000000500
0000000000
0a00000000
1f1f1f1f1f
0f0f0f0f15
0a0a0f0a0a
0a0a0a0f0a
0f0f0f0f0f
0a0a0a0a0f
0a0a0a0a0a
0a0a0a0a0a
0a0a050a0a
0a0a0a0a0a
0a0a0a0a0a
05050a0a05
0505050a05
0a0a050505
0a0a0a0a0a
0a0a0a0a0a
0a05050a0a
0a0a0a0a0a
0a0f0f0f0f
0f0f0f0a0f
150f151515
150f0f0f0f
0f150f0f0f
0f0f0f0f15
0f0f0f150f
150f0f0f15
15151a0f1a
00000f0a0a
0000000000
0000000000
0000050500
0000000000
0000000000
0f0f0a0000
050500050a
0000000000
0a05000005
0a0a0a0a0a
0f0f0a0a0a
050a0a0a0a
0a0a0a050a
0a0a0a0a05
0a0a050a0a
0a0a0a0f0f
0a0a0a0505
050a0a0a0a
0f0a0a0a0a
0f0a0a0a0a
0f0f0a0a0a
0a0f0a0a0f
0f150f0f0f
0f0f0f0f0f
0a0f0f0f0f
0f0f0f0f0f
0f0f15150f
0f0f0f0f0f
0a0a0a0f0a
0f0f0a0a0a
00000a0f0a
0000000000
0000000000
0000000000
0000000000
0000000000
0000000000
0000000000
0000000000
0000000000
0000000000
0500000000
050a050a05
0000000500
0000000000
0505000000
0a0a0a0a0a
0a050a050a
050a0a0505
0f0f0f0f0a
050a050a0f
0a0a0a0a0a
0a0f0f0a0f
0a0f0f0a0f
0f0f0f0a0f
0f0f0a0a0f
0a0a0f0f0f
0f150f0f0f
150f0f0a0a
0f0f0f0f15
0f0f151515
0a0f150f0f
0500000005
0000000505
0000000000
0000000000
0000000000
0000000000
0000000000
0000000000
0000000000
0000000000
0000000000
0000000000
0000000000
0000000000
0000000000
0000000000
0000000000
0000000000
0000000000
0000000000
0f0f0f0500
0f0f0f0a0f
0f0f0a0f0f
0a0f0f0a0a
0f0f0f0f0a
150f0a0a0a
15150a0f15
150f151515
0f0f0f0f15
150f0f0f0f
0f15151515
00000a0f0f
0000000000
0000000000
0000000000
0000000000
0000000000
0000000000
0000000000
0000000000
0000000000
0000000000
0000000000
0000000000
0000000000
0000000000
0000000000
0000000000
0000000000
0000000000
0000000000
0000000000
0f05000a00
0f0f150f0f
0f0f0f0a0f
0f0f0f150a
0f15151515
0f0f0f0a0a
0f0f0a0f15
0a0a0a0f15
0a0f0f0f0f
1515151515
0005001515
0000000000
0500000000
0000000000
0000000000
0000000000
0000000000
0000000000
0000000000
0000000000
0000000000
0000000000
0000000000
0000000000
0000000000
0000000000
0000000000
0000000000
0000000000
0000000000
0000000000
0a05050000
0015250a0f
0f15150f0a
0f15151515
0f0f0f150f
0f15150f15
1515150f0f
1a1a1a150f
151515151a
0a0a150f15
0505000515
00000a050a
0000000000
0005050500
0000000000
0000000000
0000000000
0000000000
0000000000
0000000000
0000000000
0000000000
0000000000
0000000000
0000000000
0000000000
0000000000
0000000000
0000000000
0000000000
0000000000
0505000000
1a1f251f0a
05151f1f1a
15150f0005
15150f0f0f
0f0f151515
1515150a0f
15151a1515
0f15151515
00050a0f15
0000000000
000a050000
0000000000
0000000000
0000050000
00050a0a05
0000000000
0000000000
0000000000
0000000000
0000000000
0000000000
0000000000
0000000000
0000000000
0000000000
0000000000
0000000000
0000000000
0000000000
0500000000
1a00000005
150f251f1a
0f0f151f1f
0f150f0f15
1505000f0a
0f1515150f
15150f0f0f
150f0f1515
050f0f0f0f
0000000000
0000000000
000a0f0a00
0000000000
0000000000
0000000000
0a05050500
000000050a
0000000000
0000000000
0000000000
0000000000
0000000000
0000000000
0000000000
0000000000
0000000000
0000000000
0000000000
0000000000
0000000000
0000000000
0500000000
251f050000
0f0f151a1a
150f15150f
0000151515
000a0a0500
0000050005
1515150f0f
050a151515
0000000000
0000000000
050f0f0f05
00151f0f00
0000000000
0000000000
05050a0000
0000050005
0000000000
0000000000
0000000000
0000000000
0000000000
0000000000
0000000000
0000000000
0000000000
0000000000
0000000000
0000000000
0000000000
0000000000
0505050505
0000000000
151a000000
0f0f151515
0f0f0f1515
0000151515
0a00000005
0005050500
0f0a0a0000
0500000005
00000f0f0f
0a0a0f0a05
001a1f1f1a
000a0f0f00
000000050a
0000000000
0000050000
0000000500
0000000000
0000000000
0000000000
0000000000
0000000000
0000000000
0000000000
0000000000
0000000000
0000000000
0000000000
0000000000
0005000000
0500000000
0005050505
0000000000
1a00000000
1515151515
0f0f0f0f0f
0a05000a0f
0000000500
0000050505
0000000000
0500000000
1f0a0a050a
050a0f1f1f
00000f1515
00000a0000
0000000000
0000000000
0000000000
0000000500
0000000000
0000000000
0000000000
0000000000
0000000000
0000000000
0000000000
0000000000
0000000000
0000000000
0000000000
0000000000
0000000000
0005050505
0000050505
0000000000
0a00000000
0a150f151a
0f0f0f0f15
0505000000
0500000505
0000050505
0005050005
1f05000000
1505051525
05050a0f15
0a15151515
0000000000
0000000000
0000000005
05000a0a00
0000000000
0000000000
0000000000
0000000000
0000000000
0000000000
0000000000
0000000000
0000000000
0000000000
0000000000
0000000000
0000000000
0005050000
0000050000
0000000500
0000000000
0000000000
0000050a00
0005150500
0505000000
0a05050500
0000000505
0000000005
1a05000000
0f00000015
05050a0f15
0015151515
0000000000
0a05000000
000000000a
0000000000
0000000000
0000000000
0000000000
0000000000
0000000000
0000000000
0000000000
0000000000
0000000000
0000000000
0000000000
0000000000
0000000000
0505050000
050a050a05
0000000005
0000000000
0000000000
0000000000
0000000000
050a050000
000a050a05
0000050500
000a0a0000
0000000000
0000000000
0000000000
0000000000
0000000000
0000000000
0505000000
0000000005
0000000000
0000000000
0000000000
0000000000
0000000000
0000000000
0000000000
0000000000
0000000000
0000000000
0000000000
0000000000
0000000000
0005000000
0000000000
0000000000
0000000000
0000000000
0000000000
0000000000
0505000000
0000000000
0000000005
1f1a050000
000000050f
0000000000
0000000000
0000000000
0000000000
0000000505
0000000000
0000000000
0000000000
0000000000
0000050000
0000000000
0000000000
0000000000
0000000000
0000000000
0000000000
0000000000
0000000000
0000000000
0000000000
0000000000
000000050a
0000000000
0000000000
0000000000
0000000000
0000000000
0500000000
0000050505
0000000005
000f150000
0000050505
0000000000
0000000000
0000000000
0a00000000
000000000a
0000000000
0000000000
0000000000
0000000000
0000000000
0000000000
0000000000
0000000000
0000000000
0000000000
0000000000
0000050000
0000000000
0000000000
0000000000
0000000000
0000000000
0000000000
0000000000
0000000000
0000000000
0000000000
0000000000
0505000000
0000000005
05000f0f00
0005050005
0000000000
0000000000
0000000000
0005000000
0000000000
0000000000
0000000000
0000000000
0000000000
0000000000
0000000000
0000000000
0000000000
0000000000
0000000000
0000000000
0000000000
0000000000
0000000000
0000000000
0000000000
0000000000
0000000000
0000000000
0000000000
0000000000
0000000000
0000000000
0000000000
0000000000
0000000500
0500000000
0000000000
0000000000
0000000000
0000000000
0000000000
0000000000
0000000000
0000000000
0000000000
0000000000
0000000000
0000000000
0000000000
0000000000
0000000000
0000000505
0000000000
0000000000
0000000000
0000000000
0000000000
0000000000
0000000000
0000000000
0000000000
0000000000
0000000000
0000000000
0000000000
0000000000
0000000500
0000000000
0000000000
0000000000
0000000000
0000000000
0000000000
0000000000
0000000000
0000000000
0000000000
0000000000
0000000000
0000000000
0000000000
0000000000
0000000000
0000000000
0000000000
0000000000
0000000000
0000000000
0000000000
0000000000
0000000000
0000050f0a
0000000000
0000000000
0000000000
0000000000
0000000000
0000000000
0000000000
0000000000
0000000000
0000000000
0000000000
0000000000
0000000000
0000000000
0005000000
0000000000
0000000000
0000000000
0000000000
0000000000
0000000000
0000000000
0000000000
0000000000
0000000000
0000000000
0000000000
0000000000
0000000000
0000000000
0500000000
000000000a
0000000000
0000000000
0000000000
0000000000
0000000000
0000000000
000000000a
0000000000
0000000000
0000000000
0000000000
0000000000
0000000000
0500050000
0000050000
0000000000
0000000000
0000000000
0000000000
0000000000
0000000000
0000000000
0000000000
0000000000
0000000000
0000000000
0000000000
0000000000
0000000000
0000000000
0000000000
0000000000
0000000000
0000000000
0000000000
0000000000
0000000000
0000000000
0505000500
0000000000
0000000000
0500000000
0000000000
0000000000
0000000000
050a050500
0500050500
0000000000
0000000000
0000000000
0000000000
0000000000
0000000000
0000000000
0000000000
0000000000
0000000000
0000000000
0000000000
0000000000
0000000000
0000000000
0000000000
0000000000
0000000000
0000000000
0000000000
0000000000
0000000000
0000000000
0000000000
0000000000
0005000000
0000050000
050a0a0a05
050a050505
05000a0500
000a0a000a
0000000000
0000000000
0000000000
0000000000
0000000000
0000000000
0000000000
0000000000
0000000000
0000000000
0000000000
0000000000
0000000000
0000000000
0000000000
0000000000
0500000000
0000000000
0000000000
0000000000
0000000000
0000000000
0000000000
0000000000
0000050500
0500000000
0500050005
0000050505
0500000000
0500050500
0f0500050a
0005050a0f
0a050a0a05
0a050a0a05
05050a0a05
05050a0f0f
0000000005
0000000000
0000000000
0000000000
0000000000
0000000000
0000000000
0000000000
0000000000
0000000000
0000000000
0000000000
0000000000
0000000000
0000000000
0000000000
0000000000
0000000000
0000000005
0a05000500
0000050a05
0000000000
0000000500
0000000000
0000050000
0005050505
0505000500
0000050000
0005000000
0005000000
0500000000
0505000500
0a0a0f0a0a
050a050a0f
0000000000
0000000000
0000000000
0000000000
0000000000
0000000000
0000000000
0000000000
0000000000
0000000000
0000000000
0000000000
0000000000
0000000000
0000000000
0000000000
0500050500
0005000005
0000000000
0500000000
0000000000
0000000000
0000000005
0000000000
0000000000
0000000000
0005050000
0000050000
0505050000
05050a0505
0000000000
05050a0500
0005050f0f
0000000000
0000000000
0000000000
0000000000
0000000000
0000000000
0000000000
0000000000
0000000000
0000000000
0000000000
0000000000
0000000000
0000000000
0000000000
0000000000
0000000000
0000000000
0000000000
0000000000
0000000000
0000000000
0000000000
0005000000
0005000000
0000000000
0000050500
000000050a
0000050000
0005050500
0000000005
0505000005
0500050a05
0000000005
0000000000
0000000000
0000000000
0000000000
0000000000
0000000000
0000000000
0000000000
0000000000
0000000000
0000000000
0000000500
0000000000
0000000000
0000000000
0000000000
0000000000
0000000000
0000000000
0000050000
0000000000
0000000000
0000000000
0005050500
0000000505
0000000000
0500000000
0000000500
0005050000
0000000000
0000000000
0000050000
0000000000
0000000000
0000000000
0000000000
0000000000
0000000000
0000000000
0000000000
0000000000
0000000000
0000000000
0000000000
0000000000
0000000000
0000000000
0000000000
0000000000
0000000000
0000000000
0000000000
0500000500
0000000000
0000000000
0a00000000
0000000000
0a05050000
0000000000
0005000000
0000000505
00050a0500
0000000005
0000000000
0000050000
0000000000
0000000000
0000000000
0000000000
0000000000
0000000000
0000000000
0000000000
0000000000
0000000000
0000000000
0500000000
0000000000
0000000000
0500000000
0000000000
0000000000
0000050500
0000000500
0000000000
0000000000
0000000000
0000050000
0500000000
0005000000
0a05050005
050000050a
0500000505
00000a0500
0500000000
0000000000
0000000000
0000000000
0000000000
0000000000
0000000000
0000000000
0000000000
0000000000
0000000000
0000000000
0000000000
0000000000
0000000000
0000000000
0000000000
0000000000
0000000000
0000050000
0000000500
0000000000
0505050000
0000000000
0000000000
0000000500
0000000000
0000050000
0000000005
0505000000
0000000000
0000000000
0005000000
0000000000
0000000000
0000000000
0000000000
0000000000
0000000000
0000000000
0000000000
0000000000
0000000000
0000000000
0000000000
0000000000
0000000000
0000000000
0500000000
0000000000
0000000000
0000000000
0000000000
0000000000
0000000000
0000000000
0000000000
0000000000
0000000000
0a05000500
00050a0505
00000f0a00
0000050000
0005000000
0000000000
0000000000
0000000000
0000000000
0000000000
0000000000
0000000000
0000000000
0000000000
0000000000
0500000000
0000000500
0000000000
0000000000
0000000000
0000000000
0000000000
0000000000
0000000505
0000000000
0000000000
0000000000
0000000000
0000000000
0000000000
0000000000
0000050000
0005050a05
0000050500
0005050505
0000000000
0005050000
0000000005
0000000500
0000000000
0000000000
0000000000
0000000000
0000000000
0000000000
0000000000
0000000000
0000000000
0000000005
0000000005
0000000000
0000000000
0000000000
0000000000
0000000000
0000000000
0000000000
0000000000
0000000000
0000000000
0000000000
0000000005
0000000000
0500000000
0000000000
0000000000
0000000000
0005000000
05000a0000
0000000005
0000000005
0000000000
0000000000
0000000000
0005050005
0000000000
0000000000
0000000000
0000000000
0000000000
0000000000
0005000000
0000000000
0000000000
0000000000
0000000000
0000000000
0000000000
0000000000
0000000000
0000000000
0000000500
0000000000
0000000000
0005050000
0005000000
0000000000
0000000000
0000000000
0000050000
0000000000
0000000000
0500000000
0000000000
0000000000
0000000000
0000000000
0000000000
0000000000
0000000000
0000000000
0000000000
0000000000
0500000000
0000000005
0000000000
0000000000
0005000000
0000000000
0000000000
0000000000
0000000000
0500000505
0000000000
0000000000
0000000000
0a00000000
0000000500
0000000000
0000000000
0000000000
0000000000
0005000000
0000000000
0000000000
0000000000
0000000000
0000000000
0000000000
0000000000
0000000000
0000000000
0000000000
0000000500
0000000000
0000000000
0000000000
0000000000
0000000000
0000000000
0000000000
0000000000
0000000000
0500000500
0000000005
0000000000
0000000000
0000000000
0000000000
0000050000
0000000000
0000000000
0000000000
0000000000
0005000000
0000050000
0000000000
0000000000
0000000000
0000000000
0000000000
0000000000
0000000000
0500000000
0000000000
0000000000
0000000000
0000000000
0500000000
0000000000
0000000000
0000000000
0000000000
0000000000
0000000000
0000000000
0000000000
0000000000
0000000000
0000000000
0500000005
0000000000
0000000000
0000000000
0000000000
0000000000
0000000000
0000000000
0000000000
0000000000
0000000000
0000000000
0000000000
0000000000
0000000000
0000000000
0000000000
0000000000
0000000000
0000000000
0000000000
0000000000
0000000000
0000050000
0000000000
0000000000
0000000000
0000000000
0000000000
0000000000
0000000000
0000000000
0000000000
0000000000
0000000000
0000000000
0000000000
0000000000
0000000000
0000000000
0000000000
0000000000
0000000000
0000000000
0000000000
0000000000
0000000000
0000000000
0000000000
0000000000
0000000000
0000000000
0000000000
0000000000
0000000000
0000000000
0000000000
0000000000
0000000005
0000000000
0000000000
0000000000
0000000000
0000000000
0000000000
0000000000
0000000000
0000000000
0000000000
0000000000
0000000000
0000000000
0000000000
0000000000
0000000000
0000000000
0000000000
0000000000
0000000000
0000000000
0000000000
0000000000
0000000000
0000000000
0000000000
0000000000
0000000000
0000000000
0000000000
0000000000
0000000000
0000000000
0000000000
0000000000
0000000000
0000000000
0000000000
0000000000
0000000000
0000000000
0000000000
0000000000
0000000000
0000000000
0000000000
0000000000
0500000000
0000000000
0000000000
0000000000
0000000000
0000000000
0000000000
0000000000
0000000000
0000000000
0000000000
0000000000
0000000000
0000000000
0000000000
0000050500
0000000000
0000000500
0000000000
0505000000
0500000000
0000000000
0000000000
0000000000
0000000000
0000000000
0000000000
0000000000
0000000000
0000000000
0000000000
0000000000
0000000000
0000000000
0000000000
0000000000
0000000000
0000050000
0000000000
0500000000
0000000000
0000000000
0000000000
0000000000
0000000000
0005000000
0000000000
0000000000
0000000000
0000000000
0000000000
0000000000
0000000000
0500000000
0000000000
0000000000
0000000000
0000000000
0000000000
0000000000
0000000000
0000000000
0000000000
0000000000
0000000000
0000000000
0000000000
0000000000
0000000000
0000050000
0000000000
0500000000
0000000000
0000000000
0000000000
0000000000
0000000000
0000000000
0000000000
0000000000
0000000000
0000000000
0000000000
0500000000
0000000005
0000000000
0000000000
0000000000
0000000000
0000000000
0000000000
0000000000
0000000000
0000000000
0000000000
0909090909
0909090909
090d090909
130d0b0907
09070b0f11
0709090909
070d110b09
0b090b0907
0909090707
0709090909
090b090907
110f0d0d0d
0d0d0d0d0d
0d0b0b0d0d
0909090909
0909090909
1818181818
1818181818
1f18181818
1515121215
1815151518
1518181818
0f0f0c0f18
1515150f0f
1212151515
1515181f18
0f15151515
0f0f121215
1812120f0c
1818181515
1818181818
1c181c1c18
0505030303
0507070707
0905070707
130d0b0b0d
0f0f110d0f
0907050709
1111130f0f
0d0d0d1113
090909070b
090b0b0707
07090b0909
0d0d0d0d09
0d0f0f0f0f
090b0d0d0d
0b090d0f0d
070707090b
f0f0f0ecf9
f0f3f3f6f3
f6f6f3f3f3
1c1209fc02
151c181c18
fcf9f0f6ff
151f120f12
0c0f12221c
f9fcfffc0c
fffcf6f0f3
0c0602fffc
0c0f12120c
181815120c
f3f9ff0f15
fcf3ff06ff
f3f3f3f6f9
0705070707
0905090907
0705050709
0709090909
0b0b0b090b
110d0b0909
0f0d0b0f11
0b0b0b0f0b
0f0d090907
110f0d0b09
1111111113
1113111113
0b0b0f0f0d
0f0d0f0b09
0b0f110f0f
0b0b07070b
f3f0f3f3f9
f3f0f9f9f3
f6f0f0f3f6
f9fcf9fcfc
fcfffff9ff
120902fcff
180f151815
0c06090f15
0906fff6fc
150f090906
0c1212151c
ffff06060f
151512150c
02fcfffc02
fc06020206
f9fcf0f3f9
070707090b
0905070909
0709090709
0707070505
0909090b0b
0909090b0b
0d0d0d0f0b
11110b1111
0d0f0f0f0f
0d0b0b0d0f
1113110d0d
1111111315
0f0d0d0f11
11110f0f0f
0f0b111113
070b0f110f
f9fcfcfc06
f3f0f0f6fc
f0fffcf6f3
fcf3f6f6ec
f3f6f6fffc
f9fcfffcfc
06060f0609
0909ff1512
0902fcfc06
0f090f0909
0912121212
090602f906
120f0f0f06
ff12021512
f9f602020c
f6fc090ffc
090b0b0909
0b0b0b0b0b
11110b0b09
1315131515
0d0f111515
1113110d0b
110f0f110f
0d0d130f11
131717130d
110d0f1111
130f0b0d0f
0b0d111313
0d0d0d0b0b
110f0d0d0f
0d0b0b0d0d
0707090b0d
fc0c090909
fc0202fffc
0c0ff6fcfc
181c151515
fcfc09120f
121209ff09
0ffcf9ff12
060c06060f
020c180c06
12060c0cff
0f0f0c0f0f
0606090909
1515150f0c
1202ff0f1c
f9f6f6fc09
f3f3f6f9fc
090d0b0709
090b0d0909
0f0d0b0909
0d0d0d0b0d
11130f0f0d
0f0d0b0d0f
1313131511
110f0f1311
1113131311
1317130f0f
131313110f
0f0f0d1113
0f0f0f0f0d
090b11110f
090b0d0f0b
0909090909
060c09090c
09090c0606
150fffff06
181818151c
12120f0f15
0f0f0f1212
0f1212120f
120c0c0f09
0f1215120f
0c0c1209ff
0609090c0c
1c0f0c1212
121c1f1f18
f6f9060912
f6f6f9f9f6
f6f6f6f6f6
0b0d0f0d0d
0d0d0f0d0b
11110f0f0d
0b090d0f11
0b0b0b0f0b
110d0b0b09
1511110f0f
0f11111313
110d0b0d11
0f11111111
0f0f0d0d0f
090b0b0b0d
0d0f0b0b0b
0f0f0d0d0d
09090b0f0f
0909090909
090c0c0c09
0c0c0f0f0c
120f0f0f0c
0cff09090f
0c0c12150c
150f0c0f0f
1f12120f15
0f12120f15
0c0c0c120f
0906020f0f
090c0f0c0f
12150f0f0f
ffffff0912
ff02fcfcf9
f6f6f9ff06
f6f6f6f6f6
0b0d0d0f0b
0d0b0b0d0d
0d0b0d0d0d
131513110f
090d0f0d11
0d09090b09
0f0d0d0d0d
110d0d0f11
1111111111
0d0f11110f
0d0d0b0b0d
0f0d0d0f0d
0d0f0f0d0f
0f19170f0d
0f0f0f0f0f
09090b0f0f
0c0c0f120c
0c0c0f0c0c
0f0f0f0f0c
15180f0f0f
0c0c0c0c12
0c0909090f
0c0f0f1212
0f12120f0f
120f120f12
02060f0f0f
0f0f0902fc
121812180f
ff02020612
ff1c1c02ff
0202ffffff
f6f6fcff06
0d090b0909
0d0d0d0f0d
0f0f0d0b0d
0d0b0f0d0d
0f0f0f0d0d
131513110d
0d0d11110f
0f0d0d0d0d
0f110f0f0f
131111110d
0d0b0f0d11
0b0b0b090f
0f0f0f0f0d
0f0f0f0f0f
0f0f0f0f0f
090b0f0f0f
090c0f0c0c
fc020c0f0f
0c0909fcff
0f0c180c0c
0f12150f15
090f0f0f0c
12120f1212
121212120c
1512120f12
151515180f
1809121212
0c12151518
ffffff020c
ffff0209ff
ffffffffff
f3f6ffffff
0b0d0b0707
090f0d0b09
0d09090d0d
110d0f0f0b
111111110f
0d0d0d0f11
1111110f0f
1113131313
1313131113
0d0f0f0d13
0b0d0d0f0f
110f0d0b09
0f0f0f0f11
0f0f0f0f0f
0f0f0f0f0f
0f0f0f0f0f
0c0c0f0c0c
0609120c0c
0c09fc0602
0f0c120f0c
120c0f0f0c
ff0c0c0f0f
f9fcf6f6f6
0606060202
02ffff060c
090c0c09ff
1818181f0f
0202090f1c
ffffffff02
ffffffffff
ffffffffff
ff02ffffff
0d09090b07
0b0b07070d
110b0b0b09
0d110f110f
0f110d0d11
17130d0b0b
0f0d131113
0b0d0d0b0d
110f110f09
1513131311
0d0b0d0f11
110d0d0f11
0f0f0f1111
0f0f0f0f0f
1113110f0f
110f0f0f0f
0f0f0c0f0f
0c090cfc0c
fc02ff020c
020c0c1206
0c0c0c0f0f
1812120f0c
ff060c0c12
f9fcfffffc
ffff02fff9
1506020202
fffcff0c15
fffc020206
ffffff0202
02ffffffff
090c02ffff
02ffffffff
0b07090709
0b0b0d0d09
0d0b0b0b0b
0d0d0d0d0f
0d0d110f0d
0f0d0f0f0b
1113111111
1313130d0d
0d0d0f1113
09090b0d0d
0f11130d0b
1719130f0d
0f0f0f0f11
1311110f0f
11130f1313
110f0f0f0f
060c090c12
0c0c090609
06f9fcff06
02ff020209
ff02f902fc
0609090902
f6fc02ff06
0202fffcf6
f9f9fc0202
0f09ff02ff
090c0f0915
120c06fcfc
0606020215
0c060606ff
0612090f12
fffcffffff
0b0b070707
0b0b0b0f0d
0d0d0f0b0d
0f0b0b0d0d
0d0d0d0d0f
1111110f0d
1111111111
0d0d0d0f11
0f0d0f0d0d
0d0f110d0d
0f0f13110f
1119171511
11110f1111
1513111111
1113151313
1315130f0f
090c0c0c0c
0902ff0602
0209090206
f9f6ffffff
0602fcf9fc
02060c0c0c
0202ff02ff
fcf9f6ffff
02ff02ffff
090f120906
15121206ff
1c1c18120f
0f0909151c
120c0c0912
020c121215
fcff02ffff
0907070507
0d0d09090b
0d0f110b0b
0f0d0b090b
0d0d0b0f0f
0d0d0f0b0b
0f0d0d0d0d
0d1111110d
09090b0b0d
110d0f0b07
11130f1317
110f111511
1313131111
1315131313
13110f1111
1317170f11
0202020609
f9fcfcfc02
ecf0f6f3f6
09fcf9f0f0
090c0c0c09
fcfc090906
020602ff02
02ffff0206
06060602fc
0c0c0f0c0c
18120f0f0f
1c15181f18
0f0f12120c
15180f090f
02fc091218
181812ffff
0707070707
0707050b09
0f0f0b0707
0b090b0d0d
110d0d0b0b
0f0f0d0f11
1111110d0f
0f0d0b0f11
110f0d0f0f
11110d0f0f
1115151111
11110f0f0f
1313111313
1715131515
1515151719
1715131311
f6f6f6f602
f3f0f3f6f9
f6f3f3f0f0
fcfcf9f6f6
06090906ff
f3f6f6fcff
f6ecf3f3f6
f9f6f3f6f6
fff6f3fcfc
120f0c06ff
181f1c1815
090c090f15
1215060c09
120f0c1215
0c1212181c
06fcfffc02
0707050905
0907070707
0b09090b0b
0b0f110f0f
0d0d0b0b0b
11110f0f0d
110f0f0f0f
0d0d0f1113
0d0f0f0d0d
111113110d
151715110f
1115151515
1513131313
1113191715
1917151311
1113131517
f3f0f0f002
f0f0f0f0f0
f6f0ece9ec
f0e9f6f6f3
f0f0f0f3f3
f9f9fcf6f6
f6f6f6f3f6
f3f6f6f9fc
f9f3f3f9f6
12120f0c02
120f06120f
0f1212120f
1812151212
1812181818
06020c1518
0f0202ff02
0705050705
0b090b0b07
0f0f0f0b0b
1111110d09
0f0f11110f
0f0d0b0b0f
0f11111111
0f110f0f0d
0d0f0f110f
1b1915130d
1311171917
1315151917
1315151313
1717131717
1715171515
0d0b0b0f13
ecf0f0f0fc
e6e6e6e3ec
e9e9e9e6e6
f3f6fcf6f0
f3f6f9f6f3
fff9f6f3f3
fffcfffffc
f9fffcfff9
f6f3f9fff9
120c0609fc
0f15121212
0f0f0c060c
121512120f
0609121215
0902ff02ff
0f06ff0202
0b07050705
0f0d0b0909
0f0f0f1111
110f11110f
0d0f0d0f0f
0b0b0d0d0d
0d0d0b0b0b
110d0b0d0d
11110f0f11
111113110f
131313130f
0f0f0f1313
131515130f
1313131313
0b0b0b0d11
0b0b0b0d0d
e9f0f0f002
f3f0e9e6e6
e9e9e9ecec
f3f3f3ece9
f6f9f6f3f3
fcf6f9fcfc
0c0906fffc
fffcff090c
ff02fcf9f6
06060602ff
0606060202
0f0c0c0c09
f9ff060c0f
f6f6f9ffff
f6f6f6f6f6
0c02fcfcf6
0907070905
0d090b0b0b
0f0f0f1111
090b090b0d
130f0b0b0b
0d0f131511
1111110d0f
0f0d0b0b0d
0d0d111311
13110d0d0d
0d11131315
1713131311
1111111315
0f0f0f0d11
1111111111
0d0b0d0d0f
ecf0f0f002
f3f3ece6e6
e9f0f3f3f3
f6f6f0f3f0
0c02f9f3f6
f6f6f90c0f
f9060202fc
f9f9fcf9fc
fc06060906
fffcf9f6f9
060606fcf9
0909060606
fcf9fc0906
f9f6f9f6f9
0c060202fc
120c0c0c09
0b09050707
0709090b0b
0d0b090909
0b0d0b0b09
0705090b0b
0f0f0b0709
0d0b0d0d0b
0d0d11110d
11110d0b0b
111313110f
1313131111
1315151313
110f111111
1111111111
0d0b0b0b0f
0909090b0b
f0f0f0f0ff
f6f3f6f3f0
f6f3f3f9f9
f3f3f6f6f3
fff6f3f0f0
fffffcff02
f3fc060602
fcfcfff9f6
f9fffc0609
fffffff9f6
f9ff020906
fcfffcf9fc
f9f6f9f9f9
0902fffffc
0c0c090602
0f0f0f0f0f
110b090703
fdfd03090f
05070705ff
0d0d0b0b0b
0b0b0b0f0b
0b07090909
1113130d0b
0f0f090d11
110d0d1113
0d0d0f1111
0f11131311
1111110f0f
0f11111111
0d0d0d0d0f
0f0f0d0d0b
0f0d0d0f0f
f3f6f3fc0c
f6f3f3f6f0
f0f3f3f6f6
f3f3f6f6f3
f3f0f0f3f3
f3f3f3f0f0
f3f3f0f0f3
f3f3f3fcfc
fcf6f6f9ff
02ff060202
f9f6f9fcff
02fcf6f6f6
090909ffff
0c09090c06
06090c0c06
09090c090c
07fdf7f9f7
0909050509
0307090307
0b05070905
0d0d0d0b0b
0f0d0b070b
090b11110f
111311110d
11110f0f11
15110f0d0d
1111111113
0d0d0f1111
0b0b0d0b0d
110f0f0d0b
1113110f11
0d0f0f1111
f0f3f3f302
f3f3f3e9e6
f0f0f3f3f3
f9f9f3f0ec
06060606ff
f0f3f0f0f3
ff0206fcf6
fcfffcffff
fffcfffcf9
fcf902ffff
02fcf6f9f6
0906090906
06090c0909
ffffff0206
f902fffcfc
0f0f0f0902
09050101ff
0507050909
0b090f0d09
0b0f0f0b0b
01ff03ffff
0b0b0b0b09
0d09070507
0d0f0d0b0d
0f0f0f0f0f
1111131111
0d0d0d0d0f
0d0d0d0d09
0f0f0d0d0d
0d0d0d0f0f
0f0d0f0d0d
0d0f110f11
e9ece9f302
f9f6f3f0e6
f3f6fcfcf9
fcf9f9f6f6
ff09ff06fc
f0f3f0e9f3
f3f9f3f3ec
02fff6f3f3
f3fffffcff
f9f9fcfcf6
fcfcf9f9f6
06fcfc0202
f6fcffff06
f9f6f6f6f6
fffffffffc
090f0f0c02
0d110f0501
f5f5f90d0f
0501fdf3f3
0305030709
0f0f0905ff
0f0b0d0d0d
0b0b0d0d11
0b0b0d0d0d
13130f0d11
0b0b0d1111
0f0f0d0b0b
110d0f0f0f
110f11110f
0f11110d11
0d0d0d0d0f
0f0f110d0d
e9f3f3f302
f6f3ece9e9
fcf9fffcf9
fc02fcf9ff
f3f9fcf9f9
f3f0f3f3f3
e9e9e9f0f3
f0f0f0ece9
f9fcf9f6f9
f9fcfcf9f6
f9f3f9fcfc
f9f6f9f9fc
f9f9f9fcff
fcfcfff6f9
02ffffff02
09090202ff
13150703f3
fffb050f0f
f7f9f3f9fd
f7f9fbfdfb
0907fffdfd
05050b0f0b
0b0d110d0b
0d0b0d0f0f
0d07090b0f
0b0b090b0d
0d0f0b0b0b
0b0b0b0b0b
0d0d0b0b0b
0b0b0b0b0d
0b0b0b0b0b
0b0b0d0d0b
e9ecf0f306
f9f6f0e9e9
f6f3f3f3f3
060602fcf6
f3ff090909
f3f3f6fcf6
f6f3f6f6f6
f9f6f9f9f3
fffffcfcfc
fcfffcffff
fcf9fffcfc
f3f3f0f3f9
fcf3f3f6f6
fcfcf9f6fc
0602fcfcfc
0c0c0c0c06
1913fff3f3
f3f7071113
f90105fdf3
fffffff9f7
fffbfb05fd
010305ffff
030505ff03
0501030705
0d0b0b0905
0d0b0d0d0b
0d0d0b0b0f
0d0d0d0f0d
0d0d0b0b0b
0b0b0b0b0b
0d0d0b0b0b
0d0d0d0d0b
f3f6f6f909
f9f6f9f6f3
fffcfcfffc
f6f9f3f9ff
fcf9f3f3f3
fcf9f9f9fc
f9f9f6f9fc
fff9f6f6f9
fcfcfcfcfc
fffffffffc
f9f9fcfcfc
fcfcf9fcf9
fcfcfcfcfc
fcfcfffcfc
0606fffcfc
0f0c0c0c0c
09f3f3f3f3
f7f9fb1113
f5f3f3f5f5
fffdf9f3f3
f9fdfdfffd
fdfbfffdfd
01fffd01ff
05070505fd
0907070709
07090b0909
0709070907
0b0b090907
0b0b0b0b0b
0b0b0b0b0b
0b0b0b0b0b
07090b0b0b
f3f6fcff0c
f6f3f6f9f9
f9f9f6f3f6
f6fc06fff9
02ff02fcfc
0202ffffff
0206fffffc
fcffff0202
fc02fffffc
fcfcfcfcf9
f9f9f9f9fc
f9f9f9f9fc
fcfcfcfcfc
fcfcfcfcfc
fffcfcfcfc
0909090906
f3f3f3f3f3
fffff9f7f3
f7fdfdf7fb
f7f7f7f7f3
01fdf9f9f7
fffdfdfdff
07030505ff
0507050505
090b0b0905
0b0b090b0b
0b0b0b0b0b
0b0b0b0b0b
0b0b0b0b0b
0d0b0b090b
0b0b0d0d0b
090b0b0d0b
f6f9fc020c
f3f3f6f6f6
fff9f9f6f6
02f9ffffff
0209090902
09090606ff
0909060609
ff02090909
fcfffcfcfc
fcfcfcffff
fcfcf9fcfc
fcfcfcfcfc
fcfcfcfcfc
09060602fc
0909090909
0c0f090c09
f9f3f3f3f3
f7f5f7f7f7
f3f3f3f3f3
f9f3f3f3f3
fffdfdfdf9
ff01ff01fd
0505fffdff
0705050505
0b0d0b0907
0b0d0b0907
0b0d0d0b11
110b0b0f0b
110f0f1111
0f0d110d0f
0f0b0d0f11
090d0d0d0f
ffffffff0f
f9f9f9f6fc
02fffcf9f9
0202020202
0c0c020906
0c0c0c0c0c
090c0c0c0c
0909090909
ff02020602
09090906ff
060c0c0906
0c09060206
0f0c0f0f0f
0c0c0f0c0f
0c0c0c0c0f
0f18181512
f3f3f3f3f3
f3f3f3f3f3
f3f3f3f3f3
f7f7f7f3f3
fbf9fffdf7
fffdfffffb
05ffffffff
0905050505
09090d0d07
0907070507
0b0b090d0b
0d0d0b0b0d
0d0b0d0d0d
0d0d0d0d0d
0d0d0d0f0d
0b0b0b0b0d
fcff02020f
f9f9f9f9fc
fcf9f9f9f6
02fffcf9fc
0206060202
0606060606
ff0c0f0c09
02ffff0202
090f0c0c06
0c0f090c09
0c0c0c0c0f
120f0f0c0f
0f0f0f0f12
15150f1515
12181f1f15
0f0c181515
fff3f3f3f3
f9f7f7fd07
fdfdf9fdfb
fdfdfdfdfd
fdfdfdfdfd
07030301ff
0507070909
0707050705
050505ff05
0707050505
0d0d0b0907
0b0b090909
0b090b0709
0909090909
0909050505
070707090b
f9fcfcff0f
fcfcf9f6f0
f3f6f6f0f6
f3f6f6f3f3
f6fffcfcf3
f3ff1212f9
f3f3f6f9f9
fcf3f0f0f0
090f0c0902
0c0f0f0c0c
12120f0c0f
12090c0f0c
15150f090c
150f0f0f12
120c09090c
0c06090f18
f9f7f5f5f5
f7f7f3fb03
fdfffd01fd
fdfdfffdff
fffdfdfdfd
0107fffdf7
0705070505
0d09070705
0b0b0b0b09
0b0b0b0b0b
05050b0d0d
0709070707
0907090909
0503010707
0305050505
0101050305
f3f602ff0c
f9fcf9f3ec
f3f6f6f6f9
f6f3f3f3f3
f3fcfff6f9
f3f9f3f6f6
f0f0f3f3f3
f3f0f0f0f0
f9f6f6f6f3
fcfffcf3f3
0609f9fffc
0f090c0f09
0c0c090f09
060c0c0c0f
ff02020606
f9fc02f606
05f9f9f7f3
f7f7f50307
fffffdfff9
fdfdfd01ff
05fffdfdfd
0505050707
0707050505
0907070707
0b0b0b0909
0b0b0d0b0b
0f0f0f0d0b
0f11111111
1111111311
0903ff0d0f
0505090905
ffff030303
f3f6f6fc09
f6f6f6f3f0
f6fcf9fcf6
fcfcf9f9f9
02fcffffff
fcfffcf9ff
f9f9fcfcfc
f9f9fcfcf9
fcfcfcf9f9
fcfcfcf9fc
f6f6fcf6f9
f6f9f6f9fc
f6f6fcfcf6
f9060209f9
02fc0602fc
f6fcfff6fc
05f9f7f7f9
f9f7f90505
fffdfffffd
fdfffdfdf9
0501fdffff
0505070707
0505050505
0709090705
0d0d0f0b09
0b0b0b0b0d
0f0d0f110d
0f110f0f0f
0f11110f0d
15110b0f0f
11130f1111
0505090f11
f3f9ffff0c
f9f6f6f3f0
f9f9f6f9f6
fffcffffff
fcfcfffffc
fcfcf9f9fc
fcfcfcfcfc
fcfcfffcfc
fffffffcf9
fcfcfcffff
f9ffffffff
f9f9f6f9f9
fcf6f6f6f6
fc1506fcf9
0206fffffc
f6f3f3fc06
05fbf7f7f7
f7f7fd0505
fdfdfdfdff
0101fdfdff
03050505ff
0505050505
0707050505
0b09090907
09090b090b
0b0b0b0b09
110d0b0d0d
0f0d0f0f11
0f0d110f0f
1501071111
1111110f0f
0d1111110f
f3f6f6fc09
fcf6f3f0f0
f3f6f6f6f9
f6f3f3f3f3
fffffcf6f6
fcf9fcfcfc
fcf9f9f9f9
fcfcf9fcfc
fcfc02fcff
fcfcfcfcfc
0602ff02fc
fcfcff0902
f6f6f6f6fc
ff181202fc
0c02ff0202
0f0c0f0f0c
07fffffdf7
fdfdfd0507
fdfdfd01fd
0705050505
0705070307
0505050705
0907050505
0b0b0b0909
0b0b0b0b0b
0b0b0b0b0b
0b0b0d0d0d
11110f0d0d
1111110f0f
1513111111
0f0f0f0d11
110f0b0d11
f0f3f3fc0c
f3f3f3f0ec
f9f3f0f3f6
f9f3f9f9f9
fcfcfcfffc
f9f9f9fcfc
f9fcf9f9f9
f9f9f9fcf9
fcf9f9fcfc
fffcfcf9fc
fcf9f6fcff
ffff0202ff
ffffffff02
f9180f0602
02fcf9fcfc
0f0c0c0c02
05fdfffffd
fdfdff0709
03070505fd
01fffdffff
050505ff05
0505050505
0705050505
0f0d090b09
0f0f0f0b0b
0b0b0b0d0b
110f0f0f0b
11110f0f0f
111111110f
1307031911
19130f0f13
1517191713
f3f3f9ff06
f6f6f3f6f3
f6f3f0f6f3
f9f6f9f6f6
fcfcfcfffc
fcfcfcfcfc
fcfcfcfcfc
fffcfcfcfc
fcfcfcfcfc
fcfcfcfcfc
fcfcf9fffc
02fcf9fffc
0906ffffff
090f1c1809
180c02ffff
182222181f
03fdfffdfd
fdfdfd0307
0505ffffff
05070507ff
0705070505
0709090705
0b0b0b090b
0b09090b0b
0b0b0b0b0b
0b0b0b0b0b
11110f0f0d
110f0f0f0f
1313131111
1507ff1313
111519171b
191f1d1507
f3f3f9ff06
f3f3f3f3f0
f3f6f6f3f0
fcfcfcf9f6
fffffffffc
0206090602
fc060602ff
fffcfcfcf9
fffffcfcfc
fffcfffcff
0202ff0202
02ffff0202
1512020202
1c0f181c15
1f1c222525
1815fc021c
01ff030707
01ff050309
09070301ff
070b090901
0705050707
0507090505
0909070707
0b09090909
0d0b0d0b0b
0f0b0d0d0f
0d0b0d0f11
1111110d0d
0d15171713
fd01010301
01fdfdfbfb
1513171913
121c150c0c
f902090c0f
06f9f6f6f6
02090c0c09
fffcfcfcfc
02ffffff02
ffffffffff
fcfcfcfcff
fffcfffcfc
ffffff02ff
090202ff02
0c090c0909
25181c181c
f9fc090c1c
f9f3f3fcf6
1f25282815
f3f3f1f3f3
fff9f7f3f3
050707fdfd
0b05ffff01
070d0b0b09
0b0d0f0b07
0b090d0d0f
0b0b0b0b0b
0d0b0b0b0b
0d0f0f0d0b
0f0d0f0d0d
0f11111711
fffff5f90d
fdfffb01ff
fdfffffd01
fffdfdfbfd
091218151f
1512151515
1818151818
1c1518181c
1c1818151c
1c181c1c22
fcf9f90f15
06fffcfcfc
0602ffff06
02fcfc02fc
06ff0206fc
1f18150f0c
ff06ff1c1c
f0f3f0f6f6
ecf3f3f0f0
ececf3f0f0
f3f3f3f3f3
f7f7f5f5f5
f7fbf9f5f5
f9f9fbfdfb
fbfbfdfbf7
f9f9fbfbf7
11111105ff
0d0b090b0b
0d090b0d0f
19110f090b
1315111317
f7fd0d0d13
0103f9f7fb
fdfdfbfdfd
ff01ff01fd
01fdfdfdfd
0c0909090f
1212121512
1212121212
0606090c15
09090c0909
0906fc020c
f3060cfffc
fcfcfcf3f3
f9fcfcfcff
0cf6f9f6ff
1c18151212
091f221522
ff06f6f3f9
f3ecf3f3fc
f3f0f9f3f3
f0ece9f0f0
f3f3f3f5f3
f7f9f5f5f5
fbfbf9fdff
fbfbfdfdfb
fdfdfffdf9
11130bfbf9
15150b0d11
0b0f151715
1515190f0b
1317191d17
070907050b
f5f5f90907
ff03f9fbf7
f7fdfdff01
01fffdfdf5
ff01fdfdfd
090909090f
1515151215
1215151515
0c090c0c0c
f906ff060c
f6f0f9f3f9
0c0f0909f9
f3f60c121c
151c1502fc
15181f221c
0c1212181c
f3f302181c
f906f9f3f3
f0f0f3f6f6
f6f6ecf0f0
f3ecececec
f9f9f9f9f3
f9f3f3f5f9
f9fbf7fbf9
f9fdf9f9f9
1b0301fbfb
0f110f1111
050107070b
1115110b0b
fd010f1313
070b03ffff
ff05030907
fbf7fbf7fb
ffff01fbff
fd0101fbff
fdfff9fbff
01fdfdfdff
090c09090f
120c0c0909
09090c0f0c
0209ff0602
f90f0f0602
f6f9f3f9f0
020c180c02
181c121c18
1518121f18
06f6f60609
0c090c18f6
09f6f9f9ff
fc0c0f0612
f0fcf6f0f9
ecf3ecf0f3
ecf3f3ecf3
f3f5f3f3f3
f7fdfbfdf7
01fff9fbf9
01ff030503
15fffbfbfd
1119171513
ff0101fb0f
fbfbff0701
1105090501
01130d0d0f
f7fb050503
f5f7f9f9f7
ffff010301
fffffdfdfd
01fbfdff01
fffffffffb
09090c090f
0f0f15120c
0c090c0f09
12090c020c
090f0f0c15
0206180f12
ff0cff151c
18f60c1802
0f0c060918
1cfc0209f9
f60f1c1806
0ff6f6ffff
fcf9fc0f0f
f6f0f0f0f3
f6f0f0f3f9
f0f3f6f0ec
f9f5f3f3f3
f3f5f7f7f5
ff01f7f5f5
fd01030303
07f9fbfdfb
070b05110d
03fd0505f9
010303030b
13151109fd
0515151119
f7f9f7f9fd
fd01fbf3f7
0101fffd01
ff01ffff01
fdfbfdfffd
01fd01fffb
0c0f090f06
0f0f0c090f
09090c120c
15180f0f0f
0f0206060c
1f18281c12
ff0f0c021c
0c06060f12
152215fc09
22281c2528
fff9f9ff0c
0f0cff0609
f9f9f9fc06
f3fcf6f3fc
f0f0f0f3f3
f0ecf6f3f6
f3f7fdf9f9
f3f9f9fbf9
05fdfdf5f7
fbfbfd0305
f5f9fbfdf9
f7f7f7f9f7
f9ff01fff9
13030305fd
fbf5fdff0b
fbfbfbf7f5
f7f7f5f9fb
ff01f9f7f5
ffffffffff
ff01fffdff
ffffff0101
ff0101f7f7
090c06090f
0909090cff
1212ff020c
091212150c
09ff0f0f09
0ffff9fc09
fc0c0c0209
1802060902
f9fff3f915
090c09f6f3
0f0ffcf9fc
0209151c15
f6ecf6f3f3
f9f0f3f9fc
ecececf6f0
f0f3f0ecec
fbf9f9f5f7
fbf9f9fbf9
fbfbfbf9f9
fdfdfbfdfd
f7f9f9f9f9
f7f9f7f7f7
070501fbf9
0d01050309
fbfbfb0309
f7f9f9f7f5
f9f5f5fbfb
fdfdf9f5f9
01fdfffffd
fffffffdff
fffbfdfdff
0301fbfbfb
f909fc0202
09090609fc
0f0c060902
0c150f1518
f9f902ff0f
f9fcf9f9f9
1506060cff
0f0c06060c
ecf0f90c0f
02fff9f6f0
0f1512ffff
f6f90f0fff
f9f0f3f9f6
f3f3f9f9f6
ecf3f0f0f6
f0ececf0f0
f9f9f9f9fd
f9f9f9f9fd
fdfdfffbfb
f9f7f7f9f9
f9fbfbfdfb
f9f9fbf9f9
03fffbf7f7
f9fd050305
fbf9fbffff
f9fbf9f9f9
f9f7f7f9f7
01f9fdfbf9
fffdfd0101
01fb01fffd
0101ff01ff
fdfbfb01fd
0f09f9020c
0909060606
0c0c0c0c09
f9f902fc0c
fcfc02f9ff
09fcfcf9f9
12f9fcf9f9
f909090f15
f9f9ff0c09
020202f9fc
0215120ffc
f9fc090cfc
f3ecf3fcff
fcf6f9f3ec
ecf3f3f6f6
ececf0f6ec
f9f9f9fbfb
fbfdfdfdfb
f7fbfdf9fb
fbf9f9f5f7
f9f7f7fbff
f7f7f9fbf9
f9fffff7f7
f5fdfdf7f7
f9f9f9fbf9
f5f7f9f7f9
fbf7f3fbf9
fbfbfdf3f9
fffd0103fd
fdfdffffff
01f9fbfbfd
fdffff0101
06f9ff060f
0c0c0c0c09
ff09090c0c
fcfcfcfcf9
fcf6020f06
f9f9fcf90c
f9fcfcf3f6
f606fcf9f6
fff9f9f6f6
fffff3ecfc
1c0c150cf9
09ff090f18
f6f3fcfcf9
f3f0ececf3
f3ecf3f6ec
ecf3f6ecec
fbf5f7f9f9
f7f7f9f7f9
fbfbf9f7f7
f9f7f5f9f7
f7f7f9f7f7
f7f7f7f9f9
f9f9f7f7f7
f1f7f7fbfb
fbf5f7f9fb
f7f9f7fbf7
fbfbfffffb
fffdf9f7f5
fdfdfffbff
0101fdfb01
f9fd0101fd
03f7fd01fb
fcf9f3f302
f9f9fc0f02
fcf9f9fff6
fcfcf9ffff
f6f6f909f3
f3f3f9e9f0
f902f6f9f0
02f9ecf0f0
f6f9060906
0f0f0c06f3
f0fcff0209
0c060c06ec
e6ece9ecf9
e9ece9f0ec
f0f3f3f6f3
f3f0f3f0f3
f7f5f9f7f7
fbf5f9f9f7
f9f9f5f5f9
f5f7f9f7fb
f5f5f9f1f5
f7f9fbfbf9
f9f5f9f7f5
f7fbf9fbf5
fbfdfbfffb
f9fff5fdfd
fdf9fbf9fb
fff9f9fbfd
fd03030309
01fffd0303
fbfbfbfb05
fffdfffdfb
f3f0f0f3f9
0f02fcfff9
02ff09ff09
0f09f6f609
e9ecfc0f12
e9f3f3ecec
ecf6f3e9ec
151512f6f6
181c151815
1c18151815
1515151515
0f12151812
060f0f0f12
0c0c120906
e9ececf3ff
ecf3f3e9e9
f7f9f7fbf9
f5f7f7f5f9
fbfbf7f9f3
f7fdf7f3f1
f9f7f7f5fb
f7fff9f5f7
fbf9f9f7fb
fbf7f7f7f7
f9fbfdfffb
fbfff7f9f9
fbf7f7fdfd
fbfffbffff
fffb03fdf9
fdf7fffb01
050503fdfb
03fdfdfb01
f0f0020cff
fcfcf0fff0
1206120cff
f6fffcff0c
09180c0cf9
fc020c0902
1212151512
181c12221f
0c15121c1c
0912120f0f
1c1f180c0c
220f18181c
1515121212
0f0f0c120f
15180f1815
ecfcfc0c18
f7f7f7f9f9
fbfdf9f7f5
f9f7f9fbf7
f9f3f7f5f7
f5f3f5f9f7
fbfdf7f5fd
f9f3f7f7fb
f5f9f7f7f5
f9f7f9fbfb
fbf9f9f9f9
f9f9fbfbff
fdfff9f9f9
fffbfdfdfb
fbfffbf9fd
f9fdf7f9f9
fff7f9f5f9
f9f0f0020f
ff0c0cf6f0
ffff0ffff9
f9fcf9fff9
150906f6f0
1812181f1f
251c1c1818
06ff091515
f6f6f3fcff
0cfcfffcf9
09fffc09f9
151818120c
0c15121812
120f0f120f
121512151c
090609fcf6
fbf7f9f7f9
f5f9f7f5f7
f9f7f5f7f9
f7f7f9fdfb
fbf3f9f7fb
f7fbf7f5f5
fbf7f7f7f3
f9fbf7f9f7
fdfbf9f9f9
fdfffffbf7
fbfbfffdfd
fbfbf9fbfd
01fbfbf9f9
fdfffdf5f9
f5f5f9f501
fffbfdf7f7
09f9fc0c09
09090c0209
0c0902f902
fc0902060f
150c0cffff
060c0ffc0c
fcfc020cff
fcfcfcf0f3
09090209ff
060909060c
090cff09f9
0c0f020906
0c121c0f0f
0c0f0f1212
1c221c1f15
fc020c0c0c
fbf7f7fbf9
f7f7f7f9fb
f7f9f9f7f9
f5f3f7f9f9
fbf7f3f7fb
fdf7f7fbf7
f9fbf7f9f9
f9f7f7fbf5
f9f7f9fdf9
fbf9f9fbf7
fbfffff9fb
f7fbfdfbfb
fdfdf9fdf9
f901fdfb01
fdf7f9fdfb
01fbf3f7f9
0f12fc0c06
fffcfc09ff
02fcfff6f9
0f02ff1209
0f06090c06
0cf9fff0fc
090c02fc02
0c0f090c0f
fc06060c09
fcfcfffcff
ff02f90902
ff02fc0209
181502f9f3
22151c1f1c
1202fc1506
ff0609120c
f9f7f9f9f7
f9f9fbf7f7
f9f9f7f7f9
f9f9fdfdf7
f7f5f7f9f9
f7f9f9fbf9
fbf9f9f9fb
f5fbfdf9ff
fdfbf9f9f7
fdfbfffdfb
f9fdfffbf7
f7f7f7fbf9
f5f5f9f7fb
f7f5fbfdf5
f7f9fdfbfb
01f9f9fbf7
fff902fcf9
f0f9fcf3f3
fcfcf9f9fc
f9fffc02f9
1c150c1809
f6f9f60c12
0202fff9fc
f0fcf6f306
f9f3e9f0ec
f6f3f9f9fc
02fcf6f9f3
09ff02020f
1815150f0c
0f060f181c
1f09120f0f
ff18151c1c
f9f7f7f7f9
f5f9f7f5f7
f7f7f7f9f7
fdfbf7f5f5
f7f5f5f9f7
f7f7f5f3f7
f9f9f9f9f9
fbf9fbfbfb
fbfbfffdf9
fffbfbfbff
fbfdfffdf9
f3f7fbfbf7
f9f7f9f7f7
f7f7f7f5f7
f7f7f7f5f7
fff7f9fbf7
f3f6f3f3f0
f3fcf3f3f3
ecf6f6fff9
f6fcf0f6f0
120f06f6f9
ff09150f0f
09090202fc
fc02ffff02
f6f9090c06
ff0c120c02
02fffcf906
ff02120c02
0c060f0f1c
f9f3f0f9ff
02f9f9ecf3
120c1c0c02
f9f5f5f7f7
f5f7f7f7f7
f9f9f7f5f7
f9f7f7fbfb
f7f7fbf7f9
f7f9f7f9f9
f9f9fdfbfb
fdf7f7f9fb
fbf9f9f901
fbf7fbf9f9
fffb01fff9
f9fbf7fbfb
f9f9f7f9f5
f7f9f7f7f7
f9fbf9f7f9
fff7f9f7f7
f0e6ecf3fc
f0f6f6f9f6
fcfcf9ecf3
fffcf9f9f3
fff606fc02
09fffffcfc
02ff02fc0c
fc02f9fc0c
09fcfcfc06
02fc0202fc
f9fcf9fcf9
0c0c02fff9
fffcf90202
f6f0f6f6f0
fcfcf9f3ff
f9fffff9f6
f7f7f5f5f5
f7f5f5f7f7
f7f5f5f7f7
f7f5f3f7f7
f5f7f7f7f7
f9f7f5f7f9
f9f7f7f9fb
fbfbfbf9f7
fdfbfbffff
f9fbfbf7f9
f7fdfffbfb
fbf9fdfffd
f7f9f9f7fb
f7f7f5f7f7
f9f7f5f7f7
fdf7f7f5f7
f9f6e9e9f6
ecf0f0e9ec
fcf0e9f3f9
f9f0f6f3fc
f0f0f6f9f9
fff6f0f3f0
f3f3f90206
09fcf6fff9
f9fff9f3f9
f9fcf9f9f9
f9f9f6fcfc
fcf6fcf3fc
f3fcfcf9f9
f0f0f0f0f0
fff0f0f0f3
f6f9f6f0f9
f7f7f5f5f7
f5f5f7f9f7
f5f5f7f9f5
f5f7f7f5f7
f7f9fff3f7
f7fbf7f7fb
f9f5f7f7f5
f7f9f9f5f7
fbf9fdfdf9
fbfdf7f9f7
f7fbfffffb
fbfbfbf9fb
f7f5f9f9f9
f9fbf7fdf9
f7f5f9f7f7
fbf5f7f5f5
e9f6ece9f6
ecf0f0e9e9
ece9ece9f0
e9e9f0e9f0
ecece9f3e9
f6f3f0f3f0
f9fff9f9f0
f9f6f3fff9
f9f3f9f9fc
fcfcf902f9
f9f9fff6f6
f0f6f3f602
f0f0f3fcf9
f9f6f0f3f3
f3f0f3f0f0
f9f0e9e9ec
15150f0f0f
1515151515
1c1c1c1515
1515151515
1515151515
1515151515
1515151515
1515151515
0f15151515
151515150f
0f15151515
1515150f15
0f0f151515
0f150f0f15
0f15150f15
08080f1515
0801010808
0801080808
0101010101
0101010101
0101010801
0101010101
0101010101
0101010101
0101010001
0100000101
0000000001
0000000000
0000000000
0000000000
0000000000
0000000000
0f0f0f0f08
150f0f0f0f
1515151515
1515151515
1515151515
1515151515
1515151515
1515151515
0f0f0f0f15
0f15150f0f
01010f0f15
1515150f08
1515151515
1515151515
1515151515
0f0f151515
0f0f0f0f0f
080808080f
0108080808
0101010101
0101010101
0101010101
0101010101
0101010101
0101010101
0001010100
0000000100
0000000000
0000000000
0000000000
0000000000
0000000000
15150f0f0f
1515151515
1515151515
0f0f0f0f15
1515151515
1515151515
1515151515
1515151515
0f15151515
15150f0f0f
08080f0f15
15150f0f0f
0f0f0f0f0f
1515151515
1515150f15
1515151515
1515151515
0f0f0f0f0f
0f0f0f0f0f
0f0f0f0f0f
08080f0f0f
0101010108
0101010101
0101010101
0101010101
0001010101
0000000000
0000000000
0000000000
0000000000
0000000000
0000000000
15150f150f
1515151515
15151c1c1c
1515151515
151515150f
1515151515
1515151515
1515151515
0f0f151515
15150f0f0f
1515151515
1515151515
1515151515
1515151515
1515151515
1515151515
15150f1515
15150f0f15
1515151515
0f0f0f0f0f
15150f0f0f
0f0f0f0f15
01080f0f0f
0101080801
0000000100
0100000000
0000010101
0000000000
0000000000
0000000000
0000000000
0000000000
0f0f0f0f0f
151515150f
1515151515
1515151515
15150f1515
1515150f0f
1515151515
0f15151515
0f15150f0f
1515150f0f
1515151515
15150f0f0f
1515151515
1515151515
1515151515
1515151515
150f0f1515
0f150f150f
0f15151515
0f0f0f0f0f
0f150f0f0f
151515150f
1515151515
0f0f15150f
0f0f0f0f0f
080808080f
0101010808
0000000100
0100000000
0000000100
0000000000
0000000000
151515150f
1515151515
1515151c15
1515151515
15150f1515
15150f0f15
1515151515
0f0f0f0f0f
0f0f0f0f0f
0f0f0f0f0f
0f0f0f0f0f
0f0f0f0f0f
0f0f0f0f0f
0f0f0f0f0f
0f0f0f0f0f
0f0f0f0f0f
150f150f0f
0f0f0f0f0f
0f0f0f0f0f
0f0f0f0f15
0f15151515
151515150f
1515151515
1515151515
1515151515
1515151515
0f080f0f15
0808000000
0801080808
0000010108
0000000000
0000000000
1515150f0f
1515151515
1515151515
1515151515
0f0f0f1515
0f0f0f0f15
0f0f0f0f0f
0f0f0f0f0f
0f0f0f0f0f
0f0f150f0f
0f150f0f0f
0f0f0f0f0f
0f0f0f0f0f
0f0f0f0f0f
0f0f0f0f0f
0f0f0f0f0f
0f0f0f0f0f
0f0f0f0f0f
0f0f0f0f0f
0f0f0f0f0f
151515150f
1515151515
1515151515
1515151515
1515151515
1515151515
0f0f0f150f
0f0f081501
0f0f0f0f0f
0f0f0f150f
0101080f0f
0000000000
0f0f0f0f0f
151515150f
1515151515
1515151515
15150f1515
1515150f15
0f150f0f0f
0f0f0f0f0f
0f0f0f0f0f
0f0f0f0f0f
0f150f0f0f
0f0f0f0f0f
0f0f0f0f0f
0f0f0f0f0f
0f0f0f0f0f
0f0f0f0f0f
0f0f0f0f0f
0f0f0f0f0f
0f0f0f0f0f
0f0f0f0f0f
0f1515150f
15150f150f
1515150f15
15150f1515
1515151515
0f15151515
1515151515
150f081501
0f0f0f1515
0f0f150f0f
0f0f0f0f0f
0101080808
0f0f0f0f0f
1515151515
1515151515
1515151515
1515151515
0f15151515
0f15151515
150f0f0f15
0f0f0f150f
0f0f0f0f0f
0f0f0f0f0f
0f1515150f
0f0f0f0f0f
0f0f0f0f0f
0f0f0f0f0f
0f0f0f0f0f
0f0f0f0f0f
0f0f0f0f0f
0f0f0f0f0f
0f0f0f0f0f
0f0f0f0f0f
15150f0f0f
1515151515
1515151515
1515151515
1515151515
0f0f0f150f
150f010101
0f150f0f15
0f0f0f0f0f
0f0f0f0f0f
01080f080f
151515150f
1515151515
1515151515
1515151515
150f150f15
1515150f0f
1515151515
0f15151515
0f1515150f
0f0f0f0f0f
0f0f0f0f0f
0f0f0f150f
150f0f0f0f
0f0f0f0f0f
0f0f0f0f0f
0f0f0f0f0f
080f0f0f0f
0f0f0f0f0f
0f0f0f0f0f
0f0f0f0f0f
0f0f0f0f0f
0f0f0f0f0f
15150f0f0f
1515151515
1515151515
0f15151515
0f0f0f0f15
150f000800
0f0f0f0f0f
08080f0f0f
08080f0808
0808080808
1515150f0f
1515151515
1515151515
0f0f151515
151515150f
1515151515
1515151515
1515151515
1515151515
0f0f0f0f0f
0f0f0f0f0f
0f0f0f0f0f
0f0f0f150f
0f0f0f1515
0f0f0f0f0f
150f0f0f0f
0f0f0f0f0f
0f0f0f0f0f
0f0f0f0f0f
0f0f0f0f0f
0f0f15150f
0f08080f08
0f0808080f
0f0f0f0f08
1515150f0f
150f151515
1515151515
150f011501
1515151515
0f0f0f0f0f
080808080f
0108080808
15150f0f0f
1515151515
1515151c15
1515151515
1515151515
1515151515
1515151515
0f15151515
0f0f0f0f0f
0f0f0f0f0f
0f0f0f0f0f
0f0f0f0f0f
0f0f150f15
150f0f0f0f
0f0f0f0f15
0f15150f15
150f151515
0f0f0f0f0f
0f0f150f0f
0f0f0f0f0f
1515150f0f
0f0f15150f
0f0f0f0f0f
0f0f0f0f0f
0f0f0f0f0f
150f0f150f
1515151515
150f080f01
1515151515
0f0f151515
08080f0f0f
0808080808
1515150f0f
1515151515
15151c1c15
1515151515
1515151515
0f0f0f1515
0f0f0f0f0f
0f0f150f0f
0f0f0f0f0f
0f0f0f0f0f
0f0f0f0f0f
0f0f150f0f
0f0f0f0f0f
0f0f0f0f0f
0f0f0f0f0f
0f0f0f0f0f
0f0f0f0f0f
0f0f150f0f
0f0f150f0f
0f0f0f0f0f
150f150f0f
1515151515
0f15151515
1515151515
1515151515
0f0f0f0f0f
0f0f0f0f0f
150f010100
150f0f0f15
0f0f151515
0f0f0f0f0f
0108080f0f
0f150f0f0f
1515151515
1515151515
150f0f1515
15150f0f15
1515151515
1515151515
1515151515
0f0f0f0f0f
0f0f0f0f0f
0f0f0f0f0f
0f0f0f0f0f
0f0f0f0f0f
0f0f0f0f0f
0f0f0f0f0f
0f0f0f0f0f
150f0f0f0f
0f0f151515
0f150f0f0f
0f0f0f0f0f
15150f0f0f
1515151515
15150f1515
0f0f0f1515
150f0f0f0f
0f0f0f0f0f
0f0f0f0f0f
150f000801
150f0f0f0f
0f0f0f0f0f
0108080f0f
0000000000
0f0f0f0f0f
1515151515
1515151515
0f15151515
1515151515
1515151515
1515151515
1515151515
0f0f0f0f15
0f0f0f0f0f
0f0f0f0f0f
0f0f0f0f0f
0f0f0f0f0f
0f0f0f0f0f
0f0f0f0f0f
0f0f0f0f0f
0f0f0f0f0f
0f0f0f0f0f
0f0f0f0f15
0f0f0f0f0f
0f0f0f0f0f
0f150f0f0f
150f0f0f0f
0f0f150f15
0f0f0f0f0f
0f0f080f0f
010100080f
0f08000101
0f0f0f0f0f
0001080f0f
0101000000
0f0f0f0808
150f0f0f0f
1515151515
1515151515
1515151515
1515151515
15150f150f
0f0f150f15
0f0f0f0f0f
0f0f0f0f0f
0f080f0f0f
0808080808
0f080f0f0f
0f0f0f0f0f
15150f0f0f
0f0f0f0f15
0f0f0f150f
0f0f0f0f0f
0f0f0f0f0f
0f0f0f0f0f
0f0f0f150f
0f0f0f0f0f
0f0f0f0f0f
0f0f0f0f0f
0f0f0f0f0f
0f0f0f0f0f
0f0f0f0f0f
0000000008
0000000000
0000000000
0000000000
0808080808
080808080f
1515151515
1515151515
1515151515
1515151515
1515151515
1515151515
0f0f0f1515
0f0f0f0f0f
0f0f0f0f0f
0f0f0f0f08
08080f0f0f
0f0f080808
0808080f0f
0f080f080f
0f0f0f0f0f
0f0f0f0f0f
0f0f0f0f0f
0f0f0f0f0f
0f0f0f0f0f
0f0f0f0f0f
0f0f08080f
0f0f0f0f0f
0f0f0f0f0f
0f0f0f0f0f
150f0f0f0f
00010f080f
0000000000
0000000000
0000000000
0000000000
0101080100
0808080100
1c150f1515
080108010f
150f0f0f0f
1515151515
1515151515
0f0f151515
0f0f150f15
0f150f0f0f
0f0f0f0f0f
0f0f0f0f0f
080f0f0f0f
08080f0f0f
0f0f0f0808
0f0f0f0f0f
0f0f0f0f0f
0f0f0f0f0f
0f150f0f0f
0f0f0f0f0f
0f0f0f0f0f
0f0f0f0f0f
0f0f0f0f0f
0808080f08
0808080808
0808080f08
0001080f0f
0000000000
0000000000
0000000000
0000000000
0000000000
0000000000
0000000000
0101000101
0000000001
0101010101
0f0f0f0801
0f150f150f
08080f0f0f
0101010808
0f0f080801
0f0f0f0f0f
0f0f0f0f0f
0f0f0f0808
0f0f0f0f0f
0f0f0f0f0f
0f0f0f0f0f
0f0f0f0f0f
0f0f0f0f0f
0f0f0f0f0f
0f0f0f0f0f
0f0f0f0f0f
0f0f0f0f0f
0f0f080f0f
08080f0f0f
08080f0f0f
08080f0808
0000000108
0000000000
0000000000
0000000000
0000000000
0000000000
0000000000
0000000000
0000000000
0100000000
0101010101
0101010101
0101010101
0101000001
0000000100
0000000001
0801010101
0001010101
0000000000
0108080100
150f0f0801
0f0f0f0f0f
0f0f0f0f0f
08080f0f0f
0f0f0f0808
0f080f0f0f
0f0f0f0f0f
0f0f0f0f0f
0f0f080f15
0f0f0f0f0f
0f0f0f0f0f
000108080f
0000000000
0000000000
0000000000
0000000000
0000000000
0000000000
0000000000
0000000000
0000000000
0000000000
0101000000
0000000000
0101010001
0000000000
0000000000
0000000000
0000000000
0000000000
0000000000
0000000000
0f0f010100
150f151515
0f0f150f0f
0f0f0f0f0f
0f150f0f0f
0f0f080f0f
0f080f0f0f
0f080f0f15
0f0f0f0f0f
0f0f0f0f0f
080f080f0f
0000000101
0000000000
0000000000
0000000000
0000000000
0000000000
0000000000
0000000000
0000000000
0000000000
0000000000
0000000000
0000000000
0101000001
0000000000
0000000000
0000000000
0000000000
0000000000
0000000000
0101010000
0115150801
151c1c1501
0f15151515
0f0f0f0f0f
0f0f0f0f0f
0f150f0f0f
15150f0f0f
1515151515
010f0f0f0f
0101080808
0001010101
0000000000
0000000000
0000000000
0000000000
0000000000
0000000000
0000000000
0000000000
0000000000
0000000000
0000000000
0000000000
0000000000
0100000000
0000000000
0000000000
0000000000
0000010000
0000000000
0000000000
1515150801
0f15151515
1c150f0101
1515151515
0f15151515
15150f0f0f
1515151515
0f15151515
080f0f1515
0101010108
0000010000
0000000100
0000000000
0000000000
0000010100
0000000000
0000000000
0000000000
0000000000
0000000000
0000000000
0000000000
0000000000
0000000000
0000000000
0000000000
0000000000
0000000000
0000000000
0100000000
0f00000101
080f0f0f0f
151515150f
1515151515
1501000808
1515151515
1515151515
150f0f0f15
0f151c1515
0000010108
0000000000
0001010000
0000000000
0000000000
0000000000
0101000000
0000000101
0000000000
0000000000
0000000000
0000000000
0000000000
0000000000
0000000000
0000000000
0000000000
0000000000
0000000000
0000000000
0000000000
0000000000
0101000000
0f0f000101
0f0f151515
151515150f
000f151515
0101000000
0801010101
1515151515
0f0f151515
0000010101
0000000000
0108080100
010f150000
0000000000
0000000000
0101010000
0000010108
0000000000
0000000000
0000000000
0000000000
0000000000
0000000000
0000000000
0000000000
0000000000
0000000000
0000010000
0000000000
0100000000
0101000100
0101010101
0000000000
1c0f000101
0f15151c15
1515151515
0008151515
0100000000
0101010001
15150f0100
000001010f
0001010101
0101010000
0815150f0f
000f0f0000
0000000101
0000000000
0001000000
0000010101
0000000000
0000000000
0000000000
0000000000
0000000000
0000000000
0000000000
0000000000
0000000000
0100000000
0000000000
0000000000
0101000000
0101010101
0101010101
0000000001
1c00010100
151515151c
1515151515
000101151c
0000000101
0000000000
0000000000
0000000000
0801010001
01080f0f0f
010815150f
0008080000
0000000000
0000000000
0000000000
0000000100
0000000000
0000000000
0000000000
0000000000
0000000000
0000000000
0000000000
0000000000
0000000000
0101000000
0000000000
0000000000
0101000000
0101010801
0001010101
0000010000
0101010000
1515151515
1515151515
0100000008
0000000101
0000010100
0000000000
0800000000
080101080f
0108151515
081515150f
0000000000
0000000000
0000000000
0100000000
0000000000
0000000000
0000000000
0000000000
0000000000
0000000000
0000000000
0000000000
0000000000
0000000000
0000000000
0000000000
0000000000
0101080000
0101010100
0001010101
0000000000
0101000000
0101151508
01151c0801
0101000000
0100000001
0000000101
0000000000
0800000000
0800010f15
01080f1515
081515150f
0000000000
0000000000
0001010000
0000000000
0000000000
0000000000
0000000000
0000000000
0000000000
0000000000
0000000000
0000000000
0100000000
0000000000
0000000000
0000000000
0000000000
0101010000
0108080801
0000010108
0100000000
0100000000
0000000000
0001000000
0101000000
0001010101
0000000000
0008000000
0000000000
0000000101
0000000000
0000010100
0000000000
0000000000
0101010101
0000000001
0000000000
0000000000
0000000000
0000000000
0000000000
0000000000
0000000000
0000000000
0000000000
0000000000
0000000000
0000000000
0000000000
0108010100
0001010101
0000000000
0000000000
0000000000
0000000000
0000000000
0801000000
0000000000
0000000000
0f08000000
000000010f
0000000000
0000000000
0000000000
0000000000
0000010100
0101010101
0000000000
0000000000
0000000000
0000000000
0000000000
0000000000
0000000000
0000000000
0000000000
0000000000
0000000000
0000010000
0000010000
0100000000
0101000001
0001010801
0000000001
0000000001
0000000000
0000000000
0000000000
0100000000
0000010101
0000000001
0108010000
0000010101
0000000000
0000000000
0000000000
0100000000
0001000101
0000000000
0000000000
0000000000
0000000000
0000000000
0000000000
0000000000
0000000000
0000000000
0000000000
0000000000
0000010000
0000000000
0000000000
0000000000
0000000000
0001000000
0000000000
0000000000
0000000000
0000000000
0000000000
0000000000
0100000000
0000000000
0100010100
0001010001
0000000000
0000000000
0000000000
0101000000
0000010101
0000000000
0000000000
0000000000
0000000000
0000000000
0000000000
0000000000
0000000000
0000000000
0000000000
0000000000
0000000000
0000000000
0000000000
0000000000
0000000000
0000000000
0000000000
0000000000
0000000000
0000000000
0000000000
0000000000
0000000000
0000000000
0000000100
0000000000
0000000000
0000000000
0000000000
0100000000
0000000101
0000000000
0000000000
0000000000
0000000000
0000000000
0000000000
0000000000
0000000000
0000000000
0000000000
0000000101
0000000000
0000000000
0000000000
0000000000
0000000000
0000000000
0000000000
0000000000
0000000000
0000000000
0000000000
0000000000
0000000000
0000000000
0000010100
0000000000
0000000000
0000000000
0000000000
0000000000
0000000101
0001000000
0000000000
0000000000
0000000000
0000000000
0000000000
0000000000
0000000000
0000000000
0000000000
0000000001
0000000000
0000000000
0000000000
0000000000
0000000000
0000000000
0000000000
0000080801
0000000000
0000000000
0000000000
0000000000
0000000000
0000000000
0000010100
0000000000
0000000000
0000000000
0000000000
0000000000
0101010100
0001010101
0000000000
0000000000
0000000000
0000000000
0000000000
0000000000
0000000000
0000000000
0000000000
0000000000
0000000000
0000000000
0000000000
0000000000
0000000000
0000000000
0000000000
0001010101
0000000000
0000000000
0000000000
0000000000
0000000000
0000000000
0000000000
0000000000
0000000000
0000000000
0000000000
0000000000
0001010001
0000000000
0000000000
0000000000
0000000000
0000000000
0000000000
0000000000
0000000000
0000000000
0000000000
0000000000
0000000000
0000000000
0000000000
0000000000
0000000000
0000000000
0000000000
0000000000
0000000000
0000000000
0000000000
0000000000
0000000000
0000000000
0100010000
0001000000
0000000000
0000000000
0000000000
0000000000
0000000000
0101010000
0100010000
0000000000
0000000000
0000000000
0000000000
0000000000
0000000000
0000000000
0000000000
0000000000
0000000000
0000000000
0000000000
0000000000
0000000000
0000000000
0000000000
0001000000
0000000000
0000000000
0000000000
0000000000
0000000000
0000000000
0101000000
0101000001
0001010100
0101000000
0801010808
0108080808
0000010001
0108010000
0000010100
0000000000
0000000000
0000000000
0000000000
0000000000
0000000000
0000000000
0000000000
0000000000
0000000000
0000000000
0000000000
0000000000
0000000000
0000000000
0100000000
0000000001
0000000000
0000000000
0000000000
0000000000
0000000000
0000000000
0801010000
0801010101
0801080108
0808080101
0801010808
0808080808
0801010808
0808080808
0801080808
0101080108
0101010100
0001080801
0000000000
0000000000
0000000000
0000000000
0000000000
0000000000
0000000000
0000000000
0000000000
0000000000
0000000000
0000000000
0000000000
0000000000
0000000000
0000000000
0000000000
0000000000
0000000000
0101000000
0801010101
0808080108
0108080808
0808010101
0808080808
080f0f0808
0808080808
0808080808
0801010808
0101080108
0801000101
0101080101
0808080801
0001010808
0000000000
0000000000
0000000000
0000000000
0000000000
0000000000
0000000000
0000000000
0000000000
0000000000
0000000000
0000000000
0000000000
0000000000
0000000000
0000000000
0101010100
0101010101
0101010101
0101010108
0101010101
0101010101
0001010101
0101010000
0801010108
0108080808
0808010101
0808080108
0808080101
0101080808
0101010101
0808080808
0001080808
0000000000
0000000000
0000000000
0000000000
0000000000
0000000000
0000000000
0000000000
0000000000
0000000000
0000000000
0000000000
0000000000
0000000000
0101000000
0101080101
0101010801
0101000101
0000000001
0000000000
0000000000
0000000001
0100000000
0808010101
0101010108
0808010101
0808080108
0801010808
0108080808
0101010801
0101010101
0108080808
0000010101
0000000000
0000000000
0000000000
0000000000
0000000000
0000000000
0000000000
0000000000
0000000000
0000000000
0101010000
0000010101
0101010101
0101010101
0101010801
0000000101
0000000000
0000000000
0000000000
0000000000
0000000000
0000000000
0100000000
0100010101
0808010101
0108080101
0108010101
0101080801
0101010101
0108010101
0100010101
0100010000
0000010001
0000000000
0000000000
0000000000
0000000000
0000000000
0000000000
0000000000
0000000000
0000000000
0101010000
0101010108
0001000101
0101000000
0000010101
0000000000
0000000000
0000000000
0000000000
0000000000
0000000000
0000000100
0000000000
0000000000
0801080801
0101010101
0808010101
0101010108
0108010101
0808080801
0001080101
0000000000
0000010000
0000000000
0000000000
0000000000
0000000000
0000000000
0000000000
0000000000
0000000000
0000000000
0101010000
0000000001
0000000100
0100000000
0000000001
0000000000
0000000000
0000000000
0000000000
0000000000
0000000000
0000000000
0000000000
0000000000
0100010100
0101010001
0808010101
080808010f
0101080801
0808010101
0008080808
0000000101
0000000000
0000000000
0000000000
0000000000
0000000000
0000000000
0000000000
0000000000
0100010000
0000000000
0000000000
0000000000
0000000000
0000000000
0000000000
0000000000
0000000000
0000000000
0000010000
0000010100
0000000000
0000010000
0000000000
0000010000
0001010000
0000000000
0108010101
0101010108
0101010108
0101010000
0100000001
0101010100
0000000000
0000000000
0000000000
0000000000
0000000000
0000000000
0000000000
0000010000
0001000000
0000010001
0000010000
0000000000
0000000000
0000000000
0000000000
0000000000
0000000000
0000000000
0000000000
0000000000
0000000000
0000000000
0000000000
0000000000
0000000000
0000000000
0808010100
01080f080f
0008080801
0001010000
0001010000
0000010001
0000000000
0000000000
0000000000
0000000000
0000000000
0000000000
0000000000
0000000000
0000000000
0101000100
0101010100
0000000000
0000000000
0000000000
0000000000
0000000000
0000000000
0000000000
0000000000
0000000000
0000000000
0000000000
0000000000
0000000000
0000000000
0000000000
0808080801
01080f0808
010f0f0808
0000000000
0108010000
0001010108
0000000100
0000000000
0000000000
0000000000
0000000000
0000000000
0000000000
0000000000
0000000000
0000010001
0101010001
0000000101
0000000000
0000000000
0000000000
0000000000
0000000000
0000000000
0000000000
0000000000
0000000000
0000000000
0000000000
0000000000
0000000000
0101010000
0108080100
0001010101
0101010000
0101000001
0808080000
0101010808
0100000101
0000000000
0000000000
0000000000
0000000000
0000000000
0000000000
0000000000
0000000000
0000010000
0101000100
0001000101
0000000000
0000000000
0000000000
0000000000
0000000000
0000000000
0000000000
0000000000
0000000000
0000000000
0000000000
0000000000
0001010000
0101000101
0001010000
0000010000
0000000000
0100000000
0101000000
0101010101
0000000101
0000000000
0000000000
0000000000
0000000000
0000000000
0000000000
0000000000
0000000000
0000010001
0000000001
0101010101
0000000001
0000000000
0000000000
0000000000
0000000000
0000000000
0000000000
0000000000
0000000000
0000000000
0000000000
0000010000
0100000000
0100010101
0001000000
0000000000
0000000000
0000000000
0000000000
0101000000
0101010801
0000000000
0000000000
0000000000
0000000000
0000000000
0000000000
0000000000
0000000000
0000000000
0000000000
0000000000
0000000000
0000000000
0000000000
0000000000
0000000000
0000000000
0000000000
0000000000
0000000001
0000000001
0000000000
0000000000
0000000000
0000010101
0000000000
0000000000
0000000000
0000000000
0000000000
0000000000
0000000000
0000000000
0000000000
0000000000
0000000000
0000000000
0000000000
0000000000
0000000000
0000000000
0000000000
0000000000
0000000000
0000000000
0000000000
0000000000
0000000000
0000000000
0000000000
0000000000
0000000000
0000000000
0000000000
0000000000
0000000000
0000000000
0000000000
0000000000
0000000000
0000000000
0000000000
0000000000
0000000000
0000000000
0000000000
0000000000
0000000000
0000000000
0000000000
0000000000
0000000000
0000000000
0000000000
0000000000
0000000000
0000000000
0000000000
0000000000
0000000000
0000000000
0000000000
0000000000
0000000000
0000000000
0000000000
0000000000
0000000000
0000000000
0000000000
0000000000
0000000000
0000000000
0000000000
0000000000
0000000000
0000000000
0000000000
0000000000
0000000000
0000000000
0000000000
0000000000
0000000000
0000000000
0000000000
0000000000
0000000000
0000000000
0000000000
0000000000
0000000000
0000000000
0000000000
0000000000
0000000000
0000000000
0000000000
0000000000
0000000000
0000000000
0000000000
0000000000
0000000000
0000000000
0000000000
0000000000
0000000000
0000000000
0000000000
0000000000
0000000000
0000000000
0000000000
0000000000
0000000000
0000000000
0000000000
0000000000
0000000000
0000000000
0000000000
0000000000
0000000000
0000000000
0000000000
0000000000
0000000000
0000000000
0000000000
0000000000
0000000000
0000000000
0000000000
0000000000
0000000000
0000000000
0000000000
0000000000
0000000000
0000000000
0000000000
0000000000
0000000000
0000000000
0000000000
0000000000
0000000000
0000000000
0000000000
0000000000
0000000000
0000000000
0000000000
0000000000
0000000000
0000000000
0000000000
0000000000
0000000000
0000000000
0000000000
0000000000
0000000000
0000000000
0000000000
0000000000
0000000000
0000000000
0000000000
0000000000
0000000000
0000000000
0000000000
0000000000
0000000000
0000000000
0000000000
0000000000
0000000000
0000000000
0000000000
0000000000
0000000000
0000000000
0000000000
0000000000
0000000000
0000000000
0000000000
0000000000
0000000000
0000000000
0000000000
0000000000
0000000000
0000000000
0000000000
0000000000
0000000000
0000000000
0000000000
0000000000
0000000000
0000000000
0000000000
0000000000
0000000000
0000000000
0000000000
0000000000
0000000000
0000000000
0000000000
0000000000
0000000000
0000000000
0000000000
0000000000
0000000000
0000000000
0000000000
0000000000
0000000000
0000000000
0000000000
0000000000
0000000000
0000000000
0000000000
0000000000
0000000000
0000000000
0000000000
0000000000
0000000000
080808080c
0808080808
130a080808
0008060c08
0808080404
080808080c
080a080808
08080c0808
1308080808
080c0a0a19
06080a0808
0202020204
0404020202
0808080806
0808080808
0e0c0e0e08
f4f4f4f4f4
f4f4f4f4f4
f20b00f4f4
090f02020b
fc05f2f607
f4f4f2f205
02fcf8200b
15f40905fe
fc0002f61e
2af800f0f6
f6f2fe0030
0215f8f8f8
f6f8f8f800
f2f2f205f6
f2f2fa09f2
41f2f2f2f2
080808080c
0806060606
0406060608
0606040604
060c040a04
0604040606
fe04020002
0608060a00
0608060806
0606060406
0606020406
00fcfe0002
060000fefa
0404040608
0602020204
080a0c0604
f4f4f4f4f4
f4f4f4f4f4
05f6f4f4f4
0507fc0002
f2f80bfc05
09f4f4f4f4
15110f170f
09f8092a13
0bf4f40500
001ef80b05
0d0b090519
220ffaf8fe
f4f6f60b19
f60d0505f0
f220090b09
30f4f2f2f2
0604060808
0406080406
0404040608
0404040608
0604060806
0800060606
0a0a060c06
080c081113
0408080408
fc00040408
fc02fc00fe
f5eb0af8f8
0a06060013
0202020406
0602020202
06060a0806
f4f4f4f4fe
f4f4f4f4f4
f4f4f4f4f2
050905f4f4
05f8f2f2f2
f80d050bf4
f21109f619
f80ffc0909
1509f2091c
1107110d1c
07fa191c19
192620201e
f0f4070b20
11ee0d0005
f20920020b
2ef2090bf2
080808080a
0204040608
0404040602
0a02060408
0204040606
fc06040404
fe02080204
0002040c08
00fefe0a17
fe0404fcfc
08fc000200
f815ef02f3
020406fc0a
0202020204
0202060202
0a08080002
f409f2090f
f4f4f4f4f4
f6f4f4f4f4
0d0f0bf4f6
f4f2f809f4
19f6fcf409
20fe0b2000
070520f220
13091e260d
0bf4fa0f0b
19071505fa
131e3d1915
0702f80511
130dfef2f0
02f20d190f
2e05001e02
0204040606
0404fe0406
f502040404
fcfcfaf8f5
0000000afc
fcf8fe0202
fcfcf8fcfc
06020cfc00
f5f3fe0200
fcfefa02f8
fc000202fc
060cf8f8f5
0604060608
0402020404
0404040204
0606060a04
0d050f00f4
f6fa13f6f0
11f605f609
19410b0000
052e000f1c
0200fc1105
11130f1ef8
1107132e17
0b0f171c19
1e071c2028
19190202fe
0519000d20
f4f407fc02
f81515f2f6
02fef40df4
30f205f20b
0c06080808
08080c0804
0408060606
0804040606
060a040606
fe02040804
fcfa06f3fc
fefe0602f8
0e191b00fc
fa08fc11f8
fa00f1faf8
0206081702
0404040604
0404000204
0404040202
0606040404
fefef6f6f4
0f0002000f
15fa0d0ffc
0902f605f4
0907130b05
f8f8f8f6f8
30002a1907
02110f1e00
2005003007
2611110f2c
0d11192817
1700053920
0509fa07f4
f4f61507ee
f2f20d1ef6
2ef2f2f2f2
0000020004
0202000200
fe00040204
080c040202
0402020204
0004020206
191b0c0a02
fefc060a0a
fe000002fe
0a0a04fefc
04080e0e06
0804060c0c
0202040808
0202020204
06060202fe
0404040404
13150b1913
00f6f6fafa
fefc0f0f00
fa15fa0f13
f8f8f80202
f8f4f4f4f6
0f0928fcf8
150b132e05
26fa09fa1c
241320190f
09240f1e0f
f209fafc0b
091313f2f6
fa0015f613
f205090d0b
2ef2fa09f4
fefe000804
02fc04020a
0402020000
fa04fcfc02
0202fc02fa
0406040406
0000020000
fe04080800
fefafefcfe
f5fa0c04fe
06060cf5f3
0404020002
0402020404
020604fe04
0202020202
0402020202
f81efe1720
02201e152e
f8f6f6000b
191e0f1505
f8fa0bf80b
1109f8f8f8
f8f8f8f8f8
13fafafafa
13150b151e
172c07190f
fc05171511
f2f6f6f8fe
f6fe0dfe02
09f4052cfa
f4f407f6f4
2efc090d05
1100020804
f500fa0a0c
020afc0afc
0615060a02
00fe000204
f3f3fcfefc
fe00fefefe
fefefe0202
0200fe0200
00060c0a00
020200fc06
06060a0a06
fefe020404
fe000402fe
fefefefefe
fe02020202
26170dfc19
112811090b
fc130d1e39
0b220211fa
f615091e17
300ffe0215
001e020f2e
000f240707
0009071300
0d15fc0717
f600fe053f
fcf0f80215
f409f609f6
f40909f6f4
f4f4f4f4f4
4509faf4f4
fc040c0c0a
1111040400
fe0604fe25
fcfcfe00fe
0411fcfcf8
f1fefefcfe
ebfceffeef
f1efeffeef
04f3f1f306
0c0200fef5
0806060a0a
020406060c
fefefefe00
fefefefefe
fefefefefe
0202fefefe
131cf407fa
0f1c020b13
050d200526
fe13f81305
2c11170f2c
3505fa150b
3920302619
1e2a1e1e13
1519240b13
051e130515
07f4fcf0f8
09fa0509f4
f4f4f4f4f4
f4f4f4f4f4
f6f6f4f4f4
47f4f4f4f4
000a040a0a
080a0a00fe
02fa13f808
fa08fcfc04
fe0a0c0402
06fe000404
f100040808
06150a0a06
080000f106
08edebefef
0406040402
0002040204
fefefe0002
00fefefefe
fe00fefefe
00fefefefe
1113240220
110d192c33
24051c1e00
0b1c110d17
1900fe132c
111719f8f6
26090d0720
0f222c2c20
1e20112639
3511112024
fa0ffcf4fe
1e17090207
f4f4f4f407
f6f6f4f4f4
f6f60df6f6
450bf4f4f4
0406040604
fe06110202
06f3fafefc
fef108f3fa
f5f802f3fe
0c0806f8f5
00f50a0c0a
efefeffef5
040006fcf1
1d2a0e020a
0200fe000a
faf1020202
fefe020202
fefefefefe
fe020202fe
02f8fefefe
3d15050709
05150d110f
26130f1917
1c1e131e11
200f370724
1e3b170728
2e280f0d0f
1313221c1e
1e17240d0d
0b24111128
09fc171313
11301902fa
f4f4f4fefa
f4f4f6f4f4
f4090d0d0b
3b19f4f4f4
0a02060604
fa0c1900fc
fa02fef5f5
eff5fef3f5
0e0002fefa
f5faf8fefe
f8f8f5fcf8
06021702fa
f8fc0a0417
02020a19fc
06020604fa
0208f3fc00
fefe020404
02fa00fe02
02fefc0202
fe02fefefe
0d0707f8fa
070d242e11
070b07090b
19170f0509
1311152419
1c0f0f2a00
11130d2c33
2022351c17
130f191324
1c1c0f0b15
0f09051119
0f020ffe0d
f4fa0df0fa
130bf4fa07
eefa07faf8
39110ff4f4
130afe020c
f5fafaf50a
04f1170400
fc0af3fe04
0a111306fc
fc1b1f0011
0e0a0c04f8
f8f3fa0ef8
0c080afa0a
fe0211080c
04fe0606fe
06080c0402
00fe000200
000200fe00
0204040202
0404fc0200
15170b0b0f
191309071e
1e11371c1c
09150f1722
021c02050f
261e17262c
3528192c20
0b070d1c1e
0f0b2a0519
202817240d
f40f003009
fa0005021e
f811192207
0205091100
090df6f611
3b2c1cf4f6
f8fcf1f1fc
f1f1f1f3fc
efeffa02f1
0811f502ef
f3fa02060c
f1effefafe
f5fe04fe00
04001bf5f1
f5fc0ef108
04fcfcf804
0402fe0411
fc02000204
fefefe0402
f5f3f8fa00
fcfefcfaf8
fefafcf800
15130f110b
150f130f19
13131e2015
1e200d200f
2820192024
172a281526
282e332a1e
2019332e1c
1728281747
260005191c
0507110d0b
090b0902f6
0bf61cfcfc
1c240d0f07
13050d0f09
2c28fe3d07
efeff1effa
eff1f1f1ef
f1efebe9ed
edf8f5ef00
ebfeefeffc
edededfaf1
efeff8feed
00ededeb00
08e9f3fe00
000cfe0a00
fcf5000411
f802faf8f3
fefcfefaf8
fefcf8f8fc
efedfe02fe
1113fcebed
0f110f130d
171c171311
1717171717
20241e1120
1733221c19
0f0f0f1911
0d0f19220f
200f0f1120
1e151e2220
fc0f131307
0b111e0b0d
0f19002013
f805f81317
0f0911220b
2c1c1709fe
17192c391e
efefeff1f8
e9e7e9e9ef
e7e7e7e7e7
ededfafceb
efedede9eb
f1f1fc00ef
f3f304f3f3
f30606f8f5
02f1f1f1ed
f5021900fc
f8fe0c0604
f8fc08f3f8
faf8f5faf8
edf5faf5f5
f5f1e9ede5
04fc020c08
17110f110f
171e191e17
1717221e19
1515202817
130f131515
0f13171913
0d0d190d11
0f19191915
200f110d0d
22171c2209
0f170f1930
0d1e132a24
1c0d002809
132e240b07
0f2c26472c
0009111915
ebefeff1fa
ebebe7e7e7
e5e7e7e7e5
fcf1f3ebe7
00effc00fe
060600faf3
1100000a1d
fe02fc020a
fe06f104f8
f802000602
f8f5f1fc00
fc020a08fe
e5ef00f8fa
effaededed
020202f8ed
000208fe00
17150f0f0f
1c171e1719
1c1c191c17
2620221e17
200d171e22
171e220f11
0f150f1c2e
1511091c0d
1917112417
2a303b2628
332c1e1c1c
1302110713
260f1c220b
15262e2c15
1c20201e13
0911171119
ebefeff1fa
efefebe7e7
e7ebedf1ef
0004efefed
f8f1f1fa00
f8f8000000
0202fc08f3
131d0404fe
0c13fa02f8
edfcf100f3
f8fc06faf5
f5f1f5f5f8
ebf8edf1f1
edededebe9
0afaf3f504
060008fe00
19110f110d
1113171919
1717191313
1e20151717
110d0b1e24
1133282020
241c13170b
2c2c1e3317
2413001913
331c112a28
0d0520262c
2217113517
0b1737262a
0d0f0f2819
0d09050b19
33020f0d05
edf806f3f5
f802efebeb
f1eff50602
efefefeff1
13f5f3ebe9
19fa021108
f5fafafa02
15f3f5ebf8
edfe0a060e
faefeff8eb
f8f1fa0402
f102edf5ef
fc00f1f8e9
fa06f1f800
0a0e1f1f0c
08040a1515
1915241313
1520111715
1111152022
1111111311
150d111717
1309131c1c
3315051709
2011112619
20223b3f15
0d2011172a
2620190b0f
1c2c1c2e1c
1c1e112622
09170d1920
090d1c2a11
17fa0b051c
fef1f3fe02
fcf5f5f1f1
f1f1f80204
efefeff1f1
ebebedefeb
fefefaf1ed
ede7fc1b02
fc02f806f1
ededf8eff1
061b040000
f8ededeffc
eff8fc00f3
fcf8fcfeef
0c08111108
02fa0a080c
faf8fcfe00
2a110d0b07
1113130f19
0f0f111e1c
1515130f13
1515171517
26261c1313
133f2e3019
331c391913
0f0f332c2a
132c201720
1726352619
1c15222015
0705070f1c
0b15190f19
1513021720
0d17fc240f
0204040406
f1eff1edf1
f1f1000e0c
0af3feeff1
02020602fc
ebedeff1f3
f8f8fcf3e7
f5f504f3f5
0806f3fefe
ebfa0602fc
f3ebf3f1e7
1106fcf808
130e0c0e11
f3f8fafa04
fcefeff104
fefcfa02f3
1c1c191715
0b11171e1e
111124282a
1e11241913
0d0909090f
151511130f
090d0d1117
0b201e2c09
15190d1519
2c2635152c
0b0d132c19
0b17050515
130d0f0b0f
170b1e2409
30171e112a
1c0bfe2605
feefedf1fa
faf8f1ebf1
00fafefaf5
0000faf1f1
000a1b02fc
f1efedebf3
020204fe02
02fcfa0202
02fe060cfe
efebebede7
15f8f5f5f1
fc000a0e06
efeff1eff5
000002fa00
fe0c130af3
fafcfafc00
2617150f0d
090f0d1922
22111c0f0d
1e221c1511
2011130013
0f15151c1e
28221e2420
1111173022
2215302c28
0f11242622
190d0d0f11
45191e0d0f
1e30241c1c
1920202428
19202a2217
191c112c1e
e5e9eff802
00fef3e9e5
fc040e0a1d
f500fefc04
f1fe150800
edf1fcf1fe
e9e7e7e9eb
00ebebe7e7
f3f3fcedf8
1711f5080a
f802060a06
edefebedef
eded02f3f3
fa06fefaed
020a00fe04
00faf8fc06
171711151e
1513131917
0709171e2e
0d0b070b0b
191e2a1c15
1317221c22
3022151515
2417131726
0b15132617
2220071917
41282a1513
2c1c153b13
190f1c1326
0d1913110d
26330f0d13
2e1924262c
e5ebf113fe
00efebe5e5
fe0400fc00
0c0617130e
fe0a0e1b0a
fa08f30406
fc04ef06f1
f8f3faf5f1
f8fa0cfaf8
f8f5060200
f8eff3fc06
f1efeff1fc
0402f8f1f1
0802000606
08faf5f8fe
0404040206
1717112807
130b151c17
1119191115
15191e1719
1511070d0b
0f1e0f1c1e
242211220f
0b0f0d0f17
0b0917090b
0b0b15110f
1e15131715
0f130f1317
1c1e15110f
1711131c1c
170505070d
331302020b
edf106f500
faf1f1e9e7
130000fa0c
f3f3f1f8fe
fa06061d00
f8f8f5f5fa
06f3fef3f5
fcfa0af800
fa0202faf8
000a00f8fe
f5f3f8f8f8
f8f8f5f5f5
0af5f508f8
0208f3fa04
0a0c08191f
0cfefc08fe
15131c0907
05090d1c17
1107070213
0d0f0d0b02
0911173017
0b0b0d0d0f
220d11090b
07071c0b11
0715110f0b
151915070b
110f0d090b
090b0d110f
190d0d1909
1117050b15
130d13262c
0b2a0917fc
0afe0a0002
04fcf3f3f8
08000a1302
fc00001302
131308fafc
1113131511
0e08111311
fe00000a06
fa040815fc
fcfafa0208
f8faf8f8fa
02080cf8fa
080a02fef8
0602060619
fafe06f802
0a04fc0efa
1c0b190707
1711090d11
15131e2413
0d07070f11
13110b0f0d
1113131313
0d0b111117
0707111505
0909110f0b
070b09111e
0909090d0b
1117150b09
1719110d09
1511151526
0b0d150711
110b091120
fe0a000404
0606f3f3fc
00fcf502fa
04000a0802
020c061504
150e151704
040402000c
fe00020404
02060802fc
020af8f8fc
060c150208
00fc06060c
0e060a08f8
f806fafe08
04fc0013fa
040600060c
0f190702fe
191709070b
0f0709130f
05090f1513
0502fc1100
07020d1102
fefc020b09
0702fefcfc
151115110b
11190b0707
151c221117
0f0b15151c
1915171707
0515050711
07000d1e09
0d09fc0d13
fe00000206
f5fa08f8f8
0402fefcfe
0404040604
1d131b1506
0c2313232c
0806060a08
0406060404
13fa130000
0a081300fc
000606fc13
17041b1311
060c131111
00020002fe
fefe00080c
0402020400
130f0705fe
0b05190b0b
0002070707
00fefefefe
0b070d0500
0019020f17
fcfefaf8f8
02fefefcfe
0f07110200
050b110b07
051515071c
1e11281e1e
0b0b0f1715
fe00fe00fc
11fa001513
19f407fef8
000e040408
fe0afafe00
08fefefe0e
0c020c1300
1b1d150204
230e15041f
fe0c0a1908
15080cfe02
1b1100000e
1d1f1b0a19
0e15151519
0e08020013
060a061113
0606150208
06040a0604
0808080804
05170502f8
0715090d07
1909090717
1715151e05
0d0b050502
170d261711
2815171517
1511150b0b
150f0b0715
11170d020f
0009090f17
0200110f0f
0d07280033
0df613fa07
0b09f2f609
050d0d070f
1f060e0213
040afa000a
0004041500
00f3f1fc06
170a0e0c0a
f1fc0c0806
f1eff3f5f5
1106f1f1f1
0c1113150a
110c15150c
0a060a1311
0c17170c08
0e0a080408
131f130e0a
0e0e0e0c11
110e0e0e0c
2e0f110007
111e131e1e
151c192813
150b09111c
2817151519
0f110b050b
0f1c0d0b0d
20190f0f13
2c13431326
070209090f
fcf8fa0b13
20240700fc
13fcfe2613
f8282019f2
02151305f2
0f0b052205
110a040c08
0c02fef3f5
06f8040815
0004150a1d
000c0e13fc
f1fa061102
f1f1f3f3f3
f1f1f1f1f3
faf5fe08f1
f3fa08f8ef
0204f3f5f5
08fe060804
0c110c0c0a
1917230e11
11110c110e
0c0e0e0e0e
261917150d
13130f1513
200b1c2026
191c2c2235
1317152815
0d22261e11
0f13130d0d
191311130f
1119151c11
070b1c130f
0909150d20
1511000909
151c151c28
09132419fc
090211f2fa
0513091313
0015211508
00fcf1f1ef
060e06fa0c
0813fafefa
080c1d080e
fa00060404
f8f8fcfcfc
f8f8fafaf8
110419fcf8
f3fe0e0c13
f8faedfcf1
efebfae9eb
f3f1efeff3
0a1f2508fe
0c080c0c0a
0c1111110e
192a22170d
150d070f11
1319130b19
1115090b0d
1919200f13
0909130f11
0b0b090909
0f0b0f0b0b
20152c0f0f
0713201924
2422221e0b
1313261326
111911192c
56091c1928
fe2a022615
2efcf00707
000e0e1506
080af1f1f1
00fc060415
02060a0c17
0602060811
fcfaf8fe06
fcfafafafa
f8fafafaf8
f8f8f8fcf8
f8fefaf3fe
04fafcfaf3
eb02f1ebed
0af1ebebf5
eb191bef0c
f5f3f3f1f5
0c0c06faf5
1724110ffc
1e19090f0f
131115192a
090f192028
130f0b0d15
0b0d0b0f11
07070b0b07
070b07070b
07090b090d
070d0b050d
1c0f0d1509
191c110b0d
281926192a
41521c1c20
410b331537
170009131e
11fc1bfc13
fe0404f1ef
0006020604
00f3f5f804
fcfc02fe00
faf5fcfafc
faf8f8f8f8
0a060c150c
f5f8000afe
fe0c08fc0a
fc11f5f5fa
0608130af8
04fef100f3
023038effe
fefefefafc
00f8f8fafa
2a11200b09
0b171c130f
1919151517
0f0d0b111c
05070b0f11
090d090707
0711110909
1e15132213
0b070d1511
0d1c170b19
0b1705090d
2026302207
201e261e15
4735173345
153b0b1720
1305111c15
021515f802
0a02f8f1ef
0417000600
fcf30404fc
fcfefcfcfc
f8f8f8fcfc
f8faf8f8f5
fefafcfaf8
06191704fc
f5f8080408
02fc02fe0e
0afefcfa00
000aef13fc
fc2315eff8
f5efefef02
11fefefe08
1e2a260705
1719111915
1c2c19200f
0b0f1c1c15
07070b0907
09090b0707
0b0d090b0d
151111070f
15262a1c17
0707171717
1e131e1c1e
1e15112a0b
28151e264c
30191e0d4e
241c1c0b22
281c13001c
f30a041513
0404f1f1ef
06fc1d0208
faf3fa02fe
fcf8fafcfa
faf8fafafc
faf8fafafa
fa0af8f8fa
f5f3f1f8f8
0802080af5
fafc000402
f300ebf1f5
0af80ef306
fe23191d08
fe06fe00fc
191d150002
0f22151e0d
0f1c0d0f11
2015351717
0d0d11130f
0b07070509
0907070b07
090b07070b
0f19070b09
090b0d0907
1c11171c09
1919261111
0d221c1328
262a2a0d17
3f09191322
110b0f1126
3b0dfa110f
0600040617
06f3f8f1f8
fc0400fc1b
fefaf8f5f3
fcfefcfefc
fcfe0213fe
0af8fafefa
060e040208
1121080419
0a08f30af8
0a0e0cfafc
11ef060200
08f50efe11
132136271d
2a300e0a0e
041f342325
22191c150b
200d110d13
131c19152e
090b090d0d
0705090b09
0709050f07
150707070b
15200d1119
202c151326
281c072009
19221e0f26
1920132c09
0f2c1e3519
0d1c0d0909
0f05fc0209
2c26391c1e
0c1304040e
0606020404
00000c08fc
0815021700
fafafefafe
0811130600
1106170c11
f81f0a0417
fafa060608
1108f50217
0204040808
fcfc04fcfa
341f1d0cfc
211f150e1f
11232e1b1f
0c1d1f1f1f
02130b1524
20111e0b0d
0913241e15
1911071109
090b070b11
0b13110907
1e13261711
072c17111e
090b191917
2217072220
13282a1522
150d022a11
09fa093024
0b2a0d240f
1e000b15fc
0f00fe0915
3627272a23
1b1b1d271b
1d171f1f17
1519232a2c
110e0e0e0e
111d1b2e19
f502f50213
fa020208f5
0c0af8f5fa
040c060800
f5fc080e0e
1bfe0efaf5
13272c1f2a
0c0c0e0e0e
0c0e0e0e0e
130c0e0e0e
13fcfe02fc
f6f6fafef6
fafafaf8f6
11f8fe0500
05fe02fefa
fe00fa0700
09150f0b0f
0511111709
1317091e05
2c1e110f2c
0d1713171e
0f22132826
f42611f8fe
f20205f2f2
0d000df8f2
051509fe00
1b19111111
2319191b1f
1b23232323
1b19111111
273a25251f
2a191f1b32
fa25fefa2a
04fefc04f1
0afe08f308
fa04fe0408
0402110e04
3238341d02
111b2a1f1f
0c0e0e0c0e
0e0e0e0e0c
0e0e0e0e0e
f6f2ebebeb
fcf4f2f6fa
f6fcfcfcfc
f6f4f0f2f0
000d02fefc
fc15faf60f
1c1c074117
0f0d192011
470f202415
2620152011
0d26110b13
fe15072007
05003500fe
f2f20bfef4
0d0d110ffe
fc0d0dfe05
1111111111
1111111111
1111111111
2113111311
1f1d2c151f
ebf5080a0e
172517f5f5
fceff50c06
fefafafafa
301d130e04
231d381930
19171f2513
111b131321
0e0e0e0e0e
0e0e0e0e0e
0c0e0c0e0e
ebeeebeeeb
eeeeebebeb
f0f0eef0f2
05f0f4f0f0
22fc07f4fc
302e00470b
3320192024
2e130f0f1c
201c171c1c
1300fe1113
200b174c0d
2000fe19fc
fc24191313
ee0207f2f0
05f202feee
05000d0905
1111111111
1111111111
1d23111113
1b191d252e
041f231d2c
efededede3
25134147ef
fa061f111b
3c2c172c0a
171b303636
2113170223
0e0e131517
131d15130e
0c0e0e0e0c
0e0e0e0e0e
0c0c0c0e0e
f0f0f0f0eb
eeeeebeef0
fc00eef0f0
050902fa09
3b1c0b0709
0f132c374e
1c1933240f
09000b1c09
222215fa0f
2817131107
fc2c001115
0d15f6f2f6
faf61efa1e
f602072000
11fef002f2
f6f2fa1c00
1111111111
1311111111
1521131111
1913170e1d
0425151f0e
171704fafa
13230a3017
1b2c171f15
17080a3247
25ef1504ed
17191f1530
1b0e132319
0c0e131925
0e0e0e0e0e
0e0c0c0e0e
0e0e0e0e0c
ebeeebebeb
eef2f0f0ee
fe02eef4f2
fc09faf800
f805f2fcf2
2428240f3d
0005173711
070d021e1c
262e170b11
15410d2a30
f6f60bf415
1c02f40205
f8fe09f402
050d0b0d22
f2f007000d
19f6020002
1111111313
1111131113
1d0c2a1311
1311172719
0e15231111
3c1d25301f
080e1b2547
131f151315
0623110c1d
2732041511
0c231d1f2c
13251d1713
0e0c0e0c13
0e0e0e110e
0e0c0e0c0e
0e0e0e0c0e
f0eef2ebeb
ebeeeef0ee
0bf805ebee
f0fa0d190d
26f200f4f0
0702000000
22fc171517
110f111e00
05052e0700
050909020d
1700fafa02
fe0d02f60b
fefefefef6
05022219fa
fe05ee1115
050500f200
2315272311
1313111b1f
1715151311
251d231913
271d2e2323
1f1d25191b
1b19131127
1d08132517
2123251713
1f2719252e
1d1b11132e
15213a1d13
0c0c0e0c0c
0e0c0e110e
0e0e0a0e0e
0e0c0e0e0e
fef40200f0
f0f4f0fafc
fcfef2f0f2
fcfef80013
00f60b0200
fe00fcf4fa
191513090b
6515f80020
fefe00240f
fa0b050207
fcfa07f40d
13150d05f2
f20d02f20d
fcf2150dfe
f2f20f0000
f60f05f205
2511232a1b
1111111917
1311111111
0e15231113
25131f3019
0e15212c1d
0e13151525
1b2313131d
0e131f151d
131f0e0e1f
272e111f1b
0c0e21111f
0c0e0e0e0e
0e0e0e0e0e
0e0c0e0e0e
080e0e0e0e
07f00205fa
f2f0f0fef6
f6f6f0f2f0
f2f2fef005
fef8fc05f4
f2f4fa05f6
070df8f2fe
072c02f40f
00fc1c0005
f4050f17fe
0007f402fa
170000ebf8
f2f20df2f0
f2f2f205f2
00f400f2f2
0f020ffe05
1b231d2a2a
111111110e
1111111113
2323172325
272519231d
150e131f19
150e0e0e15
341b151d13
0e15211b1d
1f170e0e13
1921301b17
1b0e341b13
0e0e0e0e15
0e0e0c0e0e
0a0e0e0e0c
0e0e0e0e0e
f800000d09
f0f0f0f0f2
f4f0f2f0f0
0000f600fa
0b05fe1119
f4eef4fefe
00fef0ee05
130b0005f6
f0f20ff817
fef802ee0d
f8fe0bfaf4
0beb19fef4
0902050202
02f0f213f6
0d050bfc05
09f81c0dfe
131f152727
2511152323
1123131f2e
15191b1d2a
0e1525211b
0e0e0e2115
0e0e0c0e0e
132e13150e
1b13110e19
151d0e1515
252e271111
210e230c1d
0e0e0e0e19
0e0e0e0e0e
0e0e0e0e0e
0c0e0e0e0e
f6fef40202
fcf0f40200
f000f0fa09
0bf4faf407
05f202fc19
fcee0509f4
f0f0f2ee09
19020dfcee
13eefafc00
f61119f0f4
f800fcf005
fe15001c00
0d000205fe
0bf0f015f6
090d0b0d19
2209050d15
190e0e131b
19211f2725
23192e2519
1d1315151f
0e0e2a1b21
0e0e0e1313
0e0e0e0e0e
15110e0e0c
1313110c11
080a080611
170a191511
1125170800
0c11171111
0e191b1519
0e0e0e110e
0e0c0e0a0e
f4eeeef4f8
17fefa0b02
02f80bfef8
fe070200fc
00fc09f8fc
fcf20520f6
00fc00ee05
0219fef6fe
0200f8f4f2
0902f61cfa
020705070d
fa0ff4fa19
07f40515fe
2215110f11
0b000b1519
0f19f20ffe
0e0e150e0e
110e151315
1127151f1f
1f1f271521
110e231121
1721230e23
11110c1115
1113110a0c
130e1f0e11
252713110e
08211b151b
0a0c0e110e
0e13130c0c
0e17080c13
1b151b0806
0e0e151f0e
00ee1500ee
f2f0f200fa
f000f8fafc
fafe17fefc
f0f400ebf8
1e00fe170b
050500f200
f0fe0707fe
f0f200f4f0
fc07f8f200
0900f8f405
f602fef6f4
070ffef415
0011fe0213
050b09050f
1713f8050f
0e131b1521
1f190e0e21
2e2a171919
0e1f1d2125
0e0e131b21
271d0e0e0e
110e0e0c11
1111251311
13151f2313
271b1f2a23
112a211325
0e19151111
0c11110c0e
150c13131d
1723151f15
1b171d1b13
00fcfa00fa
faf4f005fa
0b05f4f8fa
fafef6f605
f2eef4f60f
0705f2ebf0
f6f2f6f0f8
f0eefcf0eb
f2f4fafeee
0909f807fe
0005fef002
f605f6f6f2
f200f8f8f8
fcfafaf407
fefc0007fa
fe280d0b17
13151f191b
15131f0e19
2e2e1b1d0e
1b0e1d2c19
0e0e232319
2c191f1123
1323131313
3c1f171f23
2121152a27
1f17212117
252715270e
0c13191732
111d0e1125
1f1f151930
30110c0a0c
1919210e1d
f4f20df4fa
f2f4fcfe20
0b09f8f8f4
2602fa00f4
eeeefc0200
fef400eefc
f0fef0eef2
0ffcf6fcfc
0b02f205fe
fe15fa20f4
0200f80bf2
f200fcf60d
0202f8f400
fe1307020d
0bfaf2f6fa
02f8faee13
1f0e2e1521
271b1b2e1b
232115212e
25171b0e17
2a1b17171b
171f1f2721
272e2e2e23
1d23232317
191b11151b
1515151b15
132a0e2115
231f32232a
1108153015
1d13110c17
302532113a
172530130e
fef009130b
00f8f809f8
fc00020707
17f6faf4f6
fcfaf4f6fa
f4fafa0205
00090709fc
fc020005f6
11f807fe07
f2f40d020d
f209fc020b
fc190d0009
0007f80df0
1e02fafa15
110002f209
fc0213faf0
1d19171f19
171f151b13
15130e130e
1921171b15
211b131b2c
21151f2319
212a152327
27191b1d19
1b19191d1d
130e1f2a17
1f11191917
1f152e132c
170c131f32
270e172715
190c191f15
2317111f19
f6f4f4fef4
f009eef800
f400000505
f4f6f605f0
1700f2f609
05f2fefe02
f605f20000
00f2f6f8f8
00fa020b0f
feeefe07f4
fef6050207
fcf80b0209
f609fc050f
f807f6faf6
05f60505f2
05f6f2fefc
0e0e0e170e
111513150e
0e0e0e0e17
0e0e0e190e
191b211123
1f2a112125
211f252e25
2113111f19
0e0e132323
0c1d13150e
0e251f2125
19110e231f
3a1b231f23
151f1f3227
32131d271f
1d2519211d
eeeeee0f05
130f150f0d
eef200000f
02fe020d09
faf6fef2fe
fc09f007fc
00fc050bfc
fef40b09f4
f009f60209
0709faf405
f202fe0722
00f8ee0bfc
0d0ffef602
f2fafa0b00
1307f40b07
15fefcfef4
0e0e0e1515
150e0e0e0e
0e0e0e0e0e
170e0c1513
1b252a1b15
191523191f
1d110e1b25
211f342515
0e0e151525
1b110e1f1b
1f15131d1b
1d2713172e
212127272c
0e0e0e1519
1b15151d21
1b19210e15
00f6eef209
1cee00f211
ee00000505
0ffc07fc05
fafa05fefa
faf0fcf4fa
0ff4f4fa02
05fc110dfc
17fefcf402
112009070b
fef40913fa
fcfeeef409
1702090007
02f20500fe
020f00f602
f8f400fef0
0e0a0e0e0e
0e0e0e0e0e
0e0e0e0e0c
1515230e19
0e11251f0e
191f19150e
1721171f1f
301717190e
21171d1525
25192e1715
13150e1513
1b1f1f1315
131b13211b
0e0e0e0e15
0e0e0e0a0e
0e15192115
0026eeee00
fcf2fc00fc
fceeeefc05
fafa000f0d
00f802050f
f4fc00f205
f4fef6fefc
13f6f4f6f0
fa0b05f405
fcf40bf605
f4f207fe0b
f8fcfaf4f2
00f80d1302
131ef60000
0011fc05f2
090520fe09
0e0e0e0e0e
0e0e0e0e0e
0e0e0e0e0e
0e13131313
0e0e11150e
0e0e0e0e0e
13170e1515
1315152730
1521151b0e
230e13130e
1113170e0e
0e151d0e0e
0e0e0e1515
0a0e0e0e0e
0e0e0e0e0e
0e0e0e0e0e
07fc130ffa
0900ee0f09
0500eef0ee
fcfe09f605
f20ffef2fc
00fe09090f
f411fcf4f2
00fc0b0211
0200050207
00f20000fe
f0f617ee00
fef20002f0
f0eefef0fe
0debfc00ee
ee13eef009
020900fcfc
1f0e0e0e0e
0e0e0e0e17
0e0e0e0e0e
0e21210a0e
0e150e0e0e
0e0e0e0e0e
13150e0e0e
1f15110e17
0e0e151f17
111b0e110e
0e151d170e
0e15110e0e
0e0e0c0e0e
0e0e0e0e0e
0e0e0c0e0e
0e0e0e0e0e
0209110509
eeeef0fef2
fc0900f0ee
ee070713f2
fafc30e9f0
0ff000fcfe
f8f200feee
0b001109fa
fc200dfcfa
020000ee0d
ee05fc0b0f
02f409fefc
f0ee0beef0
ee0bfcfcfc
0000fc0005
0dfe17eeee
1b1b1b1b1b
0b131b1b1b
0b0b0b030b
1313131313
130b0b1313
0b0b0b0b13
0b0b0b0b0b
0b0b0b0b0b
0b0b0b0b0b
0b0b0b0b0b
130b0b0b03
030b030b0b
03030b0303
0303030303
0303030303
0b130b0303
030b0b0b13
0303030303
0303030303
0303030303
0000030000
0000000000
0000000300
0000000000
0000000000
0000000000
0300000000
0303000000
0000030003
0000000003
0000000000
0000000000
232323231b
1b23232323
130b0b0b13
131313131b
0b0b0b0b13
0b0b0b0b0b
0b0b0b0b0b
0b0b0b0b0b
0b0b0b0b0b
0b0b0b0b0b
1b131b1b13
0b0b0b1313
0303030303
0300030303
0000030303
0000000300
0000030300
0000000300
0303030000
0303030303
0303030303
0303030300
0000000000
0000000000
0000000000
0000000000
0300000000
0300030303
0000000000
0000000000
0000000000
0003000000
1b1b131b1b
131b131313
1b0b0b0313
131b1b1b1b
0b0b0b0b13
0b0b0b0b0b
0b0b0b0b0b
0b0b0b0b0b
0b0b0b0b0b
0b0b0b0b0b
0b0b131313
0b0b030b0b
0b0b0b0b0b
0b030b0303
0303030b03
0000030303
0000000000
0000000000
0000000000
0000000000
0003000000
0303030300
0303000303
0000030303
0000000003
0003000000
0300000000
03030b030b
0000000303
0300000000
0000000000
0303030303
1b1b1b1b23
0b131b1b1b
0b0b03030b
1313131313
0b0b131313
0b0b0b0b0b
0b0b0b0b0b
0b0b0b0b0b
0b0b0b0b0b
030b0b0b0b
0303030303
0303030b03
0303030303
0000000003
0000030000
0000000000
0000000000
0000000000
0000000000
0000000000
0000000000
0000000000
0003000000
0300000003
0300030003
0000000000
0300000000
03000b030b
0000000000
0000000000
0000000000
0303030300
1313131b1b
0b0b131313
0b0b030303
131313131b
0b0b131313
0b0b0b1313
0b0b0b0b0b
0b0b0b0b0b
0b0b0b0b0b
0b0b0b0b0b
0b0b0b0b0b
030b0b0b0b
0303030b0b
0303030303
0303030303
0000000303
0000000000
0000000000
0000000000
0000000000
0000000000
0000000000
0000000000
0000000000
0000000000
0000000000
0b00000000
03000b030b
0000030000
0000000000
0000030000
0303030303
1313131313
0b13131313
0b03030303
1313131313
0b0b0b0b13
0b0b0b0b0b
0b0b131313
0b0b0b0b0b
0b0b0b0b0b
0b0b0b0b0b
0303030b0b
0303030303
0303030303
0303030303
0303030303
0003030303
0000000000
0000000000
0000000000
0000000000
0000000000
0000000000
0000000000
0000000000
0000000000
0000000000
0300000000
0000130b0b
0000000000
0000030000
0000000300
0303030000
1b1b1b1b1b
0b13131313
0b0b030303
1313131313
0b13131313
0b13131313
0b0b0b1313
0b0b0b0b0b
0b0b0b0b0b
03030b0b0b
0303030303
0303030303
0303030303
0303030303
0003030303
0003030303
0000000300
0000000000
0000000000
0000000000
0000000000
0000000000
0000000000
0000000000
0000000000
0000000000
1300000000
000013000b
0000000000
0000000000
0300000000
0000000000
1313131b1b
0313131313
0b03030303
131313130b
1313131313
0b0b0b0b0b
0b0b0b0b0b
0b0b0b0b0b
0b0b0b0b0b
0b0b0b0b0b
030b0b030b
0303030303
0303030303
0303030303
0303030303
0000000303
0003030303
0000000000
0000000000
0000000000
0000000000
0000000000
0000000000
0000000000
0000000000
0000000000
1300000000
00001b030b
0003000000
0000000000
0000000000
0000000000
1313131313
0b0b131313
0b03030303
131313130b
0b0b0b0b0b
0b0b0b0b0b
0b0b0b0b0b
0b030b0b0b
030b030b0b
0b03030b0b
0303030303
0303030303
0303030303
0300000303
0000030300
0300000000
0000000000
0000000000
0000000000
0000000000
0000000000
0000000000
0000000000
0000000000
0000000000
0000000000
1300000000
00001b130b
0000000000
0000000000
0000000000
0000000000
0b0b131313
030b0b0b0b
0b03030303
0b0b130b0b
0b0b0b0b13
0b0b0b0b0b
0b0b0b0b0b
0b03030b0b
030b0b0b0b
0303030303
0303030303
0303030303
0303030303
0303030303
0000000000
0000000000
0003000000
0000000000
0000000000
0000000000
0000000000
0000000000
0000000000
0000000000
0000000000
0000000000
1300000000
00000b030b
0000000000
0000000000
0000000000
0000000000
1313131313
0b0b131313
0b03030303
0b0b0b0b0b
0b0b0b0b0b
0b0b0b0b0b
030303030b
0303030303
030b0b0303
0303030303
0303030303
0303030303
0303030303
0000000003
0000000000
0000000000
0000000000
0000000000
0000000000
0000000000
0000000000
0000000000
0000000000
0000000000
0000000000
0000000000
1b00000000
0000130303
0000000000
0000000000
0000000000
0000000000
1313131313
0b0b0b0b13
0b03030303
0b0b0b0b0b
03030b0b0b
0b03030303
0b0b0b0b0b
0b0b0b0b0b
030b0b0b0b
03030b0303
0303030b03
0303030303
0303030303
0300030303
0000000303
0000000000
0000000000
0000000000
0000000000
0000000000
0000000000
0000000000
0000000000
0000000000
0000000000
0000000000
1b00000000
00001b0b03
0000000000
0000000000
0000000000
0000000000
0b0b0b0b0b
030b0b0b0b
0b03030303
0b0b0b0b0b
0b0b0b0b0b
0b0b0b0b0b
0b0b0b0b0b
0b0b0b0b0b
0b0b0b0303
0303030303
0303030303
0303030303
0303030303
0003030303
0000000000
0000000000
0000000000
0000000000
0000000000
0000000000
0000000000
0000000000
0000000000
0000000000
0000000000
0000000000
1b00000000
000013130b
0000000000
0000000000
0000000000
0b030b0300
0b0b0b0b0b
0b0b0b0b0b
0b0b030303
0b0b0b0b0b
0b0b0b0b0b
0303030b0b
0303030b0b
030b030303
0303030303
0303030303
0303030303
0303030303
0303030303
0303030300
0303030303
0000030303
0000030000
0000000000
0000000000
0000000000
0000000000
0000000000
0000000000
0000000000
0000000000
0000000000
1300000000
00000b0b0b
0000000000
0000000000
0b0b0b0b03
00030b0b0b
0b130b0b0b
0b0b0b0b0b
0b0b03030b
0b0b0b0b0b
0b0b0b0b0b
0b0b0b0b0b
030b0b0b0b
0303030b0b
03030b0303
0303030303
0003030303
0303030003
0303000003
0303030303
0000000003
0000030303
0303000000
0000030300
0000000000
0000000000
0000000000
0000000000
0000000000
0000000000
0000000000
0000000000
130b1b1303
0b0b0b0b03
030000030b
0b0b0b0b0b
0003030b03
0000000000
0b0b0b0b0b
0b0b0b0b0b
0b0b030303
0b0b0b0b0b
0b0b0b0b0b
0b0b0b0b0b
03030b0b0b
030303030b
0303030303
03030b0303
0303030303
0303030303
0303030303
0303030303
0000000003
0000000000
0000000000
0000000000
0000000000
0000000000
0000000000
0000000000
0000000000
0000000000
0000000000
0b00000000
030303131b
0b0b03030b
13130b0b0b
000b0b0b0b
0000000000
0000000000
0b03030303
0b13130b0b
0303030303
0b0b0b0b03
0b030b0b0b
030303030b
03030b030b
0303030303
0303030303
0303030303
0303030303
0303030303
0303030303
0303030303
0303030300
0000030003
0000000000
0000000000
0000000000
0000000000
0000000000
0000000000
0000000000
0000000000
0b03000000
0b13131313
0b0303030b
030b030b03
030b0b030b
030303030b
130b13130b
00000b0b0b
1b131b1b13
131b1b2323
131b131b1b
0b0b130b13
0b0b0b0b0b
030b030303
0b0b0b0b03
030303030b
0303030303
0303030303
0303030303
0303030303
0000000003
0000000000
0000000000
0000000000
0000000000
0000000000
0000000000
0000000000
0000000000
0000000000
0000000000
0000000000
1b1b1b0303
0b0b0b0b13
0b0b0b0b0b
030b03030b
030b0b0b0b
03030b0303
030b0b0b0b
0b0b030303
231b131b1b
131313131b
1b1b131313
1b1b1b1b1b
1b13131313
1b1b13131b
13131b1b13
130b131313
0b03030b0b
0b0b0b0b0b
1313131313
030303030b
0000000000
0303000000
0000000003
0000000000
0003000003
0000000000
0000000000
0000000000
0000000000
0000000000
0000000000
0b03000000
0b0b131313
030b0b0b0b
0303030303
0303030b03
0303030303
0303030303
0303030303
030303030b
1313131313
1313131313
1313131313
1b13131313
1b1b131b13
131313131b
0b0b0b1313
1313130b0b
131313130b
1313131313
1313131313
1313130b13
0000000b13
0000000000
0000000000
0303030000
0000000300
0000000000
0000000000
0000000000
0000000000
0000000000
0000000000
1313130b00
13130b0b13
030b030b13
03030b0b03
0303030303
030303030b
0303030303
0303030b03
0303030303
1313131313
1313131313
1313131313
1313131313
1313131313
13130b130b
0b0b130b0b
0b0b0b0b13
0b0b0b130b
0b0b0b0b0b
0b0b0b0b0b
0b0b0b0b0b
0b0b0b0b0b
0000000000
0000000300
0000000000
0003030000
0000000000
0303030300
0000000000
0000000000
0000000000
1303130300
0b13131313
0b0b0b0b0b
0b0b0b1313
0303030b03
0303030b0b
030303030b
0303030303
0b0b030303
0303030303
1313131313
1313131313
1313131313
13130b1313
13130b1313
0b0b130b13
0b13130b0b
0b0b0b0b0b
0b0b0b0b13
0b0b0b0b0b
0b0b0b0b0b
03030b0b0b
0b03000303
000000030b
0000000000
0000000000
0000000300
0000000000
0000000300
0000000000
0b0b000000
0303030303
0b0b030300
0b0b130b0b
0b0b030b13
03030b0b0b
0303030303
0b0b0b0b0b
03030b0b0b
030303030b
0303030303
0303030303
1313131313
1313131313
1313131313
1313131313
130b0b0b0b
0b0b0b130b
0b0b0b0b0b
0b0b0b0b0b
0b130b0b0b
0b0b0b0b0b
030b0b0b0b
0000000003
0b03000000
00000b0b03
0000000000
0000000000
0000000000
0000000000
0b03000000
1313131313
030b0b130b
0003030b0b
130b0b0b00
0b0b0b1313
0b1b0b130b
0303030b0b
0b03030303
0b0b0b0303
03030b0b0b
0303030303
0303030303
0b03030303
1313131313
1313131313
1313131313
1313131313
13130b1313
130b0b130b
131313130b
0b0b0b0b0b
0b0b130b0b
030b0b0b03
0000000000
0000000000
0b0b000000
0303131303
000003030b
0000000000
0000000000
13130b0300
0b0b131313
030b0b0b0b
0303000303
030303030b
0b0b130b0b
130b0b0b0b
030b130b13
0b0b0b0b0b
0303030303
030b030303
0b030b0b0b
030b030303
0303030303
0b03030303
0b0b131313
0b0b0b130b
1313130b0b
0b13131313
0b0b0b0b13
0b0b130b13
0b0b0b130b
0b0b0b0b0b
0b0b0b0b0b
00000b0b0b
0000000000
0000000000
231b030000
0b0300130b
030b0b0b0b
0000000003
13130b0000
0b0b130b13
0303030303
0b03000303
031300000b
0b0b030303
0313131313
0b0b0b0b0b
0b0b0b130b
0303030b0b
0b030b030b
0303030303
0b0b030303
03030b0b0b
0303030303
03030b0b03
1313131313
1313131313
0b0b0b1313
130b0b0b0b
0b0b0b0b13
0b0b0b1313
0b030b0b0b
0b03030b0b
0b0b0b0b0b
00030b0b0b
0000000000
0000000000
031b1b0000
000b0b0000
0b0000030b
0b0b0b0b0b
0b0b13131b
0b0b030000
0003030b0b
0b0b000000
030b00030b
130b0b0b0b
0b0b0b0b13
13130b0b0b
0b0b0b0b13
030b030b0b
0b0b030303
030303030b
0303030303
0303030b0b
0303030303
0303030303
1313131313
1313131313
0b13131313
13130b0b13
1313130b13
0b0b0b0b13
03030b0b0b
0b0b03030b
0b0b0b0b0b
000b0b0b0b
0000000000
0000000000
0313231b03
030b0b0303
0b0300000b
0b0b0b0b0b
030303030b
000b030303
0303030000
0b13030000
0b1313030b
0b0b0b0b13
0b130b0b0b
130b0b0b0b
03030b030b
030303030b
03030b0303
0303030303
0303030303
0b030b0303
0303030303
0b0303030b
1313131313
1313131313
130b131313
13130b1313
1313131313
0b130b1313
0303030303
0b0b0b0303
0b0b0b0b0b
000b0b0b0b
130b000000
1303000303
03030b1b23
00030b0b03
0b0b030000
0303000b03
00030b0b0b
0003030300
0303030000
0b03030000
13130b0b0b
0b0b0b0b0b
0b13130b0b
0b0b0b0b0b
030b03030b
0303030303
030b0b0b0b
0303030303
0303030303
030b030b0b
03030b0b03
0303030303
1313131313
0b130b1313
1313131313
131313130b
1313131313
1303030b13
030b0b030b
0b13130b03
0b0b0b0b0b
03030b0b0b
13131b0b13
2323031313
03000b0b13
000b0b130b
030b0b0b03
1303030303
030b0b0b0b
0013131303
030b0b0b03
1b130b0b03
0b0b0b0b13
0b0b0b0b0b
131313131b
0b0b0b0b13
030b0b030b
0303030303
0303030303
0b0303030b
0303030b03
03030b0303
0b030b0b03
0303030303
0b0b0b0b0b
1313130b0b
1313131313
13130b0b13
1313130b13
030b03130b
0b03030303
0b0b0b130b
0b0b0b130b
13130b0b0b
0b0b13130b
131b1b130b
0b030b0b13
0b0b0b030b
0303000b13
0b0b030303
0b0b0b0b0b
0b0b0b1b13
0b0b131313
13130b0b0b
0b0b0b130b
130b13130b
1313131313
03030b0b13
030303030b
0303030303
0303030b03
03030b030b
030b030b03
0b03030303
030b0b0b0b
0b0b030303
13130b0b13
13130b130b
0b0b0b0b0b
13130b0b0b
0b0b131313
0b0b0b030b
13130b0b0b
0b0b0b0b13
0b0b0b0b0b
0b130b0b0b
0b0b0b0b13
0b0b0b1313
0b030b0b13
0b0b0b0b03
0303030303
0000030303
0b0b030300
0b0b130b0b
0b0b0b0b0b
0b0b0b0b0b
130b0b0b0b
1313130b13
1313131313
0b030b131b
030303030b
0303030303
0b03030303
0b0b030303
0303030303
0303030303
0b0b0b0b03
0303030303
1313130b0b
0b130b0b0b
0b0b0b0b0b
0b0b0b0b0b
0b0b130b0b
0b0b0b0b0b
0b0b0b0b0b
0b0b0b0b0b
0b0b13130b
0b0b0b0b0b
0b0b0b0b0b
0b0b0b0b0b
130b0b0b0b
0303030303
030b030303
0b03000303
0b03030303
030b0b030b
0b0b0b0b0b
0b0b0b0b0b
0b0b0b0b0b
13131b1313
13131b1313
0b030b0b13
030303030b
0303030303
0b0b0b0303
0b03030303
0b03030303
030303030b
0b0b0b0b03
0303030303
0b0b0b0b0b
0b0b0b0b0b
0b0b0b0b0b
130b0b0b0b
130b0b130b
0b0b130b0b
0b0b0b130b
0b0b0b0b13
0b0b0b0b0b
0b0b0b0b13
0b0b0b0b0b
0b0b0b0b0b
130b0b0b0b
0003030b0b
03030b0300
03130b0003
130b0b0b0b
0b030b030b
0b0b0b0b0b
0b0b130b0b
130b0b1313
131313131b
0b130b0b0b
0b030b0b0b
030303030b
0303030b03
0b03030303
0303030b0b
0303030b0b
03030b030b
030b030b03
0303030b0b
0b0b0b130b
0b13130b0b
0b0b0b0b0b
0b130b0b0b
0b0b0b0b0b
0b0b0b0b0b
130b0b130b
0b0b131313
0b0b0b0b0b
0b0b0b0b0b
0b0b0b0b0b
0b0b0b0b0b
0b0b0b0b0b
0303030b0b
03030b0b03
0b13130303
0b0b030b0b
030b0b0b0b
130b0b0b0b
0b0b0b0b0b
13130b0b13
130b131b1b
0b130b0b0b
0b030b0b0b
03030b0303
0303030303
0303030303
0b03030303
0303030303
030b030303
0b03030303
0b030b0b0b
13130b0b03
0b0b0b0b0b
0b0b0b0b0b
130b0b0b0b
0b0b0b0b0b
13130b0b0b
0b0b0b1313
0b0b0b0b0b
130b0b0b0b
0b0b0b0b0b
0b0b0b0b0b
0b0b0b0b0b
0b130b0b0b
0b0303030b
0b0303030b
0b0b0b0303
13130b0b0b
0b0b0b0b0b
0b0b0b0b0b
0b0b0b130b
0b13130b0b
0b1b131313
0b0b0b0b0b
03030b0b0b
0b03030b03
0303030303
0303030303
03030b0303
0b0b0b0303
0303030b03
0303030303
0b0b030b0b
0b0b0b1313
0b0b0b0b0b
0b0b0b0b0b
0b0b0b0b0b
130b0b0b0b
0b130b0b0b
0b0b130b0b
0b0b0b0b0b
0b0b0b0b0b
0b0b0b1313
0b0b0b130b
0b0b0b0b0b
0b0b0b0b0b
0b0b030303
0b0b130b0b
0b1313030b
0b0b030b0b
0b0b0b0b0b
0b0b0b130b
13130b130b
130b13130b
0b0b13131b
1313130b13
0b0b030b0b
030303030b
03030b0303
0303030303
0b0b0b0303
030b0b0303
0303030b0b
0303030303
0b0b0b0303
0b0b0b0b0b
130b0b0b0b
0b0b0b0b13
0b0b0b0b0b
13130b130b
0b0b0b0b13
0b0b130b0b
030b0b0b0b
130b131313
0b0b0b0b13
0b130b0b0b
0b0b0b0b0b
0b0b0b0b0b
0b0b0b0b03
030b0b0b0b
0b0b0b1303
0b0b0b0b13
0b0b130b0b
0b0b0b0b0b
0b0b0b0b03
13130b0b0b
1b13131313
1313131313
130b0b0b0b
030b0b0b0b
0303030303
0303030303
030b030303
030b030303
030b0b0b0b
0303030b03
0b03030b03
0b0b0b0b0b
0b0b0b0b0b
1313130b0b
0b0b0b0b13
1313130b0b
0b0b0b0b0b
130b0b0b0b
0b0b0b0b0b
0b13130b0b
0b0b0b0b0b
0b0b130b0b
0b0b0b0b0b
0b0b0b0b0b
0b0b0b0b0b
0b0b0b0b03
130b0b0b0b
0b0b0b0b0b
0b0b0b0b13
0b0b0b130b
0b0b0b0b0b
131313130b
0b0b0b0b13
1b13130b0b
0b0b0b0b13
03030b0303
0303030303
03030b0303
0303030303
0303030303
030b0b0303
0303030b0b
03030b0303
0b0b0b0b0b
0b0b130b0b
0b13130b0b
0b0b0b0b0b
0b0b0b0b13
0b0b0b130b
0b0b0b130b
0b0b0b0b0b
130b0b0b0b
0b0b0b0b0b
0b0b0b0b0b
0b0b0b0b0b
0b0b0b0b0b
0b0b0b0b0b
0b0b030b0b
1313130b0b
131313131b
1313131313
130b0b0b0b
1313131313
0b030b1313
0b0b0b0b0b
131313130b
1313130b0b
0b0b030b0b
0b0b0b0b0b
030b030b0b
0303030303
0303030303
0b0b030303
0303030303
03030b0b03
0b0b0b0b0b
0b130b0b0b
0b0b0b0b0b
0b0b0b0b0b
13130b0b0b
0b0b0b0b13
0b0b0b0b0b
1313130b0b
1313131313
0b0b0b0b0b
0b0b0b030b
0b0b0b0b0b
0b0b0b0b0b
0b0b0b0b0b
0b0b0b0b0b
1b0b0b030b
0b0b0b1313
0b130b0b0b
130b0b0b0b
0b13131b13
1313131313
030b130b0b
130b130b13
030b131313
0b0b030303
0b03030303
0b03030003
0b0b030b0b
0b0b0b0b03
03030b0b03
030303030b
030b0b0303
0b0b130b0b
0b0b0b0b0b
0b13130b0b
1313130b0b
0b130b1313
0b13130b13
0b0b130b0b
1313131313
1313131313
0b0b0b0b0b
0303130b0b
0b0b0b0b0b
0b0b030b0b
0b0b0b130b
030b130b0b
1313131313
1313130b13
1313130b13
130b131313
1313130b13
13130b1313
1313131b13
0b13131313
130b131313
130b0b0b13
130b0b130b
0b13131313
030b0b0b0b
030b0b0300
030b0b0b0b
03030b0b03
0b0b0b0b03
0b0b0b0b13
0b0b0b0b0b
0b0b130b0b
1313130b0b
1313131313
0b130b1313
1313131313
0b0b0b0b0b
13130b0b0b
0b0b0b0b0b
13130b0b0b
0b0b0b0b0b
0b0b0b0b0b
0b0b0b0b0b
131313130b
0b0b13131b
0b0b131313
0b13131313
0b13130b13
1313130b13
131313131b
1313131313
131313131b
0b0b0b0b0b
130b0b131b
0b0b0b0b13
0b0b0b0b0b
131313130b
0b0b0b1313
0b03030303
0b0b0b0b03
0303030b0b
130b0b0b0b
0b0b0b0b0b
0b0b0b0b0b
0b0b0b0b0b
0b0b0b0b13
0b0b0b1313
1313130b13
0b0b0b0b0b
13130b0b0b
1313131313
0b130b1313
0b130b1313
131b13130b
131b131313
13131b1313
0b13131313
0b130b0b13
130b0b0b0b
130b0b0b0b
0b0b0b1b13
0b0b030b0b
0b0b131313
0b0b0b0b0b
1313131313
0b0b0b1313
0b130b0b0b
13130b0b0b
0b0b13130b
130b130b0b
0b0b131b13
0b0b0b0b0b
0b0b0b0b03
0b0b130b13
0b0b0b0b13
0b0b0b0b0b
0b0b0b0b13
0b0b0b0b0b
0b0b0b130b
131313130b
130b13130b
13130b0b13
131b131313
13131b1313
0b0b0b0b13
1313130b13
13131b1313
1313131b13
130b0b0b0b
0b0b13131b
0b0b0b0b0b
0b0b0b0b0b
0b0b030b13
0b0b030b0b
0b0b0b0b0b
0b13130b13
130b0b0b13
130b0b0b0b
1b1313130b
1313130b13
0b13130b0b
130b0b130b
13131b1313
0b131b1313
0b0b0b1313
0b0b130b13
0b0b0b0b0b
130b0b0b13
0b0b0b0b0b
130b130b0b
0b0b131313
0b0b13130b
0b0b0b130b
0b0b0b0b0b
1313131313
1313130b13
1b13131313
131b0b1313
1313131313
0b130b130b
130b0b0b0b
0b0b0b0b0b
0b0b0b0b03
0b0b0b0b03
0b0b0b0b0b
0b0b0b030b
130b0b0b0b
0b0b0b1313
0b0b13130b
131b130b13
0b0b130b0b
1313130b0b
13130b0b13
1313131313
1b130b0b13
130b0b0b0b
13130b0b0b
0b030b130b
0b0b130b0b
130b0b130b
0b130b130b
130b131313
0b0b0b130b
0b0b0b0b13
13130b0b0b
0b0b0b0b13
0b1313130b
1313131313
130b131313
0b13131313
0b13131313
0b030b0b0b
130b0b0b0b
030b0b0b0b
0b0b0b0b0b
0b0b0b0b0b
0b0b0b0303
0b0b0b0b0b
0b0b0b0b03
0b0b0b0b0b
131313130b
0b13131313
130b0b1313
0b13131313
0b0b0b0b0b
1b13130b0b
131b1b1313
13130b0b0b
130b130b13
1313130b0b
130b0b0b0b
13130b130b
13130b1313
130b0b130b
1313130b0b
0b0b0b0b0b
0b130b0b0b
0b13130b0b
1313131313
0b0b0b0b13
0b130b0b0b
131313130b
030b0b0b13
0b0b0b0b0b
130b0b0b0b
130b0b1313
0b0b0b130b
0b0b13130b
130b0b0b0b
0b0b03030b
0b0b0b0b0b
0b0b0b0b0b
0b0b0b0b13
0b0b0b0b13
1313130b0b
0b1313130b
130b131b13
1313130b13
13131b1313
130b130b13
0b130b0b0b
130b0b0b0b
0b0b130b0b
0b130b0b0b
0b0b0b0b13
0b0b0b0b0b
0b130b130b
0b130b0b13
131313130b
13130b1313
0b13130b13
0b0b0b0b0b
0b0b0b130b
0b0b0b0b0b
0b0b13130b
130b130b13
1313131313
0b0b0b0b0b
0b13130b13
0b0b0b130b
0b0b0b0b0b
0b13130303
030b0b0b03
0b0b0b0b0b
0b0b0b0b03
0b0b0b0b0b
0313131313
130b0b0b0b
1313030b0b
130b030b0b
0b0b0b0b0b
1b1b13130b
0b0b0b130b
130b0b0b0b
0b13130b0b
0b0b130b13
130b0b0b13
0b0b130b13
0b0b0b0b0b
0b13130b13
1313130b13
1313130b13
0b0b130b13
0b0b0b0b0b
0b0b0b0b13
130b0b130b
13130b0b0b
130b131313
0b0b13130b
0b0b0b0b0b
0b0b0b130b
0b0b0b130b
0b0b0b0b0b
0b0b0b0b0b
0b03030b0b
0b0b0b0b13
0b0b0b0b0b
0b0b030b0b
13130b0b0b
1b1313131b
13130b130b
13130b0b0b
13130b0b0b
13130b130b
0b0b0b0b13
0b0b0b0b0b
130b0b0b0b
0b0b0b0b0b
0b0b0b030b
0b0b0b0b0b
0b0b0b0b0b
0b0b0b0b0b
0b0b0b0b0b
0b130b1313
13131b1b13
130b13130b
130b0b0b0b
0b130b130b
0b0b0b0b13
0b13130b03
0b0b0b0b0b
0b0b0b130b
03030b0b0b
0b0b0b0b0b
030b0b0b0b
0b0b0b1303
0b0b0b030b
0b0b0b0b0b
130b0b0b0b
130b130b13
1b13131313
131b13131b
1313131313
130b0b0b0b
131b0b0b0b
0b13131313
0b1313130b
0b0b0b0b0b
0b0b0b0b0b
0b0b0b0b03
030b0b1303
0b0b0b0b13
0b0b0b0b0b
030b0b0b0b
0b0b130b0b
13130b0b13
1b13131313
0b0b131b13
0b13130b0b
0b0b0b0b0b
0b0b0b0b0b
030b0b0b0b
0b0b0b0b03
030b0b0b0b
0b0b0b030b
03030b030b
0b0b030b03
030b0b0b0b
130b030b03
0b0b0b130b
130b0b0b13
131313130b
1313131313
0b0b131313
130b130b0b
13130b130b
130b130b0b
0b130b1313
1b13131313
0b0b0b030b
0b0b0b0b0b
0b0b0b0b03
0b130b0b0b
0b0b0b0b13
0b0b0b0b0b
0b0b130b0b
0b0b0b0b0b
1313131313
1b13131313
131b131313
130b0b1313
0b0b0b130b
0b0b0b0b0b
0b0b030b0b
0b030b0b0b
0b0b0b0b13
0b0b0b030b
0b0b0b0b0b
0303130b03
0b0b0b0b0b
0b0b0b030b
0b0b13130b
0b13130b0b
1313131313
0b130b130b
0b130b130b
130b0b0b0b
130b0b130b
130b0b0b0b
130b0b130b
13130b1313
0b0b130b0b
0b0b0b0b0b
0b0b0b130b
0b0b0b0b0b
0b0b0b0b0b
0b0b0b0b0b
0b0b0b130b
030b0b0b0b
0b130b0b0b
0b13131313
131313130b
13130b1313
130b0b0b13
0b130b0b0b
0b0b0b130b
130b0b0b0b
030b0b0b13
0b0b0b0b0b
0b0b0b0b03
0b0b0b0b0b
03030b0b0b
0b0b030b03
130b0b0b0b
1b13131313
13130b131b
130b130b0b
0b0b130b0b
0b0b0b0b0b
0b0b0b0b0b
130b0b0b0b
0b0b0b0b0b
0b13131313
0b0b0b0b0b
030b0b0b0b
0b0b0b0b0b
0b0b0b0b0b
0b0b0b0b0b
0b0b0b0b0b
0b030b0b0b
130b0b130b
130b0b130b
130b0b0b13
130b0b0b0b
0b130b1313
130b0b0b13
0b130b0b0b
0b0b0b0b0b
0b0b0b0b0b
0b0b0b0b03
0b0b0b0b0b
0b0b0b0b0b
0b0b0b1313
0b0b0b0b0b
03030b0303
0b0b0b0b0b
0b0b0b0b0b
0b13130b13
0b0b130b0b
0b0b0b0b0b
0b0b0b0b0b
0b0b0b0b0b
0b0b0b0b0b
130b130b0b
0b130b0b13
0b0b0b0b0b
0b0b0b0b0b
0b0b0b0b0b
0b0b0b0b0b
0b0b0b0b0b
0b0b0b0b0b
130b0b0b03
0b130b0b0b
0b0b13130b
0b0b0b0b0b
0b0b0b0b0b
130b0b0b0b
030b0b0b0b
0b0b0b0b0b
130b0b0b0b
0b13130b0b
0b0b0b0b0b
13130b0b0b
0b0b0b0b0b
0b0b0b0b0b
0b030b0b0b
0b0b0b0b0b
0b0b0b0b03
130b0b0b13
0b0b130b13
130b0b0b0b
0b0b0b0b0b
0b0b030b0b
0b0b0b0b0b
0b0b0b030b
0b0b0b0b0b
0b0b0b0b0b
0b0b0b0b0b
0b0b0b0b0b
0b0b0b0b0b
0b0b0b0b0b
0b0b0b0b0b
0b0b0b0b0b
0b0b0b0b0b
0b0b0b0b13
0b0b0b0b0b
0b0b0b0b13
0b0b0b0b0b
0b0b0b130b
0b0b0b0b0b
0b0b0b0b0b
0b0b130b0b
0b0b0b0b0b
0b030b0303
03030b0b0b
0b0b0b0b0b
0b0b0b0b03
0b0b0b0b0b
0b0b0b030b
030b0b0b0b
0b0b0b0b0b
0b0b0b0b03
0b0b0b0b0b
0b0b0b0b0b
0b0b0b0b0b
0b0b0b0b0b
0b0b0b0b0b
0b0b0b0b0b
0b130b0b0b
0b0b0b0b0b
0b0b0b0b0b
0b0b0b0b0b
0b0b0b0b0b
0b0b0b0b0b
0b0b0b0b0b
0b0b0b1313
130b0b0b13
0b130b0b0b
0b0b0b0b0b
0b0b0b0b0b
0b0b0b0b0b
0b0b0b0b0b
0b0b0b0b0b
030b0b0b0b
0b0b0b0b0b
0b03030b0b
0b0b0b0b0b
0b0b0b0b0b
0b0b0b0b0b
03030b0b0b
0b0b0b0b03
0303030b0b
0b0b0b0b0b
0b0b130b03
0b0b0b0b0b
0b0b0b0b0b
0b0b0b0b0b
0b0b0b0b0b
0b0b0b0b0b
0b0b0b0b0b
0b0b0b0b0b
0b0b0b0b0b
0b0b0b0b0b
0b0b0b0b0b
0b0b0b0b0b
0b030b0b0b
0b0b0b0b0b
0b0b0b0b0b
0b0b0b0b0b
0b0b0b0b0b
0b0b0b0b03
0b0b0b030b
0b0b030b0b
0b0b0b0b0b
0b0b130b0b
0b13130b0b
0b0b0b0b0b
0b0b030b0b
0b0b030b0b
0b0b0b0b0b
0b0b030b0b
0303030b0b
0b0b0b0b0b
0b030b0b0b
0b030b0b03
0b0b0b0b03
030b0b0b0b
0b030b0b0b
0b0b030b03
0b0b0b0b0b
0b0b0b0b0b
0b0b0b0b0b
0b0b0b0b0b
0b0b0b0b0b
130b0b0b13
0b030b0b0b
0b0b0b0b0b
0b0b0b0b0b
0b0b0b0b0b
0b0b0b0b0b
0b0b0b0b0b
0b0b0b0b0b
0b0b0b0b13
0b0b0b030b
0b0b0b0b0b
0b0b0b0b0b
0b0b0b0b0b
130b0b0b0b
0b0b0b0b13
0b0b13130b
0b0b130303
0b0b0b0b0b
0b0b0b030b
13130b0b03
0b0b030b13
030b030b0b
0b0b0b0b0b
0b0b0b0b03
0b0b0b0b0b
0b0b0b030b
0b0b0b0b0b
030b0b0b0b
0b0b0b0b0b
0b0b0b0b0b
0b0b0b0b0b
0b0b0b0b0b
130b0b0b0b
130b0b0b0b
0b0b0b0b0b
0b0b0b0b0b
0b0b0b0b0b
13130b130b
0b0b0b130b
1b0b0b030b
130b0b0b13
0b0b0b0b0b
0b0b0b0b0b
0b0b0b0b0b
0b0b0b0b0b
0b13130b0b
0b0b030b0b
0b0b0b0b0b
030b0b0b0b
0b0b0b0b0b
0b0b13130b
0b130b0b0b
0b0b0b0b0b
130b0b030b
0b0b0b0b13
0b0b0b0b03
0b03030303
030b0b0b0b
0b0b0b0b0b
0b0b0b0b0b
0b0b0b0b0b
0b0b0b0b0b
030b0b0b03
1010101010
1010101010
100d101010
040a080b0d
100d0b0808
101010100d
100d0b0d0d
0d0d0d0d0b
0d0d0d100e
0d0e0e0d0e
0a0b0e0d10
0507070507
0808070705
0e0d0d0b0a
1010100e10
1212101010
0e0e0f0f0f
0f0f0f0f0f
0e14110f0f
07090e0e12
0f150c0a0c
0f110f0f14
110f0a1515
140e0f0e0f
0f11141118
1d11110e11
0a0e0e121f
060c070707
0a09070604
11110f120e
0f1112150f
220f0f0f0f
1010101010
1010101010
1010101010
0d0e0e100e
0d0d0a0b0a
0e1010100e
080707080d
0d0d0b0b08
100e0e0e0b
0e10101010
0b0d0b0e0e
0205050707
0a07070502
100e0e0e0d
0e100e1010
1010101010
0f0f0f0f0e
0f0f0f0f0f
140f0f0f0f
1112111415
0f11120f11
150f110f0f
110f0a1115
140f12150e
150f0f1411
121a121514
0c110e1411
0a07070907
0e0a090a0e
121714120e
111d171817
1d0f0f1111
1010101010
1010100e10
1010101010
0e0e0e1010
0e0e100e0e
0d0d100e0e
10100e0e0e
1010100e0b
0e100e0e0e
07080b0d0e
0507040507
fdfc000000
0d0b0a0704
0e100e0e0e
100e0e100d
1010101010
1111110f11
110f111111
11110f1111
1415141111
14110f110f
111715150f
0f15170e18
1115121412
18150f151a
0f1117171a
07070e0f0e
f903060103
0f0e0e0904
1811181414
11171d1518
1f11171511
101010100e
1010101010
100e10100e
100d101012
1010100e12
0d0e12100e
0a0a0d100e
0d0e0e0e08
0b0a0e0e10
070b0b0807
0204070808
0200fdfcff
0a0a0b0402
0e0d0e0d0b
1010100e0d
1010100e0e
0f150f1515
111111110f
110f0f1111
141712110f
121112150f
180f121117
140e141712
12111c0f15
0f11140a14
090e141511
0307110a09
010001f8fb
110f0c0404
1c1714110f
1712181a18
1d14151d17
0e0e0d0d0b
100e0d0e0e
070e10100e
0507070705
0d0b0b0a07
05080b0e0d
0507050705
0a0a040707
00fd000408
05070402ff
0004080705
04020002ff
0b0a0a0807
0d0d0e0e0d
1010100e0e
1010101010
171415110e
111217110f
1212151115
0e150e0c0a
12120e0a0f
090a0f1115
110f030906
110c090f09
fbfe070f0e
090a040303
090c090906
040100010a
0e0e0f0707
121a180f0f
151412180f
1d0f141117
0d0d0d0d0a
0d0e0e0d0b
080e0e0d0d
0b0b0b0d0d
080807070b
05080a0b0a
0202020004
0504040400
050b0b0704
00000404ff
fd00fd0200
0805050402
0b0b0a0a08
10100d0d0d
1010101010
1010101010
11120e0c0a
1511111215
1711171511
0e0e0e140c
0e090f0e0c
060a0a0e0e
0e01060e07
060c0a0afe
060f0c1207
0607090403
fe06040007
0f07060a04
1414110e0a
11121a170f
1111171f12
1f11111111
080a0b0708
0d0b0a0a0a
0a0b0b0b0d
0b0b0d0a0a
0a08080a0b
070a0a0a0a
0b0b0a0707
0504050408
0208080705
0504000204
0402050504
0b07080807
0e0e0e0e0d
10100e1010
101010100b
1010101010
0f0c0a0f0f
120e0a0a0a
0e11141412
0c0c0f0f0f
0a090a0e0e
090e0c0c0e
110c120909
0a090c110c
0c070c070a
0e01000603
040c070c09
0c0e090907
171a171111
1412171218
1115171818
1f11121511
0404050a08
0705070705
0a08080807
0404000408
0808040804
0a0a0a0a0b
0807080807
0508070807
0502050405
ff00050505
070504ffff
0b0a070707
0e0e0e0d0d
0e0e0a0d0e
0e0e0e0e0e
100e0e0e10
010c040f12
0a11070a0e
0a0c090a0a
070c0a0a0c
0a0a0a0709
0a0c0a0a0e
0709090909
0e0a070907
060a090a0f
fc11070c0c
06040904fc
0f0e090c0a
1215171414
1712112012
1212171212
1f12171815
0505080a0a
fd00020808
0807020000
0508080a08
0805070708
ff00050504
0505050505
0505050705
0805050705
050a0b0b07
0804020208
0e0d0b0b0a
0d0d0e0e0e
0d0d0e0e0d
0d0d0d0d0d
0d100e0e0e
0e07090912
fc03040907
0907000306
09110c0f09
090a070911
010306060a
0707060a06
0707070704
090e040e09
0e0c0c0f0f
0a04040315
110e0e0e14
1217121712
1217171212
1212121212
2515141212
04040b0b0b
0504050705
0404020205
0404050704
0705040402
ff04040405
fafcfafafa
fffcfcfdfc
fffdfdff00
0d0a080500
0d0a0b0d0e
0d0e0e0b0d
0d0d0d0d0d
0d0d0d0d0d
0d0d0d0d0d
0e0d0d0d0d
0612090f0e
06070a0c04
0607fe0109
040c060e04
110a070611
0104030a09
fef6fcf8f5
01fcfc01fb
fbf8fbfbfe
1112090600
0e0c0f0e11
171412150e
1212121212
1212121212
1212121212
2612121212
050b0a0b0b
050708ff04
000002ff07
0000020402
0407070707
0804070808
fd00040508
0000fffffd
fffffffcff
07fcfafdfd
0e100e0e0b
0d0e0d0d0d
0d0d0d0e0e
0d0d0d0d0d
0d0d0d0d0d
0d0d0d0d0d
0a0f170e12
0c0a0f060a
03fc010703
fc04090903
0f06070706
110f0f0907
00fe03070e
fb000103fb
fc01fcfc07
0a01fc00fe
141712110f
1a14171517
1212121218
1212121212
1212181212
2518121212
0808080808
0407050204
00fdfdff02
fffdffff02
fdfffdfffd
07080200ff
fcfa020204
fdfafcfdfa
fdfcfdfffd
0a0702ff00
0d0d0b0a0b
05000d0e0e
0d0d0e0d0b
0d0d0d0d0d
0d0d0e0d0d
0d0a0d0d0d
0f0a0c0a09
060c090403
03fbf8f9fe
fc03fe0101
06fb00f801
070706fcfb
fcfcfcfe06
fbfb00f5f5
fbf5f9fbfb
0c0a00fc03
170e110f15
0a0f0f1214
1212121512
1414121212
1217171718
221c121212
0405080808
0204020002
ff02020000
fafcffffff
0200fdfdfd
fdff000404
fffffffdff
fdfcfcfdfd
ffffffff00
0505070702
0b0707ff02
0808020708
0d0d0d0d0a
0b0b0d0d0d
0e0d0a0b0d
0d0d0d0d0d
04070a0707
0003000103
fc0103fcfc
f3f8fbf9f9
03fcfbfbf8
0000040903
fc00fc0104
f9f3f8f9f9
fbfb00fc00
030a090403
140f09fefe
140a0c0a0f
1212180f11
1518121415
1112171212
2317141212
0404020404
fafdffffff
fdfafcfdfc
0200fcfcfd
0507080502
fc04050005
000402fdff
fffdfd00ff
0404040000
0404070707
0a05070404
0b0d0b0a0a
0b0a0b0d0d
0b0b0b0a0a
0d0e0e0e0b
0b0d0a0e0e
0300fb0001
f5f8f9f8fb
f6f0f8f5f5
01fef5f5f8
060e090304
0103090c06
06040303fb
fbf8fbfe00
fe010afbfb
0c0a090603
0c0a060607
1211121114
12181c1d15
1412121715
1718141114
231f181212
fdfdfcfc02
fafafcfcfd
fafafafafa
0000fdfcfa
ff02040404
f7f7fafdfd
fcf9f9f9fa
fcfcfdfcfa
fdfafdfcfc
04040400ff
0a0a050507
0a0d0b0b0b
0a0b0a0d0d
0504040508
05080a0702
02070b0b0e
f5f6f3f3fe
f2f0f2f5f5
f2f2f2f2f0
00fef5f3f2
01060a0701
f0f5f8fefe
f6f5f5f0f3
f8f6fbf6f5
fbf8f8f6fe
11030301fe
140e0f0e0a
141815140e
0f0f180f11
0f110e0e0f
17140f0c09
12150e1412
fafafafa02
fafafafafa
fcfaf9f5f9
faf7fafafa
f9fafafcfc
fafafcfafa
fafafafafa
fafafafafa
fdf9f9fafa
0707050200
0705070807
050a040404
0504050404
0504020205
fd00050805
0702fcfafc
eff0f0f0fb
f0efefefef
f3f0efe8eb
f0ebf0f2f5
edf6f3f3f3
f2f3f5f5f2
f2f2f3f3f2
f5f2f0f0f3
fbefeff3f5
070a0706fc
0a12070609
120c07090c
0a090a0c0f
0c090a110f
fc0c090c07
090006fefc
f9fafafaff
f5f5f5f5f9
f5f5f5f5f5
f9fafafaf9
fafafaf7f9
fdfcfcfcfa
fdfdfdfdfd
fcfffdfcfc
fcfafcfdfa
00020200ff
0204040402
000002ff00
0202000200
fd00040002
fffdfafaf9
0702ff0000
edefefeff9
e7e7e7e7ed
e8e7e8e7e7
eff2f5f2f0
f3f2f2efef
f8f5f5f6f2
f8f8fbf8f6
f5fcfbf6f5
f5f2f5f8f3
0a030303f8
04030a0a0f
0103060703
0a07070f06
0001030906
f9fcfc04fe
0900fbfefe
f7fafafa00
f9f9f5f5f5
f4f5f5f5f5
faf7f7f5f5
fafafcfafa
fffdfdfdfd
050202ff00
fdff000205
fffffcfcfa
00ffff00ff
fffcfcff00
0404050402
f9fcff0202
f9f9f9fafa
fcfcfcfafa
070000fffc
eaefefeffb
efefe8e5e5
e8e8e7e8ea
f3efefeae7
f5f5f3f5f5
fcfbf9f8f6
070100fbfe
f9fbfc0a06
00fcf5f6f3
fc070701fe
04060300fe
0306090300
f9f8fe0309
f3f8fcfcf5
f5f3f3f3f3
0cfcfcfbf8
f7fafafa00
fafaf7f5f5
f5f9f9fafa
fcfcf9faf9
00fdfcfafc
fcfafaff00
fdfffffffc
fd00fffffd
00020202ff
fcfcfcfcfc
0000fffcf9
ffff00ff00
f9fafcfdfd
fafafafaf9
0200fdfdfd
0805050404
eaefeff0f9
f0f0ebe7e7
e8eff0f0f0
f5f5edf0ed
00f8f5f0f2
f2f9fc0000
fefefefcf6
f800fc06f6
fc03fe01fb
fcf5f2fbfe
fcfb01f9f9
fefe010300
f2f5060303
f2f2f2f8f5
04fef9f9fb
1a04040701
f9fafcfaff
fcfcfaf9f9
fcfafafcfd
fafafafafc
02fdfcf9f9
02ffff0002
faff000000
00fdfcfafa
fafc020402
fffcfcfafa
f9fd000000
fafaf9faf9
fafafaf9f9
0200fdfcfa
0505050204
0b08080808
edf0f3f0f6
f2f3f0eded
f3f0f2f6f6
f2f0f2f0f2
fbf6f0eded
fbfbfbfbfc
f6f8fefefc
fcf6f8f8f5
f6fe070900
f9fefbf3f8
fbfcfc00fc
f6fbf6fbf6
f3f5f2f9f8
01fef8f8f5
0607060303
110a0a090a
fafafaff04
fcfafafafa
fafafafcfc
fafafafcfa
f9f9f9faf9
fcfcfcfaf9
f9f7f9fdfc
fafcfcfdfc
fafafafafc
00fffffffd
fafafafcff
fdfafafafa
020202fffc
0405050504
0202050405
0402040407
f3f2eff3f9
efefeff0f0
efefeff0f0
f0f2f0f3f2
efefedefed
f3f2f2f0ed
eff6eff6f5
fbf3f9f8f5
f6f2f9fefb
fbfcfbfef9
f3f8fcf8f9
f8f6f6f5f2
000101fcf8
0706090607
0609060907
0e09030404
fafcfcfc00
fafafaf7f7
fafafafcfc
fdfdfafafa
04040404ff
f7f9fafafc
ff0000fcf7
fffffdfdff
fffffdfdfd
f9fd00ffff
fdfafaf9f7
0504020200
0705040505
ffff000004
fdfcfdfdfd
05040200fd
edf0f0f0f8
eff0ede8e8
efeff0f5f5
f9f5f0f2eb
fe01fc00f9
efeff0f0f3
f9fefcf3ed
f800fcf8f9
fbf9f6f8f8
fcf8fefcf9
f8f3f3f5f3
0409000100
0706030607
00fe000306
03fe00f800
11070304f6
f7f9f7fa00
fdfcfaf7f5
fafdfffffd
fcfcfafafa
ff050504ff
fafaf9f7fc
fcfdfdfcfc
fffdfcfcfc
fdffffffff
faf9f9faf7
02fffdfdfc
0400020404
fafcfdfd00
fcfafcfafa
fdfffdfdfd
04040204ff
eaeae5edf6
f3f0efebe7
f2f5f6f5f0
f3f6f5f2f2
f5fe03fef6
f0f0edeaf2
f6f5f5eff3
fbf8f5f8f5
f6f90100fe
f2f3f8f8f6
fef9f6f6f3
0303fe0301
f6f8010303
f8f5f5fbf8
00fbfbf9f6
0e03090603
f4f7fafa00
fcfcf9f5f4
fdfdfffdfd
ff00ffff00
f9fcfdfdfd
f9f9f9f9f9
f5f5f5f7f7
faf9f9f5f5
fdfdfcfafc
0000ffffff
fcfcff0000
fcfafafcfc
fafafcfdfd
fffffffcfa
ff00ffffff
0202ffff00
e7edf0eff6
efede7e7e7
f5f3f6f0f3
f5fbf8f5f6
f3f5f5f6f3
f2eff2eff2
efebe8f0ef
f5edede8ed
f6f8f5f8f6
fefef8f9f9
00f801fcfc
f9f3f6fef8
f3f2f8f8f8
fbfcfcf6f2
0104fcfbfc
0e00030103
f5f7fafc00
fcfaf7f4f4
fcfcfcfcfc
02020200fd
fd00040504
fcfcfafcfc
fafcfafcfc
fdfcfdfcfa
ffff00ffff
ffffffffff
fcfcfffcff
fafafafafc
fdfcfafcfc
00fffdfdff
0202ffffff
0704040402
e8edeff3f3
efede8e8e7
eff0edefef
f5f6f6f6f2
f6f8fc01fc
f2f3f0f3f8
f3f5f2f3f3
f5f3f3f3f0
fbf8fcf8f8
f9fbfcfbf9
f9f9fcfcfc
f2f0f0f2f5
f8f6f3f3f3
fcfcf9f9f9
00fef9f9fb
1107040401
f9fafcfc02
fcfcfaf7f7
00fffdfffd
fcfdfcfdff
fffdfdfdfc
fdfdfdfdfd
fffdfdfdfd
00fffdfdff
ffffffffff
ff00ffff00
fdfdffffff
fffffdfdfd
fffdffffff
ffffffffff
0404020000
0804040204
f2f3f0ebf6
eaedf0efed
f5f2f5f2ef
f2f3eff0f3
f5f0f2f5ef
f3f2f3f3f3
f6f3f3f3f3
f8f5f6f2f6
f9fcfbf8f8
fbfcfcf9f9
f6f6f9f9f9
f9f9f8f8f6
fbf9f8fcf9
fbfef9f9fb
0406010001
0a0e060903
fcfcfdff04
fcfcfcfcfc
fdfcfcfdfd
fdff0000fd
000202fdff
0402020200
0404020200
0000000202
00020004ff
ffffffffff
ffffffffff
ff0000ffff
0000ffffff
ffffffff00
ffffffffff
0804040202
f0ebeff2f8
efededf2f3
efeff0f2ef
f0f3f3f3f0
f6f9f5f3f3
fefcf9f9f9
00fefcf9f8
f9f9fbfbfb
f900fefcf9
f8f9f9fbfe
f8f8f8f9f9
fbfcfbfbf8
fcfcfbfbf9
fcfbfcfc00
f9fbfcf9fb
0904060100
fcfdff0004
fcfcfcfcfc
fffdfcfcfc
00ffffffff
0204040400
0505040400
0505040205
0002040505
ff000000ff
ff00ffffff
ff0000ff00
ffffffff00
00ff0000ff
0202020202
0404040002
0708040404
edefeff3f9
f0efebebeb
f0ebebefed
f5f0f2f2f0
f9fbfcfbf5
010101fef8
010100fe00
fbfe000101
fcfefcfbf9
fbfcf9f9f9
fcfe00fbfc
f9f9fcfcfe
fefcfcfcf9
000000fe00
01030306fe
1207030907
ffffff0005
fcfdfdfcfd
0000fdfcfc
0000000200
0505050504
0507070808
0505050505
0405050404
0402040202
0505050400
0204040404
0202020402
0404050404
0405040404
0504040405
0808070807
f0f2f2f2fc
ebebf2ebef
f5f2efebeb
f5f3f3f5f3
01fe00fef9
0106010706
0301000000
0104040101
0400010000
03060603fc
0103040306
0401010400
0407090909
0604060404
1103040a0c
120a0f0a07
ff00000005
fdfdfcfdfd
fdfdfdfcfd
00fffffffd
0505050200
0504020204
0007070805
0200020002
0708040404
0807080707
0708080707
0808070407
0708080a0b
0807080707
0b080a0a08
0d0b0a0a08
f0f2f3f5fc
ebefeaeaed
efebebeaef
f3f0f0f2ed
fcfefef9f5
fef9f8f8fc
fcfe0003fb
01fefef9f9
0704030404
090a0c0609
07090a0a0e
0909090709
0e0a140c1a
0c070f0a0e
11120a0c0e
1114140f14
ffffff0005
fffffdfcfc
fcfcfcfdfc
fcfcfafcfc
fdff00fffd
fcff0807ff
fcfafcfdfd
00fcfafafa
0708070502
0808080807
0808080808
0a0a0a0807
0a0b0a080a
0d0d0e0d0d
0d0e100d0e
0e0e0d0d0d
f5f3f0f2fc
f3f2efedf0
eff0f0f2ef
efedebeff0
f3f5f8f6f3
f0f90300f3
eff6f3f5f5
fcf2f0f0f2
06090004fe
0707070904
0a070a0c0a
14140a0907
140f0c180f
0e1a18150c
111514120c
1412111811
fcfcffff04
fffdfcf9fa
fcfdfcfcff
fcfcfdfcfd
fd0000fdfd
fafdfffffd
fafafcfcfc
fafafafafa
fcfcfdfdfa
fffffffcfa
0405fdfdff
0a05080805
0b0d0a0a08
0e10120d0b
120e100e0e
1010101210
f2eff0f3f9
f2efedebed
f2f3f2f2f8
f0f2f5f2f6
f5f9f9f6f5
f0fbf8f5ef
eff0f2f2f2
f3f0eff0ef
f6f9f6f9f0
f9f9f8f2f2
fe01f8f901
090a090701
12110f0918
121715150c
1211140c0e
1214121515
fcfd00ff04
fcfcfafafa
ff00fffffd
0000fffffd
00ff020000
ff00ffff00
ffffffffff
ffffffffff
00ffffffff
ffffff00ff
f9fafcfafc
fcfaf9f9fa
fdfffcfcfa
0b10130a00
0d0e0b0d0e
101010100d
f0f3f5f2fb
efedebedef
f8f9f2f3f3
f8fbf5f5f5
f9f8fcf9f9
f8f8f8f6f8
f8f9f8f8f6
f9f8f9f8f8
fefbfcf8f8
f9f9fcfefc
f6f9fcf6f5
f3f5f9f3f8
f5f9f3f5f9
150f1206fe
0f1a090a12
1d0f0e1412
fcfd000204
fcfdfcfafa
fdfcfdfdff
000000ffff
ffff000000
ffffffff00
ffffffffff
ffffffffff
ffffffffff
ffffffffff
fcfdfffcfd
fafcfafafa
fcfafaf9fa
fc070afcfd
fdfffdfdfa
12100b0500
f0f2f3f6f9
f0f0edeff0
f2f0f5f2f3
f8f8f6f5f6
f8f8f8f8fb
f8f8f8f8f9
f8f8f9f9f8
f8f9f8f8f9
f9f9f9f9f9
f9fbf9f9fb
f8f9fcf8f8
f3f8f2f2f3
f8f3f8f5f8
0c0a09f9f8
04fc04fc00
140c11fc01
fcfcfffd04
fffcfcfafa
fcfdfdfdfd
fdfcfcfafc
ffff00fdfd
fffdffffff
fffffdffff
00ff000000
ffffff00ff
ff0000ff00
0002fffffd
fdffff0200
fdfcfafafc
fc0d0dfcfd
02fffffdfd
0502020202
f5eff5effe
f2f0f0f0ef
f0f5f5f3f2
f5f0efeff2
f8f8f8f3f5
f9f6f8f8f8
f8f8f5f8f8
fcfcfb00fb
f9f9fbfefb
fbfefcf9fc
0001f9fbf9
fbfbfc00fc
f9f5f8f5f6
0f0f110301
0409fbfbf8
0f06090404
fcfdfdfd04
fdfcfafafa
fdfdfcfcfd
fffcfdfdfd
ff00ff00ff
ffffffffff
fffffffffd
fdfdffffff
ff00fffdfc
ffff00ff00
fffdfdfdff
ffffffffff
ff00fcfdfd
fd070afdfc
fffcfafcfc
0704040400
f2f3f2f2fb
f3f0efeded
f3f6f0f2f2
f6f3f6f6f5
f8f8f9f6f8
f8f8f8f8f8
f8f9f8f8f6
f6f6f9f8f6
fc00fcf8f8
f9f9fcf9fc
fef8f8f8fe
00fcfb04f9
01fefcf903
090e14f801
fefbf5f6f8
15040103fe
fafcfdff04
fffcfafafa
fcfcfdfcfd
fdfcfdfdfd
ffffff00ff
ffffffffff
ffffffffff
ff00ffff00
fffdfdffff
00ff00ffff
fafdfdffff
fdfdfafdfd
fffffdff00
ff0d0a0404
0202fdffff
100e0b0202
eff2f3f600
f3f2edf0f0
f2f0f6f2f3
f3f0f2f2f2
f9f8f8f6f6
f8f8f8f9f8
f8f9f8f8f8
fbfcf9fbf9
f9f8f9f9f9
fefbfcfef8
f5f8fef9fb
fbfcf5fbfb
010603fbfc
0f0a120a04
0706fbfc00
200a070604
fcfcfdff05
fcfafafafa
fcfcfcfcfd
00fffffdfc
0000000000
0202040402
00000002ff
00ff00ffff
000200ff00
00ffffffff
ffff000000
00fd00ffff
02ff00ff00
0d100e1610
12120b0a0a
070b0d100e
f3f0f2f5fe
f2edefeff0
f0f2f2f0f6
f8f8f6f5f0
fbf9fbf9f8
f9fe0403fe
fefcfcfefb
fbfbf9fcf9
fe00fcfc00
01f9f900f8
000001fe01
0001fe03fb
0606010400
0a140f0f0c
11110a0f0a
0e141c0f0e
0a0a040504
fd00040504
02fffffdfd
ff04040502
ffff00ffff
0202040202
0000000004
ff0200ff00
ffffffff00
0000ffff00
0400ff0200
0200040202
13100e0704
1212100e10
1212131012
0b0e121212
0304000101
f5fb010100
00f8fbf5f3
f9060306fe
f9f9f8f9fb
000000fcfc
fcfcfcfc03
f901fcfbfe
fbf9fbfbfc
00fcf90101
0404040001
0a04060c00
120e111106
121a121812
180f12140e
140c0f1117
0e0e121210
0b0e0d0e0e
0e0d0e0d0d
0b0d101010
0d0a0b0a0b
0a0a0b0d0b
fffffd000a
02ffff00ff
0000ffff02
0000ff00fd
ffff0002ff
0b0402ffff
1310101210
1212121212
1213121212
1212121312
0c0e0f0e0c
070a090a0a
0c090a0a09
07090c0e0e
0a06090909
090c090e09
f9fbf50609
00fbfbfcf9
fcfef9fe00
0003fcfc01
fbfefc01fe
0c0e040303
0e18140c0e
0e11110c0c
1411140e0e
1217120f11
0e0e0e0e0e
100e0d0e0e
0e0e0e0e10
0e0e0e0e0d
101210100e
100e121213
fa0807ff0e
fffffffcfc
fdfffffc00
fdfcfcfd00
0804040402
1212130b08
1312131313
1212121212
1212121212
1212131212
0a0a090909
0c0a090a0a
0a0c0c0a0c
0a0a0a0a09
0e110f0c0c
0e0a0c0c12
f20a0f090a
fbfbf8f5f3
03fbfbfefe
fefbf6fbfb
0c120f0909
0e1411120a
110f1d0f0f
0e0e140f0e
141414140f
0f14140f11
0e0e0e0e0e
0d0d0d0e0d
0e0d0d0d0d
0e0e0e0e0e
10100e0e10
f9050d100d
040705fff9
fafaff0202
0402fffdfd
130e0b0b07
0e12131012
131212120d
1012121015
1212121212
1312131212
1012121212
0909090909
0909070909
0a0a09090a
0f0a0c0a0a
0f0e0e0a0e
f6fe060903
0f0c0ef8f3
f8f2fe0a06
0e0403f9f8
1407070e0e
1814151814
180f0e150f
11120e1515
0c11110e0c
120e11110c
1211141211
0e0e0e0e0e
0e0e0e0e0e
0e0e0e0d0e
100e121210
040e0d0e12
fafafafcf5
0e10160efc
02070a0b0d
120d0d0e07
0a08121213
0e10100512
0d10121210
10120e0e0b
1210101210
1312121212
1212121212
0a090a0a09
090909090a
0a0e09090a
0a0c0a0c0f
090e0e0c0f
f2f5fcf9fe
0f151c0ff2
0407091212
140c110e07
1503111111
0e1c0e0914
12120e0c0c
0e0e150a11
0e1112180f
150f0c110c
0e0e0f1711
0e0e0e0e0e
0e0e0e0d0e
0e0e0e0d0e
0d0a0d0e0d
070e0e0e0e
02fd04ff02
100e0d130e
1013120d10
080d081013
13fc0505ff
1210120e12
1212121312
101010100d
1213131212
1312101212
1212121212
0909090909
090a0a0a09
090f090a0a
0a070a0a0a
040f0a0e0a
0703090003
0e11151c07
11110f1214
0c1a0a0f15
0c04060e03
0c0c110918
15110c1111
0e0f110c0e
1114121418
0e0c121114
170e111111
0e0e101010
0e0e0e0e0e
0e0b100e0e
0d0d0b0a0b
0d100e0e0e
130a0e120b
0d100d1213
0e100e0e10
0b120e1012
130d070e0b
1212121210
0e0e10100e
1012121210
1212131310
1310121012
1212131212
09090a0909
0909090909
0c070e0909
0a0a0c0a0a
0e0a0e0c0a
140a0a1107
150c120f14
0c1414170c
0a0c151115
0f0f0a0c0a
150f0e0e0f
0e140e0912
0f0f0f0f0e
121118170e
0f110c1415
1211110c0f
121012100e
100e0e0e10
0b0e101012
0e0e100d0b
1010120e0e
1212121210
120d0b0d10
0a0d0e0e0e
121213130e
0e12121312
1012101012
1013130d0d
1212131212
1012121010
1212101212
1212121213
0e0c0f0e09
090a0a0c0e
0a090c0a0a
0c0e0c090c
0e0c110e0e
0e0f0e0c0c
1415120f11
1f0a0c0e17
0f0e0f150f
0c1111110f
0c0e090c12
1415110a07
0e14110e14
0f0e15140f
0e0e141111
0e14120c12
1210121312
100e0e0e10
0e0e0e1010
0d0e0e0e0e
121012120e
1010121212
0e12101012
12100e0e0e
1312120e0e
1212121313
100e0d1010
10120e1010
1212121212
1212101012
1212121212
1013131312
110a0f0f0e
0a0a0a0e0c
0a090a0a0a
0a0a0c0a0c
0e0e0e0f0a
0c0c0e0f0c
11120c0c0e
12150e0c12
110f150f11
0c1114150f
0e0e070c0e
150f0f0a0c
0e0e140e0c
0c0e0c110e
110e0f0e0e
1511140f12
1212101210
0e0e0e0e0e
0e0e0e0e0e
1212101012
101212120e
1010101012
0e13121210
130e0e0d0e
101013120e
1210101210
100e0d1010
1012151313
1212121210
1212121212
1013121210
1313121212
0c0f0f0f0e
0a0a0a0a0c
0c0a0a0a0a
0f0f0c0f0c
110f0e0f0f
0c0a0c0e0f
0f0f0c0a11
140f0f0f0c
0c0c120e14
0e0c0f0a12
090a0c0c0a
120a140e0e
1211111111
110c0e150e
1411120f12
140e17140f
1012101010
0e0d0e0e10
101210100e
1012101212
1012121212
1010121210
1010121212
1212121212
1012121212
1312121312
120e120e13
100d120d12
1212101012
1313121312
1313131213
1213121212
0c0e0c0e0e
0c0a0a0e0e
0a0f0a0c0f
110c0e0c0f
110c0f0f15
0f0a11110c
0c0c0c0a11
110e140f0c
140a0e0e11
0e14110c0c
0e0c0f0a11
0e14110f0e
141111110f
120c0c150e
1214121417
1a12111415
1012121212
1313121012
1212121213
1210121212
1212121315
1312121313
1212131212
0e12131212
0e10100e10
0a0b0e0d12
100e0d0b0b
0e0e120b0a
1213131312
1212121312
1212121312
1212121013
0c0a0c0e0e
140f0e110f
0f0c110e0e
0f110f110e
0f0f110c11
0f0c11170e
110f0f0a11
0e140f0e0f
110a070a09
0c0706120e
0e0c060607
0c0e090411
120c0f120a
1715150c12
1211151514
15170e140f
1212121312
0d12121210
1013121310
1213131312
1312121010
1313151315
1313131313
0b0b0e1012
0d0b0a0b0b
0d0b0b0b0b
070a0a0d0b
080a0b0808
0b0d0b0a08
0a0b0d0d08
131312100b
1313131513
0f0a15110a
0a0a0c110e
0a0f0e0e0c
0e0e150f0e
0c0e0e090e
17110f1514
0c0e0f0c11
060a0e0f0c
0907070609
0a0a09060c
0407060907
0407060403
060f09040a
0c0a09070c
0e0c110a07
17150f1214
1312121012
1212121212
10100e1010
1210121010
10100e1010
1212121212
100b0e1013
0d0d0e0d0b
0e0e0e0e0d
100e0e100e
0b10100e12
0a080d0b0a
080b08080a
0b0a0b0b0a
0d0d0b0b0a
1210120e0d
0f0e0e0f0c
0c0c0c110e
110e0a0c0c
0e0f0c0c0f
0a0a0a0a12
0c0c0a0c0c
0a0407090e
07090e0906
090a0c0c0a
0f110a0f0c
070e0a090e
0404090909
0306060404
0703070609
0a09070c06
1115110f11
1312121213
1213131213
1213101012
1313131212
0b0e131213
0e0e0b0d0b
0d100b0d10
1010121212
1313121312
1010121012
1212101210
0e0d121013
080a0a0b0d
0b0a0e0a0e
100a0a0808
1210121212
0c0c120e0c
0c0c0f0f17
11110c0c0c
180f0e0e0c
06090e0f11
0c0a070709
090e09090a
110e0e0e0a
12110c110e
0e140c170c
0f0e0e120c
0a0c0e0c11
040706060c
0709090711
1104060106
110a0e0c14
1212121012
1010121310
0e0e121212
1010121010
130e101312
1210101213
1312131212
1212121313
1010101012
12100e1010
1212100e12
1010121010
080a0d1010
0e0a0b0b08
1012120a18
1012120d0e
0e0c0f1412
0e0c0c110c
0c0e110f0f
110c0e0c0c
0f0c0c0c0e
0c0e0c1111
0f11110f0c
0e0f0f110e
120c110e11
0c0c120f12
0c110e0f12
0c15110e0f
0406090e0a
0f0a090604
0f0e0f0415
0f0f0f090a
1010101210
1313131010
1012101310
0e10101010
100e0e100e
1012151312
1212101212
0e0e100e0e
121012100e
1010101210
1210121210
1212131010
0a07121013
0e0b0d0e08
0b10121012
100e0d0d0a
0c0a0a0e0c
0c110a0c0e
0c0f0f1111
0a0c0c110a
14090a0c0c
0f0c0f0f11
0a0f0a0f0f
0c0a0a0c0c
0f0e0f1212
0f0a0e110c
0e0c110f0f
0e0e120f0f
04070a1112
0c07090c04
0a0a0e0f0c
120e070a07
1310101210
1212121212
1210121312
1210121013
0d0e0d0e10
1213131210
1310121312
1312121210
1212131313
1212121210
0e12121213
0d0e101312
100d0e0e10
10100e1010
120d0e0e0e
100d0b0d0e
0c0a0a1211
1512151412
0a0c0f1114
0f0e0f1212
090a090a0a
0e110c0e0e
0f0e0f120e
0f0c14110c
0c120e1111
12120f0c11
0a0f0e1117
090a0a110e
110f0c0a0c
0a0c0c0f0e
14110c0e0f
120c090a0a
1212131213
1312131213
1312131313
1212121313
1013121212
1010101010
1012121212
1012121210
1212101013
1010101212
1210101210
10120e1012
100e101010
1013131312
1012121313
10120e0e12
110e0a0c12
170a0f0e14
0c0f111111
120e110f11
0c0e0f0e0e
0c0a0c0a0c
120c0e0e0f
110e12140e
150f0e0c0e
1215111111
0f0c12140e
0a0e090a11
140f0f0f0f
110c110f0f
0f140f0e11
0e0c0c0e0a
1312131312
1312121012
1212131310
1012121013
131212120e
1010121012
1010101210
131010120e
1310131213
1012101010
1010101210
1210121210
1012121210
1213121212
1012121010
1210121213
0f1a0c0a11
0f0c0e0f0f
0f0a0a0f11
0e0e0f1412
0f0e0e1112
0a0e0f0c11
0a0f0c0e0c
140c0c0c0a
0e120f0e11
0e0a110c11
0c0c110f12
0c0e0e0c0c
0f0e12140f
14180e0f0f
0f140e110c
120f150e12
1313131313
1312131313
1212131212
1313121313
1213121212
1213131213
1312121010
1312121312
1213121212
1210121312
1010101213
1212121210
1212101212
1013121212
1213131312
1312121312
120f15140e
12110c1412
11110c0c0c
0e0f110e0f
0c140f0c0f
0f0f121214
0e140e0c0a
0f0e120f12
0f0f111112
0f0c0f0f0f
0a0c150c0f
0f0c11110a
0c0a0f0c0f
140a0f110c
0a150a0c12
0f12110f0f
1312131313
1212121313
1312131312
1213131213
1312131312
1313131312
1212121312
1213131012
1012131212
1210121213
1210131312
1312121212
1212121312
1312121212
1213121213
1313131312
1112141112
0c0c0c0f0c
0f12110c0c
0c1211150c
0f0f1d0a0c
140c0f0f0f
0c0c110f0c
110f14120e
0f17140e0e
1111110a12
0c110f1214
110c120f0f
0c0c120c0c
0c120f0f0f
11110f1111
140f150c0c
0000000000
0000000000
0000000000
0000000000
0000000000
0000000000
0000000000
0000000000
0000000000
0000000000
0000000000
0000000000
0000000000
0000000000
0000000000
0000000000
0000000000
0000000000
0200000000
0000000202
0000000000
0000000000
0000020000
0200000202
0202020202
0202020202
0606060602
0606060606
0b0b060b0b
060606060b
0606060606
0b06060606
0000000000
0000000000
0000000000
0000000000
0000000000
0000000000
0000000000
0000000000
0000000000
0000000000
0202000000
0000000202
0000000000
0000000000
0000000000
0000000000
0000000000
0000000000
0000000000
0000020000
0000000200
0000000000
0000000000
0202000000
0200020202
0202020202
0606020202
0606060606
0606060606
0b0606060b
060b0b0606
0b0b0b060b
0000000000
0000000000
0000000000
0000000000
0000000000
0000000000
0000000000
0000000000
0000000000
0000000000
0000020000
0000000000
0000000000
0000000000
0000000000
0000000000
0000000000
0000000000
0000000000
0000000000
0000000000
0000000000
0200000202
0200000202
0202020202
0202020202
0602060606
06060b0f0f
0606060606
0b0b0b0606
0b0b0b0b0b
0b0b0b0b0b
0000000000
0000000000
0000000000
0000000000
0000000000
0000000000
0000000000
0000000000
0000000000
0000000000
0000000000
0000000000
0000000000
0000000000
0000000000
0000000000
0000000000
0000000000
0000000000
0000000000
0000000000
0000000000
0200000000
0202020202
0202020202
0202020602
0202020202
06060b060f
0602060606
0b06060606
060b0b0b06
0f0b0b0b0b
0000000000
0000000000
0000000000
0000000000
0000000000
0000000000
0000000000
0000000000
0000000000
0000000000
0000000000
0000000000
0000000000
0000000000
0000000000
0000000000
0000000000
0000000000
0000000000
0000000000
0000000000
0000000000
0000000000
0000000000
0000000000
0200000000
0602020202
06060b020b
0202060206
0b06060602
060b0b0606
0b0f0b0b0b
0000000000
0000000000
0000000000
0000000000
0000000000
0000000000
0000000000
0000000000
0000000000
0000000000
0000000000
0000000000
0000000000
0000000000
0000000000
0000000000
0000000000
0000000000
0000000000
0000000000
0000000000
0000000000
0000000000
0000000000
0000000000
0000000000
0000000000
00000b0b0b
0602020200
0606060202
060b060606
0f0b0b0b0b
0000000000
0000000000
0000000000
0000000000
0000000000
0000000000
0000000000
0000000000
0000000000
0000000000
0000000000
0000000000
0000000000
0000000000
0000000000
0000000000
0000000000
0000000000
0000000000
0000000000
0000000000
0000000000
0000000000
0000000000
0000000000
0000000000
0000000000
00000f0006
0000000000
0000000000
0606060000
0606060606
0000000000
0000000000
0000000000
0000000000
0000000000
0000000000
0000000000
0000000000
0000000000
0000000000
0000000000
0000000000
0000000000
0000000000
0000000000
0000000000
0000000000
0000000000
0000000000
0000000000
0000000000
0000000000
0000000000
0000000000
0000000000
0000000000
0000000000
0000060002
0000000000
0000000000
0000000000
0606020202
0000000000
0000000000
0000000000
0000000000
0000000000
0000000000
0000000000
0000000000
0000000000
0000000000
0000000000
0000000000
0000000000
0000000000
0000000000
0000000000
0000000000
0000000000
0000000000
0000000000
0000000000
0000000000
0000000000
0000000000
0000000000
0000000000
0000000000
0000060f0b
0000000000
0000000000
0000000000
0000000000
0000000000
0000000000
0000000000
0000000000
0000000000
0000000000
0000000000
0000000000
0000000000
0000000000
0000000000
0000000000
0000000000
0000000000
0000000000
0000000000
0000000000
0000000000
0000000000
0000000000
0000000000
0000000000
0000000000
0000000000
0000000000
0000000000
0000000000
00000b060b
0000000000
0000000000
0000000000
0000000000
0000000000
0000000000
0000000000
0000000000
0000000000
0000000000
0000000000
0000000000
0000000000
0000000000
0000000000
0000000000
0000000000
0000000000
0000000000
0000000000
0000000000
0000000000
0000000000
0000000000
0000000000
0000000000
0000000000
0000000000
0000000000
0000000000
0000000000
00000b0006
0000000000
0000000000
0000000000
0000000000
0000000000
0000000000
0000000000
0000000000
0000000000
0000000000
0000000000
0000000000
0000000000
0000000000
0000000000
0000000000
0000000000
0000000000
0000000000
0000000000
0000000000
0000000000
0000000000
0000000000
0000000000
0000000000
0000000000
0000000000
0000000000
0000000000
0000000000
0000060006
0000000000
0000000000
0000000000
0000000000
0000000000
0000000000
0000000000
0000000000
0000000000
0000000000
0000000000
0000000000
0000000000
0000000000
0000000000
0000000000
0000000000
0000000000
0000000000
0000000000
0000000000
0000000000
0000000000
0000000000
0000000000
0000000000
0000000000
0000000000
0000000000
0000000000
0000000000
0000020b0b
0000000000
0000000000
0000000000
0606020000
0000000000
0000000000
0000000000
0000000000
0000000000
0000000000
0000000000
0000000000
0000000000
0000000000
0000000000
0000000000
0000000000
0000000000
0000000000
0000000000
0000000000
0000000000
0000000000
0000000000
0000000000
0000000000
0000000000
0000000000
0000000000
0000000000
0000000000
000006020b
0000000000
0000000000
0b0b060200
0b0b0b0b0b
0000000000
0000000000
0000000000
0000000000
0000000000
0000000000
0000000000
0000000000
0000000000
0000000000
0000000000
0000000000
0000000000
0000000000
0000000000
0000000000
0000000000
0000000000
0000000000
0000000000
0000000000
0000000000
0000000000
0000000000
0000000000
0000000000
02060b0b00
0206060f06
0000000000
0b06060202
0b0b0b0b0b
000000020b
0000000000
0000000000
0000000000
0000000000
0000000000
0000000000
0000000000
0000000000
0000000000
0000000000
0000000000
0000000000
0000000000
0000000000
0000000000
0000000000
0000000000
0000000000
0000000000
0000000000
0000000000
0000000000
0000000000
0000000000
0000000000
0000000000
06060b0b06
0b0b0b0b0b
0f0f0f0b0f
0b0b0f0b0f
0000000002
0000000000
0000000000
0000000000
0000000000
0000000000
0000000000
0000000000
0000000000
0000000000
0000000000
0000000000
0000000000
0000000000
0000000000
0000000000
0000000000
0000000000
0000000000
0000000000
0000000000
0000000000
0000000000
0000000000
0000000000
0000000000
0000000000
0606060602
0b0b060606
0b0b0f0b0b
0f0b0b0b0f
140f0f0f0f
0b0b0b0f14
0002060b0b
0000020000
0206060202
0000000000
0000000000
0000000000
0000000000
0000000000
0000000000
0000000000
0000000000
0000000000
0000000000
0000000000
0000000000
0000000000
0000000000
0000000000
0000000000
0000000000
0000000000
0000000000
0000000000
0000000000
0000000000
0b0b060000
0f0f0f0b0b
0f0f0f0f0f
0f0f0f0f0f
0f0f0f0f0f
0f0f0f0f0f
0f0f140f0f
0f0f0f0f0f
060b060606
0606060602
0202020206
0002000602
0000000000
0600000000
0606060202
0000060606
0000000000
0000000000
0000000200
0000000000
0000000000
0000000000
0000000000
0000000000
0000000000
0000000000
0000000000
0000000000
0000000000
0000000000
0000000000
0000000000
0b06060602
0f0b0b020b
0f0f0f0b0b
0f0f0f0f0f
0f0f0f0f0f
0f0f0f0f0f
0f0f0f0f0f
0f0f0f0f14
0606060606
0206060606
0202020602
0606020602
0206020206
0202020202
0606060206
0606060606
0606060606
0606060606
0b0b060606
060606060b
0000000206
0000000000
0000000000
0000000000
0000000000
0000000000
0000000000
0000000000
0000000000
0000000000
0000000000
0b06060000
0f0f0f0f0b
0b0b060b0b
0f0f0f0b0b
0f0f0f0f0f
0b0f0f0f0f
0f0f0f0f0b
0f0f0f0f0f
0f0f0f0f0f
0606060606
0606060606
0202020202
0202020202
0202020202
0206020202
0606060202
0606060606
0606060606
0b06060606
0b0b0b0b0b
0b060b0b0b
0002020b0b
0000000000
0000000000
0000000000
0000000000
0000000000
0000000000
0000000000
0000000000
0000000000
0606060000
0b0b0b060b
0b0b0f0f0f
0f0b0f0b0f
0f0f0f0f0b
0f0f0f140f
0f0f0f0f0f
0f0f0f0f0f
140f0f0f0f
0f0f0f0f0f
060606060b
0606060606
0202020202
0202020202
0202020202
0602020202
0606060602
0606060606
0606060606
0b0b060606
06060b060b
00020b0b0b
0600000002
000000000b
0000000000
0000000000
0000000000
0000000000
0000000000
0000000000
0602000000
0202060002
0b06020202
0f0f0f0f0b
0b0b0f0f0f
0f0f0f0f0b
0f0b0f0f0f
0f0f0f0f0f
0f0f0f0f14
0f0b0b0f14
0f0f0f0f0f
0f0f0f0f0f
0606060606
0606060606
0202060602
0202020202
0202020202
0606060202
0606060606
0606060606
0b06060606
0606060606
060b0f0b06
0000000606
0000000000
0000060602
0000000000
0000000000
0000000000
0000000000
0000000000
0602020200
0606060602
02060b0b0f
0b0f060606
0f0f0f0f0f
0b0b0f0f0b
0b0b060606
0f0f0f0f0b
0f0f0f0f0f
0f1414140f
0f0f0f0f0f
0f0f0f0f0f
0f0f0f0f0f
0606060606
0606060606
0206060606
0602060206
0606020606
0606060606
0b0b060606
0606060606
060606060b
06060b0202
0202000200
0000000000
0000000000
000b060600
0000000000
0000000000
0000000000
0202000000
0606060606
0b06060606
0b0b02060b
06060b060b
0f0f0f0b0b
0f0f0f0f0b
020206060b
0b0b0b0606
0f0f0f0b0b
0f0f0f0b0b
140f0f0f0f
0f140f0f0f
0f0f0f0f0f
0f0f0f0f0f
0606060606
0606060206
0606060606
0206060606
0602020606
0606060606
060b0b0606
06060b0606
0206060606
0002060202
0000000000
0000000000
0b06000000
0b0602060b
0606020602
0000000000
0600000000
0b060b0606
0b0b0b0b06
0602020606
060000060b
0b06060606
0f0f0b0b0b
06060f0f0b
06060b0600
0b0b0b0b0b
0f0f0f0f0f
0f0f0f0b0f
140f0f0f0f
0f0f0f0f14
0f0f0f0f0f
0f0f140f0f
0606060606
0606060606
0602020602
0602060606
0602020606
0206060606
0602060602
0202020206
0606060606
0006060202
0000000000
0000000000
0b06000000
060b060206
0602020606
0000060f0b
0606060602
0b06020202
0206060b0b
0200000002
020000060b
0f0b0b0602
0f0b0b0b0b
02060f0b0b
0b0b060202
0b0b0b0b0f
0f0f0f0f0b
0b0f0f0f0f
0f0f0f0f0b
0f0f0f140f
0f0f0f0f0f
0f0f0f0f0b
0606060606
0606060606
0202020606
0606020602
0606020606
0202060606
0002060602
0200000202
0602060602
0006020606
0000000000
0000000000
0606060600
0b0b060206
0602020206
060b0b0b0f
060b060606
020202060b
0000000000
0202000000
0b02060606
0f0f0b0b0b
0b0b0f0b0f
060b0f0f0f
0b0b060606
0b0b0b0f0b
0f0f0f0f0f
0f0f0f0f0f
0f0f0f0f0f
140f0f0f0f
0b0f0f0f0f
0f0f0f0f0f
060b06060b
0606060606
0206060606
0606020606
0606020606
0206060606
0200020202
0202000202
0606060606
0606060b06
0000000000
0200000000
06060b0602
060b060602
0b06020206
0606060b06
0b060b0b06
0002020202
0000000000
0200000000
0b0f0b0606
0f0f0b0b0b
060b060b0f
060602060b
0b0b0b0b06
0b0b0b0b0b
0f140f0b0b
0f0f0f0b0b
0f0f0b0f0f
0f140f0f0f
0f0f0f0f0f
0f0f0f0f0f
0b0b06060b
0606060606
0606060606
0606020606
0606060606
0602020606
0202000202
0602020002
0606060606
0602060b06
0602020206
060000000b
02020b0b0b
060b060b06
0606060f02
0b02060606
0b0b0b0f0b
02060b0200
0200000000
0600000000
0f0b0b0606
020b0b0b0b
0b06060606
0b06060b0b
0f0f0f0f0f
0b0b0b0f0f
0f0f0f0b0b
0f0f0f0f0f
0f0f0b0f0f
0f0f140f0f
140f0f0f0f
0f0f0f0f0f
06060b0606
0b06060b06
060606060b
0606060606
060b060606
000202060b
0200020002
0606020202
0606060606
06060b0b06
0b0b0b0b06
06020b0b0b
06000b0b06
0b0b06020b
0606060b0b
0b06060606
0f0b0b0b0b
0f0b0f060f
060b0b0f0b
0606060206
0b0b0b0b0b
0b0b0b0b0b
0202020202
0b0b060606
0b0f0f0f0f
0b0b0f0f0f
0f0f0b0b0b
0f0b0f0f0f
0f0f0f0f0f
140f0f0f0f
0f14140f14
140f0f0f0f
0b06060b06
0b0b0b060b
060606060b
0b06060606
0b0b060b0b
0200020206
0602020206
0606060606
0b06060606
0b0b0b0b0b
0b0b0b060b
0b0b0b0b0b
06060b0606
0b0b0b060b
0606020606
0002060606
0b0f0b0b02
0f0b0b0b0f
0f0f140f0f
0b060b0b0b
0b0b0b0b0b
060602060b
0206000202
0b060f0f0f
0f0f0f0b0f
0f0f0f0f0f
0f0b0f0b0f
0f0f0f0f0f
0f0f0f0b0f
0f0f0f0f0f
140f140f14
0f0f0f0f0f
0b060b0b0b
0b0b0b0b0b
060606060b
0b06060606
0606060606
0206060206
0602020202
0606060202
060b0b0606
0b0b0b0b0b
0b0b0b0b0b
0b0b0b0b0b
0b0b06060b
0606060606
0606060606
06020b0606
0f0f020002
0f0f0f0f0b
0f0f0f0f0f
0b0b0b0b0b
020b0b0b0b
0602060202
0606060b0b
0b0b0f0f0b
0f0f0f0f0b
0b0b0f0f0f
0b0f0b0b0f
0f0f0f0f0b
0f0f0f0b0f
0f0f0f0f0f
140f14140f
0f0f0f0f0f
0b0b0b0b0b
0b0b06060b
0606060b0b
0606060606
060b06060b
0606060606
0606060606
0606060606
0b0b060b06
0b0b0b0b0b
0b0b0b0b0b
0b0b0b0b0b
0b0b0b0b0b
0202060f0f
0606060602
020b020206
0f06060606
0f0f0f0f0f
0b0b0f0f0f
060b0b0b0b
02020b0b0b
0606060202
06060b0f0b
0b0b0f0b0b
0f0b0f0f0b
0f0f0f0f0f
0f0b0f0f0f
0f0b0f0f0f
0f0f0f140f
0f0f0f0f0f
14140f0f0f
0f0f0f1414
0b0b0b0b0b
0b0b0b0b0b
0606060606
0606060606
0606060606
0606060606
060b0b0606
0b0b0b0b0b
0b0b0b0b06
0b0b0b0b0b
0b0b0b0b0b
0b0b0b0b0b
0b0b0f0f0b
02020b0f0f
0606060602
0b0b0b0606
0606060606
0b0f0b0b0b
0b0b0f0b0b
0b0b060b0b
0206060b0b
0b06060602
0b0f0f0f0f
0b0b0f0f0b
0f0f0b0b0b
0f0f0f0f0f
0b0b0f0f0f
0b0f0f0f0f
0f0f0f0f0f
0f0f0f0f0b
0f0f0f0f0f
1414141414
0b0b0b0206
06060b060b
0606060b06
0606060606
0606060606
0606060606
0b0b0b0b06
0b0b0b0b0b
060b0b0606
0b0b0b0b0b
0b0b0b0b0b
0b0b0b0b0f
0f0f0f0f0b
06060b0b0f
0b06060606
0b0f0b0206
0f0b0b0b0b
0b0b0b0b0b
0b0f0f0f0b
0b0b0b0b0b
0206060b0f
0b06060202
0606060b0f
060b0f0b0b
0b0b0b0b0b
0f0f0f0f0f
0f0f0f0f0f
0f0f0f0f0f
0f0f0f0f0f
0f0f0f0f0f
0f0f0b0f0f
141414140f
0b0b060606
06060b0b0b
0606060606
0606060606
0606060606
0b0b060606
0b0b0b0b0b
0b0b0b0b0b
060b060606
0b0b0f0f0f
0b0b0b0b0b
0b0b0f0b0f
0f0f0f0b0f
0f0b0b0b0b
0f0b0b0f0f
0f0f0b060b
0b0b0b0f0b
0b0b0b0b0b
0f14140f0b
0f0b0b0b0f
06020b0b0f
0202020606
0606060202
0b060b0b06
0b0b060b0b
0f0b0f0f0b
0f0f0f0f0f
1414140f0f
0f0f0f0b0f
0f0f0f0f14
0f0f0f0f0f
140f140f0b
0b0b0b0606
0b0b0b0f0f
060606060b
0606060606
0b0b060b06
0b0b0b0b0b
0b0b0b0b0b
0f0b0b0b0b
0b0b060b0b
0b0f0f0f0b
0f0f0f0b0b
0b140f0f0f
0f0f0f0f0f
0b0f0f0b0b
0f0f14140f
0f0f0b0b0b
0b0b0f0b0b
0b0b0b0b0b
1414140f0b
0f0f0f0b0f
060606060f
0b06060606
0f0b0b0b0f
0b0606060b
0b0b0b0f0b
0f0f0f0f0f
0f0f0f0f0f
0f0f0f0f0f
0f0f0f0f0f
0f0f0f140f
0f0f0f0f0f
140f0f0f0f
0f0f0f0b0b
0b0b0b0f0b
0b0b060b0b
0b0b0b0b0b
0b0b0b0b0b
0b0b0b0b0b
0b0b0b0b0b
0f0f0b0b0b
0b0b0b0f0f
0f0f0f0f0b
0f0f0f0f14
0f0f0f0f0f
0f0f0f0f14
0f0f0b0b0b
140f0f0f0f
0b0b0b060f
0b0b0b0b0b
0b0b0b0b0b
0f140f0f0b
0b0f0f0b0b
0b0b0b0b06
0b0b0b0606
0606020b0b
0602020606
0f0f0f0b0b
0f0f0f0f0f
0f0f0f0b0f
0f0f0f0f0f
0f0f0b0f0f
0f0f140f0f
0f0f0f0f0f
140f0f0f0f
140f0f0f0f
0b0b0b0f0f
0b0b06060b
0f0b0f0f0b
0b0b0b0f0f
0b0b0b0b0b
0f0f0f0b0b
0f0b0b0b0b
0b0b060f0f
0f0b0f0f0f
0f0f141414
0f14141414
140f0f0f0f
0f0f0f0f0f
140f0f0f0f
02060b1414
0202060606
0b060b0606
0202060b0b
0202000000
0202020002
0b0b060606
0202060b0b
0606060206
0f0b0b0b06
0f0f0b0b0f
0f0f0f0f0f
0b0f0f0f0f
0b0f0f0f0f
14140f0b0f
0f0f0f0f0f
0f0f0f140f
0f0f0f0f0f
0f0f0f0f0f
0b0f0f0b0f
06060b060b
0b0b0f0f0b
06060b0b0f
0f0f0f0f0b
020606060b
0b06060606
141414140f
14140f0f0f
1414140f14
1414141414
0f1414140f
0f0f0f0f0f
02060b0f0f
0002020202
0002000200
0000000202
0000020200
0000000000
0002020200
0000000000
0000000000
0202000202
0b06060606
0b0b020606
0f0f0b0b0b
0f0f0f0f0f
0f0f0f0f0f
0f0f140f14
0f0f0f0f0f
0f0f0f0f0f
0f0f0f0f0f
0f0f0b0f0b
0606060f0f
060b0b0606
060b0b0606
0b0b0f0b06
0b0b0f0f0f
0b060b0606
0f0f0f0f0f
0b0f0b0f0f
0f140f0b0b
0b0f0f0f0f
0b0b0f0b06
060b0b060b
0002000202
0200000000
0202000000
0202020202
0002000200
0000000002
0000000000
0000000000
0000020000
0000000000
0002020202
0202020202
0600000200
0b0b0b0602
0f0f0f0b0b
0f0f0f140f
0f0f14140f
0b0b0f0b0f
140f0f0f0f
0f0f0b0f0f
0b0b0b0b0f
0606060b0b
0606060606
0b0b0b0606
0f0f0f060b
0606060b0b
0b0b0b0b0b
0b0b0b0b0b
0f0b0b0606
0b0b0b0b0b
060b060606
0202000202
0202020206
0200020202
0606060606
0206060206
0606060202
0206060b0b
0202000000
0000000200
0000000000
0000000000
0000000200
0202020200
0206060602
0000000000
0b06020002
0f0f0f0f0b
0f0f0f0f0f
0b060b0b0b
0f0f0f0f0f
0f14140f0f
0b0f0f0f0f
060b0b0b0b
0b060b0b06
0f060b0b0b
0b0f0b060f
06060b0b0f
0606020206
0606060606
0b0b060606
0202020206
0206000202
0602020002
0202020202
0606060202
0b06060606
0606060b06
0606060606
0606060606
0002020606
0200020000
0000020202
0000000202
0000000000
0600000000
0202020000
0202020200
0200000002
0b06060200
0f0f0b0b0b
0b0b0b0606
0f140f0f0f
0f0f0f140f
0f0f0f0f0f
0b060b0b0f
060b0f0b06
0f060b0b0b
0f0f0f0f0f
0b0f0b0f0f
0602060606
0202020202
0202020206
0000020202
0200020200
0b06020602
06060b060b
0f0b0f0b0b
0b0b0b0b0f
060b0b0b0b
0b06060b0b
0b0b0b0b0b
020606060b
0206060206
0000000000
0000020202
0202020202
0200000206
0202020206
0200060202
06020b0006
06060b0f0b
0f0f060606
0f0f140f0f
0f0b0f0f0f
0b0b0f0b0f
0b0b060606
060b0b0b0b
0b0b0f0b0b
0b0b0b0b0b
0f0b0b0f0f
0b0b0b0f0f
000206060b
0206020200
0b02020602
060202060b
0602060606
0f0b0f0b0b
0b060b0b0f
0f0f0b0b06
0b0b0f0f0f
0b0f0b0b0f
0b06060f0f
0b06060b0f
0b0b0b0b0b
0b0b060b0b
020b060606
0002020202
0002020000
0202020202
0200020206
0000000200
0b02000202
0b0b0f0f06
0606060b0b
0f0b0f0f0f
0b0b0b0f0f
06060b060b
0b06060606
0f140b0b0b
06060b0606
0b0b0b0b0b
0b0b060b0b
0b0b0b0b0b
0206060606
06060b0f06
0b06060606
060606060b
0b0f0b0b0b
0b0f0f0f0f
0b0b0f0f0b
0f0b0b060b
060b0b0b0b
0b0b0b0b0b
060b06060b
0b0b060b0b
06060b0606
0b0b0b0606
0606060b06
0202060b06
0000000200
0202000200
0202020200
0000000002
0602000000
0606020606
0b060b0b0b
0b060b0606
0b060b0b0b
0f0b0b0b06
0b0b0b0b0b
0f0f0b0b0b
060606060b
0b0b060b06
0b0b060b06
02060b0b06
0b0606060b
0b0f140f0f
0b0b0b060b
0f0b0b0b0b
0b0b0b0b06
0b0b0b0f0b
0b0b060b0b
0b06060b0b
0b06060606
0606060602
0f0b0b0b0b
0b0606060f
0b0b0b0b0b
0b06060606
060b020b0b
06060b0b0b
0202020206
0202020202
0600020200
060002060f
0606060b06
0602060206
0b0b0b0606
0b0606060b
0b0606060b
0b0b060b0b
0b0b0b0b0f
0f0f0f0f0b
060b0b0f0b
0b0606060b
06060b060b
0606060b06
0b0b020606
0f0f0f0f0b
0b0b0b0b0f
0b0b0b0b0b
0b0b0b0b06
06060b0606
0b0606060b
0f0b0b0b0b
0b0f0b0b0b
0b0b0b0b0b
0b0b0b0b0b
0b0b0b060b
060b0b060b
0b060b0b06
0b0b06060b
0b0b0b0b0f
000206060b
0000000000
0b02000202
0b02060b0b
0606060b0f
0606060602
0b0606060b
0b0b0b0b0b
060b06060b
0f0b0b060f
14140f0f0f
0b0f0f0b0f
0f0b0b0b0b
0b0b0f060b
0606060b0b
0606060206
060202060b
0b0f0f0b0b
0b060b0f0b
0b0b0b0b06
06060b0606
0b06060606
0b06060606
0b0606060b
0b0b0b0b06
0b0b0b0b0b
0f0b0b0f0b
0b0b0b060b
0b0b060b0b
0b0b0b0b06
0b060b0f0b
0b0b060b0f
0000000002
0000000000
0200000202
0b06060b0b
0200020b0f
0602020600
0f0b060606
0b0b0b0f0f
0f0b0b0f0b
140f0f0f0f
14140f0f14
0b0f0b0f0f
0f0b0f0b0b
0f0f0f0f0f
0b0b0b0b0b
0606020b0b
0202060602
0f0b0f0b06
0b0b0b0f0f
0b0b0b0f0b
060b060b06
0f0f0f0b06
0f0f0b0b0f
140f0f0f0f
0f0f0b0f14
0f0f0b0b0b
0f0b0b0f0b
0b0b0b0f0b
060b0b0b0b
0b0b0b0b02
0b0b0b0b0b
0202060606
0002020206
0606020002
0606060b06
06020b0b02
0000020b06
0202020200
0b0b020202
0b0f0f0f0f
140f0f0f0b
0b0f0f0f0f
0f0f0f0f0b
0f0f0f0f0b
0f0f0b0b0f
0b0b0b0f14
0b0f0b0b0b
0606060606
0202060206
0f02060606
0b0f140b0b
0b0f0b0b0b
0b0b0b0b0b
0f0f0f0b06
0f0f0f0b0b
0f0f0f0f0f
0b0b0f0f0f
0b0b0b0b0b
0f0f0f0f0f
0b0b0b0b0b
0b060b0b0b
0606060b0b
0b06060b0b
0202060602
0606020606
0b0606060b
0b0b0b0b06
060b060606
06060b0b06
0200020206
0b06060202
0f0f0f0b14
140f0f0f0f
0f0f140f14
0f140f0b0b
0f0f14140f
140f0f0b0f
140f0f0f0f
0f0f0b0b0f
060b0f0f0b
0606060606
020606020b
0b060f0b06
0b0b0b0b0b
0b0b0f0b0f
0b060b0b0b
0b0b0b0b0b
0f0b0b0b0f
0b0b0f0f0b
0b0b0f0b0b
06060b060b
0b0b0b0b0b
0b060b060b
060b0b060b
060b0b0b06
0606060602
0b06060b02
0f0f0f0b0b
0f0f0b0f0f
0f0f0f0f0f
0b0f0b0b0b
02020b060b
0606020606
140f0f1414
0f0f0f1414
140f0f0f0f
14140f0f0f
0f140f0b0f
0f0f140b0f
0f0f14140f
0f0f0b0b0f
0b0b0f060b
0b0b0b0f0b
06060b0b0b
0b0b06060b
0b0b0b060b
060b06060b
0b0b0b0b06
0b0b0b0b06
060606060b
0f0b0f0b0f
060b06060b
0b0b0b0602
0b0b0b0b06
0b0b0b0b0b
060606060b
0f0b0b0b06
0606060206
0f0b0b060b
140f0f0b0f
0f0b0f140f
0f0f140f0f
0b0606140f
0206060f0f
0b06060b0f
140f0f0f0f
0f14141414
0f0f0f0f0f
1414140f0f
0b14140f0f
0f0f0f0b0f
0b0b0f140f
0b0b0b0f0b
060b0b0b0f
0f0b0f0f0f
0b0b0b0b0b
06060b0b0b
060b0b0606
0b0b0b0b0b
0f0b0b060b
0b0b0b060f
0b0b0b0b06
0b060b0b0b
0b0b060b0b
06060b0b0b
0b0b0b0b0b
0b0f0b0b0b
060b0b0b0b
0b0606060b
0b0b0b0b06
0b0b0b0b0b
140f0f0f0f
0f0f14140f
0f0f0f0b0b
0b0b0b0f0f
0b0b0f0f0f
0f0b0b0b0b
14140f1414
0f0f0f1414
140f0f140f
0f14140f0f
140f0f140f
0f0b0f0f0f
0f0b0f0f0f
0b0b0f0f0f
0b0b0f0b0b
0f0f0f0f0f
0b0b0b0f0f
060b0b0b0b
0b0b0b0b06
060b0b0b06
0b0b0b0b06
0b0f0b0b0b
0f0f0f0f0f
0f0f0b0b0f
0b060b0f0b
0b0b0b0b0b
0f0b0b0b0b
0b0b0b0b0b
0f0f0b0b0b
0f0b0b0b0b
0f0b0b060f
0f0f0b0b0f
0f0f0b0f0f
0f0f0f0f0f
0f140f0b0f
0f0f0b0b0f
0f0f0f0f14
0f0b0f0f0b
1414141414
0f0f0f1414
141414140f
0f0f140f0f
1414140f0f
0b0f0f1414
0f0f0f0f0b
0f0f0f140f
0f0b0f0b0f
0f140f0f14
0f0f0f0f0f
060b0f0f0f
0f0b0b060b
0f0f0f0f0f
0f0f0f0b0b
0f0f0f0b0b
0f0f0b0f0f
0b0b0b0b0b
0f0f0f0b0b
0b0b0b0b0b
0b0b0b0b0b
0b0f0b0b0b
0f0f0f0b0b
0b0b0b0f0b
0b0b0f0b0b
0f0f0f0b0b
0f14140f0f
0f0f140f0f
0f140f0f0f
0f0b0b0f0f
0f0f14140f
0f0f0f0f0f
1414141414
14140f0f14
1414141414
14140f140f
14140f0f0f
140f141414
0f0f0f0f0f
14140f140f
0f0f0f0f14
140f14140f
140f0f0f0f
0f0f140f0f
0b0b0b0b0b
0f0f0f0f0b
0b0b0b0b0b
060b0b0b0b
0b0f0f0f0f
0f0b0f0f0f
0f0f0b0f0f
0b0b0b0b0b
0b0f0f0f0f
0b0b0b0b0b
0b0f0b0f0b
0f0f0f0f0f
0b0f0f0b0b
0f0f0f0f0f
140f0f0f0f
0f0f140f0f
140f0f0f0f
0f0f0f140f
140f140f0f
0f0f0b0f0f
1414141414
0f14140f0f
1414141414
140f140f0f
140f140f0f
14140f1414
0f0f140f0f
141414140f
0f0f0f0f14
0f14140f0b
0f0f0f0f0f
0f0f0f0f0f
0f0b0b0f0f
0b0b0b0b0b
0f0f0b0b0b
0b0b0b0f0b
0f0b0f0b0b
0b0b0f0f0f
0b0b060b0b
0b0b0b0f0f
060b0f0b0f
0b0f0b0b0b
0f0b0f0b06
0f0f0f0b0b
0b0f0b0b0f
0f0f0f0f0f
0f0f0f0f0f
0f0f0f0f0f
0f0f0f0f0f
0f0f0f140f
141414140f
140f0f0f0f
0f0f141414
0f0f0f0f0b
140f0f0f0f
0f0f0f0f0f
140f141414
1414141414
0f0b0f0b0f
14140f0f0f
0b0f0f0f14
0b0f0f0f14
0f0f0f0b0f
0f14140f0f
0f0b0f0f0f
0b0b0f0f0f
0b0b0b0b0b
0b0f0f0f0f
0f0b0b0b0b
0f0f0b0b0b
0f0b0b0b0b
0b0b06060b
0f0b0b0b0b
0f0f0b060b
0b0b0b0f0f
0f0f0b0b0b
0f140f0f0f
0b0f0f0f0f
140f0f0f0f
14140f0f0f
0f0f0f0f0f
140f14140f
14140f1414
140f0f0f14
0f0f141414
0f0f0f0f0f
1414140f0f
0f0f0f0f0f
141414140f
1414141414
0b060b0f0f
14140f140b
060b0f0f0f
0b0f0f0f0f
140f0b0f0f
0f14140f0f
0f0f0f0f0f
0b0f0f0f0f
0b0b0b0f0b
0f0f0b0f0b
0b0f0f0b0f
0f0f0b0f0b
0f0b0b0b0b
0b0b0b0b0b
0b0b0b0f0b
0b0f0b060b
0b0b0f0f0f
0f0b0f0b0b
0f0f0f0f0f
0f0f0f0f0f
0f0f0f0f0f
141414140f
140f0f0f14
0f0f141414
14140f1414
0f0f140f14
fdfdfdfdfd
fdfdfdfdfd
fdfdfdfdfd
fafcfcfafd
fdfdffffff
fdfdfdfdfd
fcfdfdfdfd
fdfdfdfcfd
fcfafdfdfd
fdfdfcfdfd
fcfdfdfdfd
fcfcfdfdfd
fdfdfdfffc
fdfdfdffff
fdfdfdfdfd
f9fafdfafd
0f0f0f0f0f
0f0f0f0f0f
0dff0f0f0f
f0f7f50007
0f07fbf8f5
0f100f1207
0d07000808
0000030808
ff07030d0a
08070a07fd
fa0005050d
f2f4f4f4f4
f5f5f4f4f2
0b080300fa
0f0f0f0f0f
10100f0f0f
fafaf9f8f8
fafafafaf9
fcfafafafa
fffcfdfcff
ffff0000fc
fafafafafc
0000ffff00
ffffffff00
f9fcfcfafd
fcfcfafafa
fcfafcfcfa
0200fdfdfa
fffffffff8
fcfdfdfdff
fcfaff00fd
f6f9f6f9fc
0f0f0f0f0f
0f0f0f120f
0f0f0f0f0f
ff070b100d
0502f8f7f8
0b12100f0f
fbf5f5f807
0000fbf8ff
100b0a0800
0a0d101012
fd0303080a
f4f2f4f4f5
faf4f5f2ec
120d0a07ff
0f100b0f12
0f0f0f0f12
fafafaf9fa
fafafafafa
fafafafafc
fcfcfafdfa
fafcfcfcfc
00fafcfafc
fafcff00fc
faf6fcfcfa
fdfdfdfcf9
fffffdfdfd
fdffffffff
0702020203
fffdfc0000
fffdfdfdfd
fcfdffffff
fafdf9f9f9
1010101010
0f120f0f10
10100f0f0f
0a0a0f0f0f
080d0d0b0a
05070f0f0b
120d08080d
0d0d0d0008
07100a0d0a
fafd00030a
f7f8f5f5f8
f5eff4f4f4
03fbfaf5f4
0f0f0a0a0b
0f0d0a1207
0f120f0f0f
faf9f9fafa
fafafafafc
f9fcfcfafa
f8f9fcfaf9
fafcfcfcfa
f6fdfdfdfd
fdfdfcfdfd
fcfffd00fd
fd02fffafd
fdfdfdfffc
0000fdfdfd
050603070c
fffdfdff00
ff00fdff00
fdfdfaff00
f6f9fcffff
0d0f100d0a
1010100f0f
100f0f100f
0d0d101212
1212100f13
0a0f12120d
0a05020f0d
080a0a03ff
03030d0f05
fb0202fbfa
f7f0f7f7f7
f2f4f2f7f5
fafdfbf0f0
0b070a0800
0f0f0d0d0b
0f100d0f0f
fcfffcfcfc
fdfdf9fdfd
f9fdfafdfd
ff00fffcfc
fafafdfffc
fffafafdfd
ff0202fcfd
fdff0003ff
050607fdfd
0205ff0003
fffdff0202
fdfd070300
fffffffdf9
fffdfdff00
fdf9fcfdfd
f8f8f9f9fc
080a0703ff
120a050a0d
fd0d10120d
fbfdfa00fa
0a08080507
fb07070a07
f800ff00f4
fffbfafbfb
f7f8f5f4fd
f5faf5f5f5
f2f8f7f5f4
f2f2f5f0f2
fbfaf8f5f2
05050d0a03
0f0f0f0d0d
0f0f0f100f
fcfcfafafc
fcfdfffafc
fffafcfcfc
fcfdfdfcff
fffcfdfafd
fdfcfcfcfd
0203fffdfd
fffcfcfa03
fafafdfffd
05fd000307
0505050505
00fcf9ff02
ff000000ff
fcfd00fd00
f9fcfafdfd
f9f9f9f9f9
03030300fa
0305050502
fa070a0503
fdfdfd0303
f2f4f4f5fd
f2f8fa00fb
f4f4f0edf0
f2f0f0f0f4
edf4f7f4f0
f2eff0f4f5
f4f2f5f5f5
f4f2f0f0f2
00fdf8f5f7
0f0f0a0807
0f0f0f0f12
0f0f0f0f0f
fdfdfdfdfc
fdfdfffdfd
fffcffffff
fcfcfdfdff
fcfcfdfffd
fffdfcfdfd
fffafffcfd
fdfffff9ff
fffdfcffff
f8000702fd
fcfafdfafd
fdfdfdfdfc
fdfdfdfdfd
fffffdfdfc
fafcfdfdfd
f9f9f9f9fa
faff02f7f8
0305000000
ff0200ff03
02020302fd
f8f7f7fbff
f4fafbfbfa
f2f5f7f5f4
f2f0f2eff4
f0f8f7f7f2
edf2f5f4f0
efedf0eff0
fbf4f5f4f2
0d0a0a0b05
0f120d120f
120f121207
0f0f0f0f0f
fdfdfdfffc
03f900fffc
fdfdfdfdfd
000503fffc
fcfcfdfdff
fdfdfcfcfc
fdfdfcfdfd
fdfffdfdfd
ff02fffcff
030300fcfd
fdfdfc0507
fffffffffd
fdffffffff
fd0002f9ff
fffffffdff
fafcfdfffd
f2f2f2f7f8
f7f2f4f4f2
f8f8fafaf7
fbf7f5f0f7
f8f8f4f7f5
f8faf8f8fb
fbf8f7f7f5
f5f7f5f8f5
f2f2f2f0f5
f5f4f2f0f2
f4f0f0f5f7
00faf5f5f4
0a0a0a0705
0a0a05080a
0d0d0d0f0d
0f0f0f0b0f
f5fcfdfcfa
0505fdfdfd
fcfa000203
fdfdfdfdfd
fffd0002ff
0605fdfcfc
05ff050707
0506050505
fffffffdfd
fffffcfffd
fdfcfffffc
fffffcfcff
fcfcfdffff
fcfcff00fc
fcfcfcfcfc
f8fdfffdff
edf4f5faf8
f5f5f0f2f4
f7f5f4f7f5
f2f7f7faf7
f7f2f4f4f7
f4f4f4f4f2
f5f4f4f5f7
f5f5f5f7f7
f8f2f2f4f2
effaf8f8f7
f4f0f2f2f4
0a00fdf8f5
07070a0a0a
07070a0a07
0707070707
0b0f0f0f0d
fcfdfdf6fc
02f9fdfc03
fafcfa0200
fffdfffcfd
fffc02fdfa
0200fdfdfd
0c0a070c0c
070a090509
0509050305
ff03060906
fdffff0000
00fdfdfdfc
fcfcfcfc00
fcfcfcfcfc
fcfcfcfcfc
fdfffcfcfc
f0f0fafafa
f4eff2f4f5
f0f0eff4f4
f0f0f2f4f2
f4f0f2f0ed
f2f2f2f0f2
f8f7f5f8f8
f5f7f5f5f4
f7f5f4f4f4
03fffaf8f7
fbf8fd0305
0a0a0afffd
070707070a
0707070707
0707070707
0a0a070707
fdfcfafdfc
f9faff02ff
ff03fffd00
0302ffffff
fc0003fd00
00fdfffdfc
07050000ff
0709060503
0905070607
070a0a0c0c
fdfdfffd00
fdfdfffffd
fcfcfc0000
fcfcfcfcfc
fd00fcfcfc
00fcfcfcfc
f2fbf8fbfb
f2f4f7f5f2
f2f4f2f0f4
f4f2f2f0f4
f0f2f4f4f4
f5f0f4f5f7
f5f4f2f0f4
f7f7f5f5f4
f7f4f5f5f7
fdfaf5f7f7
0a0d0d0b00
0b0d0a0a07
0707070d0d
0707070707
0a0a070a0a
0a07070707
fcfcfcfafd
fdfaf8fcfc
02060606fd
0506030500
0505020903
0502070603
0c03060503
070709060c
0609070a09
faf9020302
00fffcfcfc
0506fdfdfd
fdfdffff00
fffdfdfdfc
fd020000ff
fdf6fcfcfc
faf8f8f5f7
f2f4eff4f2
f4f7f5f5f2
f4f5f4f5f2
f5f4f2f5f4
f4f5f5f5f4
f7eff4f2f2
f5f5f7f5f8
f5f7f5f7f5
f7f0f4f4f2
070b0800f8
f8000b0d0b
0a0a0d0a07
0a0a0a0a0a
07070d0a07
0802070707
fafcfaf9fa
0303030303
02ff000603
090a050303
0503070309
0502020202
0607030205
05090a0a0a
0603050303
fffdff0205
00fd000605
0000fd00ff
fdfd000000
00fc00fd00
00fdff0000
fffffcfcfc
f0f2f7f5f5
f4f5f4f5f5
f4f2f4f7f5
f7f7f4f4f4
f5f4f7f2f7
f4f5f2f4f2
f4f5f4f2f5
f4f7f7f7f7
f5f4f4f4f4
f7f4f0f4f5
fbf7f2f4f5
f4f5f4fdff
0a0a0703fa
00020a0a07
0a07ff0003
0b0b070707
ff00000503
0706030305
0f0d0c0a09
050307090c
fcfaffff02
030706f9fd
0503070909
0706030503
fcfcfd0307
fcfdfff9f9
00fd020705
0000020200
0000000000
ff02000000
fdfdff0000
00ff00ffff
f2f4f4f5f5
f5f5f5f5f5
faf8f7f8f7
f4f4f7f8f8
f0f2f2f0f2
f0f5f5ecf0
f5f4f7f7f7
f7f5f4f4f4
f2f2f2f5f7
f0f2f0f4f4
faf2f4f5f2
fb03fbfbf7
0302ff0707
0200020202
0a0a0d0b02
ff07fd0d0d
0607070705
0707060606
0c0c090609
0307070a0a
06070306fa
0d07070a09
12160f0f09
030a0a0a0a
0606060709
fdfd000305
0002000000
fc00fdff00
0000ffffff
03fa000000
ff00ffff05
06ff05faff
f7f7f7f7f5
f7f8f7f7f7
f7f7f7f8f7
f5f5f7f7f8
f4f7f4f5ef
f8f4f5f7f7
fafbf8f8f5
f2f7f8f7f7
f4f4f5f7f7
f0f2f4f4f5
fbfaf0f0f5
0003020203
0003000303
fff8f5f4fa
f8050502ff
f7020a070f
0709060705
0c0c0c0d07
0c0c0f100d
0d10100a09
0f0f0c0f0f
0a09090a0a
0d0c0c0a09
060a0a0c0d
09100d0909
ffff00fd05
00faff02fd
02ff0303fa
ffff00ff02
00ff000002
070f060300
000503050a
f7f7f7f7f5
fafafafaf7
f8fafafbfa
f8fafaf7f7
f8faf8fafa
f5f7f7f7f7
f7f7f7f7f7
f5f7f7f7f7
f7f8f8f7f7
f4f5f2f0f4
fff7fbf8f4
f5faf7f4f8
f2f0f4f4f5
f4f2f0f0f4
f5f7f5f7f4
f5f5f4f4f7
0c09060606
0f0f100f0d
1012101010
130f090d0d
0c0c0d1212
090909070a
09090c0d0a
0a07090709
090a0c0a0a
0207fd0607
02fd00fcfc
0303020502
000202ff06
0f03050500
0a070c0c07
fc02030505
faf7f7f7f7
fafafbfafa
fafafafafa
faf7f7f8fa
f7f7f8fafa
f5f5f7f5f7
f5f5f7f8f5
f7f5f5f5f5
f7f7f7f7f7
f5f4eff4f7
f2f0f0efef
f2f2f0f7f4
f0f2f2f0f4
f7f4f4f4ef
f5f5f5f7f2
f4f4f4f4f4
0d0a060605
0f100f0f0f
1010121212
0a100f1012
0a09090709
0605050506
fa00fd0302
060302fffd
0606070909
0506060303
050505070a
02ffff0606
070a060002
0a0c0c0d0d
0607090c0a
ff00020206
faf8f7f7f7
f8fafafafa
fafafafafa
f7faf8fafa
f7f7f7f5f7
f5f5f7f7f5
f4f4f2f5f4
f5f4f4f2f0
f4f5f5f7f7
f4f4f4f4f2
f4f2f2f4f7
f4f2f2f4f4
f4f5f4f2f4
f7f8f7f7f7
f5f5f7f8f7
f2f2f4f4f5
0f09060705
090a0f0f0f
1010100d0a
06070c0d0f
0505090906
090c0a0303
0606030307
070707060a
0002060606
0c090c0707
050605070c
06090d0509
0d090a090a
0a0c0c0c0c
0606060709
fdfdfd0306
faf7f7f8f7
f7f7fafafa
fafafaf7f7
f5f7f8f8fa
f4f4f7f7f7
f7f7f5f4f4
f5f4f4f4f5
f7f5f5f5f7
f2f4f4f4f5
f5f7f8f7f7
f4f4f2f7f7
f4f5f7f2f5
f7f5f7f5f5
f7f7f8f8f7
f4f4f4f5f5
f5f2f2f4f4
0c0a060506
06070a0f0c
0a07060707
070a090707
0006070d0d
050605fc00
0607060203
060a090c0a
0c07090300
0505090c0c
050c060207
0c0f0a0c0a
0c0a0d0d0a
06090a0a0a
fcfcfdff05
fafdfcfafc
f8f8f7f8f8
f7f7f8f8f8
f7f7f7f7f7
f7f7f7f7f7
f4f7f7fafa
f4f5f4f4f4
f5f8f7f5f5
f5f7f5f8f7
f8f5f7f4f4
f4f2f7f8f8
f0f7f4f4f5
f7f7f5f8f5
f7f7f8f8f7
f4f5f5f7f5
f0f2f0f2f4
f5f7f5f5f4
0a09090602
050606090a
0606070502
0907070707
0c0a0c0d0d
060506090c
1312130a0c
050703060c
090a0a0a0a
050505090a
0c0c0c0909
0a0a0a090a
0606090a0c
fdf8ff00ff
050305fcff
faf9fdff06
f7f8f8f7f7
f8f8f8f7f8
f8f8f8f7f8
f7f7f7f7f7
f8f8fafafa
f7f7f7f8f8
fafbfaf8f8
f4f7f7f7f7
f7f7f7f7f7
f5f5f4f5f7
f8f8f8f7f7
f7f7f7f5f7
f4f4f5f5f7
f0eff2f2f0
f5f4f4eff2
f2f0f4f2f7
0705030503
09070c0d0f
0709050907
050a090c0c
0705050002
10100c0707
03070a0d0f
0a060c0505
06090a0a03
0f07ff0505
090c0c0f0f
fffd060706
ff00fffdff
0503020502
050906090a
fdfd000309
f8f8fafafa
f8f8fafafa
f8f8f8f8f8
f8faf8fbfb
f5f4f4f2f7
fafaf7f8f7
f5f7f7f8f8
f7f5f7f4f5
f5f5f7f7f2
f8f2f0f5f5
f5f8f7f8f8
f2f0f4f4f4
f0f4f2f0f2
f5f4f4f5f4
f5f7f4f7f7
f2f0f2f4f7
0c0d0c0905
050a0a0c10
0907090907
07090a0c0a
0500fdfd00
0a0a0c0f0d
0605050706
0507050607
0907050605
0c0d0d0d0d
ff060a0a0a
09070305ff
0a09090909
0905050a06
0505090507
fd03050202
fbfdfbfaf8
fafafafafb
f7f7f5f7f8
faf5f7f8f7
f8f7f7f8f8
f8f7f8f8fa
f7f5f5f7f7
f4f5f5f7f7
f5f4f5f5f5
f7f8f7f8f7
f2f5f7f7f7
f7f7f4f4f2
f7f7f7f7f7
f7f2f2f7f4
f4f5f7f4f7
f0f4f4f4f4
12100d0602
03070a1012
0202fd0302
0505050705
0d07030202
090c0d1010
100f10100f
070d101010
0d0c090a06
0205070a0c
0707060305
0c0c0a0a09
0a0c0c0707
070a09090c
0505020305
0000060505
fbfaf8f8f8
fbfbfdfbfa
f8f8fafbfa
f8f7f7f7f7
f8f7f5f5f7
f7fafafbfa
fbfafafafa
f5f8fafafa
f7f7f7f7f7
f4f5f5f5f7
f7f7f5f5f4
f7f8f7f8f7
f5f8f7f4f5
f5f7f5f7f8
f5f5f4f4f4
f2f2f5f5f5
1210070502
03070d1010
0302000503
f8faf50002
0705f8f6f6
0607090709
0c0a0c0907
0907060a0c
0200030307
0603020303
0909060606
0909070907
06090a0707
0205060909
ff02020202
fafdfcfd02
fafbf8fafb
fbfbfbfafa
fbf8fbfbfa
f7f7f5f8fa
f7f5f5faf7
f7f7f8f8f8
f8f7f7f7f7
f7f5f7f7f7
f4f4f4f4f5
f5f4f4f4f4
f7f7f5f5f5
f7f7f5f7f7
f4f7f8f7f5
f4f4f5f7f7
f2f4f4f4f4
f4f2f0f2f4
120a0300fc
ff030a0f12
02030200ff
05030503fd
0005050606
0306070603
0007070607
ff00020306
0202020302
0303050202
0a09070606
050607070a
0606050503
0202030305
fd02020202
f9fdfdfa00
f8fafbfbfa
fbfbfafafa
faf8fafafb
f8f8fafaf8
f7f8fafaf8
f7f8f7f8f8
f7f7f8f8f8
f5f7f8f7f8
f4f4f4f5f5
f5f4f5f2f4
f7f7f5f5f4
f4f5f5f5f7
f5f5f5f5f4
f4f4f4f4f4
f0f2f4f4f4
f4f2f2eff4
0703fdfcfc
0303030a0c
fcfc020003
00fffcfdff
f900000300
fdfcfcf9f6
fdf8fafcfd
0000fdfafa
0200ffff02
0002000000
0002000000
0202ff0000
0200020200
0202020202
0303020202
fcfcfcffff
fafbfafafa
fafafaf8f8
fafbfbfafb
f8faf8f8fb
f7f7f7f8f8
f8f7f5f5f5
f5f2f5f5f7
f4f5f4f4f5
f4f4f4f4f4
f4f4f4f4f2
f4f4f4f4f4
f4f4f4f4f4
f4f4f4f4f2
f4f4f4f4f4
f4f4f4f4f4
f2f2f0f2f2
0200fdf8f5
0605030002
0202050303
f9fdfcfafd
faf6f6f5f5
f8f6fcfafa
f6f6fdfdf8
02fcf8f6f6
0205020200
0202000303
0202ff0202
0202020202
0202ff0202
02ff020200
fcfffd0002
fcfafcfcfa
fbfbfbf8f7
faf8fbfafb
fafbfbfbfa
f7f8faf8f8
f5f5f5f5f7
f2f4f7f7f7
f0f2f4f5f2
f5f2f2f2f2
f4f5f4f4f5
f4f4f4f4f5
f4f4f2f4f4
f4f4f4f4f4
f4f4f2f4f4
f4f2f4f4f4
f0f2f0f2f4
f4f5f0f0f0
00fdfcf9f5
0003020202
f6f8fcfdff
f6f5f5f5f5
f0f5f8f6f6
f3f5f2f2f2
f6f9f6f5f3
faf8f8f9f9
ffff00fcfc
00ff000000
02020002fd
0002020303
fdfdffff00
fcfcfdfdfd
fcfcfcfcfa
fdffffffff
f8fafaf8f7
fbfbfbfafa
f7f8fafbfb
f7f7f7f7f7
f4f5f5f7f7
f4f2f4f2f4
f2f4f2f2f2
f0f2f2f2f0
f2f2f2f0f2
f2f2f2f2f4
f4f4f4f4f0
f2f4f4f4f4
f0f0f0f0f2
f0f2f0f0f0
f2f0f0f0ef
f5f5f4f7f4
fdf9f9f8f6
fcff020500
fd000000fc
faff020300
03fff9fcfa
00fffcfd05
fffaf9fcfd
ff03030503
faf900fffd
fcf9f9f8f8
faf9fafaf3
fcfdfcfcfa
fafcfcfcfd
fffffcfffd
fffffffdfc
f9f9faffff
fbf8f8f8f8
fbfbfdfdfb
f8fafafbfa
f7fafafbfa
f8f8f5f8fa
f5f7f5f7fa
f4f7f8f7f7
f4f7f5f7f5
f2f5f4f4f2
f5f4f0f2f2
f2f4f2f2f2
f4f4f4f0f2
f2f5f5f4f7
f4f5f5f4f2
fbf7f5f7f4
fffffaf8f7
fffcf8f9f5
03fa050507
0602000205
0305030303
03ffff0003
0703f9fc02
0606070709
fd05070605
fafff802fa
faf8f8fdff
fafcfcf9fc
fcfcfcfcfa
f9fdfcf9fc
f9f6f9f8fd
f8f6f8f3f9
f6f9f6f9fd
fafaf8faf8
fbfafbfaf7
f8fafaf7fa
f8fafafaf8
f8f7f7f8f8
f8f7f8f4fa
f8f7f8f7f7
f5f5f7f7f7
f0f7f7f5f4
f5f7f7f4f4
f4f5f5f5f7
f8f7f5f5f4
f7fbfaf7fa
02fd0500ff
ff070b000a
0202ffffff
0202fcfcfc
fdfc02070c
0606030500
0306060606
0500fc0203
050606ff05
0606070606
0707070606
07060a050a
0203060909
0707070603
fd02020707
f9fafcfdfc
f6f5f5f8fa
f5f8f6faf9
f3f2f3f3f6
fafafaf8f8
fafafbfafb
f8f8f8f8f8
f8f8f8f8f8
f8f7f5f7f7
f8fafaf8fa
f7f7f8f8f8
f7f8f7f7f8
f7f5f8f5f8
f5f7f5f7f7
f8f8f7f7f8
faf8f8f8fa
fbfdfbfbfa
020b05fffd
0d05080502
0a0a0b0d08
06fc0303f9
0202030607
020000ff00
fa00050606
02ff0000fc
02ff020303
0202020202
0202020302
0305030503
0303050005
0a0a070909
0a0c09090d
09090d0d06
faf9fa0005
f90000ff00
f2f6f8f3f3
f8f8fafafa
fafafbf8f8
faf7f8f8fa
f4f7f8f8f8
f7f7f7f7f5
f5f5f5f5f7
f4f4f4f5f5
f4f4f4f5f4
f4f4f4f5f5
f4f4f4f2f4
f7f7f7f7f7
fafaf8f5f8
f8fffafaf7
ff0a10fbf7
0805fd0002
0b0d080b03
0600fcf9fa
ff00030607
ff020203ff
00fcfafa02
fdfdfafdff
03050203ff
0000000000
00000200ff
0305030300
0202030305
0907070a07
0a0a0a0a0a
07070c0a0a
06f8020a0a
070606070a
f8fc030506
f8fafaf8f8
fbfbfbf8f8
f8f8f8fafa
f7f4f7f7f8
f4f5f5f5f8
f5f5f4f4f4
f4f4f4f4f4
f4f4f5f4f4
f4f5f4f4f4
f4f4f4f4f5
f5f5f5f7f5
f7f7f7f7f7
f5f5f8f7f7
f40800f7f7
f5fff5f8f5
0d0d050502
06030500fd
0303060606
0605020302
0305050606
fdff030503
02030200ff
0002030202
0300fd0000
0302030202
ff00020200
0605030505
0609060a06
050a0c0a09
fff9fc0907
0205050506
fdfd020000
f8fafafaf8
fafbfaf8f7
f8f8f8faf8
f8f8f8f8f8
f5f5f5f8f8
f4f5f4f5f4
f4f4f5f4f4
f5f4f2f4f4
f5f4f4f5f4
f2f2f4f4f2
f4f4f4f5f5
f4f7f4f7f5
f4f7f8f7f5
ec0803faf5
f2f5f4f4f5
faf2f5f2f2
07060502fc
030506090a
ff02030606
0306030606
00ff020202
0202ff0000
0500000303
0505030303
0505030505
0302020502
03070a0605
0a09070007
0a09090607
00fffd0a0c
070a0a0a0c
fafd000503
f8f8f8faf7
f7faf8f8f8
f7f7f7f8f8
f7f8f7f8f8
f4f5f4f7f7
f4f4f4f4f5
f7f4f4f5f5
f5f5f4f5f5
f4f4f4f4f5
f4f4f4f4f4
f4f5f7f5f4
f7f5f5eff5
f7f5f7f4f5
f4fd00faf8
f5f7f7f7f7
eff2f2f5f4
060300fdfc
0505060907
0206060605
0506050305
ffffffff05
0002ff0000
00ff000000
0302020002
0506060303
0302050503
090a0a0702
09060a090a
07030a0a07
09f6fa0505
0506070503
fdff00ff03
f8fafaf8f7
f8f8f8f8f7
f8f7f7f8f8
f8f8f8f8f8
f4f4f5f5f7
f4f5f4f4f5
f4f4f4f4f4
f4f4f4f2f4
f5f5f5f4f5
f5f4f4f5f4
f5f7f7f5f4
f5f5f7f7f7
f5f4f7f7f5
f70802f7f4
f4f4f5f4f2
07fdf5edf4
0505060002
0606050606
0705050603
0202020505
ffff000002
000200fcfd
0503000002
0303020203
0302fd0202
0505030005
0605020603
0603060505
ff05020205
00f0f0f500
fafc000203
fff0edf8ef
f8f8f8f7f7
f8f8faf8f7
f8f7f8f8f7
f5f5f5f5f8
f4f5f4f5f4
f4f4f2f2f4
f5f5f4f5f4
f5f4f4f5f5
f4f4f2f4f4
f5f4f4f2f5
f4f4f0f5f4
f5f2f5f5f4
eff4f0f0f5
fb0afd1002
02faf7f4f7
05050807ff
fdf90506fc
0006030000
0205050605
0200ff0003
0200000000
ff02000002
000200fffa
0202020002
0302050502
03030305ff
fd03050205
030003ff00
fafff902ff
eff3f5f6ec
edf3f0f3ef
02fff8f5f0
f8f7fafaf7
f5f8f7f5f5
f7f8f8faf8
f4f4f4f5f8
f4f5f4f5f4
f2f4f4f4f5
f4f4f4f4f0
f4f4f4f4f4
f4f4f4f4f4
f4f4f4f5ef
f2f4f5f4f5
f4f0f4f2f2
ff03fbf4f2
0a0d0802ff
0d10100a0b
f40007070d
f0f0eff2f0
f5f0f3eff3
f3f6f8f8f8
f6f6f5f6f5
faf9faf9fa
fcfcfdfaf9
05060600ff
0202020503
0502030300
0302050300
0703030302
fdfdfdff05
f2f0eff0fc
f2f2f2f3f2
f0f3f3f3f3
f3f0f3f2f2
07030203ff
fafffbffff
fdfbfaf7fb
fb00fffdfb
fbf5f7f5f8
f7f2f7f0f7
f5f5f5f4f4
f4f4f4f4f4
f4f4f4f4f4
f4f2f4f5f2
f5f4f4f4f4
f4f0f0edf5
12050a05fd
1010121215
1013101212
1010101512
f0f0f0f0f0
f2f0f0f2f0
f2f2f2f0f0
f2f2f2f2f2
f3f2f3f2f2
fcecf2efed
0c090003ff
0607050609
ff06000205
0706090209
00fdff0300
f2f5f9f8ff
f3f5ecf3ef
f2f3f2f2f2
f3f3f3f3f0
f3f3f2f0f3
0303030307
03fffdfd00
fffdfdffff
0202020200
0a02ff0203
0d0a0f0a08
f8f5f5020b
f5f5f5f5f7
f2f7f2f2f5
f7f4f8f4f7
f4efeff4f2
0bfd00fbf5
120f0f1210
1015101010
1012101012
1010151010
f0f0f0f0f0
f2f2f2f0f2
f2f3f2f3f3
f3f3f2f3f2
f3f5f3f5f3
07ff05f602
06fafc0a07
07090a0a06
0d0c090603
fdffffff05
f9f0f0edf8
edf0f2f3f5
f6f5f6f2f0
f0f0f2f2f5
f5f3f3f2f0
f2f3f0f3f3
0307030308
fdfdfd0300
02fffdfdfb
0202050202
0708050203
f50f08100a
f5f005f8f5
f5f5f7f7f4
f8f8f7f5f4
fdfbf8f4f2
fb0d0f00fd
12130d05ff
0b0d120f13
1015121210
1312131515
0f10101010
f2f2f2f0f0
f2f0f0f0f2
f2f3f0f2f3
eff2f0f2ef
fdf5f3f0f2
0a0c090c13
edf9f6030a
0a06fcf6f6
f3f2f9ff02
f605f6eff3
f2f6f9f9f8
f3f3f2eff2
f3f5f3f5f8
f2f5f5f2f2
f3f3f0f0f3
f0f2f2f3f3
0303030303
0707070707
0303030002
0a05120d07
030002000d
f7f7f7f8fa
050803f4f8
f7f0f7fffa
02fb00f7f0
fa00080805
070808fb05
0f1313100b
0a0d050800
100b0f120b
1513151013
1315131010
f0f0f0f0f0
f2f2f2f2f0
f5f5f2f2f0
f6f6f8f8f6
00eff3f2f5
0a0a070907
f6f5f6f600
f5f2f3faf2
f6fafdf9f0
f909fd0305
f2f3f2f9f3
f2f5f3f0f0
f2f3f5f3f6
f2f2f3f2f3
f3f0edf3f3
f2f3f3f3f0
0303030305
030202ff03
ff02030002
fdfbff05fd
f800020202
f8f7f4f7f5
08000502fd
050f0ffd07
05ff0200fb
02f7f7f808
120b0a0000
10130f120d
0a0b0b07fd
101313130f
1513101010
1010101013
f2f0eff2f0
f0f0f2f0f2
f6f8f0f2f0
f3f6f6f6f6
f5f2f2f2f2
f5fdf9f9fa
f9f6f8f9f3
f3f8f3f3fc
fdf6f8f8ef
f9fffffc00
f6f3f0f2f2
f5f3f5f3ef
f3f3f3f2f2
f3f5f3f2f6
f2eff3f2f3
f3f3f5f2f2
03070a0d0a
0302030303
ff02030303
fffbfbfbfb
ff0a020202
fff70000f8
030a020a0b
000800020d
0005020b0f
08f4effbf5
130b0f0bff
0700080b0a
0b0f10130d
121013150d
150f120d12
1210131010
eff2f2f2f2
f2f2f2f2f0
f5f3f2f0f0
f3f2f2f6f2
eff2f3f3f2
efecf0f0f0
eff9f6f5f3
fafaf8f5f5
edf2eff5f6
f2edf0f0f0
f2f2f0f2f0
f3f5f2f2f3
f2f2f3f2f2
f3f2f2f6f5
f3f3f0f2f2
f2f2f3eff0
0f070a0807
0a0302050f
fa030a0b0f
03ff00fafa
0a0b0a0703
080b0b0b0a
0dfffb0207
f802020507
0d0b0f0f07
070a0d1512
0d0f0f0b0d
0a0f02fa00
0f0f130f12
0f13120f0d
13100d1212
1210131515
f0f3f0f2ef
f2f2f2f2f2
f3f2f2f0f0
f3f5f3f3f5
f0f2f0f0f2
f2f2f0f0f0
f9f8f5f0f2
f5f8f9f3f9
f2f2edf6f3
f0f3f2f2f0
f0f0f3f2f2
f2f3f0f3f2
f3f2f3f3f2
f2f2f2f0f3
f3f0f0f3f2
eff3f2f2f2
0b0b0b130b
080202070f
0203070808
0202020202
0b0b0f0a07
0d0b0b0b0b
050f0a0a08
08ff000002
15120d08ff
0d0b121512
0202fd0b0b
0a10070b0f
0f120f120f
10100f0f10
1012121315
0b15171512
f3f2f2f0f5
f0f2f2f2f3
f2f2f2f2f3
f5f0f0f0f2
f2f2f0f0f3
f3f2f2f0f0
f6f3f2f0ef
f2f5f5f6f5
f2f0f2f5f2
f2f2f2f2f0
f2f2f2f2f0
f0f5f5f5f3
f3f3f3f2f5
f3f2f3f3f3
eff3f3f3f2
f2f0f2f5f3
0b070d0f05
0202020705
0302020202
0d0b0a0a07
0b0b0b1002
0d0b0b0b0b
021510120d
0d0507fd00
0d0b0b0b03
080a0b0f0f
0a00020a0f
0712071315
121310100b
10100f1010
0f130f130f
1717130f10
f2f0f2f2f2
f3f5f2f2f2
f0f2f2f0f3
f8eff2f0f0
f2f0f2f0f2
f2f0f0f0f2
f0f3f2f0f2
f2f3f6f0f0
eff2f2f2f2
f0f0f0f0f3
f5f2f3f2ef
f6f6f2f5f6
f3f3f5f5f0
f3f3f3f3f3
f3f2f2f2f3
edf2f3f3f3
0d0d0b0802
000200020b
0b0a0d0505
080b0b0b0b
0b120d0d0b
0f0f100d0a
0f0b101013
130d0f1515
0a10100f10
151013170f
0a02080817
0a050b0a0b
1010080d10
1717101310
1517150f13
1215121010
f2f0f0f0f3
f2f0f2eff2
efeff2efef
f3f0f0f0f0
f2f2f2f0f2
f0f0f2f0f2
f0f2f2f0f0
f0ecf2f2f2
f3f2f3f0f0
f3f6f3f2f3
f3f8f3f9f6
f3f8f6f3f5
f3f6eff3f6
f2f3f6f0f0
f2f3f3f2f3
f3f0f3f0f2
081215100f
100f080208
080d0d0f12
120f131210
120f0f0f12
1715121517
1213151212
0b13171215
0b0f0d0b0d
080b100b12
080a030505
00fb08050a
131313170f
121212150f
1310101710
1212120b15
eff0eff0f2
f3f0f2f0f0
f2f0f2f0f3
f3f3eff0f2
efeff0f2ef
f0f0f0f0ef
f3f2f2eff0
f0f5f3f2f3
f5f6f3f5f3
f5f2f5f5f2
f2f2f5f6f3
f6f5f0f3f5
f0f3f2f6f2
f5f6f6f5f0
f2f2f5f5f6
f0f3f3f2f2
1212131513
0212100f0f
080b100f0f
0b0f0f150a
1515100a08
1712121713
1515151515
020a121217
fff7f5fafb
f7f8f8fbfb
f5f8f5fafb
f5f8f8f7f7
07fdfdfbf7
080a0d05fd
15150d130d
1515121515
f0f0f2f3f0
f0eff0f0ef
f3f2f0eff0
f2f0f0f0f0
f0f2f0f2f0
f0f0f2f2f0
f2f2f0f0f0
f3f3f0f2f2
f3f3f3f5f5
eceff2f3f3
f5f2f2f3f5
f6f2f3f6f5
f3f3f6f6f5
f3f3f3f5f2
f8f3f6f2f3
f2f5f5f8f2
15120d1010
1313151313
0a0b070a0b
1003130b08
0d0f080a0b
130d10100d
0b020b0d13
fdfdfffdff
07000002ff
05ff000205
fafd050303
f8f5fbfaf7
f7faf7f5fa
fdfbfdf8f8
00fafbf8fa
1008150805
f0f0e8f2f5
f2f3f0f2f0
f0f0f3f2f0
f2f0efefef
f0f0f0f0ed
f3f3f2f2f3
f3f2f5f3f3
f3f3eff3ef
e9efeff2f5
f2f0f2f0f5
eff2f3eff5
f6f5f3f3f2
f6f6f3f3f5
f5f2f3f5f3
f6f9f3f3f6
f2f3f2f0ed
15130b1712
1312131215
1010070a0f
1517100b10
ff070d0f13
05fffbfdfb
0002fdff0b
0d0b100b0b
0d1513120a
030b150712
07080d080d
0aff0a070a
fbf8f7fffb
fdfb00fbf8
fdfffbfdf7
0d0b0d150d
f2f0f2f0f3
f0f2f2f0f2
f3f2f0eaf2
f0f2f2f3f2
f2f0f3f0f2
f0eff0eff0
f0f0eff2f0
f2f0f3f0f0
f5f0f0f3f0
f2f5f2f2f3
f2f3f3f5ef
f3f2f3f2f2
f5f3f2f0f3
f5f5f5f8f3
eff5f0f2f5
f0f0f3f3f2
0f12120d0a
0a0b0f0a0b
0507130b0a
0d080f0d08
08070a1310
0d050a130f
0d0f0a0b10
0b130d0f13
08070d080b
130b070a0a
0f080a070d
080b0b0807
f8fdff0a0b
fdf7fdfbfb
0005fdfa0b
0d0a0d0005
f3f2f0f3f2
f2eff3f2f2
f0f2f3f2e9
f2f0eff3f0
f3f3f3f2f2
f3f0f0f2f2
f2f3f0f2f2
f2f2f2f5f0
f0f0f0f3f5
f2f2f0f2ef
f3f2eff0f2
f0f2f2f2f3
f5f2f2f3f0
f3f3f5f6f6
f6f5f0f0f3
f0f5f3f2f3
08070b0707
1710170a08
0b100d150f
030a0b070d
020a070708
0812121212
0d080b0b0b
0302080207
0b0a0a030a
0a0b0b0b0b
0f080b0b0b
0f0b0b0b0b
f8f8100b10
fffdfbf5f5
ff12120810
0b080a05ff
f2f0f2f2f2
f2f3f2f0f2
f2f2f2f0ef
f2f2f2f3f2
f2f0f2f5f3
eff0f3f3f3
f0f2eff0f2
f0f0f0f2f2
f3f2f0eff0
f5f5f3f3f3
f3f2f2f0ef
f5f2f0f3f5
f2f3f5f3f6
f3f0f3f3f2
eff5f2f6f3
f6f3f3f3f5
150f0b0d0f
1315131212
100f0f150d
0f0b100817
fb0002080a
1517171503
0d0d0a0f0b
120f13100b
100f151313
15150f100d
080b0a0b0f
080d0b0a08
fb02000202
0d0a03fd02
ff02000303
0afdfbff00
f2f2f0f2f2
eff2f0f0f0
f0f2f0f3f2
f2f3edf2ef
eff2ecedf0
f3f2f2f0f2
f2f2f2f2f2
ecf3f2f3f2
f2f2f3f2f0
f0f3f6f2f5
f2f2f3f3f2
f0eff3f2f0
f2f0f3f0f2
f0f0f0f0f0
f3eff2f0f0
f2f2f2f5f2
1212171213
1312171315
1510151715
1012121517
070b030a0f
0b0b03070a
0b0d120b10
070f0a050b
0f120a0a10
0a080d0b0f
0a0b0b0d0d
100f020a08
0d07030200
0d1515130b
0d0b0f1510
070d05080f
f2ecf0f0f0
f0f2f2f2f2
f2f2f0f0ed
f2f0f0f2f0
f0f2f2f0f0
f2f0f0f2f2
f2f0f3f2f3
f2f2f0f5f3
f5f2f2f2f3
f2f0f2f2ef
f2f2f3f2f2
f3f3f3f2f2
f3f2f0f2ef
f2f0f2f2f0
f2f3f2edf3
f2eff3eff2
1312171510
1713130d12
1010151710
0b10100f17
15100a0d0a
080b0b0b0f
0b07080807
0d0b0f0807
100a120f0f
0d0b08080a
0d0b0f0b0d
0d08100f0b
0d0b10080a
1217131212
0d12150d10
0f0d121313
f3f2f0f0f0
f0f0f0f0f0
f0f0f0f0f2
f0f0f0f2f0
f0f0f2f0f2
f0f2f0f0f0
f0f0f2f2f2
f3f2edf0f0
eff2f2f3f3
f0f2f0f0f3
f3f2f0f5f3
f3f0f2f5f3
f0f2f2f0f0
ecf2f0f0f0
f3f0f0f0f0
f2f2f2f0f0
1715171717
1712151717
1215171515
1513131515
1517131215
1217151215
1213100b0b
150b0b0f0f
100f0f0f0f
0a0f121212
0f0b0d1315
131013100f
10100a100b
1215151313
1015171512
13120f1710
eaf2eff0f0
eff0f0f0f0
f0eff0f2f0
eff0f0f3f3
f0efeff3ef
f2f2f0f0f2
efeff0f2f0
eff0eff3f2
f3f0f2f2f5
f2f3f2f2f0
f2f2f3f6f2
f0f0f5f2f3
f0f0eff2f0
f2eff0f3f0
f0f0f0f0f0
f2f0f0f0ef
1213171717
1515151517
1715171715
1515151517
1515151715
1717171512
1315151715
131717100f
1013130d12
0d0d101015
150a121012
1712121215
1515151715
1715151515
1517151517
1517171715
0000000000
0000000000
0003030703
0000000000
0000000000
0000000000
0000000000
0000000000
0303030000
0707070303
0303030303
0703030303
0707030703
0707070707
0707070707
070303070b
0303030307
0707070703
0707070707
0b0b070703
07070b070b
070b0b0b07
0b070b0707
0b0b0b0707
070707070b
0b0b07070b
0707070b07
070707070b
0707070307
07070b0707
070707070b
0707070707
0000000000
0000000000
0000000300
0000000000
0000000000
0000000000
0000000000
0000000000
0000000000
0000000000
0000000003
0703030000
0707070707
0707070707
0707070707
0f0f070707
0b0f0b070b
0b0b0b070b
0307070b0b
0707070707
0707070303
0707070707
0b070b0b07
07070b0b0b
07070b0b0b
0b0b0b0707
0b070b0b07
070703070b
070707070b
0707070707
0707070707
0707030707
0000000000
0000000000
0003030703
0000000000
0000000000
0000000000
0000000000
0000000000
0000000000
0300000000
0303070303
0303070b07
0707070707
0707030307
0707070707
0707070707
0b070b0707
0b0b0b0b0b
0b0b0b0b0b
0b0b0b0b0b
070b0f0f0b
0707070707
0b07070707
0b0707070b
070b0b070b
0707070b0b
070b0b0b07
0703030300
0307070707
0307030703
0707070707
0303030707
0000000000
0300000000
0003070707
0000000000
0000000000
0000000000
0000000300
0303000303
0000000003
0303000000
0707070703
070707070b
0707070707
0707070707
0707070707
0b07070707
0b0b070707
0b0b0b0b0b
0b0b0b0b0b
0b0b0b0b0f
0f0f0f0f0b
0f0f0f0f0f
0f0b0f1313
070b0f0f0f
070b070b07
070b070707
07070f0b0b
0707070b03
0b0b0b0707
07030b0707
0307070707
0303030707
0000000000
0000000000
0003070707
0000000000
0000000000
0000000000
0000000000
0000000000
0000000000
0303030000
0303030707
0303000000
0307030307
0707030303
0707070707
0707070707
0b0b070707
0b0b0b0b0b
0b0b0b0b0b
0b0b0b0b0b
0b0f0b0b0b
0f0f0f0f0b
1313130f0f
0f0f131313
1313131313
0f1313130f
070b0b0f0f
0707030b07
0b0b070707
07070b070b
030703070b
0707070703
0000000000
0300000000
0003070707
0000000000
0000000000
0000000000
0000000000
0303000000
0000030303
0000000000
0707030303
0307070707
0303030707
0707070707
0707070707
0b07070707
0b0b070707
0b0b0b0b0b
0b0b0b0b0b
0b0b0b0b0b
0b0f0f0f0f
0f0f0f0b0b
0f0f0f0f0f
0f0f0f0f0f
130f0f0f0f
0f0f0f130f
0f0f130f13
13130f0000
0f0f130f13
070707070f
0707070707
07070b0707
0000000000
0300000000
0003070703
0000000000
0000000000
0300030000
0000000000
0303030300
0300030303
0707030303
0707070707
0303030707
0707030707
0707070707
0b07070707
0707070b07
0b0b07070b
0b0b0b0b0b
0b0b0b0b0b
0b0b0b0b0b
0f0f0f0f0b
0f0f0f0f0f
0f0f0f0f0f
0f0f0f0f0f
0f0f0f0f0f
0f0f130f0f
0f0f0f0f0b
0f130f170f
0f0f0f130f
0f13131313
0b0f0f1313
070707070b
0000000000
0303000000
0003070707
0000000000
0000000000
0000000000
0300030303
0303030003
0303030003
0303030303
0707070303
0707070707
0707070707
0707070707
0707070707
0b0b0b0b0b
0b07070b0b
0b0b070707
0b0b0b0b0b
0b0b0b0b0b
0b0f0f0f0b
0f0f0b0f0b
0f0f0f0b0f
0f0f0b0b0f
0f0f0f0f0f
0f0f0f0f0f
0f0f0f0f13
0f1713130f
0f130f0f13
0f0f130f0b
13130f0f0f
0f0f0f130f
0000000000
0300000000
0007070b07
0000000000
0000000000
0003000000
0000000000
0303030303
0303070307
0303030303
0707030303
0703030707
0707070707
0707070707
0707070b07
0b0b070707
0b0b0b0b0b
070b0b0b0b
0b0b0b0707
0b0b0b0b0b
0b0b0b0b0b
0f0f0f0b0b
0f0f0f0f0f
0f0f0f0f0f
0f0f0f0f0f
130f0f0f0f
0f0f13130b
0f13130703
0f0f0f0f0f
0f0f0f0f0f
0f0f0f0f0f
0b0f0f0f0f
0000000000
0300000000
0307070707
0000000300
0003000000
0303000000
0303070303
0303030303
0303030707
0303070303
0303070703
0707030707
0707070707
0707070707
0b0b070707
0b0b0b0b0b
07070b0b0b
0b0b070707
0b0b0b0b0b
0b0b0b0b0b
0b0b0b0b0b
0b0b0b0b0b
0f0f0b0b0b
0f0f0f0f0f
130f0f0f0f
0f130f0f13
0b0f0f0f13
0f1313130b
0f0f0f0f0f
0b0f0f0f13
0f0f0f0f0b
0f0b0b0f0b
0000000000
0300000000
0307070707
0000000000
0000000000
0003000000
0303030303
0307070707
0303030707
0707070707
0707070707
0707070707
0707070707
0707070707
0707070707
0b0b0b0707
0b0b0b0b0b
0b0b0b0b0b
0b0b0b0b0b
0f0b0b0b0b
0f0b0f0f0b
0b0b0b0b0f
0f0f0f0f0f
0f0f0f0f0f
0f0f0f0f0f
130f130f0f
0f0f0f0f13
13170f170f
0f0f0f0f13
0f0f0f0f0b
0b0b0f0f0f
0f0f0f0f0f
0000000000
0300000000
0307070b07
0000030000
0703030300
0303030307
0003030303
0303030303
0303030303
0703030303
0707030303
0707070707
0707070707
0707070707
0707070707
0b0b0b0b07
0b0b0b0b0b
0b0b0b0b0b
0b0b0f0b0b
0b0b0b0b0b
0f0f0f0b0b
0f0f0f0f0f
0f0f0f0f0f
131313130f
0f0f0f0f0f
0f130b0f0f
0f0f13130f
0f13131313
0f0f0f0f0f
0f0f0f0f0f
0f0f130f0f
0f0f0f0f0f
0000000000
0300000000
03070b0b07
0000000003
0003000000
0000000000
0303000000
0303070703
0303030303
0707070707
0707070707
0707070707
0707070707
0707070707
0b0b0b0707
0b0b0b0b0b
0b0b0b070b
0b0b0b0b0b
0b0b0b0b0b
0b0b0b0b0b
0f0f0f0b0b
0f0f0f0f0f
0f0f0f0f0f
0f0f0f0f0f
130f0f0f0f
0f0f130f13
0b0f0f0f13
0f0f170303
0f0f0f0f0f
0f0f0f0f0f
13130b0f0b
070b0f0f0f
0000000000
0300000000
0007070703
0000000000
0300000000
0303030303
0303030303
0703030707
0707070307
0303070707
0707070303
0707070707
0707070707
0b07070b07
07070b0b07
07070b0b0b
0b0b0b0b07
0b0b0f0f0f
0b0f0b0f0b
0b0b0b0b0b
0f0f0f0b0b
13130f0f0f
0f0f0f0f0f
0f0f0f0f0f
0f0f0b0f0f
130b0f130f
0b0f0f0f0b
0f0f13130b
0f0f0f0f13
0f0f0f0f0f
00030b0b0f
0b07030300
0000000000
0000000000
0003030303
0000000000
0003030000
0000000303
0703030300
0707030703
0707070707
0707070707
0b07070707
0b0707070b
0b070b0b0b
0b0b0b0b0b
0707070b0b
0b0b0b0b0b
0b0b0b0b0b
0b0b070707
0b0b0b0b0f
0f0b0b0b0b
130f0b0f0f
0f0f0f0f0b
0f0b0f0f0b
130f0f0f0f
1313130f0f
0b0b0f0f13
030300070b
0b0b0b0307
0b0f0f0f0b
0000070b0b
170f0b0303
1717171b17
0303000303
0300000000
0003030303
0000000300
0303030300
0707030300
0307030707
0303070707
0707030307
0703070307
0303030303
0707030303
0707070707
0b0b0b0b0b
0b0b0b0b0b
0b0b0b0b0b
0f0f0b0b0b
0b0b0b0b0b
0b0b0f0b0b
0f0b0b0f0b
130b0b0b0b
0f0f0b0b0b
0f0f0f0f0b
0f0b0f130f
0f0f0f1313
0b0f0f0f0b
0303030303
0003070703
0000000000
0b03030000
1717171717
0f0f0f0f13
0303070303
0300030303
0707070707
0303030303
0307030303
0707030303
0707030307
0707070707
0303070707
0707070303
0303070707
0707030303
0707070707
0b07070707
0b03070b07
0b0b07070b
0b0b0b0b0b
0f0b0b0b0b
0f0b0f0f0f
0f0b0b0b0b
0b0f0f0f0f
0f0b0b0b0f
0b0b0b0f0f
130f0b130f
0b0f130b13
00030b070b
0303030303
0703030303
0303030303
0303000000
0000000303
0f0f0b0300
0003000003
0000000000
0300000000
0303030303
0707070303
0307070707
0707070307
0707070703
0707070707
0707070b0b
070b070707
0307070707
0b0b070707
0b0b070707
0b0b0b0b0b
0b0b0b0b0b
0b0f0b0b0b
0b0b0b0b0b
0b0b0b0b0b
0b0b0b0b0b
0f0b0f0f0b
0f0f0f0b0f
0b0b0b0f0b
0b0b0b0b0b
0000070b07
0303000303
0000000300
0303000300
0000000000
0003000000
0000000003
0003030300
0000000000
0000000000
0000000000
0000000000
0003000300
0000000000
0000000000
0303000000
0707070707
0303070307
0707070303
0b0b0b0b0b
0707070b0b
0b0b0b0b0b
0b0b0b0b0b
0b0b0b0b0b
0b0b0b0b0b
0b0b0b0b0b
0b0b0b0b0b
0b0f0b0f0b
0f0f0b0b0b
0f0f0f0b0f
0b0f131313
0b0b0f0b0b
0300000007
0303030303
0000030303
0000000003
0303000000
0303030000
0000030000
0303000003
0000000000
0000000000
0000000000
0000000000
0000000000
0000000000
0000000000
0000000000
0000000000
0000000000
0000000000
0000000000
0b0b0b0700
0b0b0b0b0b
0b0b0b0b0b
070b0b0b0b
0b0b0f0f0b
0f0f0b0b0b
130f0b0b0f
130f0f0f0f
0b0f0f0b0f
0f0f0b0f0f
0f0f0f1313
0003070b0f
0000000000
0303030303
0300000303
0000000003
0303030000
0303030303
0300000000
0000000003
0000000000
0000000000
0000000000
0000000000
0000000000
0000000000
0000000000
0000000000
0000000000
0000000000
0000000000
0000000000
0b07030b07
0b0b0f0b0b
070b0b0b0b
0b0b0b0f0b
0b0b0f0f0f
0b0b0b0b0b
0b0b0b0b0f
0f0b0b0b0f
0b0f0b0b0f
0f0f130f0f
0707000f13
0000000000
0300000000
0303030303
0303030303
0000000000
0300000000
0303030300
0000000000
0303000300
0000000000
0000000000
0000000000
0000000000
0000000000
0000000000
0000000000
0000000000
0000000000
0000000000
0000000000
0707070703
030b130b0b
0f0f0f0b07
0b0f0f0f0b
0b0b0b0f0b
0b0f0f0b0f
0f0f0f0b0b
131313130b
130f0f1313
07070f0b0f
0b0b07070f
00070f0b0b
0000030300
0003030300
0303030000
0303030300
0000000003
0300000000
0303030300
0000000303
0300000300
0000000000
0000000000
0000000000
0000000000
0000000000
0000000000
0000000000
0000000000
0000000000
0000030003
0707030303
0f1317170f
030b17170f
0f0f0b070b
0f0f0f0b0b
0b0b0f0f0f
0f0f0f0b0b
0f0f0f130f
0b0f0f0f0f
0003070b0f
0b00030000
070b0b0703
0000030707
0303000000
0003030000
0307070703
0303030003
0000000003
0300000000
0300000000
0000030300
0000000000
0000000000
0000000000
0000000000
0000000000
0000000000
0000000000
0000000000
0000000000
0703000000
0f03000007
0f0b1b0f0f
0b0b0f1713
0b0b0f0b0f
0f07070703
0b0f0f0f0b
0f0f0b0b0f
0f0b0b0f0b
030b0f0b0f
0000000000
0303030300
03070b0b03
07070b0307
0000000303
0300000000
0703030300
0300030707
0303030303
0000000303
0000000000
0000000000
0303030303
0000000000
0000000000
0000000000
0000000000
0000000000
0000000000
0000000000
0000000000
0000000000
0703030000
1717070000
0b0b0f130f
0f0f0f0f0b
00000f0f0f
0707070703
0303070307
0f0f0f0f0b
030b0f0f0f
0303030300
0303030303
030b0f0f0b
030f130f03
0000000707
0300000000
0300030000
0003070003
0303030303
0303030300
0003030303
0000000000
0003000000
0303000300
0000000003
0000000000
0000000000
0000000000
0000000000
0000000000
0003000000
0003030000
0303030303
0000000000
0f13030003
0b0f0f0f0f
0f0f0f0f0f
03000b0f0f
0703070707
0307070b00
0b07070000
0703030003
03030f0b0f
07070b0f07
000f171713
03030b1303
0000000707
0000000000
0000000303
0303030300
0303030303
0003030303
0303000003
0000000003
0000000000
0003030003
0000030303
0000000000
0000000000
0000000000
0000000000
0000000000
0003000000
0300030300
0303030303
0003000000
0f03000303
0f0f0f0f0f
0f0b0f0f0f
0b0700070f
0307030707
0307070b07
0707000303
0b03030303
17070b0707
07070b1717
00000f0f13
0000070703
0000000000
0000000000
0300030000
0303070700
0303030303
0303000003
0300030003
0000030303
0000000000
0303000300
0000030300
0000000000
0000000000
0000000000
0000000000
0000000000
0003000000
0303070703
0003030303
0000000000
0703000000
070f0f0f0f
0b0b0b0b0f
0707030000
0703000307
0303070707
0707070703
170b030000
13070b0f17
0b07070f0f
070b0b0f0f
0300000300
0000000000
0000000303
0703030300
0703030300
0303030303
0300000303
0303030303
0303030003
0000000000
0000000303
0003000000
0000000000
0000000000
0000000000
0000000000
0000000000
0003070000
0303030303
0000030703
0000000000
0303030000
0000030703
00030b0303
070b070000
070b070303
0703030707
00070b0307
1303000000
130303030f
0b03070f13
000b0f0f13
0000000000
0303000000
0000000003
0300000000
0303000303
0303030303
0303030303
0003000300
0303030300
0000000003
0000000003
0300000003
0000000000
0000000000
0000000000
0000000000
0000000000
0703070300
0303070b07
0000000007
0000000000
0000000000
0000000000
0000000000
0707070000
030b070707
0307070703
030b0f0707
0000000300
0003000000
0300000000
0000030003
0000000000
0000000000
0000000000
0303000300
0303030300
0303030303
0303030303
0303000000
0000000003
0000030303
0000000000
0000000000
0000000000
0000000000
0000000000
0000000000
0000000000
0003030303
0000030003
0000000000
0000000000
0000000000
0000000000
0000000300
0307030000
0303000307
0307070707
130f0b0307
0300030713
0000030000
0000030000
0000000300
0000000000
0000000003
0000000000
0303000000
0000000000
0000000000
0303030303
0300000303
0003030303
0003030000
0000000000
0000000000
0000000000
0000000000
0000000000
0000000000
0003000000
0000000000
0000030707
0000000000
0000000000
0000000000
0000000000
0000030000
0300000000
0303070707
0703030707
030f0f0303
0303070b07
0000030300
0000000000
0000000000
0000000000
0000000003
0000000000
0303030000
0000000003
0003000003
0303030303
0000030303
0000030303
0000000000
0000000000
0000000003
0000000000
0000030300
0000000000
0000000000
0000000000
0000000000
0000000000
0000000000
0000000000
0000000000
0000000000
0000030000
0003000000
0707030000
030303070b
07030f0b07
0303030307
0003000300
0000000000
0300000000
0003000000
0000000000
0000000000
0303030000
0303000303
0000000003
0003030303
0303030000
0303000000
0000000000
0000000303
0000000003
0000000000
0000000000
0000000000
0000000000
0000000000
0000000000
0000000000
0000000000
0000000000
0000000000
0000000000
0000000000
0000000000
0707030300
0303030307
0303000707
0703030000
0003030000
0000000300
0000000000
0000000000
0000000000
0000000000
0303000000
0303030303
0000000000
0303030000
0303000000
0300000003
0000000000
0003000300
0000000000
0000000307
0000000000
0000000000
0000000000
0000000000
0000000000
0000000000
0000000000
0000000000
0000000000
0000000000
0000000000
0000000000
0303070303
0303030300
0003000703
0300000000
0000000003
0000000000
0000000000
0000000000
0000000000
0300000000
0303000000
0303030303
0300030303
0303030300
0300000000
0300000003
0000000003
0003030300
0003000300
0000000007
0000000000
0000000000
0000000000
0000000000
0000000000
0000000000
0700000000
0003030f0b
0000000000
0000000000
0000000000
0003000000
0003030303
0000030300
0000000707
0303030003
0000000003
0000000000
0000000003
0000000000
0000000000
0000000000
0307070000
0303030303
0303000303
0300000300
0000000003
0300000000
0003000000
0300030000
0300000303
0000000000
0000000000
0000000000
0000000000
0000000000
0000000000
0000000000
0300000000
000000000f
0000000303
0000000000
0000000000
0300000000
0303000303
0300000000
000000070b
0000000300
0000000000
0000000003
0000000303
0000000000
0000000000
0300030000
0000030000
0303030303
0303030303
0303030003
0003000000
0000030003
0303030003
0003030000
0303030303
0000000000
0000000000
0000000000
0000000000
0000000000
0000000000
0000000000
0000000000
0000000000
0000000000
0000000000
0000000000
0000000003
0000000303
0000000000
0003000000
0000000000
0000000000
0300000000
0300000000
0000000003
0000000000
0303000300
0300030300
0003000303
0303000303
0003000303
0303030303
0303030303
0303000303
0000000000
0303030300
0000000000
0000000000
0000000000
0000000000
0000000000
0000000000
0000000000
0000000000
0000000000
0003000000
0000000000
0000000000
0000000000
0000000000
0000030000
0000000000
0000000000
0000000000
0000000000
0303030303
0300000000
0303030300
0003000307
0000000000
0303030300
0000000000
0000000003
0303000303
0303030303
0000030303
0000000003
0303030300
0000000000
0000000000
0000000000
0000000000
0000000000
0000000000
0000000000
0300000000
0000000000
0000000000
0000000300
0000000000
0000000000
0000000003
0000000300
0000000700
0000000000
0000000000
0000030300
0000000000
0000000000
0703000000
0000000003
0703030700
0703070703
0307070303
0703070707
0003030003
0000000000
0003030300
0000030300
0000000300
0000000000
0000000000
0000030000
0000000000
0000000000
0000000000
0003000000
0000000000
0000000000
0000000000
0303000000
0300000003
0000000003
0000030007
0303000000
0000000303
0000000000
0000000000
0000000000
0300030000
0000000303
0000000000
0000000000
0000000000
0000000000
0000000000
0300000000
0307070703
0303070307
0000030000
0000030000
0303030000
0000000000
0000000000
0000000000
0000000000
0000000000
0000000000
0000000000
0000000000
0000000000
0000000000
0000000000
0000000000
0000000000
0000000000
0000000000
0000000000
0000000000
0000000000
0000000000
0000000000
0000000000
0000000000
0000000000
0000000000
0000000000
0003000000
0000030300
0000000000
0000030000
0003030707
0003000003
0303030000
0000000000
0003000000
0000000000
0000000000
0000000000
0000000000
0000000000
0000000000
0000000000
0000000000
0000000000
0000000000
0000000000
0000000000
0000000000
0000000000
0000000000
0000000000
0000000000
0000000000
0300030000
0000000000
0000000000
0000000000
0000000000
0000000303
0000000000
0000030300
0000000003
0000000000
0303030303
0000000003
0000000000
0000000000
0000000000
0000000000
0000000000
0000000000
0000000000
0000000000
0000000000
0000000000
0000000000
0000000300
0000000000
0000000000
0000000000
0000000000
0003000000
0000000300
0003030300
0000030300
0003030000
0300000000
0000000300
0000000000
0000000303
0000000000
0000000000
0000000300
0000000000
0000000000
0000000000
0000030000
0000000000
0000000000
0000030000
0000000000
0300000000
0000000000
0000000000
0003030000
0000000000
0000000000
0000000000
0000000000
0000000000
0000000000
0000000000
0000000303
0000000000
0000000003
0300000303
0300000300
0303030300
0000000003
0700030000
0700000003
0000000303
0300000000
0000000000
0000000000
0000000003
0003000000
0000030003
0000000000
0003030000
0000000000
0000000000
0000000000
0000000000
0000000000
0000000000
0300000000
0000000000
0000000000
0000000000
0000000000
0000000000
0000000000
0303030000
0300000000
0303000000
0003030303
0303070300
0300000703
0303000300
0003030003
0000000303
0000000000
0000000000
0000000000
0303000000
0300000303
0000000303
0000000000
0300030000
0000000000
0000000003
0000000000
0000000000
0000000000
0000000000
0000000000
0000000000
0000000000
0000000000
0000000000
0000000000
0000000000
0000000000
0300000000
0003000003
0000000000
0300000000
0000000003
0303000300
0000030303
0303070303
0000030000
0000030000
0300070700
0000030303
0000000000
0000000000
0303000000
0000000000
0000000000
0003000000
0000000000
0000000000
0000000000
0300000000
0000000000
0000000000
0000000000
0000000000
0000000000
0000000000
0000000000
0000030300
0000000000
0000000000
0000000000
0300030000
0000000000
0000000000
0000000000
0000030000
0303030300
0300000307
0303000303
0300000000
0000000703
0303030300
0300000300
0000000300
0000070000
0000030000
0000000300
0000000000
0000000000
0000000000
0000000000
0000000000
0000000000
0300000000
0000000000
0000000000
0000000000
0000000000
0000000300
0000000003
0300000000
0000000000
0000000000
0000000000
0000000000
0300000307
0303030003
0003030003
0303030303
0303000003
0003030003
0003030000
0303000003
0000030300
0000000703
0000000000
0000000000
0000000000
0003030000
0000000000
0000000000
0000000000
0000000000
0000000000
0300000303
0000000003
0000000000
0000000000
0000000000
0000000000
0000000000
0000000000
0000000000
0000030000
0000000000
0000000000
0300000000
0000000003
0303070000
0000030303
0303000000
0303030003
0003000300
0303000303
0000030003
0000000000
0000000000
0000000000
0000000000
0003000000
0000030000
0000000000
0000000000
0000000000
0000000000
0003000003
0303030003
0000000000
0000000000
0000000000
0300000000
0000000000
0000000000
0000000000
0000000300
0300000000
0000000000
0303000000
0000000303
0000000003
0300000300
0303030303
0303030303
0300030703
0000030303
0000030300
0000000000
0000000000
0000000000
0000000000
0000000000
0000030000
0000000000
0000000000
0300000000
0000000303
0000000000
0000000003
0000000000
0000000000
0000000000
0000000300
0000000000
0000030000
0000000000
0300000000
0000000000
0303000000
0003030303
0307030000
0300000003
0303030303
0003030303
0003030303
0703030303
0003030303
0000000303
0000000000
0300000000
0000000000
0000030000
0000000300
0000000300
0000000003
0003000003
0000030003
0000000000
0000000000
0000000000
0000030003
0300000000
0003000000
0000000000
0300000000
0000000300
0003000300
0000000000
0000000000
0000000000
0300000000
0000030303
0000000000
0000000000
0000000003
0303030000
0703000703
0003030007
0303030003
0000030303
0003000300
0000000000
0000000000
0000030000
0000000000
0003000000
0000000000
0007000000
0000030000
0000000000
0000000000
0300000000
0300030000
0000000000
0003000000
0000000000
0703030000
0303000000
0003000000
0000000000
0000000000
0300000000
0003000000
0300000000
0003000300
0303000000
0000000003
0000030000
0000000000
0000000000
0000000300
0303030303
0000000300
0300000003
0000000000
0000000000
0300000000
0000000003
0300000000
0000000000
0000000000
0000000000
0000000000
0000000000
0000000000
0000000000
0003000000
0000000000
0000030003
0000000000
0000000003
0000000000
0000000000
0000000000
0303000000
0003030300
0000030000
0000000303
0000000000
0300000303
0000000003
0000030303
0003030303
0303000303
0003000303
0000000000
0000000000
0300000000
0300000000
0003030000
0000000000
0000000000
0300030303
0000030000
0000000003
0000000000
0000000000
0303000000
0000000000
0000000000
0300000003
0000000000
0000000000
0000030000
0000000000
0000000000
0000000000
0000000000
0300000000
0303000003
0303030000
0303030007
0003000303
0300000003
0300030303
0303030303
0003030003
0300030303
0003000003
0003000000
0000000000
0300000303
0000000300
0000030300
0300000000
0003000300
0300000000
0000000303
0000000000
0000030000
0000000000
0000000000
0300000000
0000000000
0000000000
0003000003
0000000303
0000000003
0000000000
0000000300
0300030300
0003030300
0303000000
0003000003
0003030300
0303000007
0303000000
0303030303
0303030303
0003000303
0003000003
0000030000
0000000000
0000000000
0000000000
0000030000
0000000000
0000000300
0000000000
0703000003
0000000000
0000000000
0000000000
0000000000
0003000000
0000000000
0000000000
0003000007
0000000003
0003000003
0000000000
0000000000
0300000000
0003000000
0003030303
0000030000
0300000703
0300030300
0307030303
0303000003
0003000303
0003030303
0300000303
0000030003
0000030000
0003030300
0000000000
0000000003
0000000000
0000030000
0000000000
0303030300
0000030003
0000000000
0000000000
0000000000
0003030300
0000000300
0700000000
0000000000
0300000300
0000000000
0000000000
0000000000
0303000000
0303030000
0000000000
0300000303
0300030303
0000000303
0003030303
0003030300
0703030300
0000000000
0300000003
0000000003
0000000000
0000000000
0000000000
0000000000
0000000000
0000000000
0003000000
0003000000
0000030000
0000000000
0000000000
0000000300
0000030000
0000000003
0703000000
0000000000
0000000000
0000000000
0000000000
0000000000
0000000000
0000030000
0300000000
0303000003
0300030300
0300000003
0700030000
0303030303
0303030003
0303000000
0300000003
0000000000
0000000000
0000000000
0000000303
0000030000
0000000000
0303000000
