0 2323232323
1 2323232323
2 2323232323
3 2323232323
4 2323232323
5 2313232323
6 1313232323
7 1313020213
8 1313131313
9 1323231313
10 2323232313
11 2323232323
12 2323232323
13 1323231313
14 1313132323
15 1323231313
16 2313131313
17 0213132323
18 1313131313
19 2323131313
20 1323232313
21 1313131313
22 1313131313
23 1313131313
24 1313131313
25 1313131313
26 2323131313
27 2323232323
28 2323232323
29 2323232323
30 2323232323
31 2313232323
32 2323232323
33 2323232323
34 2323232323
35 2323232323
36 2323232323
37 2323131323
38 1313132323
39 2323131313
40 1313131313
41 2323232323
42 2323232323
43 2323232323
44 1323232323
45 1323132323
46 1323231323
47 2323232313
48 2323231313
49 1313131323
50 2323232323
51 1323231323
52 1313131323
53 1313131313
54 1313131313
55 1313131313
56 1313131313
57 1313131313
58 2323231313
59 2323232323
60 2323232323
61 2323232323
62 2323232323
63 2323232323
64 2323232323
65 2323232323
66 2323232323
67 2323232323
68 2323232323
69 2323232323
70 2323232334
71 1323131323
72 2313131313
73 2323232323
74 2323232323
75 2323232323
76 0213131323
77 1323130213
78 1313232323
79 2323131313
80 2323231323
81 2323232323
82 2323232323
83 1323232323
84 1313132313
85 1313131313
86 1313131313
87 0202131313
88 1313020202
89 1313131313
90 2323231313
91 2323232323
92 2334343423
93 2323232323
94 2323232323
95 2323232323
96 2323232323
97 2323232323
98 2323232323
99 2323232323
100 2323232323
101 2323232323
102 2313232323
103 2313232323
104 1313131323
105 2323131313
106 2323232323
107 2323232323
108 1313232323
109 1313231313
110 1313131313
111 2323231313
112 2323232323
113 2323232323
114 2323232323
115 1313232323
116 1313131323
117 1313131323
118 1313131313
119 1313131313
120 0202020213
121 1313131313
122 2323232313
123 3423232334
124 3434343434
125 2323232334
126 2323232323
127 2323232323
128 2323232323
129 2323232323
130 2323232323
131 2323232323
132 2323232323
133 2323232323
134 2323232323
135 2323232323
136 2323232323
137 2323232323
138 2323232323
139 2323232323
140 2313131313
141 1313132323
142 2323231313
143 1313132313
144 2323232323
145 1323232323
146 1313232313
147 2323131313
148 2313131313
149 2313131313
150 1313131313
151 1313132313
152 1313020202
153 1313131313
154 3423232323
155 2334232334
156 3423343434
157 2323233434
158 2323232323
159 2323232323
160 2323231323
161 2323232323
162 2323232323
163 2323232323
164 2323232323
165 2323232323
166 2323232323
167 2323232323
168 2323232323
169 2323232323
170 1323232323
171 1313131323
172 2323131323
173 2323232323
174 2323232323
175 2323132323
176 1313232323
177 1323232323
178 2323232323
179 1313131323
180 1313131313
181 1313131313
182 1302131313
183 0202021313
184 1313130213
185 2323131313
186 2323232323
187 3434342323
188 3434343434
189 2323232334
190 2323232323
191 2323232323
192 2323232313
193 2323232323
194 2323232323
195 2323232323
196 2323232323
197 2323232323
198 2323232323
199 2313132323
200 2323232323
201 2323232323
202 2323232323
203 2323232323
204 2334232323
205 2323232323
206 1313131323
207 2323232323
208 2323131323
209 2323132323
210 1313132323
211 1313131313
212 0213131313
213 1313131313
214 0202021313
215 0202020213
216 1313130202
217 1323131313
218 2323232323
219 3423232334
220 3434233434
221 3434232323
222 2334343434
223 2323231323
224 2313131313
225 2323232323
226 2323232323
227 2323232323
228 2323232323
229 2323232323
230 2323232323
231 2323232323
232 2323232323
233 2323232323
234 2323232323
235 1323232323
236 1313131313
237 1323131313
238 2323130213
239 2313231313
240 1323232313
241 1313131313
242 1313131313
243 1323131313
244 1313131313
245 1313130213
246 1313131313
247 0202130202
248 0202020202
249 1313131313
250 2323232313
251 3434343423
252 2334232323
253 2334232323
254 2313233434
255 2323232323
256 2313131313
257 2323132323
258 2323232323
259 2323232323
260 2323232323
261 2323232323
262 2323232323
263 1313132313
264 1313232313
265 2323231313
266 2323231323
267 1323232323
268 1323231313
269 2313231323
270 1323232313
271 1313231313
272 1313131313
273 1313131313
274 1313131313
275 1313131313
276 1313131313
277 1302131313
278 0202020202
279 0202020202
280 1313020202
281 1313131313
282 2323232313
283 2323232323
284 2334342323
285 2323232323
286 2323232323
287 2323232323
288 1313131313
289 1323131313
290 2323232313
291 2323131313
292 2323231323
293 1323232323
294 1313131313
295 1302231313
296 2313131313
297 1313232323
298 1313131313
299 1313131313
300 1313231313
301 1313231323
302 1323131313
303 1323131313
304 1313231323
305 1313131313
306 1302021313
307 1313131313
308 1313131313
309 1313131313
310 0202020202
311 0202020202
312 1313020202
313 2323131313
314 3434342323
315 2323232334
316 2323232323
317 2323232323
318 2323232323
319 2323232323
320 1313131313
321 1313131313
322 2313131313
323 1313131313
324 2313232313
325 1313131313
326 1313131313
327 1313131313
328 0202020213
329 1302020202
330 1313131313
331 1313131313
332 1313231313
333 1302130202
334 0213131313
335 1313131302
336 0213021313
337 0202020202
338 1302020202
339 1313130213
340 1313131302
341 1313131313
342 0202021313
343 1313020202
344 1313131313
345 2323232323
346 3434342323
347 2323232334
348 2334342323
349 2323232323
350 2323232323
351 2323232323
352 1313131313
353 1313131313
354 1313131313
355 1313131313
356 2323231323
357 1323232323
358 1313231313
359 1313131313
360 1313231313
361 1313131313
362 1313131313
363 1313131313
364 0202131313
365 1323131313
366 1313131313
367 1313022313
368 0202131313
369 1313131313
370 0202021302
371 0202020202
372 0213020202
373 0202020202
374 0202020202
375 1302130202
376 2313231313
377 2323232323
378 3434343423
379 2323232323
380 2334343434
381 2323232323
382 2323232323
383 2323232323
384 1313131313
385 1313131313
386 1313131313
387 1313131313
388 1323231313
389 1323232323
390 1313131313
391 1313131313
392 1313131313
393 1313131313
394 1313131313
395 1313131313
396 1313131313
397 1302020202
398 1313231313
399 1313130213
400 1313131313
401 1313131313
402 1313020213
403 1313021313
404 0202020202
405 0202020202
406 0202020202
407 1313131302
408 3434232323
409 3423343423
410 2323232323
411 3434342334
412 2323343434
413 2323232323
414 2323232323
415 2323232323
416 0213131313
417 0213131313
418 1313131313
419 1313131313
420 1313131313
421 1313131313
422 1313132313
423 1313131313
424 1313131313
425 1313131313
426 1313131313
427 1313131313
428 1313131313
429 1313131313
430 0202131313
431 1313020202
432 1313131302
433 0213131313
434 1313130202
435 0213130213
436 0213130202
437 0202021313
438 1313130202
439 1313131313
440 2334232323
441 2323343423
442 3434232323
443 3423343434
444 3423233434
445 2323232334
446 2323232323
447 2323232323
448 0213021313
449 0202131302
450 1302020202
451 1313131313
452 1313131313
453 1313131313
454 1313131313
455 1313132323
456 1313131313
457 1313131313
458 1313131313
459 1313131313
460 1313131313
461 1313131313
462 1313131313
463 2313131313
464 1313131323
465 0213131313
466 0202131313
467 1313131302
468 0202020202
469 0202020202
470 1313130202
471 2313131313
472 3423232323
473 2323343434
474 3434342334
475 3434232334
476 3434343434
477 3434343434
478 2334343434
479 2323232323
480 0202021313
481 1302021313
482 1302130213
483 0202021313
484 1313131313
485 1313131313
486 1313131313
487 0213130213
488 2313131323
489 1313131313
490 1313131313
491 1313231313
492 1313131313
493 1313131313
494 1313131313
495 1313131313
496 1313131313
497 0213021313
498 1313131313
499 0213131313
500 0213131313
501 0202020202
502 1313131302
503 2313131313
504 2323232323
505 3434343423
506 2323343434
507 3434342323
508 3434343434
509 3434343434
510 2323233434
511 2323232323
512 0213020213
513 1313020202
514 1302020202
515 1302020213
516 1302021302
517 1313131313
518 0202131313
519 1313021302
520 1313131313
521 1313131313
522 1313131313
523 1313131313
524 1313131313
525 1313131313
526 1313131313
527 1313131313
528 0202131313
529 1313130213
530 1313130213
531 1302021313
532 0202020202
533 1302020202
534 1313021313
535 2323232313
536 3434342323
537 3434343434
538 3423343434
539 3434343434
540 3434343434
541 3434343434
542 3434343434
543 2323232334
544 0213020213
545 0202021313
546 0202020202
547 0202020202
548 0202020202
549 1313131313
550 1313131313
551 1313131313
552 1313131313
553 1313131313
554 1313131313
555 1313131313
556 1302130202
557 1313131313
558 1313131313
559 1313131313
560 1313131313
561 1313131313
562 1313131313
563 1313131313
564 0202020202
565 1302020202
566 2313131313
567 3423232323
568 3434343434
569 3434343434
570 3434343434
571 3434343434
572 3434343434
573 3434343434
574 3434343434
575 2323343434
576 0202020202
577 1313131302
578 0202020202
579 0202020213
580 0002020202
581 0202020202
582 1313130202
583 1313131313
584 0213131313
585 1302131302
586 0202021313
587 1313020202
588 1313130202
589 1302021313
590 1313131313
591 1313020213
592 1313131313
593 1313131313
594 1313131323
595 1313232313
596 1313131313
597 1313131313
598 2323231313
599 3434342323
600 3434343434
601 3434343434
602 3434343434
603 3434343434
604 3434343434
605 3434343434
606 3434343434
607 3434343434
608 0202021313
609 0213021302
610 0213020202
611 0202020202
612 0202020202
613 0202020202
614 1313130202
615 1313131313
616 0202020213
617 0202020202
618 0202020202
619 0213131313
620 1302020202
621 0213020202
622 0202020202
623 0202020202
624 1313131302
625 1313130213
626 1313131313
627 1313131313
628 2323232323
629 2323232323
630 2323232323
631 3434233423
632 3434343434
633 3434343434
634 3434343434
635 3434343434
636 3434343434
637 3434343434
638 3434343434
639 3434343434
640 1313130202
641 0202021313
642 0202131302
643 0202021313
644 0202020202
645 0202020202
646 0213131302
647 0202021313
648 1313021313
649 1313131313
650 1313131302
651 1313130213
652 0202020202
653 0202020202
654 0213020202
655 0202020202
656 0202020202
657 0202020202
658 1313021313
659 1323131313
660 2323231313
661 2323232334
662 2334343434
663 2334232323
664 3434343434
665 3434343434
666 3434343434
667 3434343434
668 3434343434
669 3434343434
670 3434343434
671 3434343434
672 0213020213
673 0202130202
674 0202020202
675 1313130213
676 0202131302
677 0213020202
678 1313131302
679 1313131313
680 1313131313
681 1313131313
682 1313131302
683 0202131313
684 0200020213
685 0213020202
686 1302020202
687 1313131313
688 0202021313
689 0202020213
690 0002020202
691 0200020002
692 2323231302
693 3434232334
694 2323343434
695 2323233423
696 3434342323
697 3434343434
698 3434343434
699 3434343434
700 3434343434
701 3434343434
702 3434343434
703 3434343434
704 1302020202
705 1313020202
706 0202021313
707 0202020213
708 0202021302
709 0202020202
710 0202021302
711 0202020202
712 0202020202
713 0213131313
714 1313131302
715 1313131302
716 1313131313
717 0213131313
718 1302020213
719 0202020202
720 0202020202
721 0202020202
722 0202020202
723 0200000000
724 2313131313
725 2323232323
726 3423232323
727 1323232323
728 3434232323
729 3434343434
730 3434343434
731 3434343434
732 3434343434
733 3434342323
734 3434343434
735 3423343434
736 0202020202
737 0213021302
738 0202000202
739 0202020202
740 0202020202
741 0202020202
742 0202020202
743 0202021302
744 1313020213
745 0213020202
746 1313020202
747 1313131313
748 1313131313
749 0202021313
750 0202020202
751 0002020202
752 0202020202
753 0213020202
754 0202020213
755 1313131302
756 1313131313
757 2323131313
758 2323232323
759 1313132323
760 3423232313
761 3434343434
762 3434343434
763 3434343434
764 3423233434
765 3434343434
766 3434343434
767 2323233434
768 0202020202
769 1302020202
770 0202130202
771 0202020202
772 0200000202
773 0202020000
774 0002020202
775 0202020202
776 0202020202
777 0202020202
778 0202020202
779 1313021302
780 0202020202
781 0202020202
782 0202020202
783 0202020202
784 0202020202
785 0202020202
786 0202020202
787 0202021313
788 1313131313
789 1313131313
790 2323232323
791 1302131323
792 3423232313
793 3434343434
794 3434343434
795 3434343434
796 3434343434
797 3434343434
798 3434343434
799 2323343434
800 0202020202
801 0202020202
802 0202020202
803 0202020202
804 0202020202
805 0002020202
806 0202020202
807 0202020202
808 0202020202
809 0202000202
810 0213020202
811 0202020202
812 0202020202
813 0202020202
814 0202020202
815 0202020202
816 0202020202
817 0202000202
818 0200000002
819 1313130202
820 1313131313
821 1313131313
822 2323232323
823 2323231313
824 3423232323
825 3434343434
826 3434343434
827 2323233434
828 2323232323
829 3423232323
830 3434343434
831 3423343434
832 0202020202
833 0202020202
834 0202020202
835 0202020202
836 0202020202
837 0202020202
838 0002020202
839 0202020200
840 0202020202
841 0202020002
842 1313131302
843 1313131313
844 0202131302
845 0202130202
846 0202020202
847 0202020202
848 0202000202
849 0202020202
850 1302020202
851 1313131313
852 1302021302
853 2313231313
854 2313132323
855 3423232323
856 3434342323
857 2323232334
858 2323233423
859 2334343423
860 3434343434
861 3434343434
862 3434343434
863 2323132334
864 0202020202
865 0202020202
866 0202020202
867 0002020202
868 0200000000
869 0202020202
870 0202020002
871 0202000202
872 0202020202
873 1313131313
874 0202131313
875 0213131302
876 0202020202
877 0202020202
878 0202020202
879 0202020200
880 1313131313
881 1313131302
882 1313131313
883 0213021313
884 1302020202
885 2313232323
886 2323231323
887 3434342323
888 3423233434
889 2323232323
890 2323232323
891 2323343423
892 3434342323
893 3434343434
894 3434343434
895 2323233423
896 0202020202
897 0002020002
898 0200000200
899 0000020202
900 0200020202
901 0202020002
902 0002000202
903 0202020202
904 1302021302
905 1302131313
906 0202021313
907 1313131313
908 0213131313
909 0202131313
910 0213130213
911 1302020202
912 1302020202
913 1313131313
914 0202131313
915 2323131302
916 1313131313
917 2323132313
918 2323232323
919 2323232323
920 2323232323
921 2323232323
922 2323232323
923 3423232313
924 3434343434
925 2323343434
926 3434342323
927 2323232323
928 0000000000
929 0202020200
930 0200020202
931 0002000000
932 0202000002
933 0000020202
934 0002020200
935 0202020202
936 1302020202
937 0202130202
938 0202020202
939 0202020202
940 0202020202
941 0202020202
942 0202020202
943 0202020202
944 0202020202
945 0202020202
946 1302020202
947 1313231313
948 1313231313
949 2323231323
950 2323232323
951 2323232323
952 3434342323
953 2323232323
954 2323342323
955 1313132323
956 2313131313
957 2323232313
958 1313232313
959 1323132323
960 0000020202
961 0000000000
962 0000000000
963 0002000000
964 0200020200
965 0200000000
966 0202000000
967 0202020202
968 0202020202
969 0202021302
970 0202020202
971 0202020202
972 0202020202
973 0202020002
974 0202020202
975 0202020202
976 0202020202
977 0202020202
978 1313130202
979 1313131313
980 1313131313
981 2323232323
982 2323232323
983 1323231323
984 1313131313
985 1323231313
986 2323231323
987 1313131323
988 2323232313
989 2323132323
990 1313232323
991 0202021313
992 0000000200
993 0000000000
994 0200000000
995 0000000002
996 0202020202
997 0202020202
998 0202020200
999 0202020202
1000 0202020202
1001 0200020200
1002 0202020200
1003 0202020202
1004 0202020202
1005 0202020202
1006 0002020202
1007 0202020202
1008 0202020202
1009 0202020202
1010 0202020202
1011 1313131302
1012 2334232323
1013 2313132334
1014 1302021313
1015 2323232323
1016 2323231323
1017 2313232323
1018 2323232323
1019 1313131313
1020 2334232323
1021 1323232323
1022 0202131313
1023 0202020202
1024 0000000000
1025 0000000000
1026 0202000000
1027 0200000200
1028 0200000202
1029 0202020202
1030 0202000002
1031 0202020202
1032 0202020200
1033 0202020202
1034 0202020202
1035 0202020202
1036 0202020202
1037 0202020202
1038 0202020202
1039 0202020202
1040 0202020202
1041 0202020002
1042 1313130202
1043 2323232313
1044 0213132323
1045 1313130202
1046 2323232323
1047 1313132323
1048 1313132313
1049 2323131313
1050 1313232323
1051 1323232313
1052 1313231323
1053 0202021313
1054 0202020202
1055 0202020202
1056 0000000000
1057 0000000000
1058 0000000000
1059 0200000202
1060 0002020202
1061 0200020000
1062 0202020202
1063 0000020202
1064 0202000200
1065 0000020202
1066 0200000000
1067 0202020202
1068 0200000202
1069 0202020200
1070 0202020202
1071 0202020202
1072 0202020202
1073 0202020200
1074 1313131302
1075 1313232313
1076 1313020202
1077 2323132323
1078 0213132323
1079 1313131313
1080 1313131313
1081 1313131313
1082 2313131313
1083 1313132323
1084 0213021313
1085 0202020202
1086 0202020202
1087 0202020202
1088 0000000000
1089 0000000000
1090 0000000000
1091 0202020000
1092 0202020202
1093 0202020200
1094 0202020202
1095 0002020202
1096 0000000002
1097 0202020000
1098 0202020202
1099 0000000202
1100 0200000000
1101 0202020202
1102 0202020202
1103 0202020202
1104 0202020202
1105 0202020202
1106 1302020202
1107 1313020213
1108 1313131313
1109 0213131313
1110 0202020202
1111 1302020202
1112 1313131313
1113 1313131313
1114 1313131313
1115 0202020213
1116 0202000202
1117 0202020202
1118 0202020202
1119 0202020202
1120 0000000000
1121 0000000000
1122 0000000000
1123 0002000000
1124 0200020200
1125 0202020202
1126 0000000200
1127 0202000002
1128 0202020202
1129 0202020202
1130 0200000202
1131 0202020202
1132 0202020202
1133 0202020202
1134 0202020202
1135 0202020202
1136 0202020202
1137 0202020202
1138 0213130202
1139 1313131302
1140 1313131313
1141 0202021313
1142 1313130202
1143 1313131313
1144 1313131323
1145 0213131313
1146 0213130202
1147 0202020202
1148 0202020202
1149 0202020202
1150 0202020202
1151 0202020202
1152 0000000000
1153 0000000000
1154 0000000000
1155 0000000000
1156 0000000000
1157 0000000000
1158 0000020000
1159 0000000000
1160 0000000000
1161 0202020200
1162 1302020202
1163 0202020213
1164 0202020202
1165 1313021302
1166 0202131313
1167 0202020202
1168 0202020202
1169 1313020202
1170 0202020202
1171 1313131302
1172 0202021302
1173 0202020202
1174 1313131313
1175 2313131313
1176 0213231313
1177 0202020202
1178 0202020202
1179 0202020202
1180 0202020202
1181 0202020202
1182 0202020202
1183 1302020202
1184 0000000000
1185 0000000000
1186 0000000000
1187 0000000000
1188 0000000000
1189 0000000000
1190 0200020000
1191 0202020202
1192 0202020202
1193 0202020202
1194 0202020202
1195 0200000000
1196 0202020200
1197 0202020202
1198 0213130202
1199 0202020202
1200 0200020202
1201 1313131313
1202 0202021313
1203 1313131302
1204 0202020202
1205 1302130202
1206 1313131313
1207 1313131323
1208 1313131313
1209 0202020202
1210 0202020202
1211 0202020202
1212 0202020202
1213 0202020202
1214 0202020202
1215 0213020202
1216 0000000000
1217 0000000000
1218 0000000000
1219 0000000000
1220 0002000000
1221 0000000000
1222 0202020000
1223 0000020002
1224 0000000000
1225 0000000202
1226 0000000000
1227 0202020200
1228 0202020202
1229 0202020202
1230 0202020202
1231 0002020202
1232 1313130202
1233 1313131313
1234 0202020202
1235 0202020202
1236 1302020202
1237 1313130213
1238 0202131313
1239 1313131302
1240 0202021313
1241 0202020202
1242 0202020202
1243 0202020202
1244 0202020202
1245 0202020202
1246 0213020202
1247 1313131313
1248 0000000000
1249 0000020000
1250 0000000000
1251 0000000000
1252 0000000000
1253 0000000000
1254 0000000000
1255 0200020000
1256 0000000000
1257 0202020200
1258 0202020202
1259 0000000002
1260 0202020200
1261 0213131302
1262 0202020202
1263 0202020200
1264 1302131313
1265 0202020213
1266 0202020202
1267 0202020202
1268 1302020202
1269 0213131313
1270 0202020202
1271 0202020202
1272 0202020213
1273 0202020202
1274 0202020202
1275 0202020202
1276 0202020202
1277 1313131302
1278 1313130213
1279 1313131313
1280 0000000000
1281 0002000000
1282 0000000000
1283 0000000000
1284 0000000000
1285 0200000000
1286 0000000000
1287 0202020000
1288 0000000000
1289 0202020000
1290 0200020002
1291 0202000002
1292 0213020202
1293 0002021313
1294 0000020202
1295 0202020202
1296 1302130213
1297 0202020202
1298 0202020202
1299 0202021302
1300 1313131313
1301 0202020213
1302 0202020202
1303 0202020202
1304 0202020202
1305 0202020202
1306 0202020202
1307 0202020202
1308 1313021302
1309 0202131313
1310 1313131302
1311 1313131313
1312 0000000000
1313 0000000000
1314 0000000000
1315 0000000000
1316 0000000000
1317 0000000000
1318 0202000000
1319 0000000002
1320 0202000000
1321 0202020202
1322 0200000200
1323 0202020202
1324 0202020202
1325 0000000202
1326 1313020000
1327 0213130202
1328 0202021302
1329 0202020202
1330 0202020202
1331 1313020202
1332 0213131313
1333 0202020202
1334 0202020202
1335 0202020202
1336 0202020202
1337 0202020202
1338 0213020202
1339 0202021302
1340 0202021313
1341 1313131313
1342 1313131313
1343 0202021313
1344 0000000000
1345 0000000000
1346 0000000000
1347 0000000000
1348 0000000000
1349 0000000000
1350 0000000000
1351 0000000000
1352 0000000000
1353 0000000000
1354 0000000000
1355 0002000002
1356 0000020202
1357 0000020000
1358 0202020202
1359 0000000202
1360 0202020202
1361 0202020202
1362 0202020000
1363 0213131313
1364 0202021302
1365 0202020202
1366 0202020202
1367 0000020200
1368 0202020202
1369 1302020202
1370 1302130213
1371 1313131313
1372 1313131313
1373 0202131313
1374 1302130202
1375 1313131313
1376 0000000000
1377 0002000000
1378 0000000000
1379 0000000000
1380 0000000000
1381 0000000000
1382 0000020000
1383 0000000000
1384 0000000000
1385 0000000000
1386 0002000000
1387 0000020002
1388 0000000002
1389 0202020202
1390 0002020202
1391 0202020000
1392 0202020202
1393 0202000202
1394 1313131313
1395 0202020213
1396 0202020202
1397 0202020000
1398 0202020202
1399 1302020202
1400 1313131302
1401 1313131313
1402 1313131313
1403 0213131313
1404 0202020213
1405 0202020202
1406 1302131302
1407 1313021313
1408 0000000000
1409 0000000000
1410 0000020200
1411 0000000000
1412 0000000000
1413 0000000000
1414 0000020000
1415 0202020202
1416 0000000000
1417 0200000000
1418 0202020202
1419 0000000202
1420 0200000000
1421 0202000202
1422 0202020202
1423 0202020202
1424 1302000202
1425 1313131313
1426 1313021313
1427 0002020202
1428 0200000000
1429 0202020200
1430 0202020202
1431 1302021313
1432 0202021313
1433 1313130202
1434 0202131313
1435 0202020202
1436 0202020202
1437 0202020202
1438 1313020202
1439 1313131313
1440 0200000000
1441 0200020200
1442 0000020202
1443 0000000000
1444 0000000000
1445 0000000000
1446 0000000000
1447 0000000000
1448 0000000000
1449 0202020200
1450 0000000202
1451 0200000000
1452 0202020202
1453 1313020202
1454 0202021302
1455 0202020202
1456 1313130213
1457 0202020202
1458 0202020202
1459 0200000200
1460 0200000202
1461 0202000002
1462 1313020202
1463 1313131313
1464 1313131302
1465 1302020213
1466 0202020202
1467 0202020202
1468 0202020202
1469 0202020202
1470 0202020202
1471 1313131302
1472 0000000000
1473 0202020200
1474 0002020202
1475 0000000000
1476 0000000000
1477 0000000000
1478 0000000000
1479 0000000000
1480 0202000000
1481 0202000002
1482 0000020000
1483 0200000000
1484 0202020002
1485 0000000202
1486 0002000000
1487 0202020002
1488 0202020202
1489 0202020202
1490 0000000000
1491 0200000200
1492 0202020202
1493 1302020202
1494 0202131313
1495 1313020202
1496 0202020202
1497 0202020202
1498 0000000202
1499 0202020202
1500 0202020202
1501 0213130202
1502 0202131302
1503 0202131313
1504 0000000000
1505 0202000000
1506 0002020202
1507 0000000000
1508 0000000000
1509 0000000000
1510 0000000000
1511 0000000000
1512 0000000000
1513 0000020000
1514 0002000000
1515 0000000000
1516 0000000000
1517 0200000000
1518 0202020202
1519 0202020202
1520 0202020202
1521 0000000002
1522 0000000000
1523 0202020202
1524 0213020202
1525 0213021302
1526 0202020202
1527 0000020202
1528 0000000000
1529 0202000000
1530 0202020202
1531 0202020002
1532 0202020202
1533 0202020202
1534 0202020202
1535 0202020202
1536 0000000000
1537 0202020000
1538 0002020202
1539 0000000000
1540 0000000000
1541 0000000000
1542 0000000000
1543 0000000000
1544 0000000000
1545 0000000000
1546 0000000000
1547 0000000000
1548 0000000000
1549 0000000000
1550 0000000000
1551 0000000000
1552 0000000000
1553 0202020200
1554 0202020202
1555 0202020202
1556 0202020202
1557 0200020202
1558 0000020202
1559 0202020000
1560 0202020202
1561 0202020202
1562 0202020202
1563 0202020202
1564 0202020202
1565 0202020202
1566 0202020202
1567 1313020202
1568 0000000000
1569 0202020000
1570 0002020202
1571 0000000000
1572 0200000000
1573 0000000000
1574 0200000000
1575 0000000002
1576 0000000000
1577 0000000000
1578 0000000000
1579 0000000000
1580 0000000000
1581 0000000000
1582 0000000000
1583 0000000000
1584 0000000000
1585 0202020002
1586 0202020202
1587 0202000202
1588 0202020202
1589 0202020202
1590 0202020202
1591 0202020202
1592 0202020202
1593 0202020202
1594 0202020202
1595 0202020202
1596 0202020202
1597 0202020202
1598 0202020202
1599 0202130202
1600 0000000000
1601 0000000000
1602 0002020202
1603 0000000002
1604 0000000000
1605 0000000000
1606 0000000000
1607 0000000000
1608 0000000000
1609 0000000000
1610 0000000000
1611 0000000000
1612 0000000000
1613 0000000000
1614 0000000000
1615 0000000000
1616 0202020002
1617 0202020202
1618 0202020200
1619 0202020202
1620 0202020202
1621 0000020202
1622 0000000000
1623 0000000000
1624 0000000000
1625 0202020200
1626 0202020202
1627 0202020202
1628 0202020202
1629 0202020202
1630 0202020202
1631 0202131313
1632 0000000000
1633 0000000000
1634 0000020202
1635 0000000000
1636 0000000000
1637 0000000000
1638 0000000000
1639 0000000000
1640 0000000000
1641 0000000000
1642 0000000000
1643 0000000000
1644 0000000000
1645 0000000000
1646 0000000000
1647 0000000000
1648 0202020202
1649 0000000000
1650 0202020200
1651 0000000002
1652 0000000002
1653 0000000000
1654 0002020000
1655 0000000000
1656 0200020200
1657 0000000002
1658 0202020202
1659 0202020202
1660 0202020202
1661 0202020202
1662 0202131302
1663 0202131302
1664 0000000000
1665 0000000000
1666 0000000000
1667 0000000000
1668 0000000000
1669 0000000000
1670 0000000000
1671 0000000000
1672 0000000000
1673 0000000000
1674 0000000000
1675 0000000000
1676 0000000000
1677 0000000000
1678 0000000000
1679 0200000000
1680 0000000202
1681 0200020002
1682 0000000202
1683 0000020002
1684 0000000002
1685 0000000000
1686 0000000000
1687 0202020202
1688 0202020202
1689 0202020202
1690 0202020202
1691 0202020202
1692 0202020202
1693 0202020202
1694 0202020202
1695 0202020202
1696 0000000000
1697 0000000000
1698 0000000000
1699 0000000000
1700 0000000000
1701 0000000000
1702 0000000000
1703 0000000000
1704 0000000000
1705 0000000000
1706 0000000000
1707 0000000000
1708 0000000000
1709 0000000000
1710 0000000000
1711 0000000000
1712 0200000000
1713 0202000200
1714 0202020202
1715 0202020202
1716 0000020202
1717 0002000000
1718 0202020202
1719 0202020202
1720 0202020202
1721 0202020202
1722 0202020202
1723 0202020202
1724 0202020202
1725 0202020202
1726 0202020202
1727 0202130202
1728 0000000000
1729 0000000000
1730 0000000000
1731 0000000000
1732 0000000000
1733 0000000000
1734 0000000000
1735 0000000000
1736 0000000000
1737 0000000000
1738 0000000000
1739 0000000000
1740 0000000000
1741 0000000000
1742 0000000000
1743 0200020000
1744 0202020200
1745 0202020202
1746 0002020202
1747 0200020000
1748 0200020002
1749 0202020202
1750 0202020202
1751 0202020202
1752 0202020202
1753 0202020202
1754 0202020202
1755 0202020202
1756 0202020202
1757 0202020202
1758 0202020202
1759 0202020202
1760 0000000000
1761 0000000000
1762 0000000000
1763 0000000000
1764 0000000000
1765 0000000000
1766 0000000000
1767 0000000000
1768 0000000000
1769 0000000000
1770 0000000000
1771 0000000000
1772 0000000000
1773 0000000000
1774 0000000000
1775 0000000000
1776 0202000002
1777 0002020200
1778 0202020000
1779 0202020000
1780 0202020202
1781 0202020202
1782 0202020202
1783 0202020202
1784 0202020202
1785 0202020202
1786 0202020202
1787 0202020202
1788 0202020202
1789 0202020202
1790 0202020202
1791 0202020202
1792 0000000000
1793 0000000000
1794 0000000000
1795 0000000000
1796 0000000000
1797 0000000000
1798 0000000000
1799 0000000000
1800 0000000000
1801 0000000000
1802 0000000000
1803 0000000000
1804 0000000000
1805 0000000000
1806 0000000000
1807 0000000000
1808 0202020202
1809 0202020200
1810 0202000200
1811 0202020202
1812 0202020202
1813 0202020202
1814 0202020202
1815 0202020202
1816 0202020202
1817 0202020202
1818 0202020202
1819 0202020202
1820 0202131302
1821 1302020202
1822 0213021313
1823 1313131313
1824 0000000000
1825 0000000000
1826 0000000000
1827 0000000000
1828 0000000000
1829 0000000000
1830 0000000000
1831 0000000000
1832 0000000000
1833 0000000000
1834 0000000000
1835 0000000000
1836 0000000000
1837 0000000000
1838 0000000000
1839 0000000000
1840 0202000200
1841 0202020200
1842 0202020202
1843 0002000200
1844 0202020202
1845 0202020202
1846 0202020202
1847 0202020202
1848 0202020202
1849 0202020202
1850 0202020202
1851 0202020202
1852 0202020202
1853 0213020202
1854 1313130202
1855 1313131313
1856 0000000000
1857 0000000000
1858 0000000000
1859 0000000000
1860 0000000000
1861 0000000000
1862 0000000000
1863 0000000000
1864 0000000000
1865 0000000000
1866 0000000000
1867 0000000000
1868 0000000000
1869 0002000000
1870 0202000000
1871 0202020202
1872 0202020200
1873 0200000202
1874 0202020202
1875 0202020202
1876 0202020213
1877 0202020202
1878 0213020202
1879 0202020202
1880 0202020213
1881 0202020202
1882 0202020202
1883 0202020202
1884 0202020202
1885 0213130202
1886 1313131313
1887 1313131313
1888 0000000000
1889 0000000000
1890 0000000000
1891 0000000000
1892 0000000000
1893 0000000000
1894 0000000000
1895 0000000000
1896 0000000000
1897 0000000000
1898 0202020202
1899 0202020202
1900 0202020202
1901 0002130202
1902 0202000202
1903 0202020202
1904 0202020200
1905 0202020002
1906 0202020202
1907 0202020202
1908 0202020202
1909 0202020202
1910 0202020202
1911 1313130202
1912 1313130202
1913 0202130202
1914 1302020202
1915 1313131302
1916 0202020202
1917 1313131313
1918 1313131313
1919 0202131313
1920 0000000000
1921 0000000000
1922 0000000200
1923 0000000000
1924 0000000000
1925 0000000000
1926 0000000000
1927 0000000000
1928 0000000000
1929 0202020000
1930 0000000000
1931 0000000000
1932 0000000000
1933 0000000000
1934 0200000000
1935 0200000002
1936 0000000002
1937 0202020200
1938 0200020202
1939 0202020200
1940 0202020213
1941 0202020202
1942 0202020202
1943 0202130202
1944 0202020213
1945 1313020213
1946 0202021302
1947 0202020213
1948 0202020202
1949 0202020213
1950 1313021313
1951 1302020202
1952 0000000000
1953 0000000000
1954 0000000000
1955 0000000000
1956 0000000000
1957 0000000000
1958 0000000000
1959 0000000000
1960 0000000000
1961 0000000000
1962 0000000000
1963 0000000000
1964 0000000000
1965 0000000202
1966 0000000000
1967 1302020000
1968 0213020202
1969 0202130202
1970 0202020202
1971 0202020202
1972 0202020202
1973 0202020202
1974 0202020202
1975 0202131302
1976 0202131302
1977 1313130202
1978 1302131302
1979 1302020213
1980 0202131313
1981 0202020213
1982 0202130202
1983 1313021302
1984 0000000000
1985 0000000000
1986 0000000000
1987 0000000000
1988 0000000000
1989 0000000000
1990 0000000000
1991 0000000000
1992 0000000000
1993 0000000000
1994 0202020000
1995 0000021302
1996 0000000000
1997 0000000000
1998 0000000000
1999 0200000002
2000 0202020202
2001 0202020202
2002 0202020202
2003 0202020202
2004 0213131302
2005 0202020202
2006 0202020202
2007 0202020202
2008 0213130213
2009 0202021313
2010 0213130202
2011 0213020200
2012 0202020202
2013 0213020202
2014 1313131313
2015 0202020202
2016 0000000000
2017 0000000000
2018 0000020000
2019 0000000000
2020 0000000000
2021 0000000000
2022 0000000000
2023 0000000000
2024 0000000000
2025 0000000000
2026 0200020000
2027 0000000002
2028 0002000000
2029 0000000002
2030 0000000200
2031 0200000200
2032 0202020202
2033 0202020202
2034 0202020202
2035 0202020202
2036 1302020202
2037 1313131313
2038 1313131313
2039 0202131313
2040 1313021302
2041 0213130213
2042 0202131313
2043 0202021302
2044 1313131313
2045 1302131302
2046 0213131302
2047 1302021302
2048 0000000000
2049 0000000000
2050 0000000000
2051 0000000000
2052 0000000000
2053 0000000000
2054 0000000000
2055 0000000000
2056 0000000000
2057 0000000000
2058 0000000000
2059 0000000000
2060 0000000000
2061 0000000000
2062 0000000000
2063 0000000000
2064 0202020002
2065 0202020202
2066 0202020202
2067 0202020202
2068 0202020202
2069 0202020202
2070 1313131302
2071 1313131313
2072 1313131323
2073 1313131313
2074 0213131313
2075 1313021302
2076 1313020213
2077 1313130213
2078 0213021313
2079 0213021302
2080 0000000000
2081 0000000000
2082 0000000000
2083 0000000000
2084 0000000000
2085 0000000000
2086 0000000000
2087 0000000000
2088 0000000000
2089 0000000000
2090 0000000000
2091 0000000000
2092 0000000000
2093 0000000000
2094 0202000000
2095 0200000000
2096 0202000200
2097 0202020202
2098 0202020202
2099 0202020202
2100 0202020202
2101 0202020202
2102 0202020202
2103 0202020202
2104 1302020213
2105 1313131313
2106 1313131313
2107 1323230202
2108 1313231313
2109 1313021313
2110 0213130213
2111 1313131313
2112 0000000000
2113 0000000000
2114 0000000000
2115 0000000000
2116 0000000000
2117 0000000000
2118 0000000000
2119 0000000000
2120 0000000000
2121 0000000000
2122 0000000000
2123 0000000000
2124 0002000000
2125 0000020200
2126 0202000000
2127 0202020200
2128 0202000202
2129 0202020202
2130 0202020202
2131 0202020202
2132 0202020202
2133 0202020202
2134 0202020202
2135 0202020202
2136 0202020202
2137 0202020202
2138 1302020202
2139 0223233413
2140 1313131313
2141 1313231313
2142 1313131313
2143 1313131313
2144 0000000000
2145 0000000000
2146 0000000000
2147 0000000000
2148 0000000000
2149 0000000000
2150 0000000000
2151 0000000000
2152 0000000000
2153 0000000000
2154 0000000000
2155 0000000000
2156 0200020000
2157 0202020200
2158 0002000002
2159 0202020200
2160 0200000202
2161 0202000000
2162 0202020202
2163 0202020202
2164 0202020202
2165 0202020202
2166 0202020202
2167 0202020202
2168 0202020202
2169 0202020202
2170 0213130202
2171 0223131313
2172 1302020213
2173 1313130202
2174 1313130202
2175 1313131313
2176 0000000000
2177 0000000000
2178 0000000200
2179 0000000000
2180 0000000000
2181 0000000000
2182 0000000000
2183 0000000000
2184 0000000000
2185 0000000000
2186 0000000000
2187 0000000000
2188 0000000000
2189 0002000200
2190 0202020202
2191 0202000202
2192 0202020202
2193 0002020202
2194 0202020000
2195 0202020202
2196 0202020202
2197 0202020202
2198 0202020202
2199 0202020202
2200 0202020202
2201 0202020213
2202 0202131302
2203 0223130200
2204 0202020202
2205 0202020213
2206 0202020202
2207 1313131313
2208 0000000000
2209 0000000000
2210 0000000000
2211 0000000000
2212 0000000000
2213 0000000000
2214 0000000000
2215 0000000000
2216 0000000000
2217 0000000000
2218 0000000000
2219 0000000000
2220 0000000000
2221 0000000000
2222 0202020200
2223 0202020202
2224 0202020202
2225 0202020202
2226 0202020202
2227 0202020202
2228 0202020202
2229 0202020202
2230 0202020202
2231 0202020202
2232 0202020202
2233 0213020202
2234 0202020213
2235 0223232313
2236 0202020202
2237 0202130213
2238 0202020202
2239 1302020202
2240 0000000000
2241 0000000000
2242 0000000000
2243 0000000000
2244 0000000000
2245 0000000000
2246 0000000000
2247 0000000000
2248 0000000000
2249 0000000000
2250 0200000000
2251 0000000000
2252 0000000000
2253 0200000002
2254 0202000202
2255 0202020202
2256 0202020202
2257 0202020202
2258 0202020202
2259 0202020202
2260 0202020202
2261 0202020202
2262 0202020202
2263 0202020202
2264 0202020202
2265 1302130202
2266 0202020202
2267 1323132323
2268 0202020202
2269 1313021302
2270 1302020213
2271 1313131313
2272 0000000000
2273 0000000000
2274 0000000200
2275 0000000000
2276 0000000000
2277 0000000000
2278 0000000000
2279 0000000000
2280 0000000000
2281 0000000000
2282 0200000000
2283 0000000000
2284 0000000000
2285 0000000000
2286 0202000000
2287 0202020200
2288 0202020202
2289 0202020202
2290 0202020202
2291 0202020202
2292 0202020202
2293 0213020202
2294 0202131313
2295 1313131313
2296 0202020202
2297 0213020202
2298 0202020202
2299 0223131313
2300 0202020202
2301 0202020202
2302 1313130213
2303 1313131313
2304 0000000000
2305 0000000000
2306 0000000200
2307 0000000000
2308 0000000000
2309 0000000000
2310 0000000000
2311 0000000000
2312 0000000000
2313 0002000000
2314 0000000200
2315 0000000000
2316 0000000000
2317 0000020200
2318 0202020002
2319 0202020202
2320 0202020002
2321 0202000202
2322 0202020202
2323 0202020202
2324 0202020202
2325 0202020202
2326 0202130202
2327 0202021302
2328 1302020213
2329 0202130213
2330 0202020213
2331 0213130200
2332 0202020202
2333 0202020202
2334 1313020202
2335 0202021313
2336 0000000000
2337 0000000000
2338 0000000000
2339 0000000000
2340 0000000000
2341 0000000000
2342 0000000000
2343 0000000000
2344 0000000000
2345 0000000000
2346 0002020000
2347 0002000002
2348 0200000202
2349 0200000202
2350 0000020200
2351 0000020002
2352 0202020202
2353 0202020202
2354 0202020202
2355 0202020202
2356 0202020202
2357 0202020202
2358 0202020202
2359 0202020202
2360 0202020202
2361 1302021302
2362 0202020202
2363 0223231313
2364 0202020213
2365 0202020202
2366 0000020202
2367 1313020200
2368 0000000000
2369 0000000000
2370 0000000000
2371 0000000000
2372 0000000000
2373 0000000000
2374 0000000000
2375 0000000000
2376 0000000200
2377 0000000000
2378 0200020200
2379 0200020202
2380 0202020202
2381 0202020202
2382 0202020202
2383 0202020202
2384 0202020202
2385 0200000000
2386 0202020202
2387 1302020202
2388 1302020202
2389 0202020202
2390 0202020202
2391 1302020202
2392 1313131313
2393 0202020213
2394 0002000202
2395 0202130202
2396 0202020202
2397 0000000202
2398 2313130202
2399 3434343434
2400 0000000000
2401 0000000000
2402 0000000000
2403 0000000000
2404 0000000000
2405 0000000000
2406 0000000000
2407 0000000000
2408 0200000000
2409 0000000000
2410 0000000000
2411 0200000000
2412 0202020002
2413 0202020202
2414 0202020202
2415 0202020202
2416 0202020202
2417 0002020202
2418 0202020200
2419 0202020202
2420 1302020202
2421 0202020202
2422 0202130202
2423 0202021302
2424 0202131313
2425 0202020202
2426 0202130200
2427 0202131302
2428 0200000002
2429 1302020202
2430 2323232323
2431 1302020213
2432 0000000000
2433 0000000000
2434 0000000000
2435 0000000000
2436 0000000000
2437 0000000000
2438 0000000000
2439 0000000000
2440 0000020202
2441 0000020000
2442 0000000200
2443 0202000000
2444 0202020202
2445 0202020202
2446 0000000002
2447 0202000202
2448 0202020202
2449 0202020202
2450 0202131302
2451 1302020202
2452 0213020202
2453 0202020213
2454 0202021302
2455 1302021302
2456 0213130213
2457 0200020202
2458 1302021302
2459 1302020213
2460 0202131313
2461 0202020202
2462 0000000013
2463 1302020200
2464 0000000000
2465 0000000000
2466 0000000000
2467 0000000000
2468 0200000000
2469 0000000000
2470 0000000000
2471 0000000000
2472 0002000000
2473 0202000202
2474 0202020000
2475 0002020202
2476 0202020202
2477 0202020202
2478 0202020202
2479 0202020202
2480 0202020202
2481 0202020202
2482 0202020202
2483 0202020202
2484 0202020202
2485 0213020202
2486 0202020202
2487 0202020202
2488 0000020202
2489 0202020202
2490 0202020202
2491 0202020202
2492 0202020202
2493 0213020202
2494 0202020202
2495 0202020202
2496 0000000000
2497 0000000000
2498 0000000000
2499 0000000000
2500 0000000000
2501 0000000000
2502 0000000000
2503 0000000000
2504 0200000000
2505 0000000002
2506 0000020000
2507 0202020202
2508 0002000202
2509 0002020202
2510 0002020202
2511 0202020202
2512 0202020202
2513 0202020202
2514 0202020202
2515 0202020202
2516 0202020202
2517 0202020202
2518 1302131313
2519 0202131313
2520 0202020002
2521 0202020213
2522 0202020202
2523 0202020202
2524 0213020202
2525 0213020202
2526 0202130202
2527 0202020202
2528 0000000000
2529 0000000000
2530 0000000000
2531 0000000000
2532 0000000000
2533 0000000000
2534 0000000000
2535 0000000000
2536 0000000000
2537 0000000000
2538 0000000000
2539 0000000000
2540 0202020200
2541 0202020202
2542 0202020202
2543 0202020202
2544 0202020202
2545 1302020202
2546 1313020213
2547 1302131313
2548 0202020202
2549 1302020202
2550 0202131313
2551 0000020213
2552 0200020202
2553 0202020202
2554 1302020202
2555 0202020213
2556 0213130202
2557 0202131302
2558 1302020202
2559 0202020213
2560 0000000000
2561 0000000000
2562 0000000000
2563 0000000000
2564 0000000000
2565 0000000000
2566 0000000000
2567 0000000000
2568 0002000000
2569 0000000000
2570 0000000000
2571 0202020202
2572 0200021302
2573 0202020202
2574 0202020202
2575 0202020202
2576 0202131313
2577 0213020202
2578 0202020202
2579 0202020202
2580 0202020202
2581 0213131302
2582 0202000213
2583 0202020000
2584 1302020202
2585 0202020213
2586 0202020202
2587 0202020202
2588 1302020202
2589 1313020202
2590 0202020202
2591 1302021302
2592 0000000000
2593 0000000000
2594 0000000000
2595 0000000000
2596 0000000000
2597 0000000000
2598 0000000000
2599 0000000000
2600 0002020000
2601 0202000000
2602 0202020202
2603 1302020202
2604 0002231313
2605 0202020202
2606 0202020202
2607 0202020202
2608 0202130213
2609 0202130202
2610 1313131302
2611 1302131313
2612 1300020202
2613 0202020013
2614 0202130213
2615 0202021302
2616 0213131302
2617 0202020202
2618 0202020202
2619 0202020202
2620 0202020202
2621 0202020202
2622 0202020202
2623 1302021302
2624 0000000000
2625 0000000000
2626 0000000000
2627 0000000000
2628 0000000000
2629 0000000000
2630 0000000000
2631 0000000000
2632 0200020000
2633 0002020202
2634 1313020202
2635 1313232313
2636 0202131313
2637 0202130013
2638 0202020202
2639 0202020202
2640 0202130202
2641 0213020202
2642 0202021302
2643 0000000202
2644 1302000000
2645 0213020200
2646 0200020202
2647 1302020202
2648 0202020213
2649 1313131302
2650 0202020202
2651 0202020202
2652 1302020202
2653 0202020202
2654 0202021302
2655 0202020202
2656 0000000000
2657 0000000000
2658 0000000000
2659 0000000000
2660 0000000000
2661 0000000000
2662 0000000000
2663 0002000000
2664 0202000200
2665 1302000202
2666 1313342313
2667 0000132323
2668 0002020002
2669 0202021302
2670 0002020200
2671 0202000202
2672 0202020202
2673 0002020202
2674 0000000000
2675 0202020202
2676 0202131302
2677 0202131302
2678 0202020202
2679 0202020202
2680 1302131302
2681 0202020213
2682 1313131302
2683 0202020213
2684 0202020202
2685 0202020202
2686 0213130213
2687 0202020202
2688 0000000000
2689 0000000000
2690 0000000000
2691 0000000000
2692 0000000000
2693 0000000000
2694 0202000000
2695 0200020000
2696 0202020200
2697 3423130000
2698 0202021302
2699 0202020202
2700 0000020202
2701 0213131302
2702 0000020202
2703 0202020202
2704 0000020202
2705 0213020000
2706 0202020202
2707 0213131313
2708 0213232302
2709 0202020213
2710 0202020202
2711 1313130202
2712 0002020002
2713 0202020202
2714 0202021302
2715 0202020202
2716 0202020202
2717 0213020202
2718 0213020202
2719 0202020202
2720 0000000000
2721 0000000000
2722 0000000000
2723 0000000000
2724 0000000000
2725 0202020000
2726 0202020002
2727 0202020202
2728 0000020202
2729 0213020202
2730 0202020202
2731 0202020202
2732 1300020202
2733 1302020213
2734 0202021302
2735 0200000000
2736 1302000000
2737 0202131313
2738 1313131313
2739 0013232323
2740 0200131302
2741 0202020213
2742 0202020202
2743 0000131302
2744 0202020200
2745 0202020202
2746 0202130213
2747 0202020202
2748 0202020202
2749 0202020202
2750 0213130202
2751 0202020202
2752 0000000000
2753 0000000000
2754 0000000000
2755 0000000000
2756 0000000200
2757 0002020000
2758 0200020000
2759 0002020202
2760 0202020200
2761 1302000202
2762 0202020202
2763 0200020202
2764 1313000002
2765 0202020202
2766 0202021313
2767 0202020202
2768 1302020202
2769 2313130213
2770 0202132323
2771 0000020213
2772 0000020202
2773 0202020200
2774 0202020202
2775 0202020202
2776 0202020202
2777 1313130202
2778 1313020202
2779 0202130202
2780 0202130202
2781 0202020202
2782 0213020202
2783 0202020202
2784 0000000000
2785 0000000000
2786 0000000000
2787 0000000000
2788 0000000002
2789 0202000000
2790 0002020202
2791 0000020202
2792 0000020002
2793 1300020200
2794 0002020213
2795 0000000002
2796 0202020200
2797 1302000202
2798 0202020213
2799 0202130213
2800 2313020002
2801 1302132334
2802 0202000202
2803 0202021313
2804 0200000200
2805 0202020202
2806 0202020202
2807 0202131302
2808 1302020202
2809 0213020202
2810 1302020213
2811 0202020202
2812 1313020202
2813 0202020202
2814 0202020202
2815 0213020202
2816 0000000000
2817 0000000000
2818 0000000000
2819 0000000000
2820 0000000000
2821 0002020200
2822 0200020202
2823 0000000202
2824 0000000000
2825 0202020000
2826 0000000200
2827 0000020002
2828 0213130000
2829 1313130200
2830 0213020202
2831 0002020202
2832 2302020202
2833 1302000013
2834 0200000202
2835 0002020213
2836 0202020200
2837 1313020202
2838 0202020013
2839 0200020200
2840 0202020202
2841 0202020202
2842 0213020202
2843 0202021302
2844 0202021302
2845 0202020202
2846 0202020213
2847 1302020213
2848 0002000000
2849 0000000000
2850 0000000000
2851 0000000000
2852 0000000000
2853 0202020000
2854 0202020202
2855 0000000202
2856 0000000000
2857 0000000000
2858 0000000000
2859 0002000000
2860 0213130202
2861 0213021302
2862 0202131302
2863 0202130202
2864 0202020202
2865 0002020200
2866 0202020000
2867 0200020202
2868 0202000202
2869 0200020202
2870 0202000002
2871 0202000202
2872 0202020202
2873 0202020202
2874 1302130202
2875 1302020202
2876 0202020202
2877 0202021313
2878 0202020202
2879 0202020202
2880 0000020000
2881 0000000000
2882 0002020000
2883 0000020200
2884 0200000000
2885 0002020202
2886 0000020000
2887 0200000000
2888 0000020202
2889 0000000000
2890 0000000200
2891 0002020200
2892 0202020002
2893 1313020213
2894 0202020213
2895 2323130202
2896 0202021313
2897 0202020202
2898 0202020202
2899 0202020202
2900 0202020202
2901 0202020202
2902 0002000000
2903 0213020000
2904 0202020202
2905 0202020202
2906 0213130202
2907 1302020202
2908 0202130202
2909 0202020202
2910 0202020202
2911 0202020202
2912 0000000000
2913 0000000200
2914 0000000200
2915 0000000000
2916 0202000202
2917 0002020002
2918 0200020213
2919 0202000002
2920 0200000202
2921 0000020000
2922 0000000200
2923 0202020200
2924 0202000200
2925 0213020202
2926 0202020202
2927 0013230202
2928 0202130202
2929 0202020202
2930 0202020202
2931 0202021302
2932 0202020202
2933 0002000002
2934 0002020000
2935 1302020202
2936 0202020202
2937 0202020213
2938 0202020202
2939 0202020202
2940 0202020202
2941 0202020202
2942 0202020202
2943 0202020213
2944 0000000002
2945 0000020200
2946 0000000000
2947 0000000000
2948 0000000002
2949 0000000000
2950 0002000000
2951 0202000000
2952 0200000000
2953 0000020200
2954 0200000000
2955 0000020202
2956 0202020200
2957 0213020202
2958 0202020213
2959 0200131302
2960 0202020202
2961 0213020202
2962 1302130202
2963 0202020002
2964 0202020002
2965 0202000000
2966 0202020202
2967 1302130202
2968 0202020202
2969 0202020213
2970 0202020202
2971 0202020202
2972 1302020202
2973 0202020202
2974 0202021313
2975 0202020213
2976 0202020002
2977 0000020000
2978 0000000200
2979 0000000000
2980 0000000000
2981 0200000000
2982 0000000002
2983 0000000000
2984 0002000000
2985 0202020200
2986 0202020200
2987 0202020202
2988 0202020202
2989 0202020202
2990 0202020202
2991 0202000202
2992 1302020202
2993 0202020202
2994 0202021302
2995 0202020202
2996 0002020200
2997 0202020000
2998 0200020202
2999 0213020202
3000 0202020202
3001 0202020202
3002 0202020202
3003 0202020202
3004 0202020202
3005 0202020202
3006 0213021302
3007 0213021302
3008 0002020202
3009 0002020202
3010 0000000000
3011 0000000000
3012 0000000000
3013 0000000000
3014 0000000000
3015 0000020000
3016 0002000000
3017 0200020202
3018 0202020002
3019 0202020202
3020 0202020202
3021 0202130202
3022 0202020202
3023 0213000202
3024 0202020202
3025 0202020202
3026 0202020002
3027 0202000202
3028 0200020202
3029 0200000000
3030 1302020202
3031 0213020202
3032 1302020202
3033 0202020202
3034 0202130202
3035 0202020202
3036 1302020202
3037 0202020213
3038 0202021302
3039 0213131302
3040 0202020000
3041 0000020200
3042 0000000002
3043 0000000000
3044 0000000000
3045 0000000000
3046 0000000000
3047 0200000000
3048 0202021313
3049 0202020200
3050 0202020200
3051 0202020202
3052 0202020202
3053 0202020202
3054 0002020202
3055 0202020213
3056 1302020202
3057 0202020202
3058 0202020202
3059 0202020202
3060 0202020202
3061 0202020200
3062 0000000200
3063 0213130202
3064 0202021302
3065 0202020202
3066 0202020202
3067 0202020202
3068 0202020202
3069 0213020202
3070 1302130202
3071 1302020202
3072 0202000200
3073 0002020202
3074 0000000000
3075 0000000000
3076 0000020000
3077 0000000000
3078 0002020000
3079 0202020000
3080 0002020223
3081 0202020202
3082 0202020202
3083 1302020202
3084 0202020213
3085 0202020202
3086 1302020202
3087 0202000213
3088 0202020213
3089 0202020202
3090 0202020202
3091 0202020213
3092 0000020202
3093 0000000002
3094 1302130200
3095 0202020202
3096 0202020202
3097 1313021302
3098 0202130202
3099 0213020202
3100 0202020213
3101 0213131302
3102 0213130202
3103 1313130213
3104 0202000200
3105 0002020202
3106 0000000200
3107 0200000000
3108 0000000000
3109 0002000002
3110 0200000000
3111 0002020202
3112 0200020202
3113 0202020202
3114 0213130202
3115 0202020202
3116 0202020213
3117 0202020202
3118 0202020202
3119 0213021302
3120 0202020202
3121 0213020202
3122 1313130200
3123 0202020202
3124 0000000213
3125 0202020202
3126 0202021302
3127 0202021302
3128 0213020202
3129 0202020202
3130 0202021302
3131 1313131313
3132 0213021313
3133 1313020202
3134 0202020202
3135 1313130202
3136 0202000202
3137 0202020202
3138 0200020202
3139 0213020002
3140 0000020200
3141 0202020000
3142 0202020002
3143 0202020202
3144 0202020202
3145 0213020200
3146 0202020202
3147 0202020202
3148 0202020202
3149 0202020202
3150 0202020202
3151 0000020202
3152 0000020200
3153 0002020000
3154 0202130202
3155 0202130202
3156 0202020202
3157 1313021302
3158 0002020213
3159 0000000202
3160 0202020202
3161 0202020202
3162 0202020213
3163 0213020202
3164 0202131313
3165 0202020213
3166 0202020213
3167 0202131302
3168 0202020202
3169 0202020202
3170 0202020002
3171 0202020202
3172 0202020202
3173 0202020202
3174 0202020202
3175 0202020213
3176 0000020202
3177 0202020202
3178 0202131302
3179 0202020202
3180 0202020202
3181 0202020213
3182 0202020202
3183 0002021302
3184 0000000200
3185 0202020202
3186 0000021302
3187 0000000000
3188 0000000000
3189 1302020202
3190 0000000202
3191 0202021302
3192 1302131302
3193 0213130202
3194 1302131313
3195 0202130202
3196 0202020202
3197 0202020202
3198 0202131302
3199 0202021302
3200 0202020202
3201 0202020202
3202 0202130202
3203 0000020202
3204 0202020202
3205 0202000200
3206 0213020202
3207 0000000200
3208 0002000000
3209 0202020202
3210 1313020202
3211 1302020213
3212 0202020213
3213 1302130013
3214 1302021302
3215 0000021302
3216 0000000000
3217 0000000000
3218 0000000000
3219 0000000000
3220 0000000000
3221 0002000000
3222 0000000000
3223 0000000000
3224 0000000000
3225 0202000202
3226 0200000000
3227 0202131302
3228 1302020213
3229 0202020202
3230 0202130202
3231 1313131302
3232 0213020200
3233 0202020202
3234 0202020202
3235 0000000202
3236 0202020200
3237 0202020002
3238 0000020202
3239 0002000202
3240 0000000002
3241 0202020202
3242 0002020202
3243 0202020200
3244 0202020202
3245 0202020202
3246 0002020202
3247 0000000000
3248 0000000000
3249 0000000000
3250 0000000000
3251 0000000200
3252 0000000000
3253 0000000000
3254 0000000000
3255 0002000000
3256 0000000000
3257 0002020000
3258 0000020200
3259 0000000002
3260 0202020000
3261 0202020202
3262 0213020213
3263 1313130202
3264 0202020202
3265 0213020200
3266 0202020202
3267 0202020202
3268 0202000202
3269 0000000000
3270 0000020200
3271 0202020202
3272 0202020202
3273 0000020202
3274 0200020200
3275 0202000002
3276 0202020202
3277 0000020000
3278 0000000000
3279 0000000000
3280 0200000200
3281 0000020200
3282 0202000002
3283 0202020000
3284 0200020202
3285 0002000000
3286 0000000000
3287 0000000000
3288 0000000000
3289 0000000002
3290 0000000000
3291 0202020200
3292 0000000002
3293 0200000000
3294 0213020202
3295 0202021313
3296 0002000202
3297 0202020202
3298 0202020202
3299 0202020202
3300 0202020202
3301 0202020000
3302 0000020202
3303 1302020202
3304 0200020202
3305 0000000000
3306 0200000002
3307 0202020200
3308 0000000002
3309 0000000000
3310 0000000000
3311 0200000002
3312 0002000200
3313 0000020202
3314 0202020202
3315 0200021300
3316 0202020202
3317 0200000202
3318 0200000200
3319 0000020002
3320 0000000202
3321 0000000000
3322 0200000000
3323 0000020200
3324 0002020202
3325 0000000200
3326 0202000000
3327 0202020200
3328 0202000202
3329 0202020202
3330 0202131302
3331 0202020202
3332 0202020202
3333 0202020202
3334 0200000002
3335 0202021302
3336 0202020202
3337 0000000002
3338 0000000000
3339 0000000002
3340 0000000002
3341 0202000000
3342 0202000000
3343 0202020202
3344 0202020202
3345 0202020202
3346 0202020202
3347 0202020202
3348 0202020202
3349 0000000002
3350 0200020000
3351 0200000002
3352 0000020202
3353 0202000000
3354 0000000202
3355 0002000002
3356 0000000002
3357 0002020200
3358 0202020213
3359 0202020202
3360 1313130202
3361 0202020202
3362 0202020202
3363 0202020202
3364 0202000002
3365 0002020202
3366 0202000200
3367 1302020202
3368 0202020202
3369 0000000002
3370 0000020000
3371 0202000000
3372 0202000002
3373 0000020002
3374 0202020200
3375 0202020202
3376 0202020202
3377 0213020202
3378 0202131302
3379 0202021313
3380 0202020202
3381 0202020202
3382 0202020202
3383 0202020202
3384 0202020000
3385 0000000000
3386 0202000000
3387 0200000202
3388 0000000202
3389 0200020200
3390 0202020202
3391 0202020202
3392 0002020213
3393 0202020202
3394 0202020202
3395 0200020002
3396 0202020202
3397 0002020202
3398 0200020202
3399 0002020202
3400 0002000202
3401 0000000200
3402 0002020200
3403 0200000002
3404 0200000002
3405 0202020202
3406 0202020202
3407 0202020202
3408 0202020202
3409 0202020202
3410 0202021302
3411 0202020202
3412 0202020202
3413 0000020200
3414 0202020202
3415 0202021300
3416 0002020202
3417 0000020000
3418 0000000002
3419 0202000200
3420 0002020000
3421 0200000000
3422 0002000200
3423 0202020202
3424 0202020202
3425 0200020202
3426 0202020202
3427 0202020202
3428 0202130202
3429 0202020202
3430 0000020202
3431 0202000002
3432 0002020202
3433 0200000202
3434 0202021313
3435 0202020002
3436 0202020202
3437 0202020202
3438 0202130202
3439 0202000200
3440 0202000202
3441 0202000202
3442 0202020202
3443 0202020202
3444 0202020213
3445 0202020202
3446 0202020002
3447 0202000202
3448 0202020202
3449 0202021300
3450 0002000000
3451 0200130200
3452 0000020202
3453 0202020202
3454 0000000202
3455 0202020202
3456 0202000002
3457 0202000202
3458 0202020202
3459 0202020202
3460 1313020202
3461 0002021302
3462 0202000202
3463 0002020202
3464 0202020000
3465 0002020200
3466 0202020202
3467 0202020202
3468 0002020202
3469 0002020202
3470 0000020000
3471 0202020202
3472 1302021313
3473 0202020202
3474 0202020002
3475 0202020202
3476 1302000202
3477 0202020202
3478 0202020200
3479 0202020202
3480 0202020202
3481 0002001302
3482 0000000000
3483 0000000000
3484 0200020202
3485 0002020202
3486 0200020002
3487 0202020202
3488 0202020202
3489 0202020200
3490 0202020202
3491 1302021313
3492 0213020213
3493 0202020202
3494 0202020202
3495 0200020202
3496 0200020002
3497 0202000202
3498 0002000202
3499 0002020202
3500 0202020000
3501 0202020002
3502 0200000202
3503 0200020202
3504 0202020202
3505 0202130202
3506 0202020202
3507 0202020202
3508 0202020202
3509 0202020202
3510 0202020202
3511 0202020202
3512 0202020202
3513 0000000002
3514 0000000000
3515 0000000000
3516 0202020202
3517 0200020202
3518 0000000000
3519 0202000202
3520 0202020202
3521 0202020202
3522 1313020213
3523 1313130213
3524 0202020202
3525 0202020202
3526 0202131302
3527 0202020202
3528 0200020202
3529 0000020000
3530 0202020000
3531 0202020202
3532 0202020202
3533 0202000202
3534 0202020202
3535 0202020202
3536 0202020202
3537 0202020202
3538 0202020202
3539 0202020202
3540 0202021302
3541 0000020202
3542 0202130202
3543 0202020202
3544 0002020002
3545 0002000200
3546 0202020000
3547 0002020202
3548 0002020202
3549 0002000000
3550 0000020200
3551 1302000000
3552 0202021313
3553 0202020202
3554 0202020213
3555 0202020202
3556 0202020202
3557 0202020202
3558 0202021302
3559 0202020202
3560 0200020002
3561 0000000202
3562 0202020202
3563 0202020202
3564 0202020200
3565 0213020202
3566 0213130202
3567 1302020202
3568 0202020202
3569 0202021302
3570 0202020202
3571 1313021302
3572 0202020202
3573 0202000202
3574 0202000202
3575 0202020202
3576 0002000200
3577 0202130202
3578 0202020202
3579 0202020202
3580 0202020213
3581 0002020002
3582 0002020202
3583 0202020202
3584 0202020202
3585 0202020202
3586 0202130213
3587 1302020202
3588 0213020213
3589 0202020213
3590 1302020202
3591 1313021302
3592 0202021302
3593 0202020002
3594 0002020002
3595 0002020200
3596 0202020202
3597 0202020202
3598 0202020202
3599 0202020000
3600 0202020202
3601 1302020202
3602 1302021313
3603 0202020213
3604 0213020202
3605 0002020202
3606 0202020202
3607 0202000202
3608 0200020202
3609 0200130202
3610 0202020202
3611 0202020202
3612 0202020202
3613 0013021302
3614 0200020202
3615 0202020200
3616 0202020202
3617 1313130202
3618 1302130202
3619 0213020202
3620 0213020202
3621 0202020202
3622 1313130202
3623 0213020202
3624 0213130202
3625 0202020200
3626 0002020202
3627 0202020202
3628 0202020202
3629 0202000002
3630 0002020202
3631 0202020002
3632 0002020202
3633 0202020202
3634 0200020200
3635 0002020200
3636 0202020202
3637 0202020202
3638 0202020202
3639 0202020202
3640 0000000002
3641 0202000202
3642 1302020202
3643 0202020213
3644 1302020202
3645 0202020202
3646 0202020202
3647 0200020202
3648 0202020202
3649 0202021313
3650 0202020202
3651 0202020202
3652 0213020202
3653 0202020202
3654 0202130213
3655 0202020202
3656 0202020013
3657 0202020200
3658 0202020202
3659 0002020202
3660 0202020002
3661 0202020202
3662 0202020202
3663 0002020202
3664 0202020202
3665 0202020202
3666 0202020202
3667 0202020202
3668 0213020202
3669 0202020202
3670 0202020202
3671 0202000200
3672 0013000202
3673 1302020202
3674 1302130202
3675 0213130202
3676 0202020202
3677 0202021302
3678 0213131313
3679 0202020202
3680 0202020213
3681 0202021313
3682 0202020202
3683 1313130202
3684 0202020213
3685 0202020202
3686 1302130202
3687 0202020202
3688 0202020213
3689 0202020202
3690 0202020202
3691 0202020202
3692 0202020202
3693 0202020202
3694 0202020202
3695 0202020202
3696 0202020202
3697 1302020213
3698 0202020202
3699 0202020202
3700 0202020213
3701 0202020202
3702 0202020202
3703 0202020202
3704 0202020202
3705 0202020202
3706 0202020202
3707 1302021313
3708 0202131302
3709 0202130202
3710 1302130202
3711 0213021302
3712 1313020202
3713 1302021313
3714 0202130202
3715 0202130202
3716 0202020202
3717 0202020202
3718 0202020202
3719 0202020202
3720 0202020202
3721 0213020213
3722 0202021313
3723 0202020213
3724 0202020202
3725 0002021302
3726 0202020202
3727 0213020202
3728 0202020202
3729 0202020202
3730 0202020202
3731 0202020202
3732 0202020202
3733 0202020202
3734 0202020202
3735 0202020202
3736 0202020213
3737 0202020202
3738 0202020202
3739 0202020202
3740 0202020202
3741 0202021302
3742 0202020202
3743 0202021302
3744 0202020202
3745 1313020213
3746 0202020202
3747 0202020202
3748 0202020202
3749 0202020202
3750 0213020202
3751 0202020202
3752 0202020202
3753 0213020213
3754 0202021313
3755 0213020202
3756 0202020202
3757 0202000202
3758 0200000202
3759 0202020202
3760 0202020213
3761 0202130202
3762 0202021302
3763 0202020202
3764 1313130202
3765 0202020202
3766 0202020202
3767 0202020202
3768 0202020202
3769 0202020202
3770 0202130202
3771 0213131302
3772 0202020202
3773 0202020213
3774 0202020202
3775 0202130202
3776 1302131302
3777 1313131302
3778 0202130213
3779 0202020202
3780 0202020202
3781 1302021302
3782 0013021302
3783 0202021302
3784 1302020202
3785 0202020202
3786 1302021302
3787 0202020202
3788 0202020202
3789 0002020202
3790 1313020202
3791 0202020200
3792 0202000202
3793 1302021313
3794 0202020202
3795 0202020213
3796 0002020213
3797 0202020202
3798 1302130202
3799 0202020202
3800 1302020202
3801 0202020202
3802 0202020202
3803 0202020202
3804 0202020202
3805 0202020202
3806 1302020202
3807 0202020202
3808 0213020202
3809 0202020202
3810 0202020202
3811 0202020202
3812 1302020202
3813 0202021302
3814 0200130202
3815 0202020202
3816 1313020202
3817 0202020202
3818 0202020202
3819 0213020202
3820 0213020202
3821 0202020202
3822 0202020200
3823 0200130202
3824 0202020202
3825 0202020202
3826 0202020202
3827 0202020002
3828 1302020202
3829 0202020213
3830 0202020202
3831 0213020002
3832 1302020202
3833 0202020202
3834 0202020202
3835 0202020202
3836 0202021313
3837 0202130202
3838 1302020202
3839 1313020213
3840 0000000000
3841 0000000000
3842 0000000000
3843 0000000000
3844 0000000000
3845 0000000000
3846 0000000000
3847 0000001200
3848 0000000000
3849 0000000000
3850 0000000000
3851 0000000000
3852 0000000000
3853 0000000000
3854 0000000000
3855 0000000000
3856 0000000000
3857 1200000000
3858 0000000012
3859 0000000000
3860 0000000000
3861 0000000000
3862 0000000000
3863 0000000000
3864 0000000000
3865 0000000000
3866 0000000000
3867 0000000000
3868 0000000000
3869 0000000000
3870 0000000000
3871 0000000000
3872 0000000000
3873 0000000000
3874 0000000000
3875 0000000000
3876 0000000000
3877 0000000000
3878 0000000000
3879 0000000000
3880 0000000000
3881 0000000000
3882 0000000000
3883 0000000000
3884 0000000000
3885 0000000000
3886 0000000000
3887 0000000000
3888 0000000000
3889 0000000000
3890 0000000000
3891 0000000000
3892 0000000000
3893 0000000000
3894 0000000000
3895 0000000000
3896 0000000000
3897 0000000000
3898 0000000000
3899 0000000000
3900 0000000000
3901 0000000000
3902 0000000000
3903 0000000000
3904 0000000000
3905 0000000000
3906 0000000000
3907 0000000000
3908 0000000000
3909 0000000000
3910 0000000000
3911 0000000000
3912 0000000000
3913 0000000000
3914 0000000000
3915 0000000000
3916 0000000000
3917 0000000000
3918 0000000000
3919 0000000000
3920 0000000000
3921 0000000000
3922 0000000000
3923 0000000000
3924 0000000000
3925 0000000000
3926 0000000000
3927 0000000000
3928 0000000000
3929 0000000000
3930 0000000000
3931 0000000000
3932 0000000000
3933 0000000000
3934 0000000000
3935 0000000000
3936 0000000000
3937 0000000000
3938 0000000000
3939 0000000000
3940 0000000000
3941 0000000000
3942 0000000000
3943 0000000000
3944 0000000000
3945 0000000000
3946 0000000000
3947 0000000000
3948 0000000000
3949 0000000000
3950 0000120000
3951 0000000000
3952 0000000000
3953 0000000000
3954 0000000000
3955 0000000000
3956 0000000000
3957 0000000000
3958 0000000000
3959 0000000000
3960 0000000000
3961 0000000000
3962 0000000000
3963 0000000000
3964 0000000000
3965 0000000000
3966 0000000000
3967 0000000000
3968 0000000000
3969 0000000000
3970 0000000000
3971 0000000000
3972 0000000000
3973 0000000000
3974 0000000000
3975 0000000000
3976 0000000000
3977 0000000000
3978 0000000000
3979 0000000000
3980 0000000000
3981 0000000000
3982 0000000000
3983 0000000000
3984 0000000000
3985 0000000000
3986 0000000000
3987 0000000000
3988 0000000000
3989 0000000000
3990 0000000000
3991 1200000000
3992 0000000000
3993 0000000000
3994 0000000000
3995 0000000000
3996 0000000000
3997 0000000000
3998 0000000000
3999 0000000000
4000 0000000000
4001 0000000000
4002 0000000000
4003 0000000000
4004 0000000000
4005 0000000000
4006 0000000000
4007 0000000000
4008 0000000000
4009 0000000000
4010 0000000000
4011 0000000000
4012 0000000000
4013 0000000000
4014 0000000000
4015 0000000000
4016 0000000000
4017 0000000000
4018 0000000000
4019 0000000000
4020 0000000000
4021 0000000000
4022 0000000000
4023 0000000000
4024 0000000000
4025 0000000000
4026 0000000000
4027 0000000000
4028 0000000000
4029 0000000000
4030 0000000000
4031 0000000000
4032 0000000000
4033 0000000000
4034 0000000000
4035 0000000000
4036 0000000000
4037 0000000000
4038 0000000000
4039 0000000000
4040 0000000000
4041 0000000000
4042 0000000000
4043 0000000000
4044 0000000000
4045 0000000000
4046 0000000000
4047 0000000000
4048 0000000000
4049 0000000000
4050 0000000000
4051 0000000000
4052 0000000000
4053 0000000000
4054 1212121200
4055 1212121200
4056 0000000012
4057 0000000000
4058 0000000000
4059 0000000000
4060 0000000000
4061 0000000000
4062 0000000000
4063 0000000000
4064 0000000000
4065 0000000000
4066 0000000000
4067 0000000000
4068 0000000000
4069 0000000000
4070 0000000000
4071 0000000000
4072 0000000000
4073 0000000000
4074 0000000000
4075 0000000000
4076 0000000000
4077 0000000000
4078 0000000000
4079 0000000000
4080 0000000012
4081 0000000000
4082 0000000000
4083 0000000000
4084 0000000000
4085 0000000000
4086 0000000000
4087 1212000000
4088 0000001212
4089 0000000000
4090 0000000000
4091 0000000000
4092 0000000000
4093 0000000000
4094 0000000000
4095 0000000000
4096 0000000000
4097 0000000000
4098 0000000000
4099 0000000000
4100 0000000000
4101 0000000000
4102 0000000000
4103 0000000000
4104 0000000000
4105 0000000000
4106 0000000000
4107 0000000000
4108 0000000000
4109 0000000000
4110 0000000000
4111 0000000000
4112 0000000000
4113 0000000000
4114 0000000000
4115 0000000000
4116 0000000000
4117 0012000000
4118 1212120000
4119 1200001212
4120 0000000012
4121 0000000000
4122 0000000000
4123 0000000000
4124 0000000000
4125 0000000000
4126 0000000000
4127 0000000000
4128 0000000000
4129 0000000000
4130 0000000000
4131 0000000000
4132 0000000000
4133 0000000000
4134 0000000000
4135 0000000000
4136 0000000000
4137 0000000000
4138 0000000000
4139 0000000000
4140 0000000000
4141 0000000000
4142 0000000000
4143 0000000000
4144 0012000000
4145 0000000012
4146 0000120000
4147 0000000000
4148 0000000000
4149 0000000000
4150 1212121212
4151 0000001212
4152 0000000000
4153 0000000000
4154 0000000000
4155 0000000000
4156 0000000000
4157 0000000000
4158 0000000000
4159 0000000000
4160 0000000000
4161 0000000000
4162 0000000000
4163 0000000000
4164 0000000000
4165 0000000000
4166 0000000000
4167 0000000000
4168 0012000000
4169 0000120000
4170 0000000000
4171 0000000000
4172 0000000000
4173 0000000000
4174 1212120000
4175 0000000012
4176 1200000000
4177 1212121212
4178 0000001212
4179 0000000000
4180 0000000000
4181 0000000000
4182 0000000000
4183 0000001212
4184 0000000000
4185 0000000000
4186 0000000000
4187 0000000000
4188 0000000000
4189 0000000000
4190 0000000000
4191 0000000000
4192 0000000000
4193 0000000000
4194 0000000000
4195 0000000000
4196 0000000000
4197 0000000000
4198 0000000000
4199 0000000000
4200 0000000000
4201 0000000000
4202 0000000000
4203 0000000000
4204 1212000000
4205 0000000000
4206 0012121200
4207 0000000000
4208 0000000000
4209 0000000000
4210 0012000012
4211 1200121212
4212 0012000000
4213 1212121200
4214 0000121212
4215 0000000000
4216 0000000000
4217 0000000000
4218 0000000000
4219 0000000000
4220 0000000000
4221 0000000000
4222 0000000000
4223 0000000000
4224 0000000000
4225 0000000000
4226 0000000000
4227 0000000000
4228 0000000000
4229 0000000000
4230 0000000000
4231 0000000000
4232 0000000000
4233 0000000000
4234 0000000000
4235 0000000000
4236 0000000000
4237 1212121200
4238 0000000000
4239 0000000000
4240 0000000000
4241 0000000000
4242 0000000000
4243 0000000000
4244 1212121200
4245 1200001212
4246 0000001212
4247 0000000000
4248 0000000000
4249 0000000000
4250 0000000000
4251 0000000000
4252 0000000000
4253 0000000000
4254 0000000000
4255 0000000000
4256 0000000000
4257 0000000000
4258 0000000000
4259 0000000000
4260 0000000000
4261 0000000000
4262 0000000000
4263 0000000000
4264 0000000000
4265 0000000000
4266 0000000000
4267 0000000000
4268 0000000000
4269 0000000000
4270 0012000000
4271 0000000000
4272 0000000000
4273 0000000000
4274 0000000000
4275 0000000000
4276 0000000000
4277 0000000000
4278 0000000000
4279 0000000000
4280 0000000000
4281 0000000000
4282 0000000000
4283 0000000000
4284 0000000000
4285 0000000000
4286 0000000000
4287 0000000000
4288 0000000000
4289 0000000000
4290 0000000000
4291 0000000000
4292 0000000000
4293 0000000000
4294 0000000000
4295 0000120000
4296 0000000000
4297 0000000000
4298 0000000000
4299 0000000000
4300 0000000000
4301 0000000000
4302 0000000000
4303 0000000000
4304 0000000000
4305 0000000000
4306 1212000000
4307 0000001212
4308 0000000000
4309 0000120000
4310 0000000000
4311 0000000000
4312 0000000000
4313 0000000000
4314 0000000000
4315 0000000000
4316 0000000000
4317 0000000000
4318 0000000000
4319 0000000000
4320 0000000000
4321 0000000000
4322 0000000000
4323 0000000000
4324 0000000000
4325 0000000000
4326 0000000000
4327 0000121212
4328 0000000000
4329 0000000000
4330 0000000000
4331 0000000000
4332 0000000000
4333 0000000000
4334 0000000000
4335 0000000000
4336 0000000000
4337 0000000000
4338 1200000000
4339 0000000000
4340 0000000000
4341 0000000000
4342 0000000000
4343 0000000000
4344 0000000000
4345 0000000000
4346 0000000000
4347 0000000000
4348 0000000000
4349 0000000000
4350 0000000000
4351 0000000000
4352 0000000000
4353 0000000000
4354 0000001200
4355 0000000000
4356 0000000000
4357 0000000000
4358 1200000000
4359 0000000000
4360 0000000000
4361 0000000000
4362 0000000000
4363 0000000000
4364 0000000000
4365 0000000000
4366 0000000000
4367 0000000000
4368 0000000000
4369 0000000000
4370 0000000000
4371 0000000000
4372 0000000000
4373 0000000012
4374 0000000000
4375 0000000000
4376 0000000000
4377 0000000000
4378 0000000000
4379 0000000000
4380 0000000000
4381 0000000000
4382 0000000000
4383 0000000000
4384 0000000000
4385 0012000000
4386 0000000000
4387 1212001212
4388 0000000012
4389 0000000000
4390 0000000000
4391 0000000000
4392 0000000000
4393 0000000000
4394 0000000000
4395 0000000000
4396 0000000000
4397 0000000000
4398 0000000000
4399 0000000000
4400 0000000000
4401 0000000000
4402 0000000000
4403 0000000000
4404 0000000012
4405 0000000000
4406 0000000000
4407 0000000000
4408 0000000000
4409 0000000000
4410 0000000000
4411 0000000000
4412 0000000000
4413 0000000000
4414 0000000000
4415 0000000000
4416 0000000000
4417 0000000000
4418 0000000000
4419 1212120000
4420 1200121212
4421 0000001212
4422 0000000000
4423 0000000000
4424 0000000000
4425 0000000000
4426 0000000000
4427 0000000000
4428 0000000000
4429 0000000000
4430 0000000000
4431 0000000000
4432 0000000000
4433 0000000000
4434 0000000000
4435 0000000000
4436 0000000000
4437 0000000000
4438 0000000000
4439 0000000000
4440 0000000000
4441 0000000000
4442 0000000000
4443 0000000000
4444 0000000000
4445 0000000000
4446 0000000000
4447 0000000000
4448 0000000000
4449 0000000000
4450 0000000000
4451 0000121200
4452 1212000000
4453 0000001200
4454 0000000000
4455 0000000000
4456 0000000000
4457 0000001212
4458 0000000000
4459 0000000000
4460 0000120000
4461 1200120000
4462 0012121212
4463 1212121212
4464 0000000012
4465 0000000000
4466 0000000000
4467 0000000000
4468 0000000000
4469 0000000000
4470 0000000000
4471 0000000000
4472 0000000000
4473 0000000000
4474 0000000000
4475 0000000000
4476 0000000000
4477 0000000000
4478 0000000000
4479 0000000000
4480 0000000000
4481 0000000000
4482 0000000000
4483 1212000000
4484 1200000012
4485 0000000000
4486 0000000000
4487 0000000000
4488 0000000000
4489 0000000000
4490 0000000000
4491 1212000000
4492 1212121212
4493 1212121212
4494 1200121212
4495 0012001200
4496 1212120000
4497 1212121212
4498 0000000000
4499 0000000000
4500 0000000000
4501 0000000000
4502 0000000000
4503 0000000000
4504 0000000000
4505 0000000000
4506 0000000000
4507 0000000000
4508 0000000000
4509 0000000000
4510 0000000000
4511 0000000000
4512 0000000000
4513 0000000000
4514 0000120000
4515 0000000000
4516 0000000000
4517 0012000000
4518 0000000000
4519 0000000000
4520 0000000000
4521 0000000000
4522 0000000000
4523 1212000000
4524 1212120012
4525 1212120012
4526 1200000012
4527 0000001200
4528 0012000000
4529 0000001212
4530 1212121212
4531 1212121212
4532 0000000000
4533 0000000000
4534 0000000000
4535 0000000000
4536 0000000000
4537 0000000000
4538 0000000000
4539 0000000000
4540 0000000000
4541 0000000000
4542 0000000000
4543 0000000000
4544 0000000000
4545 0000000000
4546 0000000000
4547 0000000000
4548 1212120000
4549 0012000000
4550 0000000012
4551 1200120000
4552 0000000012
4553 0000000000
4554 0000000000
4555 0000000000
4556 0000000000
4557 0000000000
4558 1200120000
4559 1200120012
4560 1200001212
4561 1212121212
4562 1212121212
4563 1212121212
4564 0000000000
4565 0000000000
4566 0000000000
4567 0000000000
4568 0000000000
4569 0000000000
4570 0000000000
4571 0000000000
4572 0000000000
4573 0000000000
4574 0000000000
4575 0000000000
4576 0000000000
4577 0000000000
4578 1212120000
4579 0000000000
4580 0012120000
4581 0012120000
4582 0000000000
4583 0000000000
4584 0000000000
4585 0000000012
4586 0000000000
4587 0000000000
4588 0000000000
4589 0000000000
4590 1212120000
4591 1212121212
4592 1212121212
4593 0000000012
4594 1212000000
4595 0000000012
4596 0000000000
4597 0000000000
4598 0000000000
4599 0000000000
4600 0000000000
4601 0000000000
4602 0000000000
4603 0000000000
4604 0000000000
4605 0000000000
4606 0000000000
4607 0000000000
4608 0000000000
4609 1200000000
4610 0000001200
4611 0000000000
4612 1212121200
4613 0012121212
4614 1212120000
4615 1212120012
4616 1212121212
4617 1212121212
4618 1212121212
4619 0000001200
4620 0000000000
4621 1212121212
4622 0000121200
4623 0000000000
4624 0012120000
4625 1212120012
4626 1212121212
4627 0000121212
4628 0000000000
4629 0000000000
4630 0000000000
4631 0000000000
4632 0000000000
4633 0000000000
4634 0000000000
4635 0000000000
4636 0000000000
4637 0000000000
4638 0000000000
4639 0000000000
4640 0000000000
4641 1200000000
4642 1212120000
4643 1200001200
4644 1212121212
4645 1212000012
4646 1212121212
4647 1212121200
4648 1200001212
4649 1212121200
4650 1212121212
4651 1212121212
4652 1212000012
4653 1212121212
4654 1212001200
4655 1212121200
4656 1212001212
4657 1212121200
4658 1212121212
4659 0000121212
4660 0012000000
4661 0000000000
4662 0000000000
4663 0000001200
4664 0000000000
4665 0000000000
4666 0000000000
4667 0000000000
4668 0000000000
4669 0000000000
4670 0000000000
4671 0000000000
4672 0000000000
4673 0000000000
4674 1212120000
4675 0000000000
4676 0000000012
4677 0000000000
4678 1212000000
4679 1212121212
4680 1212121212
4681 0012121212
4682 0000000000
4683 0000000000
4684 0000121200
4685 0000000000
4686 0012121212
4687 1212121200
4688 1200121212
4689 1212121212
4690 0012121212
4691 0000000000
4692 1212120000
4693 0000000000
4694 0000000000
4695 0000000000
4696 0000000000
4697 0000000000
4698 0000000000
4699 0000000000
4700 0000000000
4701 0000000000
4702 0000000000
4703 0000000000
4704 0000001200
4705 0012000000
4706 1212120012
4707 1212121212
4708 1212121212
4709 1212120000
4710 1212121212
4711 1212121212
4712 0012121212
4713 0000000000
4714 1200000000
4715 0000001200
4716 0012121212
4717 0012000000
4718 1212120000
4719 1212121212
4720 1212001212
4721 0000001200
4722 0000000000
4723 0000000000
4724 0000121212
4725 0000000000
4726 0000000000
4727 0000000000
4728 0000000000
4729 0000000000
4730 0000000000
4731 0000000000
4732 0000000000
4733 0000000000
4734 0000000000
4735 0000000000
4736 1212120012
4737 1212001212
4738 1212121212
4739 1212121212
4740 1212121212
4741 1212121212
4742 1212121212
4743 0000121212
4744 0000000000
4745 0000000000
4746 0000000000
4747 0000000000
4748 0000000000
4749 0000000000
4750 0000120000
4751 0000000000
4752 1200001200
4753 0000000000
4754 0000000000
4755 0000000000
4756 0000000000
4757 0000000000
4758 0000000000
4759 0000000000
4760 0000000000
4761 0000000000
4762 0000000000
4763 0000000000
4764 0000000000
4765 0000000000
4766 0000000000
4767 0000000000
4768 1212121212
4769 0012001212
4770 1212121212
4771 1212121212
4772 1200121212
4773 1212121212
4774 1212121212
4775 0000121212
4776 0000000000
4777 0000000000
4778 1212120012
4779 1212121212
4780 1212121212
4781 0000120000
4782 1200000000
4783 1212120012
4784 1212001212
4785 0000000000
4786 0000001212
4787 0000000000
4788 0000000000
4789 0000000000
4790 0000000000
4791 0000000000
4792 0000000000
4793 0000000000
4794 0000000000
4795 0000000000
4796 0000000000
4797 0000000000
4798 0000000000
4799 0000000000
4800 1212121212
4801 1212121212
4802 1212121212
4803 1212121212
4804 1212121212
4805 1212121212
4806 0012121212
4807 0012121212
4808 0000000012
4809 1212000000
4810 1212000012
4811 1212121212
4812 1212121212
4813 1212121212
4814 1212121212
4815 1212121212
4816 1212121212
4817 1200121212
4818 0000000000
4819 0000000000
4820 0000000000
4821 0000000000
4822 0000000000
4823 0000000000
4824 0000000000
4825 0000000000
4826 0000000000
4827 0000000000
4828 0000000000
4829 0000000000
4830 0000000000
4831 1212120000
4832 1212121212
4833 1212121212
4834 1212121212
4835 1212121212
4836 1212121212
4837 1212121212
4838 1212001212
4839 0000121212
4840 1212001212
4841 1212001212
4842 1212121212
4843 1212121212
4844 0012121212
4845 1212121212
4846 1212121212
4847 0012121212
4848 1200000000
4849 1212121212
4850 0012121200
4851 0000001212
4852 0000000012
4853 0000000000
4854 0000000000
4855 0000000000
4856 0000000000
4857 0000000000
4858 0000000000
4859 0000000000
4860 0000000000
4861 0000000000
4862 0000120000
4863 0000000012
4864 1212121212
4865 1212121212
4866 1212121212
4867 1212121212
4868 1212121212
4869 1212121212
4870 1212121212
4871 1212121212
4872 1212121212
4873 1212121212
4874 0012121212
4875 1212121212
4876 1212121212
4877 1212121212
4878 1212001212
4879 1212121212
4880 1212121212
4881 1212121212
4882 0000001200
4883 0000000000
4884 1212000000
4885 0000000012
4886 0000000000
4887 0000000000
4888 0000000000
4889 0000000000
4890 0000000000
4891 0000000000
4892 0000000000
4893 1212000000
4894 1212121212
4895 0000120000
4896 1212121212
4897 1212121212
4898 1212121212
4899 1212121212
4900 1212121212
4901 1212121212
4902 1212121212
4903 1212121212
4904 1212121212
4905 1212121212
4906 1212121212
4907 1212121212
4908 1212121212
4909 1212121212
4910 1212121212
4911 1212121212
4912 1212121212
4913 1212121212
4914 1200000000
4915 1200000000
4916 0000000012
4917 0000000000
4918 0000000000
4919 0000000000
4920 0000000000
4921 0000000000
4922 0000000000
4923 0000000000
4924 0000000000
4925 1212121200
4926 0000121212
4927 0000000012
4928 1212121212
4929 1212121212
4930 1212121212
4931 1212121212
4932 1212121212
4933 1212121212
4934 1200121212
4935 1212121200
4936 1212121212
4937 1212121212
4938 0012121212
4939 1212121212
4940 1212121212
4941 1212121200
4942 1212121212
4943 0000121200
4944 1212121212
4945 0012121212
4946 1212121212
4947 0012121200
4948 0000000000
4949 0000000000
4950 0012001200
4951 0000000012
4952 0000000000
4953 0000000000
4954 0000000000
4955 0000000000
4956 1212121212
4957 1212121212
4958 0000120012
4959 0000000000
4960 1212121212
4961 1212121212
4962 1212121212
4963 1212121212
4964 1212121212
4965 1212121212
4966 1212121212
4967 0012121212
4968 0000001200
4969 1212121212
4970 1212121212
4971 1200121212
4972 0000000000
4973 1212121200
4974 1200001200
4975 1212121212
4976 1200121212
4977 1212121212
4978 0000000012
4979 0000000000
4980 0000000000
4981 0000000000
4982 0000000000
4983 0000000000
4984 0000000000
4985 0000000000
4986 0000000000
4987 1200120000
4988 0012121212
4989 1200000000
4990 0000000000
4991 0000000012
4992 1212121212
4993 1212121212
4994 1212121212
4995 1212121212
4996 1212121212
4997 1212121212
4998 1212121212
4999 1212121212
5000 1212121212
5001 1212121212
5002 0000000000
5003 1200000000
5004 0000001212
5005 0000000000
5006 0000000000
5007 0000000000
5008 1200120000
5009 0012001212
5010 0000000012
5011 0000000000
5012 0012000000
5013 0000120000
5014 0000000000
5015 0000000000
5016 1200000000
5017 1200000012
5018 1212121212
5019 0012121212
5020 1212121212
5021 1212121212
5022 1212121212
5023 0000000000
5024 1212121212
5025 1212121212
5026 1212121212
5027 1212121212
5028 1212121212
5029 1212121212
5030 1212121212
5031 0000121212
5032 1212000000
5033 1212121212
5034 1212121212
5035 1212121212
5036 0012121212
5037 0000000000
5038 0000000000
5039 1200001212
5040 1212121200
5041 0000121212
5042 0000000000
5043 0000000000
5044 0012120012
5045 0000000000
5046 0000000000
5047 0000000000
5048 0000000000
5049 1212120000
5050 1212121212
5051 1212121212
5052 1212121212
5053 1212001212
5054 1212121212
5055 0000000000
5056 1212121212
5057 1212121212
5058 1212121212
5059 1212121212
5060 1212121212
5061 1212121212
5062 1212121212
5063 1212121212
5064 1212121212
5065 1212121212
5066 1212241212
5067 1212121212
5068 1212121212
5069 1212121212
5070 0000121212
5071 1212121200
5072 0000121212
5073 0000000000
5074 0012120000
5075 1212001200
5076 1200120012
5077 0000000000
5078 0000120000
5079 0012000000
5080 0000000000
5081 0000121212
5082 1212120000
5083 1212121212
5084 0000001212
5085 1200000000
5086 0000000000
5087 0000000000
5088 1212121212
5089 1212121212
5090 1212121212
5091 1212241212
5092 1212122412
5093 1212121212
5094 1212121212
5095 1212121212
5096 1212121212
5097 0012121212
5098 0000001200
5099 1212121212
5100 1212121212
5101 0000001212
5102 1212121212
5103 0012121212
5104 0000000000
5105 1212000000
5106 1212121212
5107 1212121212
5108 0000000000
5109 0012000000
5110 0000121212
5111 0000000000
5112 0012000000
5113 1200121200
5114 1212121212
5115 1212121212
5116 0012121212
5117 0000000012
5118 0000000000
5119 0000000000
5120 2424242424
5121 1212121224
5122 1212121212
5123 1212122412
5124 1224242424
5125 1212121212
5126 1212121212
5127 1212121212
5128 1212121212
5129 1212121212
5130 1212121212
5131 1212121212
5132 0000000000
5133 1212120000
5134 1212121212
5135 1212121212
5136 0000000000
5137 1212120000
5138 0000121212
5139 0000000000
5140 0000000000
5141 1212000000
5142 1212001212
5143 0000121212
5144 1212000000
5145 1212121212
5146 1212121212
5147 0000001212
5148 0000000012
5149 0000000000
5150 0000000000
5151 0000000000
5152 2424242424
5153 2424242424
5154 1212121212
5155 1212121212
5156 1212121212
5157 1212121212
5158 1212121212
5159 1212121212
5160 1212121212
5161 1212121212
5162 1212121212
5163 0000000000
5164 1200121200
5165 1212121212
5166 0012121212
5167 0000000000
5168 1212121200
5169 1212120012
5170 1212120012
5171 0000001212
5172 1200000000
5173 1200000000
5174 0000121212
5175 1212121200
5176 1212121212
5177 1212121212
5178 0000000012
5179 0000000000
5180 0000000000
5181 0000000000
5182 0000000000
5183 0000000000
5184 1212121212
5185 1212121212
5186 1212121212
5187 1212121212
5188 1212121212
5189 1212121212
5190 1212121212
5191 1212121212
5192 1212121212
5193 1212121212
5194 1212121212
5195 1212121212
5196 1212121212
5197 1212121212
5198 1212121212
5199 1212121212
5200 1212121212
5201 1212121212
5202 0012121212
5203 0000000000
5204 0000000000
5205 1212120000
5206 1212121212
5207 1212121212
5208 0012121212
5209 0000000000
5210 0000000000
5211 0000000000
5212 0000000000
5213 1200000000
5214 0000120000
5215 0000000000
5216 1212121212
5217 1212121212
5218 1212121212
5219 1212121212
5220 1212000012
5221 1212121212
5222 1212121212
5223 2424121212
5224 1212121212
5225 1212121212
5226 1212121212
5227 1212121212
5228 1212121212
5229 1212121212
5230 1212121212
5231 1212121212
5232 1212000012
5233 1212121212
5234 0000000000
5235 0000000000
5236 1212121212
5237 1212121212
5238 1212121212
5239 0000001212
5240 0000000000
5241 0000000000
5242 0000000000
5243 0000000000
5244 1200000000
5245 0012121212
5246 0000121200
5247 0000000000
5248 1212121212
5249 1212121212
5250 1212121212
5251 2412121212
5252 2412241224
5253 1212121212
5254 1212121212
5255 1212000000
5256 1212121212
5257 1212121212
5258 1212121212
5259 1212121212
5260 1212121212
5261 1212121212
5262 1212121212
5263 1212000000
5264 1212121212
5265 0000001212
5266 0000000000
5267 1212121200
5268 1212121212
5269 1212121212
5270 0000000012
5271 0000000000
5272 0000000000
5273 0000000000
5274 1212000000
5275 1212121212
5276 0000000012
5277 0012000000
5278 0000121200
5279 0000000000
5280 1212121212
5281 1212121212
5282 1212121200
5283 2424242412
5284 2424242424
5285 1224121224
5286 1212121212
5287 1212121212
5288 2424242424
5289 0000000012
5290 1212121212
5291 1212121212
5292 1200000012
5293 0000000000
5294 0000000000
5295 1212120000
5296 1212000012
5297 0000000012
5298 1212121200
5299 1212121212
5300 1212121212
5301 0012121212
5302 0000000000
5303 0000000000
5304 0000000000
5305 0000000000
5306 0000001212
5307 1200000000
5308 0012121200
5309 0000120012
5310 0000000000
5311 0000000000
5312 1212121212
5313 1212121212
5314 1212121212
5315 2424121212
5316 2424242424
5317 2424242424
5318 2424242424
5319 1212242424
5320 1212121224
5321 1212120012
5322 1212121212
5323 1212121212
5324 1212121212
5325 1212121212
5326 1212121212
5327 1212121212
5328 0012121212
5329 1212000000
5330 1212121212
5331 1212121212
5332 1212121212
5333 0012121212
5334 0000000000
5335 0000000000
5336 1212121212
5337 1212121212
5338 1212121212
5339 1212121212
5340 0000121212
5341 0000000000
5342 0000000000
5343 0000000000
5344 1212122412
5345 1212121212
5346 1212121212
5347 1212121212
5348 2412121212
5349 2424242424
5350 2424242424
5351 2424242424
5352 2424242424
5353 1212121212
5354 1212121212
5355 1212121212
5356 1212121212
5357 1212121212
5358 1212121212
5359 0012121212
5360 1212121200
5361 1212121212
5362 1212121212
5363 0012001212
5364 0000000000
5365 0000000000
5366 1212120000
5367 1212121212
5368 1212121212
5369 1212121212
5370 0012121212
5371 1212121212
5372 0000000000
5373 1200120000
5374 0012001200
5375 0012000000
5376 1212121224
5377 1212121212
5378 1212121212
5379 2412121212
5380 2412122424
5381 2412121224
5382 2424242424
5383 2424242424
5384 2424242424
5385 1212242424
5386 1212122412
5387 1212121224
5388 1212121212
5389 1212121212
5390 1212121212
5391 1212121212
5392 1212121212
5393 1212121212
5394 0012120012
5395 0012001212
5396 1212120000
5397 1212121212
5398 1212121212
5399 1212121212
5400 1212121212
5401 1212121200
5402 1212121212
5403 0000001212
5404 0000000000
5405 1200121212
5406 1200001200
5407 0000000000
5408 1212242424
5409 1212121212
5410 1212121212
5411 2412121212
5412 1212122412
5413 1212121212
5414 1224122424
5415 1212121212
5416 1224242412
5417 1212121212
5418 1212122424
5419 1212121212
5420 1212121212
5421 2412121212
5422 1212121212
5423 1212121212
5424 1212121212
5425 1212121212
5426 1212121212
5427 1212121212
5428 1212001212
5429 0012121212
5430 1212121212
5431 1212121212
5432 1212121212
5433 0000121212
5434 0000000000
5435 1212121212
5436 1212121212
5437 0012121212
5438 0000000000
5439 0000000000
5440 1212242424
5441 1212121212
5442 1212121212
5443 2424121212
5444 2424242424
5445 2424242424
5446 2424242424
5447 1212121212
5448 1212121212
5449 2424242412
5450 1224122424
5451 1212242424
5452 1212242412
5453 1212242412
5454 1212121212
5455 1212121212
5456 1212121212
5457 1212120000
5458 1212121212
5459 1200000000
5460 1212121212
5461 1212121212
5462 1212121212
5463 1212121212
5464 1212121212
5465 1212121212
5466 1212121212
5467 0012121212
5468 0000000000
5469 0000000000
5470 0000000000
5471 0000000000
5472 2424242424
5473 1212121212
5474 1212121212
5475 2424241212
5476 2424242424
5477 2424242424
5478 2424242424
5479 2424242424
5480 2412242424
5481 2424241224
5482 2424242424
5483 2424242424
5484 2424242424
5485 1224242424
5486 2424242412
5487 1212121212
5488 1212121212
5489 1212121212
5490 1212121212
5491 1212121212
5492 1212121212
5493 1212121212
5494 1212121212
5495 1212121212
5496 1212121212
5497 1212121212
5498 1212121212
5499 1212001212
5500 0000120012
5501 0000000000
5502 0000000000
5503 0000000000
5504 2424242424
5505 1212121212
5506 1212121212
5507 1212121212
5508 2424122412
5509 1224242424
5510 2424242424
5511 2424242424
5512 2412242424
5513 2424242424
5514 2424242424
5515 2424242424
5516 2424242424
5517 1224121224
5518 1212121224
5519 1212121212
5520 1212121212
5521 1212121212
5522 1212121212
5523 1212121212
5524 1212121212
5525 1212121212
5526 1212121212
5527 1212121212
5528 0012121212
5529 0012121212
5530 0000001200
5531 0000000000
5532 0000000000
5533 0012120000
5534 0000120000
5535 0012000000
5536 2424242424
5537 1212121224
5538 1212121212
5539 1212121212
5540 1212121212
5541 2424121212
5542 2424242424
5543 2424242424
5544 2424242424
5545 1224242424
5546 1212121212
5547 2424121212
5548 1212122424
5549 1212121212
5550 1212121212
5551 1212121212
5552 1212121212
5553 1212121212
5554 1212001212
5555 1212121212
5556 1212121212
5557 1212121212
5558 1212121212
5559 1200000000
5560 1212121212
5561 1200121212
5562 0000000012
5563 0000000000
5564 1200000000
5565 1200000000
5566 0000121212
5567 0000000000
5568 2424242424
5569 2424242424
5570 1212121212
5571 1212121212
5572 1224242412
5573 2424242412
5574 1212241212
5575 2424242424
5576 2424242424
5577 2412242424
5578 2424242424
5579 2424242424
5580 1212121212
5581 1212121212
5582 1212121212
5583 1212121212
5584 0000121212
5585 1212000012
5586 1212121212
5587 1212121212
5588 1212121212
5589 1212121212
5590 1212121212
5591 1212121212
5592 1212121212
5593 0012121212
5594 0000000000
5595 0000000000
5596 0000000000
5597 0000000000
5598 0000000000
5599 0000000000
5600 2424242424
5601 1224242424
5602 1212121212
5603 2412121212
5604 2424241212
5605 2424242424
5606 2424242424
5607 2424242424
5608 2424242424
5609 2424242424
5610 2424242424
5611 1212122424
5612 1212121212
5613 1212121212
5614 1212121212
5615 1212121212
5616 1212121212
5617 1212121212
5618 1212121212
5619 1200121212
5620 1212001212
5621 0000000000
5622 1212121212
5623 1200121212
5624 1200121212
5625 0000000000
5626 0000000000
5627 0000001200
5628 0012121212
5629 0000000000
5630 0000000000
5631 0000000000
5632 2424242424
5633 1212242424
5634 1212121212
5635 2412122412
5636 2424242424
5637 2424242424
5638 2424242424
5639 2424242424
5640 1212242424
5641 2424241212
5642 1212242424
5643 1212121224
5644 1212121212
5645 1212121212
5646 1212121212
5647 1212121212
5648 1212121212
5649 1212121212
5650 1212121212
5651 1212001212
5652 1212120012
5653 0000000012
5654 0012000012
5655 0000000012
5656 0012000000
5657 1200000000
5658 0000001200
5659 0000000000
5660 0000000000
5661 0000000000
5662 0000000000
5663 0000000000
5664 2424242424
5665 2424242424
5666 2424242424
5667 2424242412
5668 2424242424
5669 2424242424
5670 2424242424
5671 2424242424
5672 2424242424
5673 2424242424
5674 1212121212
5675 1212242412
5676 1212121212
5677 1212121212
5678 1212121212
5679 1212121212
5680 1212121212
5681 1212121212
5682 1212121212
5683 1212121212
5684 1212121224
5685 1200120012
5686 1200120012
5687 1212000012
5688 0000120000
5689 1200000000
5690 0000000000
5691 0000000000
5692 0000000000
5693 0000000000
5694 0000000000
5695 0000000000
5696 2424242424
5697 2424242424
5698 2424242424
5699 2424242424
5700 2424242424
5701 2424242424
5702 2424242424
5703 2424242424
5704 2424242424
5705 1212121212
5706 1224122412
5707 1212122412
5708 1212121212
5709 1212121212
5710 1212121212
5711 1212121212
5712 1212121212
5713 0012120012
5714 1212121212
5715 1200001200
5716 1212001200
5717 0012121212
5718 0000121212
5719 1212121212
5720 1200121212
5721 0000001200
5722 0000000000
5723 0000000000
5724 0000000000
5725 0000000000
5726 0000000000
5727 0000000000
5728 2424242424
5729 2424242424
5730 2424242424
5731 2424242424
5732 2424242424
5733 2424242424
5734 1212242424
5735 2424241224
5736 2424242424
5737 2424242424
5738 1212121224
5739 0012121212
5740 0000120000
5741 1200000000
5742 1212121212
5743 1200120012
5744 1212121212
5745 0012121212
5746 1200001212
5747 0012001200
5748 0000120012
5749 0000000000
5750 1212000012
5751 0000121212
5752 0000000012
5753 0000000000
5754 0000000000
5755 0000000000
5756 0000000000
5757 0000000000
5758 0000000000
5759 0000000000
5760 2424242412
5761 1212122424
5762 1212121212
5763 2424122412
5764 2424121224
5765 1224242424
5766 1224121212
5767 1224242424
5768 1212121212
5769 2412121212
5770 2424242412
5771 1212121212
5772 1212121212
5773 1212121212
5774 1212121212
5775 1224241212
5776 1212121224
5777 1200001212
5778 1212001200
5779 0000001212
5780 0000001200
5781 0000000000
5782 0000000000
5783 0000000000
5784 0000000000
5785 0000000000
5786 1200000000
5787 0000000000
5788 0000000000
5789 0000000000
5790 0000000000
5791 0000000000
5792 2424242424
5793 2424242424
5794 1212121212
5795 2412242424
5796 1212242424
5797 2424121212
5798 2424242424
5799 2424242424
5800 2424242424
5801 1224242424
5802 2424362424
5803 1212121224
5804 1212121212
5805 1212121212
5806 1212121212
5807 1200001212
5808 0000120000
5809 0000000000
5810 0012000000
5811 0000000000
5812 0000000000
5813 0000000000
5814 0000000000
5815 0000000000
5816 0000000000
5817 0000000000
5818 0000000000
5819 0000000000
5820 0000000000
5821 0000000000
5822 0000000000
5823 0000000000
5824 2412121224
5825 2424121212
5826 2412121212
5827 2424242424
5828 1212242424
5829 1212121212
5830 1212121212
5831 2412121212
5832 1212122424
5833 1212121212
5834 1212122424
5835 1212121212
5836 1212121212
5837 1212121212
5838 1212121212
5839 1212121212
5840 1212121212
5841 0012000000
5842 0000000000
5843 0000000000
5844 0000000000
5845 0000000000
5846 0000000000
5847 0000000000
5848 0000000000
5849 0000000000
5850 0000000000
5851 0000120012
5852 0000000000
5853 0000000000
5854 0000000000
5855 0000000000
5856 2424242424
5857 1224242424
5858 1212121212
5859 2424121212
5860 2412242412
5861 2424121212
5862 2412122424
5863 2424121212
5864 1212242424
5865 1212121212
5866 1212121212
5867 1212121212
5868 1212121212
5869 1212121212
5870 1212121212
5871 1212121212
5872 1212121212
5873 1212000012
5874 1212121212
5875 0000000012
5876 0000000000
5877 0000000000
5878 0000000000
5879 0000000000
5880 0000000000
5881 0000000000
5882 0000000000
5883 0000000012
5884 0000000000
5885 0000000000
5886 0000000000
5887 0000000000
5888 1212242424
5889 1212242412
5890 1212121212
5891 2424242412
5892 2424122424
5893 2424242424
5894 2424242424
5895 2424242424
5896 1224242424
5897 1212121212
5898 1224242412
5899 1212121224
5900 1212121212
5901 1212121212
5902 1212121212
5903 1212121212
5904 1200121212
5905 0012001200
5906 0012121212
5907 0000000000
5908 0000000000
5909 0000000000
5910 0000000000
5911 0000000000
5912 0000000000
5913 0000000000
5914 1200000000
5915 0000120012
5916 0000000000
5917 0000000000
5918 0000000000
5919 0000000000
5920 2412241212
5921 1212121212
5922 1212121212
5923 2424122412
5924 2424122424
5925 2412121212
5926 2424242424
5927 1224242424
5928 1212121212
5929 2412242412
5930 1212122412
5931 1212121212
5932 1212121212
5933 1212121212
5934 1212121212
5935 1212121212
5936 1212121212
5937 1200000000
5938 0000120012
5939 0000000012
5940 0000000000
5941 0012001200
5942 0000000000
5943 0000000000
5944 0000000000
5945 0000000000
5946 1200000012
5947 0000121212
5948 0000000000
5949 0000000000
5950 0000000000
5951 0000000000
5952 2424242424
5953 1212242424
5954 1212121212
5955 2424242412
5956 2412122424
5957 2424242424
5958 2424242424
5959 1212122424
5960 2424241212
5961 1212121212
5962 1212121212
5963 1212121212
5964 1212121212
5965 1212121212
5966 1212121212
5967 1212121212
5968 1212121212
5969 1212121212
5970 0012120000
5971 0000000000
5972 0000120000
5973 0000001200
5974 1212000000
5975 0000000000
5976 1200001200
5977 1212121212
5978 1200120012
5979 0000240024
5980 0000000000
5981 0000000000
5982 0000000000
5983 0000000000
5984 1224242424
5985 1212121212
5986 1212121212
5987 1212121212
5988 2412122412
5989 1224241224
5990 1212121212
5991 2412121212
5992 2412121224
5993 1212121212
5994 1212121212
5995 1212121212
5996 1212121212
5997 1212121212
5998 1212121212
5999 1212121212
6000 1212121212
6001 1212121212
6002 1212121212
6003 1212121212
6004 0012121212
6005 0000000000
6006 1212000000
6007 1200121212
6008 1212000012
6009 1212001212
6010 2412121200
6011 0000241224
6012 1212000000
6013 0012121212
6014 0000000000
6015 0000000000
6016 1212242412
6017 1212241212
6018 1212121212
6019 2424242412
6020 1224121224
6021 1212121212
6022 1212122412
6023 1212121212
6024 1212121212
6025 1212121212
6026 1212121212
6027 1212121212
6028 1212121212
6029 1212121212
6030 1212121212
6031 1212121212
6032 1212121212
6033 1212121212
6034 1212121212
6035 1212001212
6036 1212121200
6037 0012121212
6038 0000000000
6039 0000000012
6040 1212120000
6041 0012121212
6042 2412001212
6043 1200241224
6044 1212001212
6045 0000000000
6046 0000000000
6047 0000000000
6048 2424121212
6049 1212121212
6050 1212121212
6051 2424242412
6052 2412241224
6053 2424242424
6054 1212121224
6055 1212121212
6056 1212121212
6057 1212121212
6058 1212121212
6059 1212121212
6060 1212121212
6061 1212121212
6062 1212001212
6063 1212000000
6064 0012121200
6065 1212121212
6066 1212121212
6067 0000000012
6068 1212121200
6069 1200001212
6070 1200121200
6071 0000120012
6072 0000000000
6073 1200121212
6074 2400001200
6075 0000000024
6076 0000000000
6077 0000000000
6078 0000000000
6079 0000000000
6080 2424241224
6081 1224242424
6082 1212121212
6083 1212241224
6084 1212121212
6085 1212122424
6086 1212121212
6087 1212121212
6088 1212121212
6089 1212121212
6090 1212121212
6091 1212121212
6092 1212121212
6093 1212121212
6094 0012121212
6095 1200000000
6096 0000000000
6097 1200000000
6098 0000001212
6099 0000001212
6100 0000000000
6101 0000001200
6102 1200000012
6103 1212001200
6104 1212121200
6105 0012121212
6106 2400000012
6107 0000241212
6108 0000000000
6109 0000000000
6110 0000000000
6111 0000000000
6112 2424242412
6113 1212121212
6114 1212121212
6115 1212121212
6116 1212241212
6117 1212121212
6118 2412241212
6119 1212121212
6120 1212121212
6121 1212121212
6122 1212121212
6123 1212121212
6124 1212121212
6125 1212121212
6126 1212121212
6127 1212121212
6128 1212121212
6129 0000120000
6130 0000000000
6131 1212120012
6132 0000000012
6133 0000000000
6134 0000000000
6135 0000000000
6136 1200000000
6137 1200121212
6138 2412000012
6139 1200241224
6140 0000000000
6141 0000000000
6142 0000000000
6143 0000000000
6144 2412121212
6145 1212241224
6146 1212121212
6147 2424121212
6148 2424242424
6149 1212122424
6150 1224121212
6151 1212121212
6152 1212121212
6153 1212121212
6154 1212121212
6155 1212121212
6156 1212121212
6157 1212121212
6158 1212121212
6159 1212121212
6160 1212121212
6161 1212121212
6162 1212121212
6163 1212121212
6164 1212121212
6165 0012121200
6166 0000000000
6167 0012000000
6168 0012120012
6169 0012001212
6170 2412121212
6171 1200241224
6172 1212001212
6173 1212121212
6174 0000000012
6175 1212121212
6176 1224121224
6177 1212241224
6178 1212121212
6179 2412122412
6180 1212122424
6181 1212121212
6182 1212121212
6183 1212121212
6184 1212121212
6185 1212121212
6186 1212121212
6187 1212121212
6188 1212121212
6189 1212121212
6190 1212121212
6191 1212121212
6192 1212121212
6193 1212121212
6194 1200121212
6195 1212121200
6196 0000001200
6197 1212120000
6198 1212121200
6199 1200001212
6200 1212121212
6201 0012000012
6202 2412000000
6203 1200001224
6204 0000120012
6205 1212120012
6206 2424242412
6207 0012122424
6208 2424241224
6209 1212242424
6210 1212121212
6211 1212241212
6212 2424121224
6213 1224242412
6214 1212121212
6215 1212121212
6216 1212121212
6217 1212121212
6218 1212121212
6219 1212121212
6220 1212121212
6221 1212121212
6222 1212121212
6223 0000121212
6224 1212121200
6225 1212121212
6226 0012121212
6227 0000000012
6228 1212000000
6229 1212121212
6230 1200000012
6231 0000001212
6232 1212001212
6233 1200000000
6234 1224242412
6235 1212121212
6236 1212121212
6237 2424242412
6238 0000122424
6239 0000000000
6240 1212121224
6241 1212122412
6242 1212121212
6243 2424121212
6244 1212121224
6245 1212121212
6246 1212121212
6247 1212121212
6248 1212121212
6249 1212121212
6250 1212121212
6251 1212121212
6252 1212121212
6253 1212121212
6254 1200001212
6255 1200121212
6256 1200000012
6257 1200000000
6258 0000121212
6259 1212121200
6260 1212121212
6261 0000120000
6262 0000000000
6263 1212000000
6264 1212120000
6265 1212000000
6266 0000002424
6267 1212001212
6268 2412121212
6269 0000001224
6270 0000000000
6271 0000000012
6272 1212121212
6273 2424242412
6274 1212121212
6275 1224242412
6276 1212121224
6277 1212121212
6278 1212121212
6279 1212121212
6280 1212121212
6281 1212121212
6282 0012121212
6283 1212000000
6284 1212121212
6285 1224121212
6286 1212121212
6287 1212121212
6288 1212120000
6289 0012001212
6290 0012120000
6291 1212121212
6292 1200000000
6293 0012001200
6294 0012000000
6295 1212120000
6296 1212001212
6297 2424241224
6298 1200000012
6299 0000000000
6300 0000000000
6301 1200000000
6302 1212121212
6303 0000121212
6304 3624243624
6305 2436243636
6306 2424242424
6307 1224241224
6308 1212121212
6309 1212121212
6310 1212121212
6311 1212121212
6312 1212121212
6313 1212121212
6314 1212121212
6315 1212121212
6316 0000000012
6317 0000121212
6318 0000121200
6319 0000000000
6320 0000000012
6321 1212121200
6322 0012001212
6323 1212121212
6324 1200000000
6325 0000001200
6326 0000120000
6327 1200001200
6328 2424241212
6329 0000121224
6330 0000000000
6331 0000000000
6332 0000000000
6333 0000000000
6334 0000000000
6335 1200000000
6336 3624242424
6337 2412121224
6338 2424242424
6339 2424242424
6340 3624362424
6341 2424242436
6342 2424362424
6343 2412122424
6344 1212121212
6345 1212121212
6346 2424242424
6347 1212121212
6348 1212121212
6349 1212120000
6350 1212001212
6351 1200001212
6352 1212121212
6353 1212121212
6354 1212121212
6355 0012001212
6356 0000001212
6357 0000000000
6358 0000000000
6359 1212000000
6360 1200242424
6361 0000000012
6362 0000000000
6363 0000000000
6364 0000000000
6365 0000000000
6366 0000000000
6367 0000000000
6368 1212121212
6369 2424121212
6370 1212242412
6371 2424121224
6372 2424242424
6373 1224242424
6374 1212121212
6375 2424121212
6376 2424242412
6377 2424242424
6378 1212122424
6379 2424121212
6380 0012121224
6381 1212121212
6382 0012121212
6383 1212121212
6384 1212121212
6385 0012121212
6386 1200120012
6387 1212001200
6388 0012000000
6389 0000000000
6390 1212120000
6391 1212121200
6392 1212001212
6393 0000001212
6394 0000000000
6395 0000000000
6396 0000000000
6397 0000000000
6398 0000000000
6399 0000000000
6400 1212121212
6401 1212121212
6402 1212121212
6403 1212121212
6404 1212121212
6405 1212121212
6406 1212121212
6407 1212121212
6408 1212121212
6409 1212121212
6410 0000121212
6411 0012001200
6412 1212121200
6413 1200121212
6414 1212121212
6415 0000121212
6416 1212121212
6417 1200001212
6418 1212121212
6419 0000121212
6420 1200001200
6421 0000000012
6422 2412241212
6423 0012122424
6424 0000000000
6425 0000001212
6426 0000000000
6427 0000000000
6428 0000000000
6429 0000000000
6430 0000000000
6431 0000000000
6432 1212121212
6433 1212121212
6434 1212121212
6435 1212121212
6436 1212121212
6437 1212121212
6438 1212121212
6439 1212121212
6440 1212121212
6441 0000121212
6442 0000000000
6443 0000000000
6444 1212001212
6445 1212121212
6446 1200121212
6447 1212121212
6448 1212121212
6449 0000000000
6450 0000001212
6451 0000000000
6452 2424000012
6453 1212122412
6454 0012001212
6455 0012120012
6456 1200000000
6457 0000000000
6458 0000000000
6459 0000000000
6460 0000000000
6461 0000000000
6462 0000000000
6463 0000000000
6464 1212121212
6465 1212121212
6466 1212121212
6467 1212121212
6468 1212121212
6469 1212121212
6470 1212121212
6471 1212121212
6472 1212121212
6473 0000121200
6474 0000000012
6475 0000000000
6476 1212120000
6477 1212002412
6478 1212121212
6479 1212121212
6480 1200001212
6481 1212120000
6482 1212121200
6483 2424242424
6484 0012242424
6485 0000121212
6486 1212120000
6487 0000001212
6488 1212001200
6489 0000000000
6490 0000000000
6491 0000000000
6492 0000000000
6493 0000000000
6494 0000000000
6495 0000000000
6496 1212121212
6497 1212121212
6498 1212121212
6499 1212121212
6500 1212121212
6501 1212121212
6502 1212121212
6503 1212121212
6504 1212121212
6505 0012121200
6506 0000000000
6507 1212121200
6508 1212121212
6509 0012241212
6510 1212121224
6511 1212121212
6512 1212000000
6513 2424241212
6514 2424242424
6515 0012122424
6516 1200000000
6517 0000000012
6518 0000121200
6519 0000000012
6520 0000120000
6521 0000121212
6522 0000000000
6523 0000000000
6524 0000000000
6525 0000000000
6526 0000000000
6527 0000000000
6528 1212121212
6529 1212121212
6530 1212121212
6531 1212121212
6532 1212121212
6533 1212121212
6534 1212121212
6535 1212121212
6536 0000001200
6537 0000121212
6538 0000121200
6539 1212121212
6540 3636241212
6541 2412002424
6542 1212241212
6543 1212121212
6544 2424241212
6545 1224242424
6546 0000000000
6547 0000000000
6548 1224000000
6549 1200000000
6550 0012000000
6551 0000000000
6552 1200001212
6553 0000000012
6554 0000000000
6555 0000000000
6556 0000000000
6557 0000000000
6558 0000000000
6559 0000000000
6560 1212121212
6561 1212121212
6562 1212121212
6563 1212121212
6564 1212121212
6565 0000121212
6566 0000121212
6567 0000000000
6568 1212121200
6569 1200120000
6570 1212121212
6571 1212121212
6572 0024241212
6573 0012120000
6574 1200000012
6575 2424121212
6576 1224242436
6577 1212000000
6578 0000000000
6579 2412000000
6580 1212000012
6581 0012121200
6582 0000000000
6583 1212000000
6584 1212001212
6585 0000000000
6586 0000000000
6587 0000000000
6588 0000000000
6589 0000000000
6590 0000000000
6591 0000000000
6592 1212121212
6593 1212121212
6594 1212121212
6595 1212121212
6596 1212121212
6597 1212121212
6598 1200000012
6599 1212121212
6600 1200120012
6601 0012121212
6602 1212121212
6603 1212121212
6604 0024363612
6605 0012120000
6606 1200000000
6607 1212120000
6608 0012000024
6609 0012121212
6610 0012120000
6611 1224240000
6612 1212120000
6613 0000001212
6614 0000000000
6615 1200000000
6616 0000120000
6617 0000000000
6618 0000000000
6619 0000000000
6620 0000000000
6621 0000000000
6622 0000000000
6623 0000000000
6624 1212121212
6625 1212121212
6626 1212121212
6627 1212121212
6628 1212121212
6629 0012121212
6630 1212000012
6631 1212001200
6632 1212121212
6633 1212001212
6634 2424121212
6635 2412121212
6636 0000122436
6637 0000121200
6638 0000000000
6639 0000000000
6640 0000001212
6641 0012121200
6642 0012121212
6643 1212121200
6644 1212120012
6645 0000000000
6646 0012120000
6647 0000000000
6648 0000000012
6649 0000000000
6650 0000000000
6651 0000000000
6652 0000000000
6653 0000000000
6654 0000000000
6655 0000000000
6656 1212121212
6657 1212121212
6658 1212121212
6659 1212121212
6660 1212121212
6661 1212001212
6662 1212121212
6663 1212121212
6664 1212121212
6665 1200121212
6666 2424361212
6667 3636123612
6668 0000000012
6669 0000001212
6670 0012121200
6671 1200121200
6672 0000000012
6673 0012122412
6674 1212121212
6675 2424242400
6676 0000000012
6677 0000000000
6678 1200001212
6679 0012121212
6680 0000000000
6681 0000000000
6682 0000000000
6683 0000000000
6684 0000000000
6685 0000000000
6686 0000000000
6687 0000000000
6688 1212121212
6689 1212121212
6690 1212121212
6691 1212121212
6692 1212121212
6693 0012121200
6694 0000000000
6695 1212122412
6696 1212121212
6697 1212121212
6698 1212121212
6699 1224241212
6700 1200001212
6701 1212120000
6702 0000001212
6703 0012000000
6704 1200000012
6705 1200122412
6706 1212122424
6707 1224121212
6708 0000000000
6709 1212001212
6710 1212120012
6711 0000121212
6712 0000000000
6713 0000000000
6714 0000000000
6715 0000000000
6716 0000000000
6717 0000000000
6718 0000000000
6719 0000000000
6720 1212121212
6721 1212121212
6722 1212121212
6723 1212121212
6724 1212121212
6725 1212120000
6726 1224121212
6727 1212121212
6728 1212121212
6729 1212000012
6730 1212120012
6731 1212121212
6732 1212000000
6733 0012121200
6734 0000000000
6735 0000120000
6736 0000000000
6737 0000000000
6738 0000000000
6739 0000121212
6740 1200000012
6741 0012120012
6742 1212121212
6743 0000001224
6744 0000000000
6745 0000000000
6746 0000000000
6747 0000000000
6748 0000000000
6749 0000000000
6750 0000000000
6751 0000000000
6752 1212121212
6753 1212120000
6754 1212001200
6755 1212121212
6756 1212121212
6757 1212121212
6758 1212120000
6759 0012120000
6760 0012121212
6761 0012000012
6762 1212000000
6763 0000000012
6764 0012000012
6765 0000000012
6766 0012120000
6767 1212000000
6768 0000120000
6769 0000000000
6770 0000000000
6771 0000120000
6772 0000000000
6773 1212122412
6774 0012121212
6775 0000000012
6776 0000000000
6777 0000000000
6778 0000000000
6779 0000000000
6780 0000000000
6781 0000000000
6782 0000000000
6783 0000000000
6784 1200121200
6785 1212120000
6786 1212121212
6787 1212121212
6788 1212121212
6789 1212121212
6790 1212121212
6791 1212121212
6792 1200001212
6793 0000000012
6794 0000000000
6795 0000000000
6796 1200000000
6797 0000000000
6798 0000121200
6799 0024120000
6800 1212001200
6801 0000000000
6802 0000000000
6803 0000000000
6804 1200001212
6805 1212121224
6806 1212000000
6807 0000000012
6808 0000000000
6809 0000000000
6810 0000000000
6811 0000000000
6812 0000000000
6813 0000000000
6814 0000000000
6815 0000000000
6816 0000121212
6817 0012121212
6818 1212120000
6819 1212121212
6820 1212121212
6821 1212121212
6822 1212121212
6823 1212121212
6824 1200121212
6825 0000000012
6826 0000121200
6827 0000000000
6828 0000000012
6829 0000000000
6830 0000001200
6831 0012240000
6832 0000000012
6833 0000000012
6834 0000000000
6835 1212000000
6836 1212000012
6837 1200121212
6838 1212000000
6839 0000000000
6840 0000000000
6841 0000000000
6842 0000000000
6843 0000000000
6844 0000000000
6845 0000000000
6846 0000000000
6847 0000000000
6848 1212120000
6849 0012000000
6850 1212121200
6851 1212121212
6852 1212121212
6853 1212121212
6854 1212121212
6855 0000000012
6856 1200121212
6857 0012120000
6858 0000001212
6859 0000000000
6860 0000000000
6861 0000000000
6862 0000000012
6863 0000120000
6864 1212001200
6865 0000000012
6866 0000001200
6867 0000121200
6868 0012120000
6869 0012121200
6870 0000000000
6871 0000000000
6872 0000000000
6873 0000000000
6874 0000000000
6875 0000000000
6876 0000000000
6877 0000000000
6878 0000000000
6879 0000000000
6880 0000122412
6881 1212121212
6882 1212121212
6883 1212121212
6884 1212121212
6885 1212121212
6886 0012121212
6887 1212121200
6888 1200121212
6889 1200001212
6890 0000001200
6891 0000000000
6892 0000000000
6893 0000000000
6894 0012000000
6895 0012120000
6896 0000000000
6897 0000000000
6898 0000001200
6899 0000000000
6900 1200120000
6901 0000000012
6902 1212121212
6903 1200000000
6904 0000000000
6905 0000000000
6906 0000000000
6907 0000000000
6908 0000000000
6909 0000000000
6910 0000000000
6911 0000000000
6912 0000121212
6913 1200000012
6914 1212121212
6915 1212121212
6916 1212121212
6917 1212121212
6918 1200001212
6919 1200001212
6920 1212122412
6921 1200000012
6922 0012000000
6923 0000000000
6924 0000000000
6925 0000000000
6926 0000000000
6927 0000121200
6928 0000000012
6929 0000000000
6930 0000000000
6931 0000000000
6932 1212120000
6933 1212121212
6934 1212121212
6935 1200000000
6936 0000000000
6937 0000000000
6938 0000000000
6939 0000000000
6940 0000000000
6941 0000000000
6942 0000000000
6943 0000000000
6944 0000120012
6945 1200000000
6946 1212120012
6947 0012121212
6948 1212121212
6949 1212121212
6950 0000001212
6951 0000000012
6952 0012120012
6953 0000000000
6954 0000120000
6955 0000000000
6956 0000000000
6957 0000000000
6958 0000000000
6959 0000000000
6960 0000000000
6961 0000000000
6962 0000000000
6963 0000000000
6964 1212121200
6965 0012000012
6966 1212120000
6967 0000000012
6968 0000000000
6969 0000000000
6970 0000000000
6971 0000000000
6972 0000000000
6973 0000000000
6974 0000000000
6975 0000000000
6976 0000120012
6977 0000000000
6978 0012120000
6979 1200000000
6980 0012000012
6981 0000001212
6982 0000000000
6983 0000000000
6984 1200000000
6985 0000000000
6986 0000000000
6987 0000000000
6988 0000000000
6989 0000000000
6990 0000000000
6991 1212001200
6992 1212121212
6993 1212121212
6994 0000000000
6995 0000121200
6996 0000000000
6997 0000120012
6998 1212120000
6999 1200120012
7000 0000000000
7001 0000000000
7002 0000000000
7003 0000000000
7004 0000000000
7005 0000000000
7006 0000000000
7007 0000000000
7008 0000000000
7009 0000000000
7010 0000001200
7011 1200000000
7012 1200000000
7013 0000000012
7014 0000000000
7015 0012000000
7016 1212121212
7017 0000000000
7018 0000000000
7019 0000000000
7020 0000000000
7021 0000000000
7022 0000000000
7023 1200000000
7024 1212121212
7025 0012000012
7026 1212120000
7027 1212122412
7028 1212121212
7029 0012121212
7030 1212121212
7031 0000121212
7032 0000000000
7033 0000000000
7034 0000000000
7035 0000000000
7036 0000000000
7037 0000000000
7038 0000000000
7039 0000000000
7040 0000000000
7041 0000000000
7042 0012000000
7043 1212120000
7044 0012121212
7045 0012120000
7046 0000000000
7047 1212121212
7048 1212121212
7049 0000000000
7050 0000000000
7051 0000000000
7052 0000000000
7053 0000000000
7054 0000000000
7055 1212121200
7056 1212121212
7057 1212121212
7058 1212121212
7059 1212241224
7060 2424121212
7061 1212121212
7062 1212121212
7063 1212121212
7064 1200121212
7065 1212121200
7066 0012121224
7067 0000120012
7068 0000000000
7069 0000000000
7070 0000000000
7071 0000000000
7072 0000000000
7073 0000000000
7074 0000000000
7075 1212120000
7076 0012121212
7077 0012001212
7078 1200001200
7079 0000000000
7080 1212001200
7081 0000000000
7082 1212000000
7083 0000120000
7084 0000000000
7085 0000000000
7086 1212121200
7087 1212121212
7088 1212121212
7089 1212121212
7090 1212121212
7091 1212241212
7092 1212121224
7093 1212121212
7094 1212121212
7095 1212121212
7096 1212121212
7097 1212001212
7098 1212121200
7099 1212121212
7100 1212121212
7101 0000000000
7102 0000000000
7103 0000000000
7104 1200000000
7105 0000000000
7106 0000000000
7107 0000000000
7108 0012001200
7109 1200121212
7110 1212120012
7111 0000000000
7112 1200000000
7113 1212121200
7114 0012120012
7115 1212001212
7116 1212120000
7117 1212121212
7118 1212121212
7119 1212121212
7120 1212121212
7121 1212120012
7122 1212121212
7123 0012122412
7124 1212000000
7125 1200121212
7126 1212121212
7127 1212121212
7128 1212121212
7129 1212121200
7130 1224121212
7131 0000121212
7132 1212121212
7133 0012122412
7134 0012000000
7135 0000000000
7136 1212120012
7137 0000000012
7138 0000000000
7139 0000000000
7140 0000000000
7141 0000001212
7142 1212121200
7143 0000001200
7144 1200000012
7145 1212121212
7146 1212121212
7147 0000001212
7148 1212121212
7149 1212121212
7150 1212121212
7151 1212121212
7152 1200121212
7153 1212120000
7154 1212000012
7155 0000000012
7156 1212000000
7157 1212120000
7158 1212121212
7159 1212121212
7160 1212121212
7161 2412121212
7162 1212121224
7163 1212121212
7164 1200121212
7165 1212241212
7166 0012121224
7167 0000001212
7168 0000120012
7169 0000000000
7170 0000000012
7171 0000000000
7172 1212120000
7173 0012001212
7174 0012000012
7175 0000000000
7176 0000000000
7177 1212121212
7178 1212121212
7179 2412122412
7180 1212121212
7181 1212121212
7182 1212121212
7183 0000000000
7184 0000000000
7185 0000000000
7186 0000120000
7187 0012000000
7188 0000000000
7189 1200001200
7190 1212121212
7191 1212122412
7192 1212121212
7193 1212121212
7194 1212120012
7195 1212121212
7196 1212121212
7197 1212001212
7198 1212000000
7199 0012001200
7200 0000000000
7201 0000000000
7202 0000000000
7203 1212000012
7204 1200121212
7205 0000000000
7206 0000120000
7207 1212120000
7208 0000000000
7209 1212121200
7210 2412121212
7211 1212121212
7212 1212121212
7213 1212121212
7214 0000000012
7215 1212120000
7216 0000120000
7217 0000000000
7218 0000000000
7219 1200120000
7220 0000121212
7221 0000001200
7222 1200000000
7223 1212121212
7224 1212121212
7225 1212001212
7226 0000001212
7227 1212120000
7228 1212121212
7229 1212121212
7230 1212000000
7231 1212000012
7232 1212000000
7233 0000000000
7234 1212001200
7235 0012000000
7236 0000000012
7237 1200120000
7238 0012000000
7239 1212000000
7240 0012121200
7241 1212120012
7242 0000000012
7243 0012121212
7244 1212121212
7245 0000001212
7246 0000000000
7247 1212000000
7248 1212001212
7249 0012001212
7250 0012121200
7251 1200001200
7252 0012000000
7253 0012001212
7254 1212001200
7255 1212121212
7256 1212000012
7257 1212121212
7258 1212121212
7259 2412122412
7260 1212121212
7261 1212121212
7262 1200000012
7263 0000000000
7264 1200120012
7265 1200000000
7266 0000000000
7267 0000000012
7268 0000000012
7269 0000000000
7270 1212000012
7271 0012121212
7272 1212001212
7273 0012121200
7274 0000000000
7275 0000001200
7276 1200001212
7277 0000121200
7278 1200000000
7279 1212120012
7280 1200120000
7281 0012120012
7282 1212001212
7283 0000000000
7284 1212120000
7285 0000000000
7286 0000000000
7287 1212120000
7288 0000121200
7289 0012121212
7290 1212121212
7291 1212001212
7292 1212000000
7293 1200000000
7294 1212121200
7295 0000001200
7296 1212121200
7297 0012120000
7298 0000120012
7299 1200000000
7300 0000120000
7301 0000120000
7302 1212120000
7303 1212000000
7304 1212121212
7305 1200120012
7306 0000000000
7307 0000000000
7308 1200121200
7309 1212000000
7310 1200121212
7311 0000121200
7312 0000000000
7313 0000001200
7314 0000001200
7315 0000000000
7316 0000121212
7317 0000001200
7318 1200001212
7319 0000001200
7320 0000000000
7321 1212120000
7322 1212121224
7323 1212121212
7324 1212000012
7325 1212000012
7326 1212121200
7327 0000000012
7328 0000000000
7329 0000000000
7330 0000120000
7331 0000000000
7332 0000000000
7333 0000000000
7334 0000000000
7335 0000000000
7336 0012000012
7337 1212121212
7338 1200121200
7339 0012120000
7340 1212001212
7341 0000121212
7342 0012121200
7343 0012000000
7344 0000001200
7345 0000000000
7346 0012000000
7347 0000000000
7348 0000001200
7349 0012000000
7350 0000001200
7351 1212000000
7352 1200000012
7353 1212121212
7354 1212121212
7355 0012121212
7356 1200121212
7357 0012120000
7358 0012121212
7359 0012121212
7360 0000000000
7361 0000000000
7362 0000000000
7363 0000001200
7364 0000000000
7365 0000000000
7366 0000000000
7367 0000000000
7368 1212000012
7369 1200001212
7370 1200001212
7371 0000000000
7372 0012001200
7373 0000000000
7374 0000000000
7375 0000000000
7376 0000000000
7377 0000000000
7378 0000000000
7379 0000000000
7380 0000000000
7381 1200000000
7382 0000001212
7383 0000000012
7384 1200121212
7385 1212121212
7386 0012121212
7387 1200000000
7388 1212000000
7389 1212121212
7390 1212001212
7391 0012121212
7392 0000000000
7393 0000000000
7394 0000000000
7395 0000000000
7396 0000000012
7397 0000000000
7398 0000120000
7399 0000000000
7400 1212001212
7401 1212121212
7402 0012001212
7403 0000001212
7404 0000000012
7405 0000000000
7406 0000000000
7407 0000000000
7408 0000000012
7409 0000000000
7410 0000000000
7411 0000000000
7412 1200000012
7413 1200120000
7414 1200121212
7415 1212121212
7416 1212120012
7417 0000121212
7418 0000000000
7419 0000000000
7420 1200121212
7421 1200120000
7422 1200120000
7423 0012001212
7424 0000120000
7425 0000000000
7426 0000000000
7427 0000000000
7428 0000000000
7429 0000000000
7430 0000001200
7431 0000000000
7432 1212120000
7433 0012121224
7434 1200121212
7435 1212001212
7436 1200120000
7437 0012000000
7438 1212121212
7439 1212121212
7440 0012120000
7441 0000000000
7442 0000000000
7443 1200121200
7444 0000120012
7445 0000000000
7446 1200120012
7447 1212121212
7448 1224121212
7449 1212120012
7450 0000120000
7451 0000000000
7452 0000000000
7453 1212000000
7454 1212000000
7455 1212121212
7456 0000000000
7457 0000000000
7458 0000000000
7459 0000000000
7460 0000000000
7461 0000000000
7462 0000000000
7463 0000000000
7464 1200000000
7465 0000000012
7466 1200000000
7467 0012121200
7468 0000001212
7469 0012121212
7470 1200000012
7471 0000000000
7472 1200001200
7473 1200000000
7474 0012001212
7475 1200001212
7476 0012000000
7477 0000000000
7478 1200000012
7479 0012001212
7480 0012001212
7481 0000120012
7482 0000000000
7483 0000000000
7484 0000000000
7485 0000000000
7486 1212120000
7487 0012000012
7488 0000000000
7489 0000000000
7490 0000000000
7491 0000000000
7492 0000000000
7493 0000000000
7494 0000000000
7495 0012000000
7496 0000000000
7497 0000000012
7498 0000000000
7499 1200000012
7500 0000001212
7501 0000000000
7502 1212121200
7503 1212120000
7504 0000001212
7505 1212120000
7506 0000120000
7507 0000000000
7508 0000000000
7509 0012000000
7510 1200000000
7511 1200121212
7512 1200120012
7513 1200000000
7514 0000000000
7515 0000000000
7516 0000000000
7517 0000000000
7518 0000000000
7519 0000000000
7520 0000000000
7521 0000000000
7522 0000000000
7523 0000000000
7524 0000000000
7525 0000000000
7526 0000000000
7527 0000000012
7528 0000000000
7529 0000000012
7530 0000000000
7531 0000000000
7532 0000120000
7533 0000000000
7534 0000121212
7535 0000001200
7536 0000000000
7537 0000000000
7538 1200000000
7539 1200000000
7540 0000000000
7541 0000000000
7542 0000000000
7543 0000000000
7544 0000001200
7545 0000000000
7546 0000000000
7547 0000000000
7548 0000000000
7549 0000000000
7550 0000000000
7551 0000000000
7552 0000000000
7553 0000000000
7554 0000000000
7555 0000000000
7556 0000000000
7557 0000000000
7558 0000000012
7559 0000000000
7560 0012000000
7561 0000000000
7562 0000000000
7563 0000000000
7564 0000000000
7565 0000000000
7566 0000000000
7567 1200000000
7568 0000000000
7569 0000000012
7570 0000000000
7571 0000000000
7572 0000000000
7573 0000000000
7574 0000000000
7575 0000000000
7576 0000120000
7577 0000000000
7578 0000000000
7579 0000000000
7580 0000000000
7581 0000000000
7582 0000000000
7583 0000000000
7584 0000000000
7585 0000000000
7586 0000000000
7587 0000000000
7588 0000000000
7589 0000000000
7590 0000000000
7591 0000000000
7592 0000000000
7593 0000000000
7594 0000000000
7595 0000000000
7596 0000000000
7597 0000120000
7598 0012001200
7599 0000000000
7600 1200000000
7601 0000000000
7602 0000000000
7603 0000000000
7604 0000000000
7605 0000000000
7606 0000000000
7607 0000000000
7608 0000000000
7609 0000000000
7610 0000000000
7611 0000000000
7612 0000000000
7613 0000000000
7614 0000000000
7615 0000000000
7616 0000000000
7617 0000000000
7618 0000000000
7619 0000000000
7620 0000000000
7621 0000000000
7622 0000000000
7623 0000000000
7624 0000000000
7625 0000000000
7626 0000000000
7627 0000000000
7628 0000000000
7629 1200000000
7630 1200121212
7631 0000000000
7632 0012121200
7633 0000120000
7634 0000000000
7635 0012120000
7636 1212000000
7637 0000000012
7638 0000000000
7639 0000000012
7640 0000000000
7641 0000000000
7642 0000000000
7643 0000000000
7644 0000000000
7645 0000000000
7646 0000000000
7647 0000000000
7648 0000000000
7649 1200000000
7650 0000000000
7651 0000000000
7652 0000000000
7653 0000000000
7654 1212000000
7655 0000001200
7656 1200000000
7657 0000000012
7658 0000000000
7659 0000000000
7660 0000000000
7661 1200000000
7662 1212120000
7663 1212000012
7664 0000000000
7665 0000120000
7666 0000000000
7667 0000121200
7668 0000000000
7669 0000001200
7670 0000000000
7671 0000001200
7672 0000000000
7673 0000000000
7674 0000000000
7675 0000000000
7676 0000000000
7677 0000000000
7678 0000000000
7679 0000000000
7680 0000000000
7681 0000000000
7682 0000000000
7683 0000000000
7684 0000000000
7685 0000060400
7686 0906040000
7687 0609060909
7688 0604040409
7689 0000000000
7690 0000000000
7691 0000000000
7692 0000000000
7693 0000000000
7694 0000000000
7695 0000000000
7696 0000000000
7697 0906040000
7698 0000000004
7699 0000000000
7700 0000000000
7701 0401010000
7702 0606060404
7703 0606040404
7704 0406060906
7705 0404040604
7706 0000010104
7707 0000000000
7708 0000000000
7709 0000000000
7710 0000000000
7711 0000000000
7712 0000000000
7713 0000000000
7714 0000000000
7715 0000000000
7716 0000000000
7717 0000000000
7718 0100000000
7719 0909040404
7720 0004040409
7721 0000000000
7722 0000000000
7723 0000000000
7724 0606010000
7725 0101040e0b
7726 0406010000
7727 0000000000
7728 0000000000
7729 0000000000
7730 0000000000
7731 0000000000
7732 0000000000
7733 0401000000
7734 0606060404
7735 0b09060606
7736 0606090b09
7737 0104060406
7738 0000000104
7739 0000000000
7740 0000000000
7741 0000000000
7742 0000000000
7743 0000000000
7744 0000000000
7745 0000000000
7746 0000000000
7747 0000000000
7748 0000000000
7749 0000000000
7750 0000000000
7751 0604000000
7752 0101000101
7753 0000010404
7754 0000000000
7755 0000000000
7756 0604000000
7757 0406040909
7758 0404060906
7759 0000000001
7760 0000000000
7761 0000000000
7762 0000000000
7763 0000000000
7764 0101000000
7765 0100000000
7766 0404040404
7767 0909090606
7768 0909090909
7769 0104040606
7770 0000000000
7771 0000000000
7772 0000000000
7773 0000000000
7774 0000000000
7775 0000000000
7776 0000000000
7777 0000000000
7778 0000000000
7779 0000000000
7780 0000000000
7781 0000000000
7782 0000000000
7783 0000000000
7784 0000000000
7785 0000000000
7786 0000000000
7787 0000000000
7788 0101040101
7789 0606060404
7790 0100010406
7791 0000000100
7792 0000000000
7793 0000000000
7794 0000000000
7795 0101010101
7796 0601040404
7797 0401040409
7798 0606060404
7799 0b0b060606
7800 0606090906
7801 0004040606
7802 0000000000
7803 0000000000
7804 0000000000
7805 0000000000
7806 0000000000
7807 0000000000
7808 0000000000
7809 0000000000
7810 0000000000
7811 0000000000
7812 0000000000
7813 0000000000
7814 0000000000
7815 0000000000
7816 0000000000
7817 0000000000
7818 0000000000
7819 0000000000
7820 0000000000
7821 0000000000
7822 0000000000
7823 0000000000
7824 0000000000
7825 0000000000
7826 0000000000
7827 0606040101
7828 0904060906
7829 0e09060b0b
7830 0b090b0e0e
7831 0e0e10100b
7832 0406060909
7833 0000010104
7834 0000000000
7835 0000000000
7836 0000000000
7837 0000000000
7838 0000000000
7839 0000000000
7840 0000000000
7841 0000000000
7842 0000000000
7843 0000000000
7844 0000000000
7845 0000000000
7846 0000000000
7847 0000000000
7848 0000000000
7849 0000000000
7850 0000000000
7851 0000000000
7852 0000000000
7853 0000000000
7854 0004010601
7855 0000000000
7856 0000000000
7857 0000000000
7858 0000000000
7859 0604010000
7860 0606060606
7861 0b06060606
7862 0b0e0e1310
7863 1013100e0e
7864 0404090b13
7865 0000010104
7866 0000000000
7867 0000000000
7868 0000000000
7869 0000000000
7870 0000000000
7871 0000000000
7872 0000000000
7873 0000000000
7874 0000000000
7875 0000000000
7876 0000000000
7877 0000000000
7878 0000000000
7879 0000000000
7880 0000000000
7881 0000000000
7882 0000000000
7883 0000000000
7884 0104010000
7885 0406040400
7886 0001010406
7887 0100010000
7888 0000000000
7889 0401040404
7890 0001000104
7891 0404010101
7892 0604040406
7893 04090b0b09
7894 0b0b10130e
7895 13130e1010
7896 0b0b0e0e10
7897 0101040104
7898 0000000001
7899 0000000000
7900 0000000001
7901 0000000000
7902 0000010000
7903 0000000000
7904 0000000000
7905 0000000000
7906 0000000000
7907 0000000000
7908 0000000000
7909 0000000000
7910 0000000000
7911 0101000000
7912 0000000000
7913 0000000000
7914 0000000000
7915 0100000000
7916 0101000101
7917 0404040100
7918 0000000104
7919 0606040400
7920 0b10100601
7921 040406090b
7922 0106060904
7923 0909010101
7924 0404040606
7925 0e13130604
7926 151515130e
7927 1010100e10
7928 090b0b0e0e
7929 0404010104
7930 0000010101
7931 0000000000
7932 0000000000
7933 0000000000
7934 0000000000
7935 0000000000
7936 0000000101
7937 0000000000
7938 0000000000
7939 0000000000
7940 0000000000
7941 0604000000
7942 0606060b09
7943 09090b0904
7944 010406090b
7945 0004040404
7946 0400000000
7947 060b0b0601
7948 040906060b
7949 0606040404
7950 0b06040906
7951 0401040006
7952 0e0e090404
7953 0b0b0e130e
7954 0b0e0e0b0b
7955 0906040406
7956 0404040609
7957 100b060404
7958 1313101310
7959 0b0b0e1010
7960 090609090b
7961 0104010104
7962 0000000101
7963 0000000000
7964 0000000000
7965 0000000000
7966 0000000000
7967 0000000000
7968 0000010101
7969 0000000000
7970 0000000000
7971 0000000000
7972 0000000000
7973 0401010000
7974 0909060b09
7975 09090b0b06
7976 0b0e0e0e0b
7977 060b0b0b0b
7978 0101040404
7979 0909060401
7980 100e0b0906
7981 0904060e10
7982 0e0e0e0909
7983 0b09090b10
7984 13100b0609
7985 1310131513
7986 0b0b0e1313
7987 0b0b0b0e0e
7988 06090b0909
7989 0906060406
7990 0e0e100b0b
7991 0b0b0e0e0e
7992 0606060606
7993 0100010104
7994 0000000000
7995 0000000000
7996 0000000000
7997 0000000000
7998 0000000000
7999 0000000000
8000 0000010101
8001 0000000000
8002 0000000000
8003 0000000000
8004 0000000000
8005 0000000000
8006 0101040000
8007 0404010104
8008 0606040404
8009 0909090909
8010 0404040609
8011 0906040404
8012 0e0e0e0906
8013 060b0b0b0e
8014 0b0e0e0b09
8015 0909090609
8016 0606090b0b
8017 10100e0b09
8018 0b0b0e1013
8019 101010100e
8020 13130e1010
8021 0e0e0e0e10
8022 0b0b0b0e0e
8023 090909090b
8024 0404040606
8025 0000000001
8026 0000000000
8027 0000000000
8028 0000000000
8029 0000000000
8030 0000000000
8031 0000000000
8032 0101010101
8033 0100000001
8034 0000000101
8035 0000000000
8036 0000000000
8037 0000000000
8038 0000000000
8039 0100000000
8040 0606060100
8041 0404040404
8042 0101000104
8043 0606040101
8044 0b0b0b0909
8045 101010100e
8046 090b0b0e10
8047 0906090609
8048 0104060b09
8049 0e06010101
8050 09090e0e0e
8051 0e0e0e0b09
8052 1310101010
8053 1310101010
8054 090b0b0e10
8055 0406060909
8056 0000000404
8057 0000000000
8058 0000000000
8059 0000000000
8060 0000000000
8061 0000000000
8062 0000000000
8063 0000000000
8064 0406040404
8065 0404040404
8066 0404040404
8067 0100000104
8068 0001000001
8069 0101010100
8070 0101040404
8071 0101040101
8072 0404040101
8073 0401040404
8074 0101010101
8075 0604010101
8076 0606040406
8077 0906090909
8078 0e0b0b0e0b
8079 0b090b0b0b
8080 0406060b0b
8081 1009040104
8082 0b0b0e1013
8083 0b09090b0b
8084 0b0b0b0b0b
8085 0e0e0b0b0b
8086 060606090b
8087 0104040604
8088 0000000000
8089 0000000000
8090 0000000000
8091 0000000000
8092 0000000000
8093 0000000000
8094 0000000000
8095 0000000000
8096 0906060401
8097 0606060606
8098 0404040406
8099 0101040404
8100 0101010101
8101 0604010101
8102 0609090606
8103 0404060404
8104 0104010101
8105 0404040404
8106 0101010101
8107 0404000101
8108 0404040404
8109 0101010101
8110 0606060401
8111 0906060909
8112 0606060909
8113 0b09060604
8114 1513100b0b
8115 090b0b0e10
8116 0906090909
8117 0b0e0b0b09
8118 040606060b
8119 0001040404
8120 0000000000
8121 0000000000
8122 0000000000
8123 0000000404
8124 0000000000
8125 0000000000
8126 0000000000
8127 0000000000
8128 0909040604
8129 0909090909
8130 0404060609
8131 0606040404
8132 0404040404
8133 0404040104
8134 0b09090404
8135 090b101310
8136 040406090b
8137 0004040404
8138 0101010101
8139 0401010101
8140 0404040404
8141 0404060404
8142 0404040404
8143 0606040404
8144 090b0b0606
8145 090e0b0906
8146 100b090609
8147 0b0b0e0e0b
8148 090909090b
8149 0b0b0b0b09
8150 040406090b
8151 0000040404
8152 0000000000
8153 0000000000
8154 0600000000
8155 0000000006
8156 0000000000
8157 0000000000
8158 0000000000
8159 0000000000
8160 0404010101
8161 09090b0b09
8162 0909090909
8163 060609090b
8164 0404040606
8165 0404010404
8166 0e09090404
8167 0e0b0b090e
8168 0606060b0e
8169 040406060b
8170 0404040101
8171 0609090606
8172 0604040606
8173 0606060606
8174 0606060609
8175 0606040406
8176 090b0b0909
8177 090b0e0b0b
8178 0606060606
8179 1313100e0b
8180 0b0b0e0e10
8181 0606060909
8182 0404060606
8183 0000010404
8184 0000000000
8185 0000000000
8186 0101000000
8187 0000000000
8188 0000000000
8189 0000000000
8190 0000000000
8191 0000000000
8192 0604010104
8193 0b09090604
8194 0e09090b0b
8195 0e1013100e
8196 090b0b0b0b
8197 0401040609
8198 0101040404
8199 0404060606
8200 0604040404
8201 0604060909
8202 0606060606
8203 0b0e0e0e06
8204 060606060b
8205 0604040406
8206 0606040404
8207 0404040406
8208 0609060606
8209 06090b0906
8210 0606060606
8211 130e0b0606
8212 0e10101013
8213 060909090b
8214 0001010406
8215 0000000000
8216 0000000000
8217 0000000000
8218 0000000000
8219 0000000000
8220 0000000000
8221 0000000000
8222 0000000000
8223 0000000000
8224 0601010106
8225 0909090906
8226 0909060604
8227 1010100e0b
8228 0e0e0e0e10
8229 0606090b0b
8230 0404040404
8231 0906040404
8232 0e0b090909
8233 06090b0909
8234 0909090b0b
8235 1013100e0b
8236 0b090b090e
8237 0b090b0b0b
8238 0b0b0e0e0e
8239 090b0b0b0b
8240 0606060606
8241 0404040406
8242 0001010404
8243 0400010100
8244 0b0b0b0904
8245 040609090b
8246 0000010104
8247 0000000000
8248 0000000000
8249 0000000000
8250 0000000000
8251 0000000000
8252 0000000000
8253 0000000000
8254 0000000000
8255 0000000000
8256 0101010101
8257 0b0b0b0904
8258 090404090b
8259 0e0e100e0b
8260 100e0e0e0e
8261 090909090b
8262 0606060909
8263 0b0b090906
8264 0e0e0e0e0b
8265 0b0b0b0b0b
8266 09090b0b0b
8267 13100b0b09
8268 100e131513
8269 1310101010
8270 1513131313
8271 1313131515
8272 0e0b0b1013
8273 0b0b0b0e0e
8274 0404090b09
8275 0000000104
8276 0101010000
8277 0104060404
8278 0000000000
8279 0000000000
8280 0000000000
8281 0000000000
8282 0000000000
8283 0000000000
8284 0000000000
8285 0000000000
8286 0000000000
8287 0000000000
8288 0000010104
8289 100b060100
8290 0404060910
8291 0e0e0b0904
8292 0e0e0e0b0e
8293 090b090e0e
8294 0606090909
8295 0909090906
8296 0b0b0b0b0b
8297 0906060b09
8298 09090b0909
8299 13100e0b09
8300 1315131515
8301 1515151315
8302 1310101013
8303 1010131315
8304 1310101010
8305 1013101313
8306 090b101010
8307 0104040609
8308 0000000001
8309 0000000000
8310 0000000000
8311 0000000000
8312 0000000000
8313 0000000000
8314 0000000000
8315 0000000000
8316 0000000000
8317 0000000000
8318 0000000000
8319 0000000000
8320 0101010101
8321 0e04010101
8322 04090e0e0e
8323 0604040404
8324 0e100b0906
8325 0b0b0b0b0b
8326 0606090909
8327 0909090609
8328 0404060606
8329 0606090606
8330 0404040404
8331 13100e0906
8332 1513131315
8333 1510131010
8334 0e10101315
8335 0b0e0e1010
8336 1010100e0b
8337 1010101313
8338 1515181513
8339 0b13101313
8340 0000000006
8341 0000000000
8342 0000000000
8343 0000000000
8344 0000000000
8345 0000000000
8346 0000000000
8347 0000000000
8348 0000000000
8349 0000000000
8350 0000000000
8351 0000000000
8352 0101010404
8353 0601010101
8354 090e0e0b09
8355 0909060606
8356 100e090909
8357 0e0e0e0e0e
8358 0b0b0b0b0e
8359 0e0e0e0e0b
8360 0909090b0e
8361 0609090909
8362 0406040406
8363 0101040604
8364 0909090904
8365 10100b0b0b
8366 130e101010
8367 1313131313
8368 1010100e10
8369 1310101013
8370 1315151313
8371 0e0b131315
8372 0000010409
8373 0000000000
8374 0000000000
8375 0101040600
8376 0000000000
8377 0000000000
8378 0000000000
8379 0000000000
8380 0000000000
8381 0001000101
8382 0000000000
8383 0000000000
8384 0404060604
8385 0404010406
8386 1010100e09
8387 0609060609
8388 0e0e0e0e09
8389 0e0e0e0909
8390 0b0b0b0e0e
8391 0b0b0e0b0b
8392 0e0b0b0b0b
8393 0b0b0b0e0e
8394 060609090b
8395 0606060604
8396 0b09060906
8397 13100e0e0b
8398 1310101013
8399 1513131313
8400 1013131515
8401 1010101010
8402 1010101010
8403 0409090e10
8404 0404040401
8405 0000010404
8406 0000000000
8407 09090e0e04
8408 0000000004
8409 0000000000
8410 0000000000
8411 0000000000
8412 0000000000
8413 0000000000
8414 0000000000
8415 0000000000
8416 0404040409
8417 0906060601
8418 09090b090b
8419 0b0b060609
8420 131310100e
8421 0b0e101313
8422 1010100e0b
8423 1010101010
8424 1315131013
8425 1010101013
8426 0e10101010
8427 0b0b0b0e0e
8428 1010100e0b
8429 1313131310
8430 1010151513
8431 0e10101010
8432 1313101010
8433 1013131313
8434 0b0e0e1010
8435 04060b0b0b
8436 0909090404
8437 0101040609
8438 0100000000
8439 0b0e0e0e09
8440 0000000106
8441 0000000000
8442 0000000000
8443 0000000000
8444 0000000000
8445 0000000000
8446 0000000000
8447 0000000000
8448 0404040606
8449 0b09060404
8450 0b0e0e0b0b
8451 0b09090909
8452 0e0e10100e
8453 0e0e0e1010
8454 1010100e10
8455 1515131010
8456 1310101313
8457 1310101010
8458 1010131310
8459 1010101313
8460 1010101010
8461 1513131310
8462 1515151513
8463 1013131313
8464 1010101010
8465 1013131013
8466 0e0e101010
8467 06060b0b0e
8468 0b0e0b0906
8469 0101040409
8470 0906040404
8471 090b0e0e0b
8472 0000000004
8473 0000000000
8474 0000000000
8475 0101000000
8476 0000000001
8477 0000000000
8478 0000000000
8479 0000000000
8480 0404060609
8481 0906060604
8482 0e0e0b0e09
8483 0e0b090b0e
8484 090b0e0e09
8485 0b0b090909
8486 1010100e0b
8487 1315131310
8488 1013131313
8489 0b10101313
8490 090909090b
8491 0b0b0b0909
8492 0b0e0e0e0e
8493 100b0b0b0b
8494 1315151313
8495 1013131515
8496 0e10101010
8497 1010101010
8498 06090b0b10
8499 0e0e090606
8500 0e1010100e
8501 0104040409
8502 0909090604
8503 0104040406
8504 0000000001
8505 0000000000
8506 0100000000
8507 0101010101
8508 0000000101
8509 0000000000
8510 0000000000
8511 0106060604
8512 060606090b
8513 0b0b060606
8514 0e0e090e0e
8515 131013100e
8516 1313151310
8517 100e0e0e0e
8518 1010101010
8519 1313101310
8520 0e0e101010
8521 0909090b0e
8522 0b0b090909
8523 0e0e0e0e0e
8524 0e10131310
8525 0e0b0e0e0b
8526 1310100e0e
8527 1010101313
8528 0e0e0b0b0e
8529 0b0b0b0e0b
8530 0606060609
8531 0e0b0b0909
8532 0b10131510
8533 0104090606
8534 0101010404
8535 0000000001
8536 0000010000
8537 0100000000
8538 0001010101
8539 0001000101
8540 0000000000
8541 0000000000
8542 0000000000
8543 0001000104
8544 0e0b0e0e0e
8545 0e09090b0e
8546 100e13100e
8547 1315131010
8548 1513131013
8549 1515151515
8550 1313131315
8551 0b0b101010
8552 090909090b
8553 0609090606
8554 0b0b09090b
8555 100e0e0b0b
8556 0e10100e0e
8557 0e0b0e0b0b
8558 10100e0e0b
8559 1010101010
8560 0b0b0e0e13
8561 0909090909
8562 0b0b0b0b09
8563 0b0609090b
8564 0e0e0e0909
8565 01060b0b0b
8566 0000000101
8567 0000000000
8568 0000000000
8569 0101010101
8570 0401010101
8571 0000000104
8572 0000000000
8573 0101040100
8574 0000000001
8575 0000000000
8576 101313100e
8577 0b0e0e0e0e
8578 1010100e0b
8579 1013101013
8580 1013131013
8581 1815151013
8582 1315131515
8583 0b0b0e1010
8584 0b0909090b
8585 0e0b090b09
8586 1513100e0e
8587 1515131315
8588 1315151815
8589 1010101013
8590 1013131010
8591 1313131010
8592 1010101013
8593 10100e0e10
8594 0b0b0e1010
8595 0609090909
8596 0906060609
8597 0001060906
8598 0101000000
8599 0100010104
8600 0101000001
8601 0104040401
8602 0404040104
8603 0e0b090904
8604 060b0b0e0e
8605 0001040406
8606 0101010101
8607 0906060401
8608 1313130e0e
8609 1013131013
8610 1313131310
8611 1315131513
8612 1513131315
8613 1513131313
8614 1315151515
8615 0e10101010
8616 0b0b0e0b0e
8617 1010100b0b
8618 1310101010
8619 1818151515
8620 1818181515
8621 1515181a1a
8622 1315151515
8623 1313101313
8624 1513131313
8625 1010131313
8626 0b0b0e0e0e
8627 0b0b0b0b0b
8628 0606060606
8629 0101010606
8630 0101010101
8631 0401010401
8632 0606040406
8633 0606060406
8634 0909090606
8635 0e0e0b0b0b
8636 06060b0e0e
8637 0606040404
8638 0906040406
8639 0e0e0e0e0e
8640 1513131310
8641 1313131313
8642 1313131313
8643 1313131313
8644 1313151315
8645 1310131313
8646 1815131313
8647 1013151818
8648 1313101010
8649 1313151313
8650 1315131513
8651 1513131313
8652 1313131313
8653 1318181815
8654 1515181513
8655 1013151515
8656 1315101013
8657 1013131315
8658 0e0e0e0e10
8659 09090b0b0e
8660 0101040406
8661 0906060606
8662 090b0e0b0b
8663 0401010404
8664 0606060606
8665 0606060606
8666 0e09060404
8667 0606090b0e
8668 0604060406
8669 0b09060406
8670 131310100e
8671 0e0e101310
8672 151513130e
8673 1313151515
8674 1515131315
8675 1313131515
8676 1515151515
8677 1013131515
8678 1515151813
8679 1515181818
8680 1515151515
8681 1318151513
8682 1313131313
8683 1515151513
8684 1518151515
8685 1315151315
8686 1313131313
8687 1515151515
8688 1515151515
8689 1013131818
8690 0b0b0b0e0e
8691 0406060609
8692 100e0e0906
8693 09090b0b0e
8694 0606090b09
8695 0609090b09
8696 090b0b0909
8697 0606090906
8698 0e09090606
8699 060606090b
8700 0b09060606
8701 1313100e0e
8702 1013131313
8703 0b0e101010
8704 151513130e
8705 1515151515
8706 1515151515
8707 1518151515
8708 1818181815
8709 1518181818
8710 1515131315
8711 1818181a18
8712 1818181818
8713 1518151515
8714 1013131515
8715 1513131310
8716 1515151515
8717 1513131513
8718 1515151515
8719 1313131513
8720 1518151313
8721 1315151818
8722 0e0e0b0e10
8723 100e09060b
8724 0e100e0e0e
8725 060609090b
8726 100e0e0909
8727 0e0e0e0e0e
8728 0b0b0e0e0e
8729 0909090909
8730 0609090909
8731 0e0e0b0909
8732 1310100e0e
8733 1313131313
8734 1010101013
8735 0b0b0e0e0e
8736 1313131313
8737 1515151515
8738 1515151515
8739 1818181815
8740 18181a1818
8741 1815181818
8742 1013151515
8743 1818151510
8744 1518181818
8745 1313151515
8746 1313131313
8747 1313131313
8748 1313131313
8749 1313101313
8750 1313131313
8751 1313101013
8752 1313131313
8753 1313131313
8754 1010131313
8755 0e100e1010
8756 0909090b0b
8757 0e0e0e0b0b
8758 101310100e
8759 0e0e0e0e10
8760 090b0b0b0e
8761 0b0e0e0e0b
8762 0e0e0e0e0e
8763 1313130e0e
8764 1313131313
8765 1010131313
8766 0e0e101010
8767 090b0b0e0e
8768 1513131313
8769 1515151515
8770 1815151515
8771 1818181818
8772 1818181818
8773 1818181818
8774 1818181818
8775 1313151515
8776 1313131013
8777 1313131313
8778 1013131513
8779 1010101013
8780 0b0b0e0e10
8781 1010100e0e
8782 1010101013
8783 1313101010
8784 1010101313
8785 1313151313
8786 0b0b0e1013
8787 0b0b0e100e
8788 0e0e0b0b0b
8789 100e100e0e
8790 0b0e0e1010
8791 0b0b0b0b0b
8792 0e0b090909
8793 0e100e0e0e
8794 101010100e
8795 1313131310
8796 1013131313
8797 1010101010
8798 0e100e0e10
8799 090b0b0e0e
8800 1515151310
8801 1515151515
8802 1515151515
8803 1818181515
8804 1818181818
8805 1818181818
8806 1818181818
8807 1818181818
8808 1515151518
8809 1313131013
8810 0e0e0b0e10
8811 1010101010
8812 0b0e0e0e0e
8813 060609090b
8814 0b0b090909
8815 130e0e0e0b
8816 1313131313
8817 100e101013
8818 0e10101010
8819 0e0e0e0e10
8820 1010101310
8821 1010101013
8822 0b0b0e1010
8823 0e0e0e0b0b
8824 13100b0b0b
8825 1313151513
8826 1513151315
8827 1315181518
8828 1315131313
8829 1313131313
8830 1010101313
8831 090b0e1010
8832 151513100e
8833 1515151515
8834 1515151515
8835 1515151515
8836 1518181815
8837 1818181818
8838 1518151818
8839 1010101013
8840 1310101010
8841 1515151513
8842 1515181515
8843 1315151515
8844 1013101013
8845 0e0e0e0e0e
8846 0e0b0b0b0b
8847 0e0e0e100e
8848 1315131313
8849 0e0e101010
8850 101010100e
8851 15100e100e
8852 1013131315
8853 0e100e1010
8854 0b0b0b0b0b
8855 0e0e0e0b0b
8856 1013100e0e
8857 1315151310
8858 1513131515
8859 1515151513
8860 1315151515
8861 1313131315
8862 1010101013
8863 090b0b0e0e
8864 1310101010
8865 1515151515
8866 1515151515
8867 1515151515
8868 1515151313
8869 1515181515
8870 1515151515
8871 1815151515
8872 1313151518
8873 100e101010
8874 1515151313
8875 1010131315
8876 1010101010
8877 1313101010
8878 1013131513
8879 1313131010
8880 0b0e101513
8881 0e0e090b09
8882 1513131310
8883 1313131313
8884 1013131315
8885 0e0b0e0e0e
8886 131310100e
8887 10100e1010
8888 1013131310
8889 1515181513
8890 1515151315
8891 1313131515
8892 1010101313
8893 0e100e1010
8894 090b0b0e0e
8895 0609090909
8896 1515151010
8897 1515151515
8898 1515151815
8899 1515151515
8900 1515131315
8901 1515131313
8902 1515151315
8903 1313101315
8904 1315151515
8905 090e0e1010
8906 1009090b09
8907 1515151513
8908 1010101013
8909 1310101010
8910 1515151513
8911 0e10131515
8912 0b0b090b0b
8913 131313130e
8914 1313131313
8915 1313131313
8916 0e10131313
8917 13130e0b0e
8918 1313131313
8919 1313131313
8920 1313131313
8921 1515151513
8922 1515181518
8923 1313131515
8924 0e0e101010
8925 090b0b0e0e
8926 040606060b
8927 0101010404
8928 1515151515
8929 1515151515
8930 1515151515
8931 1313131515
8932 1515151513
8933 1515131515
8934 1313151315
8935 1313151513
8936 1315151513
8937 100e101013
8938 0e0e0e0e10
8939 0b0b0e0e0e
8940 0b0b09090b
8941 151818130b
8942 1515131515
8943 1013131313
8944 100e0b0b0e
8945 1313131010
8946 1013131313
8947 0e10100e10
8948 0e0b0b0b0e
8949 1313131313
8950 1313131515
8951 1313151513
8952 1515151515
8953 1515151515
8954 1313131515
8955 1010101313
8956 0b0e0e1010
8957 0909090909
8958 0404040409
8959 0404040404
8960 1515131313
8961 1515151515
8962 1515151515
8963 100e101313
8964 1313100e0e
8965 1013131310
8966 1313131310
8967 1515131313
8968 1515151515
8969 1513131313
8970 0e0e131313
8971 0e0e0b0e0e
8972 1313100e0e
8973 1518181815
8974 0e13131515
8975 100e0e0e0e
8976 1313131010
8977 1313101013
8978 1313131313
8979 0e0e101313
8980 1313100e0e
8981 1515131313
8982 1313151515
8983 1515151513
8984 1515151515
8985 1313151515
8986 1010101013
8987 0b0b0b0e0e
8988 09090b0b0b
8989 0404060609
8990 0909060606
8991 0909090909
8992 10100e0e0b
8993 1310101013
8994 1315151513
8995 1515151315
8996 1013151515
8997 1313131310
8998 1515131313
8999 1313131315
9000 1515151515
9001 1515151515
9002 1515151515
9003 1515151515
9004 1815151318
9005 1515151518
9006 13130e1010
9007 1515151515
9008 1515131515
9009 1515151515
9010 1315151515
9011 1010101013
9012 1315151313
9013 1515131315
9014 1515151515
9015 1313151515
9016 1013131315
9017 0b0b0e0e0e
9018 0b0b0b0b0b
9019 090909090b
9020 0909090909
9021 10100b0b09
9022 0b0b0e0e0e
9023 090909090b
9024 1010101010
9025 1513131313
9026 1515151515
9027 1515151815
9028 1315151515
9029 1315151313
9030 1313101013
9031 1313131313
9032 1313131313
9033 1515151515
9034 1515151315
9035 1515151515
9036 1518151815
9037 1315151515
9038 1515131513
9039 1313131515
9040 1513101010
9041 1013151513
9042 0b0b0b0e10
9043 10100e0e0e
9044 1515151515
9045 1515151515
9046 1313131515
9047 0e10101313
9048 0b0b0b0b0b
9049 090909090b
9050 0909090909
9051 0b0e0b0909
9052 1313130e0e
9053 1010131013
9054 0b0b100e10
9055 0609090b0b
9056 1515131313
9057 1515151515
9058 1515151515
9059 1515151515
9060 1513131315
9061 1515151515
9062 1313151815
9063 0b0e100e10
9064 0b090b0b0b
9065 100e0e0b0b
9066 1515131310
9067 1515181515
9068 1010131515
9069 1010101010
9070 1315131010
9071 1310100e10
9072 1513131310
9073 0b0e101313
9074 10100e0e0e
9075 1515131310
9076 1518151818
9077 0e10101313
9078 0b0e0e0e0e
9079 0b0b0b0b0b
9080 0e0b0b0b0b
9081 09090b0b0b
9082 13100e0b09
9083 1010131313
9084 1010131313
9085 1310101010
9086 0b10101313
9087 0606090b0b
9088 1313131313
9089 1515151513
9090 1515181515
9091 1313151515
9092 1813151310
9093 1515181515
9094 1815151515
9095 1318181818
9096 0b0b0b0b10
9097 0e0b04060b
9098 1515151510
9099 1513151515
9100 0b0b101315
9101 0e0b0b0b09
9102 0e0b0e0b0e
9103 101010100e
9104 100e101015
9105 1010101313
9106 1815151513
9107 1315151513
9108 1313131515
9109 1013131513
9110 090b0b0b0e
9111 0909090909
9112 0b0b0b0b0b
9113 0e0e0e0b0b
9114 1010101010
9115 1010101010
9116 1313101010
9117 1013131313
9118 0b0b0e0e0e
9119 0b0b0b0b10
9120 1818151513
9121 1818151518
9122 151515181a
9123 0e0e101313
9124 1010101010
9125 1313101010
9126 1515151515
9127 1315151515
9128 0906090e13
9129 15130e0b09
9130 1515151515
9131 1513151515
9132 1315151515
9133 1815131513
9134 1313131818
9135 1010101313
9136 1013100e10
9137 1815130e0e
9138 1315151515
9139 1513131313
9140 1013131313
9141 0e10101013
9142 0e0e0b0b0b
9143 0e0b100e10
9144 1313131310
9145 1313131313
9146 1515151513
9147 1515151515
9148 1313101313
9149 0e0e0e1010
9150 0b0b0b0e0e
9151 090b0b0b0b
9152 1515151310
9153 1818181518
9154 1515181818
9155 1013151515
9156 090b0e0e10
9157 131310100b
9158 1013131313
9159 1010101010
9160 1313131313
9161 1515131010
9162 1515151515
9163 1515151513
9164 1515151815
9165 1313151515
9166 1313131515
9167 0e0e101013
9168 100e100e10
9169 1815151313
9170 1313151515
9171 1010131313
9172 0e0e101010
9173 1310100e0e
9174 1010101313
9175 1313131013
9176 1515131313
9177 1315151515
9178 1313131313
9179 1013131313
9180 1010101010
9181 1010101010
9182 1010131010
9183 1010101010
9184 1515151310
9185 1818181515
9186 1818181818
9187 1515151515
9188 0e10131313
9189 0e0b0b090b
9190 1013100e0e
9191 1310101010
9192 1315101010
9193 1515151313
9194 1515151515
9195 1315151515
9196 1818181515
9197 1815151818
9198 1515151818
9199 1315151515
9200 1313131313
9201 1010131310
9202 1010101010
9203 0e100e1010
9204 1010100e0e
9205 1313131313
9206 1313131013
9207 1313131313
9208 1313131313
9209 1313131313
9210 1013131313
9211 1010131310
9212 1010101010
9213 1010101010
9214 1010101010
9215 0e0e0e1010
9216 1513131310
9217 1818181515
9218 181a181818
9219 1013151518
9220 1310101010
9221 1015131313
9222 0b0b0b0b0e
9223 0e0b09060b
9224 0e0e0e0e0e
9225 1313130e0e
9226 1315151515
9227 1013131313
9228 1515151510
9229 1515151515
9230 1515151515
9231 1315151515
9232 1010101010
9233 100e0e0e0e
9234 0e10100e10
9235 10100e1010
9236 1010101010
9237 1313131310
9238 1313131010
9239 1013101013
9240 1310101010
9241 1313131310
9242 1010131313
9243 1010101010
9244 1010101010
9245 1010101010
9246 0b0e0e100e
9247 09090b0b0e
9248 1310101010
9249 1818181515
9250 1818181818
9251 1010131518
9252 1515131010
9253 1313131315
9254 0e0e131313
9255 0b0b0e0e0e
9256 0906060609
9257 1313100e09
9258 1310101313
9259 1013131013
9260 1313101010
9261 1515151513
9262 1010131013
9263 1310131010
9264 0e0e0e0e10
9265 100e0e0e0e
9266 0e0e100e0e
9267 0e0e0b0e0e
9268 1010100e0e
9269 1010131010
9270 1515131315
9271 1513131513
9272 1313131513
9273 1010131313
9274 1310131310
9275 1010101013
9276 1010101010
9277 0e0e0e1010
9278 0b0b0b0e0e
9279 090b0b0b0b
9280 1313101010
9281 1815181513
9282 1818181818
9283 1010131315
9284 1310101010
9285 1313151515
9286 1313131310
9287 1315151515
9288 0e10131315
9289 100e0e0e0e
9290 1010101010
9291 1310101313
9292 1313131313
9293 1313131513
9294 1313131313
9295 0e0e0e1010
9296 0e0e0e0b0e
9297 0e0e101010
9298 0e0e0e0e0b
9299 1313101010
9300 1313131313
9301 1313151510
9302 1313131313
9303 1313131313
9304 1313131313
9305 1313101313
9306 1010131010
9307 0e10101010
9308 0e0e0e0e0e
9309 0b0b0b0b0e
9310 0b0b0b0b0b
9311 0909090909
9312 131010100e
9313 1515131313
9314 1518181818
9315 1010101315
9316 0e0e0e0e10
9317 0b0e100e0e
9318 1010100e09
9319 1515151310
9320 1315131313
9321 1010101310
9322 1315151315
9323 1010101313
9324 1313131010
9325 1313131013
9326 100e101013
9327 0e0e101010
9328 100e0e100e
9329 0b0e101010
9330 0e0e0e0e0b
9331 100e100e0e
9332 1010101010
9333 1010101010
9334 1010131310
9335 1010101010
9336 1013101010
9337 1010101010
9338 1010101010
9339 0e0e0e1010
9340 0e0e0e0e0e
9341 0b0b0b0b0b
9342 0b0b0b0b0b
9343 0909090b0b
9344 1010100e0e
9345 1513131310
9346 1315151515
9347 1013131313
9348 1010101010
9349 0e100e0e10
9350 1013131310
9351 130e0e0b10
9352 1013101013
9353 0b0e101010
9354 0e0e0b0b0b
9355 100e100e0e
9356 100e0e0e0e
9357 0e0e0e0e0e
9358 13100e0e0e
9359 0e0e0e1010
9360 0b0e101010
9361 0e0b0e0b0b
9362 0b0b0b0e0e
9363 0b0e0e0b0e
9364 10100e100e
9365 1010101010
9366 1010101010
9367 1010101010
9368 0e100e0e0e
9369 0e10101010
9370 0e0e10100e
9371 0e0e0e0e0e
9372 0e0e0e0e0e
9373 0e0e0e0e0e
9374 0b0b0b0b0e
9375 090b090b0b
9376 1010100e0e
9377 1313101010
9378 1313131313
9379 1313131313
9380 1515131313
9381 1010131313
9382 0e0e0e0e10
9383 1010100e0b
9384 0e10101010
9385 0e0b0b0b0e
9386 0b0b0b0b0b
9387 131010100e
9388 0b0b0b0e13
9389 0b0b0b0b0b
9390 0e0e0b0e0b
9391 0b0b0b0e0b
9392 0b0b0b0b0b
9393 0e0b0b0b0b
9394 10100e0e0e
9395 1010101010
9396 1010101010
9397 1010101010
9398 1010101010
9399 1010101010
9400 1010101010
9401 1010101010
9402 0e0e101010
9403 0e0e0e0e0e
9404 0e0e0e0e0e
9405 0e0e0e0e0e
9406 0b0b0b0b0e
9407 09090b0b0b
9408 0e0e0e0e0e
9409 101010100e
9410 1313131013
9411 1313131313
9412 1313101013
9413 1010101010
9414 0e0e101310
9415 0b100e0e0e
9416 0e0e0e0e0e
9417 0e0e0e0e0e
9418 0b0b0b0b0e
9419 0b0b090b0b
9420 0b0e0b0b0b
9421 0b0b0b0b0b
9422 0b0b0b0b0b
9423 0b0b0e0b0b
9424 0e090b0b0b
9425 0e0e0b0b0b
9426 1010100e0e
9427 1010101010
9428 1010101010
9429 1010101010
9430 1010101010
9431 1010101010
9432 1010101010
9433 0e10101010
9434 0e0e0e0e0e
9435 0e0e0e0e0e
9436 0e0e0e0e0e
9437 0e0e0e0e0e
9438 0b0b0b0b0b
9439 0909090b0b
9440 0e0b0b0b09
9441 131010100e
9442 1313131313
9443 1313101010
9444 1010101313
9445 1010101010
9446 0e0e0e1010
9447 0e0b101010
9448 09090b0b0b
9449 0b0b090909
9450 0b0b0b0b0b
9451 090909090b
9452 0b0b0b0b09
9453 0b0b0b0b0b
9454 0b0b0b0b0b
9455 0b0b0b0b0b
9456 0e0e0b0b0b
9457 0b0b0b0b0b
9458 0e0e0b0b0b
9459 0e0e0e100e
9460 0e100e0e0e
9461 0e0e0e0e0e
9462 1010101010
9463 0e0e100e10
9464 0e0e0b0e0e
9465 0e0e0e0e0e
9466 0e0e0e0e0e
9467 0e0e0e0e0e
9468 0b0b0b0b0b
9469 0b0b0b0b0e
9470 0909090b0b
9471 0404060609
9472 0e0e0e0b0b
9473 101010100e
9474 1010101010
9475 1010101010
9476 1010101010
9477 0e0e0e0e0e
9478 0e0e0e0e0e
9479 0e0e0b0e0e
9480 0b0b0e0e0e
9481 0b090b0b0b
9482 0909090b0b
9483 0909090909
9484 0b09090909
9485 0b0b0b0b09
9486 0b0b0b0b0b
9487 0b0b0b0b0b
9488 0b0b0b0b0e
9489 0b0e0e0b0b
9490 0e0e0b0e0b
9491 0e0e0e0e0e
9492 0e100e0e0b
9493 0e0e0e0e0e
9494 0e0e0e0e0e
9495 0e0e0e0e0e
9496 0e0e0e0e0e
9497 0e0e0e0e0e
9498 0b0b0b0e0b
9499 0b0b0b0b0b
9500 09090b0b0b
9501 090909090b
9502 0606090909
9503 0404040606
9504 0e0e0e0b09
9505 1010100e0e
9506 0e10101010
9507 0e0e0e100e
9508 0e0e0e0e0e
9509 0e0e0e0e0e
9510 09090b0e0b
9511 0b0b0b0b0b
9512 090909090b
9513 0909090909
9514 0909090909
9515 0909090909
9516 0909090909
9517 0909090909
9518 0606090906
9519 0909090606
9520 0b0b0b0909
9521 0b0b090b09
9522 0b0b090b0b
9523 0b09090b06
9524 0e0b100909
9525 0e0e0e0e0e
9526 0e0e0e0e0b
9527 0b0b0b0e0e
9528 0b0b0b0b0b
9529 0b0b0b0b0b
9530 090b0b0b0b
9531 090909090b
9532 0909090909
9533 0606090909
9534 0404040606
9535 0404040104
9536 0e0b0b0909
9537 0e0e0e0b0b
9538 0e0e0e0e0e
9539 0e0e0e0e0e
9540 0e0e0e0e0e
9541 0b0e0e0e0e
9542 0b0b0b0b0b
9543 0b0b0b0b0b
9544 0b0b0b0b0e
9545 0909090b0b
9546 0906090909
9547 0606060609
9548 0404040406
9549 090b060404
9550 0b0b090909
9551 0b0b090b0b
9552 0e0b0b090b
9553 0909090e0b
9554 060606090b
9555 0906060609
9556 0909090609
9557 0b06090606
9558 0b0b09090b
9559 0b090b0b0b
9560 090b090b0b
9561 0606060609
9562 0606060606
9563 0404040606
9564 0404040406
9565 0104040404
9566 0101010404
9567 0000000000
9568 0b0b0b0909
9569 0e0e0e0e0b
9570 1013101310
9571 1010101010
9572 1010101010
9573 1010101010
9574 1010101010
9575 0e0e0e1010
9576 09090b0b0b
9577 0b0b0b0909
9578 0e0e0e0e0e
9579 10100e100e
9580 0e0e0e1010
9581 10100e100e
9582 0e0e10100e
9583 0e0e0e0e0e
9584 0e0e0e090e
9585 060606090e
9586 0609090906
9587 0404060609
9588 0609040604
9589 0406060406
9590 0609090606
9591 0404060406
9592 0404040101
9593 0404040404
9594 0404040604
9595 0404040404
9596 0101010404
9597 0101000101
9598 0000010101
9599 0000000000
9600 100e0e0e09
9601 1513101010
9602 1515151515
9603 1313131313
9604 1013131313
9605 1313131313
9606 1313131313
9607 1313131313
9608 1013101010
9609 1310101010
9610 1013101013
9611 1310101010
9612 100e101013
9613 0e100e1010
9614 1010100e10
9615 06060b1313
9616 0604040909
9617 0606060606
9618 0404060606
9619 0406040404
9620 0606060906
9621 0404060604
9622 0406040404
9623 0404040404
9624 0101010104
9625 0100000101
9626 0000000001
9627 0000000000
9628 0000000000
9629 0000000000
9630 0000000000
9631 0000000000
9632 0e0b090909
9633 100e0e0e0e
9634 1313131513
9635 1010101010
9636 1310131310
9637 1013101010
9638 1013101010
9639 1010101010
9640 1010100e10
9641 101010100e
9642 01010e0e13
9643 1313100b09
9644 1313131313
9645 1313131313
9646 1313131313
9647 1010131310
9648 0e0e0e1010
9649 0b0b0b0b0e
9650 0406090b0b
9651 0404040404
9652 0106040101
9653 0404040404
9654 0404040604
9655 0104040604
9656 0101010404
9657 0104010101
9658 0000010100
9659 0000000000
9660 0000000000
9661 0000000000
9662 0000000000
9663 0000000000
9664 10100e0e0b
9665 1310101010
9666 1313151313
9667 0e0b0b0e10
9668 1313131310
9669 1313131313
9670 1313131313
9671 1313131313
9672 1010101310
9673 1010101010
9674 0b0b0b1013
9675 1010100e10
9676 100e0e0e0e
9677 1010101010
9678 1310101010
9679 1313131013
9680 1313131310
9681 1010101010
9682 0e10101010
9683 0e0e0e0e0e
9684 09090e100e
9685 0404040409
9686 0404040404
9687 0604040404
9688 0404040104
9689 0104010404
9690 0101010000
9691 0000000000
9692 0000000000
9693 0000000000
9694 0000000000
9695 0000000000
9696 101010100e
9697 1513101010
9698 1515151815
9699 1010131013
9700 131310100e
9701 1313131313
9702 1313131313
9703 1313131313
9704 1010101313
9705 1310101010
9706 1013131313
9707 1313131510
9708 1313131313
9709 1313131313
9710 1313131313
9711 1313131313
9712 1013101313
9713 1313101013
9714 1313131313
9715 1010101010
9716 1313101010
9717 1313101313
9718 06090e1010
9719 0106090904
9720 0000010101
9721 0101000000
9722 0100010404
9723 0000000000
9724 0000010000
9725 0000000000
9726 0000000000
9727 0000000000
9728 0e0e0e0e0b
9729 151310100e
9730 1515151515
9731 1010101013
9732 10100e1010
9733 1010100e0e
9734 1313131313
9735 1010101013
9736 101010100e
9737 1310101010
9738 1010131315
9739 10100e0e0e
9740 1010131013
9741 1013101010
9742 1310101010
9743 1313131313
9744 1310101313
9745 1013101310
9746 1013131313
9747 1010101010
9748 1013101010
9749 1313131310
9750 1313151513
9751 1013131313
9752 0e10131010
9753 0b0b0e0e0e
9754 0104060909
9755 0000000400
9756 0101000000
9757 0000000101
9758 0000000000
9759 0000000000
9760 101010100e
9761 1513131310
9762 1515151815
9763 1010131313
9764 10100e1010
9765 1313101013
9766 1010101313
9767 0e0e0e0e10
9768 1010101010
9769 0b0b0e1010
9770 0e0e0e0e0b
9771 0e0e0e0e0e
9772 0b0e0e0e0e
9773 0e0e0e0e0e
9774 0e0e0e0e0e
9775 10100e0e0e
9776 1310101010
9777 1010101010
9778 1010101010
9779 1010101013
9780 1013131313
9781 1313131310
9782 1313151313
9783 1313131313
9784 1513131313
9785 1313131313
9786 0e0b131013
9787 0e0e000000
9788 090609090e
9789 0000010409
9790 0000000000
9791 0000000000
9792 1010100e0b
9793 1513101010
9794 1515151515
9795 1010101313
9796 0e0e0e100e
9797 0e100e100e
9798 0e0e0b0b0e
9799 100e0b0e0e
9800 0e0e10100e
9801 101010100e
9802 0e100e1010
9803 0b0e0e0e0e
9804 0e0e0e0e0e
9805 0b0b0e0e0e
9806 100e100e0e
9807 0e0b0e0e10
9808 1010101010
9809 1010101010
9810 1010101010
9811 1010101010
9812 1313131310
9813 1313131313
9814 1313131313
9815 1313131313
9816 1313131313
9817 1315151315
9818 1310101310
9819 1010061306
9820 10100e1010
9821 1010101310
9822 0404090e0e
9823 0000000000
9824 0e0e0e0e0b
9825 151310100e
9826 1515151515
9827 1010101313
9828 10100e1010
9829 1010101010
9830 1010101010
9831 100e0e0b0b
9832 0e0e0e0b0e
9833 0e0e10100e
9834 0e10100e10
9835 0e0e0e0e0e
9836 0e0e0e0e0e
9837 0e100e0e0e
9838 0b0e0e0e0e
9839 0e0e0e0e0e
9840 100e0e0e0e
9841 1010101010
9842 1010101010
9843 1010101010
9844 1013131310
9845 1313101310
9846 1313131013
9847 1313101313
9848 1313131313
9849 1015131313
9850 1313131315
9851 1310061301
9852 1010101313
9853 1313130e0e
9854 0e10101010
9855 0604090b0b
9856 0e0e0e0e0b
9857 1313131010
9858 1515151515
9859 1010101013
9860 1010101010
9861 1013131010
9862 1010101010
9863 100e0e1010
9864 0e0e101010
9865 0b0b0e0e0e
9866 0e0e0e0b0b
9867 0e1013100e
9868 100e0e0e0e
9869 101010100e
9870 0e0e0e1010
9871 0e0e0b0e0e
9872 0e0e0e0e0e
9873 1010100e0e
9874 1010101010
9875 0e100e1010
9876 1010101010
9877 1313101010
9878 1313131313
9879 1313131313
9880 1313131313
9881 1513151313
9882 1010101310
9883 1310010401
9884 0e13101013
9885 100e0e0e0e
9886 0e0e0e0e10
9887 060b0e0b10
9888 131013100e
9889 1515131313
9890 1515151515
9891 1010131313
9892 100e100e10
9893 1313101010
9894 1013101313
9895 1010131013
9896 0e1010100e
9897 0e0e0e0e0e
9898 0e0e0e0e0e
9899 0e0e0e100e
9900 10100e100e
9901 1010101010
9902 1010101010
9903 0e10101010
9904 090b0e0e0e
9905 0e0e0e0e0b
9906 101010100e
9907 0e10101010
9908 0e0e0e0e0e
9909 100e0e100e
9910 131310100e
9911 1313131313
9912 1513131313
9913 1015131513
9914 100e101015
9915 130e000900
9916 1010101010
9917 090b0e1010
9918 0b0b0e0b0b
9919 090b0b0b0b
9920 1313100e0e
9921 1513131310
9922 1515151515
9923 0e0e101313
9924 131013100e
9925 1013101013
9926 1313131313
9927 1313151313
9928 1010101313
9929 0e0e0e0e0e
9930 0e0e0e0e0e
9931 0e0e0e0e0e
9932 10100e100e
9933 1010101310
9934 1010101010
9935 1310101010
9936 1010101010
9937 0e10101010
9938 100e0e0e0e
9939 10100e1010
9940 1010131310
9941 0e0b0b0e0b
9942 0b0b0b0b0b
9943 0e0e0e0e0b
9944 151313100e
9945 1510151313
9946 1313131513
9947 1313041304
9948 1313131313
9949 1010101310
9950 0909090b0e
9951 06090b0b0b
9952 10100e0e0e
9953 1513131010
9954 1515151515
9955 1513151513
9956 1513131313
9957 1313131515
9958 1010101313
9959 1013131010
9960 0e100e100e
9961 0e0b100e0e
9962 0e0e0b0b0b
9963 100e0e0e0e
9964 1010100e10
9965 1010100e10
9966 1010101010
9967 1013131010
9968 1310131513
9969 1010101010
9970 1010131010
9971 1010101010
9972 1313131010
9973 1010131310
9974 10100e1010
9975 1310101010
9976 1010101010
9977 1313101310
9978 1315131313
9979 1313060e01
9980 1313131313
9981 1010131313
9982 0b0b0e1010
9983 0b0b0b0b0b
9984 1010100e0e
9985 1515131313
9986 1515151515
9987 1313131515
9988 1013131313
9989 1010101010
9990 0e10101010
9991 0e1013100e
9992 0b0e0b0b0e
9993 0e0e0e0e0b
9994 0e0b0e0e0e
9995 0e0e100e0e
9996 10100e0e0e
9997 1010101010
9998 1010101010
9999 1010101010
10000 1010101010
10001 1010131010
10002 1010131010
10003 1010101010
10004 1310131010
10005 1313131313
10006 1013131313
10007 1313131313
10008 1513131313
10009 0e0e101013
10010 1010100e10
10011 1310010400
10012 1310101013
10013 1010131313
10014 10100e0e10
10015 040b0b0e0e
10016 0e100e0e0b
10017 1313131313
10018 1315151515
10019 100e0e1313
10020 1310101010
10021 1313131313
10022 1313131313
10023 1013131313
10024 0e0e0e0e0e
10025 0b0e0e0e0e
10026 0e0e0e0b0b
10027 100e0e0e0e
10028 0e0e0e0e0e
10029 1010100e10
10030 1010101010
10031 10100e0e10
10032 1310101010
10033 1010131513
10034 1013101010
10035 0e0e10100e
10036 131310100e
10037 1515131313
10038 1313101313
10039 0e0e0e1313
10040 130e0e1010
10041 0e1010100e
10042 10100e0e0e
10043 1310000b04
10044 1310101010
10045 1010101010
10046 00060b0e0e
10047 0000000000
10048 0e0e0e0e0b
10049 1513131010
10050 1515151515
10051 1010101315
10052 1013131010
10053 1010101313
10054 1010101013
10055 1310101310
10056 0e0e101010
10057 0e0e101010
10058 0e100e0e10
10059 0e0e0e100e
10060 1010100e10
10061 0e100e100e
10062 100e0e0e0e
10063 0e0e10100e
10064 0e0e0e100e
10065 10100e1010
10066 1010101013
10067 130e101010
10068 0e10101010
10069 1013100e10
10070 1310101010
10071 1010131013
10072 100e100e13
10073 0e0e0b0e0e
10074 0401000b0e
10075 0e09000101
10076 0e0e0e0e0e
10077 0004090e10
10078 0604000000
10079 0e0e100e0e
10080 10100e0e0e
10081 1513131010
10082 1515151513
10083 1013131313
10084 1310131310
10085 1010101010
10086 0e0e101010
10087 0e0e0e0e0e
10088 0e0e0b0b0b
10089 0b0b0b0b0e
10090 0b0b0b0b0b
10091 0e0b0b0b0b
10092 1010100e0e
10093 1313101010
10094 1010101013
10095 0e0e101310
10096 1010100e10
10097 0b0e0e0e0e
10098 10100e0b0b
10099 10100e1310
10100 100e101010
10101 101010100e
10102 0e100e0e10
10103 0e0e0e0e0e
10104 10100e1310
10105 0e0e101010
10106 0100000006
10107 0000000000
10108 0000000000
10109 0000000000
10110 0e0e0e0e0e
10111 0b0b0b0b0e
10112 1313131013
10113 1313131313
10114 1515151515
10115 1313131315
10116 1313101010
10117 1010131010
10118 0e0e0e1010
10119 0e0e0e0e10
10120 0b0e0e0e0e
10121 0b0b0b0b0b
10122 090b0b0b0b
10123 0b0b090909
10124 0b0b090b0b
10125 0b090e0b0b
10126 0e0e0e0e0e
10127 100e10100e
10128 10100e0e0e
10129 10100e1010
10130 1010131010
10131 100e0e100e
10132 0b100b0b0e
10133 0e0e0e0e0e
10134 0e0e100e0e
10135 130b100e10
10136 1310100e13
10137 00040b0b0e
10138 0000000000
10139 0000000000
10140 0000000000
10141 0000000000
10142 0101060100
10143 0b0b090100
10144 15130b1013
10145 0901040109
10146 13100e0e0e
10147 1313131313
10148 1313101013
10149 0e10131313
10150 0e0e100e10
10151 0e100e0e0b
10152 0e0e0b0e0e
10153 0e0e0e0e0e
10154 090e0e0b0b
10155 090b0e0e0e
10156 0e0e0e0b0b
10157 0e0e0b0b0e
10158 10100e0e0e
10159 0e0e0e0e10
10160 1013101010
10161 1010101010
10162 0e10101010
10163 10100e0e10
10164 0e10101010
10165 0b0b0b0e0b
10166 0b0b0b0b0b
10167 0b0b0b0b0b
10168 00010b0e0b
10169 0000000000
10170 0000000000
10171 0000000000
10172 0000000000
10173 0000000000
10174 0000000000
10175 0000000000
10176 0000000001
10177 0000000000
10178 0101000000
10179 0e0b090901
10180 1013101010
10181 06090e0e0e
10182 0101000604
10183 100e090401
10184 1010100e0e
10185 0e0e100b0e
10186 0b0b0e0b0b
10187 0e0e100e0e
10188 0b0e0b0e0e
10189 0b0e0e0e0e
10190 0b0e100e0b
10191 100e0e1010
10192 1010100e0e
10193 0e0e0e1010
10194 0e0e101010
10195 10100e100e
10196 10100b0b0e
10197 0b0b0e1010
10198 090b0e0e0e
10199 0b0b0e0b09
10200 0000000006
10201 0000000000
10202 0000000000
10203 0000000000
10204 0000000000
10205 0000000000
10206 0000000000
10207 0000000000
10208 0000000000
10209 0000000000
10210 0000000000
10211 0100000001
10212 0000010101
10213 0000000000
10214 0000000000
10215 0000000001
10216 0604010100
10217 0001010101
10218 0000000000
10219 0106060100
10220 13100e0600
10221 1010101010
10222 1010101010
10223 090b0e0e0e
10224 0e100e0b0b
10225 0e0b0b0b0b
10226 100e0b0e10
10227 100e0e1313
10228 100b0b1013
10229 0e10101010
10230 101013100e
10231 0001090b0e
10232 0000000000
10233 0000000000
10234 0000000000
10235 0000000000
10236 0000000000
10237 0000000000
10238 0000000000
10239 0000000000
10240 0000000000
10241 0000000000
10242 0000000000
10243 0000000000
10244 0001010000
10245 0000000000
10246 0000000000
10247 0000000000
10248 0000000000
10249 0000000000
10250 0000000000
10251 0000000000
10252 100b040400
10253 1310151313
10254 1010101010
10255 10100e1010
10256 1013131310
10257 0e0e0b0b0e
10258 100b0e1010
10259 0e0b0e1013
10260 0e0e10100e
10261 1013100e10
10262 060b061010
10263 0000000104
10264 0000000000
10265 0000000000
10266 0000000000
10267 0000000000
10268 0000000000
10269 0000000000
10270 0000000000
10271 0000000000
10272 0000000000
10273 0000000000
10274 0000000000
10275 0000000000
10276 0101000000
10277 0000000000
10278 0000000000
10279 0000000000
10280 0000000000
10281 0000000000
10282 0000000000
10283 0401010000
10284 0013150606
10285 1318181506
10286 1013131313
10287 1010101010
10288 10100e0e10
10289 10130e1010
10290 1313101010
10291 1313131313
10292 0410101010
10293 040406060b
10294 0001060404
10295 0000000000
10296 0000000000
10297 0000000000
10298 0000000000
10299 0000000000
10300 0000000000
10301 0000000000
10302 0000000000
10303 0000000000
10304 0000000000
10305 0000000000
10306 0000000000
10307 0000000000
10308 0000000000
10309 0000000000
10310 0000000000
10311 0000000000
10312 0000010000
10313 0000000001
10314 0000000000
10315 1315150e01
10316 0e15151515
10317 18150e0101
10318 1515131315
10319 1013131515
10320 1313100e10
10321 1315151313
10322 1013131313
10323 090e101313
10324 0100000104
10325 0001040000
10326 0000000100
10327 0000000000
10328 0000000000
10329 0000040400
10330 0000000000
10331 0000000000
10332 0000000000
10333 0000000000
10334 0000000000
10335 0000000000
10336 0000000000
10337 0000000000
10338 0000000000
10339 0000000000
10340 0000000000
10341 0000000000
10342 0000000000
10343 0000000000
10344 0401000000
10345 0e00000104
10346 0e0e13100e
10347 1313151313
10348 1315151313
10349 1501000909
10350 1315131515
10351 1315131313
10352 1310101015
10353 0e10151313
10354 0000000106
10355 0000000000
10356 0006060100
10357 0000000000
10358 0000000000
10359 0000000000
10360 0404010100
10361 0000000404
10362 0000000000
10363 0000000000
10364 0000000000
10365 0000000000
10366 0000000000
10367 0000000000
10368 0000000000
10369 0000000000
10370 0000000000
10371 0000000000
10372 0000000000
10373 0000000000
10374 0000000000
10375 0000000000
10376 0101000000
10377 1310000101
10378 1010131518
10379 1513131310
10380 000b151315
10381 0104010000
10382 0601010104
10383 1515131313
10384 0e10151315
10385 0000010104
10386 0000000000
10387 040b090400
10388 0110150100
10389 0000000000
10390 0000000000
10391 0404040000
10392 0001010106
10393 0000000000
10394 0000000000
10395 0000000000
10396 0000000000
10397 0000000000
10398 0000000000
10399 0000000000
10400 0000000000
10401 0000000000
10402 0000000000
10403 0000010000
10404 0000000000
10405 0100000000
10406 0101000100
10407 0404040404
10408 0000000000
10409 1a0e000401
10410 1013151815
10411 1313131315
10412 0004151515
10413 0600000000
10414 0101010101
10415 1510100100
10416 000100040e
10417 0001040606
10418 0404060100
10419 0613131310
10420 0110100100
10421 0000000104
10422 0000000000
10423 0001000000
10424 0000010404
10425 0000000000
10426 0000000000
10427 0000000000
10428 0000000000
10429 0000000000
10430 0000000000
10431 0000000000
10432 0000000000
10433 0000000000
10434 0100000000
10435 0000000000
10436 0000000000
10437 0404000000
10438 0401010101
10439 0404040404
10440 0000000001
10441 1a00010100
10442 1515151518
10443 1313131315
10444 0004041515
10445 0000000101
10446 0000010100
10447 0000000000
10448 0100000000
10449 0b04060104
10450 04060e1313
10451 010913130e
10452 0006060000
10453 0000000000
10454 0000000000
10455 0000000000
10456 0000000100
10457 0000000000
10458 0000000000
10459 0000000000
10460 0000000000
10461 0000000000
10462 0000000000
10463 0000000000
10464 0000000000
10465 0000000000
10466 0101000000
10467 0000000000
10468 0000000000
10469 0101000000
10470 0104040604
10471 0004040404
10472 0000010000
10473 0601010000
10474 1015131518
10475 1315131315
10476 0101000009
10477 0000000401
10478 0000040100
10479 0000000000
10480 0b00000000
10481 0e04010910
10482 0406131313
10483 0613131313
10484 0000000000
10485 0000000000
10486 0000000000
10487 0100010100
10488 0000000000
10489 0000000000
10490 0000000000
10491 0000000000
10492 0000000000
10493 0000000000
10494 0000000000
10495 0000000000
10496 0000000000
10497 0000000000
10498 0000000000
10499 0000000000
10500 0000000000
10501 0104060000
10502 0404040100
10503 0000040601
10504 0000000000
10505 0101000000
10506 0101101006
10507 0013180901
10508 0101000000
10509 0401000001
10510 0000000104
10511 0001000000
10512 0b00000000
10513 0900010b13
10514 04060e1313
10515 0915151510
10516 0000000000
10517 0101000000
10518 0001010000
10519 0000000000
10520 0000000000
10521 0000000000
10522 0000000000
10523 0000000000
10524 0000000000
10525 0000000000
10526 0000000000
10527 0000000000
10528 0100000000
10529 0000000000
10530 0000000000
10531 0000000000
10532 0000000000
10533 0404040000
10534 0409060604
10535 0000010106
10536 0100000000
10537 0100000000
10538 0000000000
10539 0000000000
10540 0604000000
10541 0001010401
10542 0000000000
10543 0006000000
10544 0000000000
10545 0000000000
10546 0000000000
10547 0000010000
10548 0000000000
10549 0100000000
10550 0404010101
10551 0000000004
10552 0000000000
10553 0000000000
10554 0000000000
10555 0000000000
10556 0000000000
10557 0000000000
10558 0000000000
10559 0000000000
10560 0000000000
10561 0000000000
10562 0000000000
10563 0000000000
10564 0000000000
10565 0106010100
10566 0004040101
10567 0000000000
10568 0000000000
10569 0000000000
10570 0000000000
10571 0000000000
10572 0904000000
10573 0000000000
10574 0000000000
10575 130e000000
10576 000000040e
10577 0000000000
10578 0000000000
10579 0000000000
10580 0000000000
10581 0000010400
10582 0104040404
10583 0000000000
10584 0000000000
10585 0000000000
10586 0000000000
10587 0000000000
10588 0000000000
10589 0000000000
10590 0000000000
10591 0000000000
10592 0000000000
10593 0000000000
10594 0000010000
10595 0000010000
10596 0100000000
10597 0104000001
10598 0001010604
10599 0000000001
10600 0000000001
10601 0000000000
10602 0000000000
10603 0000000000
10604 0400000000
10605 0000040106
10606 0000000001
10607 0409090000
10608 0000040406
10609 0000000000
10610 0000000000
10611 0000000000
10612 0600000000
10613 0001000106
10614 0000000000
10615 0000000000
10616 0000000000
10617 0000000000
10618 0000000000
10619 0000000000
10620 0000000000
10621 0000000000
10622 0000000000
10623 0000000000
10624 0000000000
10625 0000010000
10626 0000000000
10627 0000000000
10628 0000000000
10629 0000000000
10630 0001000000
10631 0000000000
10632 0000000000
10633 0000000000
10634 0000000000
10635 0000000000
10636 0000000000
10637 0100000000
10638 0000000000
10639 0100060600
10640 0001010001
10641 0000000000
10642 0000000000
10643 0000000000
10644 0401000000
10645 0000010101
10646 0000000000
10647 0000000000
10648 0000000000
10649 0000000000
10650 0000000000
10651 0000000000
10652 0000000000
10653 0000000000
10654 0000000000
10655 0000000000
10656 0000000000
10657 0000000000
10658 0000000000
10659 0000000000
10660 0000000000
10661 0000000000
10662 0000000000
10663 0000000000
10664 0000000000
10665 0000000000
10666 0000000000
10667 0000000000
10668 0000000000
10669 0000000000
10670 0000000000
10671 0000000100
10672 0101000000
10673 0000000000
10674 0000000000
10675 0000000000
10676 0000000000
10677 0000000101
10678 0000000000
10679 0000000000
10680 0000000000
10681 0000000000
10682 0000000000
10683 0000000000
10684 0000000000
10685 0000000000
10686 0000000000
10687 0000000000
10688 0000000404
10689 0000000000
10690 0000000000
10691 0000000000
10692 0000000000
10693 0000000000
10694 0000000000
10695 0000000000
10696 0000000000
10697 0000000000
10698 0000000000
10699 0000000000
10700 0000000000
10701 0000000000
10702 0000000000
10703 0000010100
10704 0000000000
10705 0000000000
10706 0000000000
10707 0000000000
10708 0000000000
10709 0000000104
10710 0001000000
10711 0000000000
10712 0000000000
10713 0000000000
10714 0000000000
10715 0000000000
10716 0000000000
10717 0000000000
10718 0000000000
10719 0000000000
10720 0000000004
10721 0000000000
10722 0000000000
10723 0000000000
10724 0000000000
10725 0000000000
10726 0000000000
10727 0000000000
10728 0000060904
10729 0000000000
10730 0000000000
10731 0000000000
10732 0000000000
10733 0000000000
10734 0000000000
10735 0000040100
10736 0000000000
10737 0000000000
10738 0000000000
10739 0000000000
10740 0000000000
10741 0404010100
10742 0004010104
10743 0000000000
10744 0000000000
10745 0000000000
10746 0000000000
10747 0000000000
10748 0000000000
10749 0000000000
10750 0000000000
10751 0000000000
10752 0000000000
10753 0000000000
10754 0000000000
10755 0000000000
10756 0000000000
10757 0000000000
10758 0000000000
10759 0000000000
10760 0001000106
10761 0000000000
10762 0000000000
10763 0000000000
10764 0000000000
10765 0000000000
10766 0000000000
10767 0000000000
10768 0000000000
10769 0000000000
10770 0000000000
10771 0000000000
10772 0000000000
10773 0001010001
10774 0000010000
10775 0000010000
10776 0000000000
10777 0000000000
10778 0000000000
10779 0000000000
10780 0000000000
10781 0000000000
10782 0000000000
10783 0000000000
10784 0000000000
10785 0000000000
10786 0000000000
10787 0000000000
10788 0000000000
10789 0000000000
10790 0000000000
10791 0000000000
10792 0000000000
10793 0000000000
10794 0000000000
10795 0000000000
10796 0000000000
10797 0000000000
10798 0000000000
10799 0401010000
10800 0001000000
10801 0000000000
10802 0000000000
10803 0000000000
10804 0000000000
10805 0000000000
10806 0606040100
10807 0100010100
10808 0000000000
10809 0000000000
10810 0000000000
10811 0000000000
10812 0000000000
10813 0000000000
10814 0000000000
10815 0000000000
10816 0000000000
10817 0000000000
10818 0000000000
10819 0000000000
10820 0000000000
10821 0000000000
10822 0000000000
10823 0000000000
10824 0001000000
10825 0000000000
10826 0000000000
10827 0000000000
10828 0000000000
10829 0000000000
10830 0000000000
10831 0401000000
10832 0104000001
10833 0001010100
10834 0101000000
10835 0604060909
10836 0609060606
10837 0100040101
10838 0106060101
10839 0000010100
10840 0000000000
10841 0000000000
10842 0000000000
10843 0000000000
10844 0000000000
10845 0000000000
10846 0000000000
10847 0000000000
10848 0000000000
10849 0000000000
10850 0000000000
10851 0000000000
10852 0000000000
10853 0000000000
10854 0000000000
10855 0100000000
10856 0000000004
10857 0000000000
10858 0000000000
10859 0000000000
10860 0000000000
10861 0000000000
10862 0000000000
10863 0601010000
10864 0604040404
10865 0604090406
10866 0906060404
10867 0904040606
10868 0b090b0909
10869 090404060b
10870 090906090b
10871 0904090906
10872 0104090606
10873 0404040401
10874 0004060906
10875 0000000000
10876 0000000000
10877 0000000000
10878 0000000000
10879 0000000000
10880 0000000000
10881 0000000000
10882 0000000000
10883 0000000000
10884 0000000000
10885 0000000000
10886 0000000000
10887 0000000000
10888 0000000000
10889 0000000000
10890 0000000000
10891 0000000000
10892 0000000000
10893 0000000000
10894 0404000000
10895 0604040404
10896 0606040406
10897 0106060606
10898 0606040101
10899 0606090606
10900 090b0b0909
10901 0906040909
10902 0606090909
10903 0406040406
10904 0406060409
10905 0604000104
10906 0406060601
10907 0909060906
10908 0004040909
10909 0000000000
10910 0000000000
10911 0000000000
10912 0000000000
10913 0000000000
10914 0000000000
10915 0000000000
10916 0000000000
10917 0000000000
10918 0000000000
10919 0000000000
10920 0000000000
10921 0000000000
10922 0000000000
10923 0000000000
10924 0000000000
10925 0404010100
10926 0104040404
10927 0401010401
10928 0601010106
10929 0101000004
10930 0100010101
10931 0001010106
10932 0401000000
10933 0604040406
10934 0406060406
10935 0606060404
10936 0406060406
10937 0906060104
10938 0606090909
10939 0404040101
10940 0606090906
10941 0004060909
10942 0000000000
10943 0000000000
10944 0000000000
10945 0000000000
10946 0000000000
10947 0000000000
10948 0000000000
10949 0000000000
10950 0000000000
10951 0000000000
10952 0000000000
10953 0000000000
10954 0000000000
10955 0000000000
10956 0401000000
10957 0101040404
10958 0104040404
10959 0101000101
10960 0000000004
10961 0000000000
10962 0000000000
10963 0000000001
10964 0100000000
10965 0606040401
10966 0406040406
10967 0404040401
10968 0606060604
10969 0604040909
10970 0409090606
10971 0106040604
10972 0404010104
10973 0406060609
10974 0000060604
10975 0000000001
10976 0000000000
10977 0000000000
10978 0000000000
10979 0000000000
10980 0000000000
10981 0000000000
10982 0000000000
10983 0000000000
10984 0000000000
10985 0401010000
10986 0000010401
10987 0404010601
10988 0404040101
10989 0104040404
10990 0000000101
10991 0000000000
10992 0000000000
10993 0000000000
10994 0000000000
10995 0000000000
10996 0000000000
10997 0100000000
10998 0100010401
10999 0406060601
11000 0406060604
11001 0406040401
11002 0604040604
11003 0104040404
11004 0406040404
11005 0400010404
11006 0400000000
11007 0000060001
11008 0000000000
11009 0000000000
11010 0000000000
11011 0000000000
11012 0000000000
11013 0000000000
11014 0000000000
11015 0000000000
11016 0000000000
11017 0404010000
11018 0404040406
11019 0000000404
11020 0400000000
11021 0000010101
11022 0000000000
11023 0000000000
11024 0000000000
11025 0000000000
11026 0000000000
11027 0000000000
11028 0000000100
11029 0000000000
11030 0000000000
11031 0604060601
11032 0404010104
11033 0906060404
11034 0101040106
11035 0406040401
11036 0909060606
11037 00060b0404
11038 0000000000
11039 0000010000
11040 0000000000
11041 0000000000
11042 0000000000
11043 0000000000
11044 0000000000
11045 0000000000
11046 0000000000
11047 0000000000
11048 0000000000
11049 0101010000
11050 0000000004
11051 0000000100
11052 0100000000
11053 0000000001
11054 0000000000
11055 0000000000
11056 0000000000
11057 0000000000
11058 0000000100
11059 0000000000
11060 0000000000
11061 0000000000
11062 0000000101
11063 0400010100
11064 0404010001
11065 0606040404
11066 090606010b
11067 0401060906
11068 0606040606
11069 00060b0606
11070 0000010101
11071 0000000000
11072 0000000000
11073 0000000000
11074 0000000000
11075 0000000000
11076 0000000000
11077 0000000000
11078 0000000000
11079 0100010000
11080 0000000000
11081 0000000000
11082 0000000000
11083 0000000000
11084 0000000000
11085 0000000000
11086 0000000000
11087 0000000000
11088 0000000000
11089 0000010001
11090 0001010100
11091 0000000000
11092 0000040000
11093 0000000000
11094 0000010000
11095 0001010000
11096 0000000000
11097 0406060404
11098 0101040406
11099 0404040406
11100 0404010000
11101 0400000000
11102 0104010100
11103 0000000000
11104 0000000000
11105 0000000000
11106 0000000000
11107 0000000000
11108 0000000000
11109 0000000000
11110 0000010000
11111 0101000000
11112 0000010001
11113 0000010000
11114 0000000000
11115 0000000000
11116 0000000000
11117 0000000000
11118 0000000000
11119 0000000000
11120 0000000000
11121 0000000000
11122 0000000000
11123 0000000000
11124 0000000000
11125 0000000000
11126 0000000000
11127 0000000000
11128 0000000000
11129 0b06040600
11130 04090e090b
11131 0009090904
11132 0004040000
11133 0004010100
11134 0000010001
11135 0000000000
11136 0000000000
11137 0000000000
11138 0000000000
11139 0000000000
11140 0000000000
11141 0000000000
11142 0000000000
11143 0000000000
11144 0101000400
11145 0104040100
11146 0000000000
11147 0000000000
11148 0000000000
11149 0000000000
11150 0000000000
11151 0000000000
11152 0000000100
11153 0000000000
11154 0000000000
11155 0000000000
11156 0000000000
11157 0000000000
11158 0000000000
11159 0000000000
11160 0000000000
11161 0b09090604
11162 04090b0909
11163 040b0b0906
11164 0000000000
11165 0406040000
11166 0004040406
11167 0000000100
11168 0000000000
11169 0000000000
11170 0000000000
11171 0000000000
11172 0000000000
11173 0000000000
11174 0000000000
11175 0000000000
11176 0000040001
11177 0104010004
11178 0000000101
11179 0000000000
11180 0000000000
11181 0000000000
11182 0000000000
11183 0000000000
11184 0000000000
11185 0000000000
11186 0000000000
11187 0000000000
11188 0000000000
11189 0000000000
11190 0000000001
11191 0000000000
11192 0104010000
11193 0404090400
11194 0000010404
11195 0101010000
11196 0406000001
11197 0906090000
11198 0101010406
11199 0100000406
11200 0000000000
11201 0000000000
11202 0000000000
11203 0000000000
11204 0000000000
11205 0000000000
11206 0000000000
11207 0000000000
11208 0000040000
11209 0401000100
11210 0004000101
11211 0000000000
11212 0000000000
11213 0000000000
11214 0000000000
11215 0000000000
11216 0000000000
11217 0000000000
11218 0000000000
11219 0000000000
11220 0000000000
11221 0000000000
11222 0000000000
11223 0004040000
11224 0404000101
11225 0001010000
11226 0000010000
11227 0000000000
11228 0100000000
11229 0104000000
11230 0101040101
11231 0100000101
11232 0000000000
11233 0000000000
11234 0000000000
11235 0000000000
11236 0000000000
11237 0000000000
11238 0000000000
11239 0000000000
11240 0000010001
11241 0000000004
11242 0401010101
11243 0000000001
11244 0000000000
11245 0000000000
11246 0000000000
11247 0000000000
11248 0000000000
11249 0000000000
11250 0000000000
11251 0000000000
11252 0000000000
11253 0000000000
11254 0000010000
11255 0400000000
11256 0100010404
11257 0001010000
11258 0000000000
11259 0000000000
11260 0000000000
11261 0000000000
11262 0401000000
11263 0104040604
11264 0000000000
11265 0000000000
11266 0000000000
11267 0000000000
11268 0000000000
11269 0000000000
11270 0000000000
11271 0000000000
11272 0000000000
11273 0000000000
11274 0000000000
11275 0000000000
11276 0000000000
11277 0000000000
11278 0000000000
11279 0000000000
11280 0000000000
11281 0000000000
11282 0000000000
11283 0000000001
11284 0000000001
11285 0000000000
11286 0000000000
11287 0000000000
11288 0000040101
11289 0000000000
11290 0000000000
11291 0000000000
11292 0000000000
11293 0000000000
11294 0000000000
11295 0000000000
11296 0000000000
11297 0000000000
11298 0000000000
11299 0000000000
11300 0000000000
11301 0000000000
11302 0000000000
11303 0000000000
11304 0000000000
11305 0000000000
11306 0000000000
11307 0000000000
11308 0000000000
11309 0000000000
11310 0000000000
11311 0000000000
11312 0000000000
11313 0000000000
11314 0000000000
11315 0000000000
11316 0000000000
11317 0000000000
11318 0000000000
11319 0000000000
11320 0000000000
11321 0000000000
11322 0000000000
11323 0000000000
11324 0000000000
11325 0000000000
11326 0000000000
11327 0000000000
11328 0000000000
11329 0000000000
11330 0000000000
11331 0000000000
11332 0000000000
11333 0000000000
11334 0000000000
11335 0000000000
11336 0000000000
11337 0000000000
11338 0000000000
11339 0000000000
11340 0000000000
11341 0000000000
11342 0000000000
11343 0000000000
11344 0000000000
11345 0000000000
11346 0000000000
11347 0000000000
11348 0000000000
11349 0000000000
11350 0000000000
11351 0000000000
11352 0000000000
11353 0000000000
11354 0000000000
11355 0000000000
11356 0000000000
11357 0000000000
11358 0000000000
11359 0000000000
11360 0000000000
11361 0000000000
11362 0000000000
11363 0000000000
11364 0000000000
11365 0000000000
11366 0000000000
11367 0000000000
11368 0000000000
11369 0000000000
11370 0000000000
11371 0000000000
11372 0000000000
11373 0000000000
11374 0000000000
11375 0000000000
11376 0000000000
11377 0000000000
11378 0000000000
11379 0000000000
11380 0000000000
11381 0000000000
11382 0000000000
11383 0000000000
11384 0000000000
11385 0000000000
11386 0000000000
11387 0000000000
11388 0000000000
11389 0000000000
11390 0000000000
11391 0000000000
11392 0000000000
11393 0000000000
11394 0000000000
11395 0000000000
11396 0000000000
11397 0000000000
11398 0000000000
11399 0000000000
11400 0000000000
11401 0000000000
11402 0000000000
11403 0000000000
11404 0000000000
11405 0000000000
11406 0000000000
11407 0000000000
11408 0000000000
11409 0000000000
11410 0000000000
11411 0000000000
11412 0000000000
11413 0000000000
11414 0000000000
11415 0000000000
11416 0000000000
11417 0000000000
11418 0000000000
11419 0000000000
11420 0000000000
11421 0000000000
11422 0000000000
11423 0000000000
11424 0000000000
11425 0000000000
11426 0000000000
11427 0000000000
11428 0000000000
11429 0000000000
11430 0000000000
11431 0000000000
11432 0000000000
11433 0000000000
11434 0000000000
11435 0000000000
11436 0000000000
11437 0000000000
11438 0000000000
11439 0000000000
11440 0000000000
11441 0000000000
11442 0000000000
11443 0000000000
11444 0100000000
11445 0000000000
11446 0000000000
11447 0000000000
11448 0000000000
11449 0000000000
11450 0000000000
11451 0000000000
11452 0000000000
11453 0000000000
11454 0000000000
11455 0000000000
11456 0000000000
11457 0000000000
11458 0000000000
11459 0000000000
11460 0000000000
11461 0000000000
11462 0000000000
11463 0000000000
11464 0000000000
11465 0000000000
11466 0000000000
11467 0000000000
11468 0000000000
11469 0000000000
11470 0000000000
11471 0000000000
11472 0000000000
11473 0000000000
11474 0000000000
11475 0000000100
11476 0000000000
11477 0000000000
11478 0000000000
11479 0000000000
11480 0000000000
11481 0000000000
11482 0000000000
11483 0000000000
11484 0000000000
11485 0000000000
11486 0000000000
11487 0000000000
11488 0000000000
11489 0000000000
11490 0000000000
11491 0000000000
11492 0000000000
11493 0000000000
11494 0000010000
11495 0000000000
11496 0000000000
11497 0000000000
11498 0000000000
11499 0000000000
11500 0000000000
11501 0000000000
11502 0000000000
11503 0000000000
11504 0000000000
11505 0000000000
11506 0000000000
11507 0000000000
11508 0000000000
11509 0000000001
11510 0000000000
11511 0000000000
11512 0000000000
11513 0000000000
11514 0000000000
11515 0000000000
11516 0000000000
11517 0000000000
11518 0000000000
11519 0000000000
11520 0505050505
11521 0505050505
11522 0505050505
11523 0505050505
11524 0a0a050505
11525 0500150f0a
11526 0f0f0f0a05
11527 0a0a0a0a0f
11528 0a0f0f0f0a
11529 050a0a0505
11530 0505050505
11531 05050a0505
11532 0a0a0a050a
11533 050a0a0a0a
11534 0505050a05
11535 050a0a0505
11536 0505050505
11537 0a0a0f0a0a
11538 0505050505
11539 0a05050505
11540 050a0a0a05
11541 0a0a0a0505
11542 0a0a0a0f0a
11543 0a0f0f0a0a
11544 0f0a0a0f0f
11545 0a0a0a0a0a
11546 0a0a0a0a0a
11547 0a0a0a0a0a
11548 05050a0a0a
11549 0505050505
11550 0000050505
11551 0000000505
11552 0505050505
11553 0505050505
11554 0505050505
11555 0505050505
11556 0505050505
11557 0505000005
11558 0a00000505
11559 1a150a0a0a
11560 050a0a0a0f
11561 0a0f0f0a0a
11562 050505050a
11563 050a0a0505
11564 0f0f0f0a0a
11565 0a0a0a1a1a
11566 0f150f0a0a
11567 0a0a0a0a05
11568 0505050505
11569 0505000505
11570 0a0a0a0505
11571 05050a050a
11572 050505050a
11573 0a0a050505
11574 0a0f0a0a0a
11575 0f0f0f0a0a
11576 0a0a0a0f0f
11577 0a0a0a0f0a
11578 0a0a0a0a0a
11579 050a0a0a0a
11580 05050a0a0a
11581 0505050505
11582 0005050505
11583 0000000500
11584 0505050505
11585 0505050505
11586 0505050505
11587 0505050505
11588 0505050505
11589 0a05050a0a
11590 0a0a0f0f0f
11591 0a0f0a050a
11592 0a0a050a0a
11593 0a0a0f150f
11594 0a0a0a050a
11595 0a0a05050a
11596 0a0a0a050a
11597 0f150f0a0f
11598 0a0f151515
11599 0a0a05050a
11600 0a0505050a
11601 050a0a0505
11602 0a0a0a0a0a
11603 050a0a0a0a
11604 0a0a0a0a05
11605 0a0505050a
11606 0a0a0a0a0a
11607 0a0a0a0a0a
11608 0f0a0f0f0f
11609 0a0a0a0f0f
11610 0a0a0a0505
11611 0a0a0a0a0a
11612 0a0a0a0a0a
11613 05050a0a0a
11614 0005050505
11615 0000050000
11616 0505050505
11617 05050a0a05
11618 050a050a05
11619 0a05050a0a
11620 0a0a050a0a
11621 0a050a0a05
11622 0a050a0a0a
11623 0a05050a0a
11624 050505050a
11625 0a0a050005
11626 0a0505050a
11627 0f0f0f0a0a
11628 050a0f0f0a
11629 0f0f150f0a
11630 0a05050a0f
11631 0a0a0a0a0a
11632 0a0a0a0a0a
11633 0a0a0f0a0a
11634 0f0a0a0a0a
11635 0a0a0a0a0f
11636 0f0a0a0a0f
11637 0a0a0a0f15
11638 0a0a0f0f0a
11639 0f0f0f0a0a
11640 0a0a0a0a0a
11641 050a0a0a0a
11642 0a0a0a0a05
11643 0a0a0a0a0a
11644 0a0a0a0a0a
11645 0a0a0a0a0a
11646 0005050505
11647 0505050505
11648 0a0505050a
11649 05050a0505
11650 0a0a0a0a0a
11651 0a0a0a0505
11652 0a0a0a0a05
11653 050a0a050a
11654 0a0a050505
11655 0a0a0a0a0a
11656 0a05050a0a
11657 050a0a0a0a
11658 0a0a0a0a05
11659 0a0a0f0f0a
11660 0a0a05050a
11661 0505000a0a
11662 0a0a0a0505
11663 0505050a05
11664 0a0a050505
11665 0a0a0a0a0f
11666 05050a0a05
11667 150f0f0a05
11668 150a0f0f0f
11669 150f0f0f15
11670 0f0f0f0f15
11671 0f151a1a15
11672 0a0a0a0a0a
11673 0505050a0a
11674 0a0a0a0a0a
11675 0a0a0a0a0a
11676 0a0a0a0a0a
11677 050a0a0a0a
11678 0505050505
11679 0505050505
11680 0505050505
11681 0a0a0a0505
11682 050a050505
11683 050a0a0505
11684 0a0a050505
11685 0a0a0a0a0a
11686 0a05050a05
11687 0a0a0a0a0a
11688 0a0a0a0a0a
11689 0a05050a0a
11690 0505050a05
11691 0505050505
11692 0a0a05050a
11693 0f05050a0f
11694 0a0f15150f
11695 0a0a050505
11696 0505050a0a
11697 050a0a050a
11698 0a0a0a0a0a
11699 0a0a0a0a0a
11700 0f0f0a0a0a
11701 0f0a0a0a0a
11702 0f0f15151a
11703 0f15150f0f
11704 0a0a0a0f1a
11705 0a0a0a0a0a
11706 0f0f0f0f0a
11707 0f0a0f0f0f
11708 0a0f0f0f0f
11709 050a050a0a
11710 0a05050a05
11711 0000050a0a
11712 0505050505
11713 0505050505
11714 050a050505
11715 0a0a050a0a
11716 0a0a0a0a0a
11717 0a0a0a0a0a
11718 0a0a0a0a05
11719 0505050a0a
11720 0505050a05
11721 050a0a0a0a
11722 0a0a0a0a0a
11723 0f0f0a0505
11724 0a15150a0a
11725 15150f0f0f
11726 0a0a0a0f0f
11727 0a0a0f0a0a
11728 0f0a05050a
11729 0f0a0f0f0f
11730 0a0a0a0a0f
11731 0f0a0a0a0a
11732 0a0a0a0a0a
11733 0a0a0f150f
11734 0a0f0f1a15
11735 15150f1515
11736 0f15150f0f
11737 0a0a0f0a0a
11738 0a0f0f0f0a
11739 0f0f0f0f0f
11740 0a0a0f1515
11741 0a0a0a0a05
11742 0f0f15150f
11743 000005050a
11744 0505050505
11745 0505050505
11746 0a0a0a0a0a
11747 0a0a0a0a0a
11748 0a05050a0a
11749 0f0a0a0a0a
11750 0a0a0a0a0f
11751 0f0f0a0a0a
11752 0a0a0a0a0a
11753 0a0a0a0a0a
11754 0a0a0a0a0a
11755 0a0a0a0a0a
11756 0a05050a0a
11757 0a0f0f0a05
11758 0a0a05050a
11759 150f0f0f0a
11760 151a1f1a0a
11761 0a0f0a0f0f
11762 0a0a0f0f0f
11763 0f1a0a0a0a
11764 0a0a0a0f0f
11765 151f1a0a0a
11766 1a1a1a1a15
11767 0f0f150f15
11768 0a0f0a0f0f
11769 0a0a0a0a0a
11770 0f0f0a0f0f
11771 0f0f0f0a0f
11772 050a0a0a0f
11773 0f0a0a0505
11774 05050a150f
11775 0005050505
11776 0a0a0a0a0a
11777 050a0a0a0a
11778 0a0a050a05
11779 0a0a0a0f0a
11780 0a0a0a0a0a
11781 15150f0a0a
11782 151515151a
11783 0f0f15150a
11784 0a0f15150f
11785 0a0f0f0f0f
11786 0f0a0a0a0a
11787 0f15150f0f
11788 0a15150f0f
11789 150f0f0f0f
11790 15150f150f
11791 0f0a0f0a0a
11792 150f0f0a0f
11793 150f151a15
11794 0f15150f0f
11795 0f0f0f0f0a
11796 0a0a0f0a0f
11797 150a0a0a0a
11798 0f150f1515
11799 0a0a0f150f
11800 0a0a0a0a0a
11801 0a0a0a0a0a
11802 0a0a0a0a0a
11803 0a050a0f0a
11804 050a0a050a
11805 0505050505
11806 0505050505
11807 0505050505
11808 0505050a0a
11809 050a0a0a0a
11810 0a0a0a0505
11811 0a0a0a0a05
11812 0a0a05050a
11813 0f0f0f0f0f
11814 0f0f0f0f0f
11815 0f0a1a150a
11816 15151a150f
11817 0f0f151515
11818 0a0a0f0f0f
11819 0f0a0f0a0a
11820 1a1a150f0a
11821 0f0a0f151a
11822 15151a0f0f
11823 15150f0f15
11824 1a1a150f15
11825 15151a1a1a
11826 0f0f0f151a
11827 0f0f0f151a
11828 0a0f0f0f0f
11829 0a0a0a0f0a
11830 0a0f0f0f0a
11831 0a0a0f0f0a
11832 0a0a0a0a0a
11833 0a0a0a0a0a
11834 0a0a0a0a0f
11835 0a0a0a0a0a
11836 050a0a050a
11837 0505050505
11838 0505050505
11839 0505050505
11840 0505050505
11841 0505050505
11842 0a05050505
11843 05050a0a05
11844 0a050a0a05
11845 050a050505
11846 0a050a0505
11847 0a0a0a050a
11848 0505050505
11849 0f0a0a0a0a
11850 0a0f0f0f0f
11851 0a0a0a0a0a
11852 0f151a0f0f
11853 0a0f0f0f0f
11854 0f1515150f
11855 0f0a0f0a0a
11856 050a0a0f0f
11857 15150f0a05
11858 150f0f0f15
11859 151515151a
11860 1a15151515
11861 151515151a
11862 0f0a0f1515
11863 0a0a0a0f0a
11864 0f0a0a0a0a
11865 0a0f0a0a0a
11866 0a0a0a0f0f
11867 0a0a0a0a0a
11868 050a0a0a0a
11869 0505050505
11870 0505050505
11871 0505050505
11872 0a0a050505
11873 0a0a0a0a0a
11874 050a050a0a
11875 0a05050505
11876 0a0a0a0a0a
11877 050a0a0a0a
11878 050a0a0505
11879 0a0a0a0a0a
11880 0f0f150a05
11881 0a0a0a0a0a
11882 0a05050a0a
11883 0f0f0f0a0a
11884 0a0f150f0f
11885 1a1f1a1515
11886 0f0f0f0f1a
11887 0f0a0f150f
11888 05050a0f0f
11889 150a0a0505
11890 0a050f150f
11891 0f0f0f0a0a
11892 150f15150f
11893 1515151515
11894 0a0a0f0f15
11895 0a0a0a0a0a
11896 0a050a0a0a
11897 0a0a0a0a0a
11898 0a0a0a0a0a
11899 0a0a0a0a0a
11900 050a0a0a0a
11901 050505050a
11902 0505050505
11903 0505050505
11904 0a0f0a0a0a
11905 0a0a0a0a0a
11906 0f0f0f0f0a
11907 0a0a0a0a0f
11908 0a0f0a0a0a
11909 0a0a0a0a0a
11910 0a0a0f0f0f
11911 0a0a0f0a0a
11912 0a0a0f0a0a
11913 0a0a0a0a0a
11914 0a0a0a0a0a
11915 0f0a0a0a0a
11916 0f0a0a0a0a
11917 0a05050a0a
11918 1515150f0a
11919 0f0f0f0f15
11920 0a0a0a0f15
11921 15150f0a0a
11922 0f150f1515
11923 0f0f0f0f0f
11924 0a0a0a0f0f
11925 0a0f0f0f0a
11926 0505050a0a
11927 050a0a0a05
11928 0f0f0a0a0a
11929 0a0a0a0a0a
11930 0a0a0a0a0a
11931 0a0a0a0f0a
11932 0a0a0a0a0a
11933 050505050a
11934 0505050505
11935 0505050505
11936 0a0f0f0f0a
11937 0a0f0a0a0a
11938 0a0a0a0a0a
11939 0a0a0a0f0f
11940 0a0a0a0a0a
11941 0f0a0a0a0a
11942 0f0f0f0f0f
11943 0a0a0a0f0a
11944 0a0a0a0a0a
11945 0a0a0a0a0a
11946 0a0a0a0a0a
11947 0a0a050a0a
11948 0a0a0a0f0a
11949 050a050505
11950 0a050a0a05
11951 0a0a0a0a0a
11952 0a0a0f0a0a
11953 0a0f0f0f0f
11954 1a1a1a0f0a
11955 0a0f0f0f15
11956 0a0a0a0a0f
11957 0f0f0f0f0f
11958 0a0a0a0a0a
11959 0a0a0f0f0a
11960 0a0a0f0f0f
11961 0a0a0a0a0a
11962 150f0a0a0a
11963 0a0a0f1515
11964 0a0a0a0a0a
11965 0a0a0a0a0a
11966 0505050a0a
11967 0505050505
11968 0a0a050a0a
11969 0a0a0f0f0a
11970 0a050a0a0a
11971 0a0a0a0a0a
11972 0f0f0a0a0a
11973 0a0a0f0a0a
11974 150a0f0a0a
11975 0f151a251a
11976 0a0a0a0f0f
11977 050a0a0a0f
11978 0a0a0a0a0a
11979 0a0a0a0a0a
11980 0f0f0f0a0a
11981 0f0f0f0f0f
11982 0f0f0f0f0f
11983 150f0f0a0a
11984 0a0f0f0a15
11985 0f0f150f0f
11986 150f0f0a0a
11987 0f0f151505
11988 0a0a0a0a0a
11989 0a0a0a0a0a
11990 0f0a0a0a0a
11991 0a0a0f0f0a
11992 0a0f0f0f0f
11993 0a0a0a0a0a
11994 15150f0a0a
11995 0a0a0a0a1a
11996 0a0a0a0a0a
11997 0a0a0a0a0a
11998 0a0a0a0a0a
11999 05050a0a0a
12000 050505050a
12001 0f0a0a0f0f
12002 0f0a0f0a0f
12003 0a0a0a0f0f
12004 0a0a0a0a0a
12005 0a0a050a0a
12006 150f0a0f0a
12007 0f0f0f0a15
12008 150f0a0f15
12009 0a0a0f0a15
12010 0f0f0f0a0a
12011 0f0f150f0f
12012 0f0f0a0f0f
12013 0f0f0f0f0a
12014 0f0a0f0f0f
12015 0f0f0f0a0f
12016 0f0f150f0a
12017 0f0f0f150f
12018 0f0a0a0a0a
12019 151515150f
12020 0f0f15151a
12021 0a050a0a0a
12022 0f0a0a0a0a
12023 0a0a0a0a0a
12024 0a0a0f0f0a
12025 0f0f0a0a0a
12026 0f15150f0a
12027 0a0a0a0a0a
12028 0a0a0a0a0a
12029 0a0a0a0a0a
12030 0a0a0a0a0a
12031 050a050a05
12032 0a0a05050a
12033 0f0f0a0505
12034 0f0a0a0a0f
12035 0f0f150f15
12036 0f0f0f0f0f
12037 0f0a0a0a0f
12038 05050a0a0a
12039 0a0a0a0a0a
12040 0a0a0a0a0a
12041 0f0f0a0a0a
12042 0a0f0f0f0f
12043 0f1515150a
12044 0a0f0f0a0f
12045 0a0f0a0a0a
12046 0a0a0a0a0a
12047 0f0a0f0f0a
12048 0a0a0a0a0a
12049 0a0f0f0f0f
12050 0f0a0f0a0a
12051 150f0f0a0a
12052 0f0f0f1515
12053 0a0a0a0a0f
12054 0505050a0a
12055 0a0a0a0a05
12056 0a0a0a0a0a
12057 0a0f0f0a0a
12058 0a0a0a0a0a
12059 0a0a0a0a0f
12060 0a0a0a0a0a
12061 0a0a0a0a0a
12062 0a0a0a0a0a
12063 05050a050a
12064 0a0505050a
12065 0a0a0a0f0f
12066 0a0a050505
12067 0f0f0f0f0f
12068 0f0f0f0a0a
12069 0a0f0f0f0f
12070 0a0f0a0a0a
12071 0f0f0f0a0f
12072 150f0f0f0f
12073 0a0f150f0f
12074 0f0f0f0f0f
12075 151515150f
12076 0f0f0f0a0f
12077 150f0f150f
12078 1515151a1a
12079 0a0f0f0f0f
12080 0f0a0a0a0a
12081 0f0f0a0a0f
12082 05050a0a0a
12083 05050a0a05
12084 0f0f0a0a05
12085 0a0a0a0a0f
12086 0a050a050a
12087 0f0a0a0a0a
12088 0f0f0f0f0f
12089 0a0f0f0f0f
12090 0a0a0a0a0a
12091 0a0a0f0f0a
12092 0a0a0a0a0a
12093 0a0a0a0a0a
12094 0a0a0a0a0a
12095 0a0a0a0a0a
12096 0505050505
12097 0f0f0f0f05
12098 0a05050a0a
12099 0a0a0a0f0f
12100 0a0a0a0a0f
12101 0a0a0a0a0a
12102 0f0f0f0a0a
12103 0f0f0f0f0a
12104 0f1515150f
12105 0f0a0f0f0f
12106 0a0a0f0f0f
12107 15150a0a0a
12108 150f151a15
12109 1a0f0f1515
12110 1a15151515
12111 1a15151a1a
12112 150f0f1a1a
12113 1515151515
12114 0f0f0f0f15
12115 0a0a0a0a0f
12116 0a0505050a
12117 050a0a0a05
12118 0a0a0a0505
12119 0f0f0a0a0a
12120 0a0f0f0f0f
12121 0a0a0a0a0a
12122 0a0f0a0a0a
12123 0a0a0a0f0a
12124 0a0a0a0a0a
12125 0a0a0a0a0a
12126 0f0f0f0f0a
12127 0a0a0a0a0f
12128 000005050a
12129 0f0f0a0500
12130 050a0a0a0f
12131 0f0a0a0505
12132 0a0a0f0f0a
12133 0a0a0a0a0f
12134 0a0a0a0a0a
12135 0f0f0f0f0a
12136 0a0f0f0f0f
12137 0a0a050a0a
12138 0a0a0a0a0a
12139 1515150f0f
12140 1515151515
12141 151a1a1515
12142 150f0f0f0f
12143 0f0a0f1515
12144 1a1515150f
12145 151a15151a
12146 0f0f15150f
12147 0a0f0f0f0f
12148 0a0a0a0a0a
12149 0a0a0a0a0a
12150 0a0a0a0a0a
12151 0a0a0a0a0a
12152 0f0a0a0a0a
12153 0a0a0a0a0a
12154 0f0f0a0a0a
12155 0f0a0f0f0f
12156 0a0a0a0a0f
12157 0f0f0f0f0a
12158 0f0f0f0f0f
12159 0a0f0a0a0f
12160 0505050505
12161 0f05050505
12162 050a0f150a
12163 0505050a0a
12164 0f0f0f0a05
12165 0f0f0f0a0f
12166 0a0a0a0a0a
12167 0a0a0a0a0f
12168 0a0a050a0a
12169 0f0f0f0a0a
12170 0a0a0a0a05
12171 1515150a0f
12172 151515151a
12173 150f0f0f0f
12174 0f150f0f15
12175 0a0a0a0f0f
12176 150f0f0a0f
12177 0f0f0f1515
12178 1a1a1a1515
12179 0f1a1a1515
12180 0a0a0f0a0f
12181 0a0a0a0a0a
12182 0a0a0a0a0f
12183 0f0f0f0a0a
12184 0f0f0a0a0a
12185 0f0f0f0f0f
12186 0f0f0f0f0f
12187 0a0f0f0f0f
12188 0f0f0f0f0a
12189 1515150f0f
12190 0f0f0f0f0f
12191 0a0a0a0a0f
12192 050505050a
12193 0505050505
12194 0a0f0f0a05
12195 0f0f0a0a0f
12196 0f0f0f0f0a
12197 0f150f0f0f
12198 151515150f
12199 1515151515
12200 0a0f0f0f15
12201 0a0a0a0a0a
12202 0a0f0f0a0a
12203 05050a0a0a
12204 0a050a0a0a
12205 15150f0a0a
12206 150f0f150f
12207 15151a1a1a
12208 150f0f1515
12209 150f0f1515
12210 0f15151515
12211 0f0a0f0f15
12212 0f0f0a0a0a
12213 0f0f0f0a0a
12214 0f0a0a0a0a
12215 0f0f15150f
12216 0a0f0f0f0f
12217 0a0a0a0a0a
12218 0f0f0f0a0a
12219 0f0f0f0f0f
12220 1515150f0f
12221 0f15151515
12222 0f0a0f0a0f
12223 0a0a0a0a0f
12224 0a050a0a05
12225 0a0a05050a
12226 0f1515150f
12227 050a0a050f
12228 0a0f0f0f0a
12229 0f0a0f0a0a
12230 0a0f0f150f
12231 0f0f0f0f0f
12232 0f0f0f0f0f
12233 0f0f0f0f0f
12234 0a0a0a0f0f
12235 0f0a0a0a05
12236 0f0f0a0f0f
12237 1515151515
12238 15150f1515
12239 1a15151515
12240 0f15151a1a
12241 0f0f0f0f15
12242 0a0f0f0f0f
12243 0505050a0a
12244 0f0f0a0a05
12245 0f0f0f0f0f
12246 0f0f0f0f0f
12247 15151a1f0f
12248 0f0a0f0f0f
12249 0f0f0f0f0f
12250 0f0f0f0f0f
12251 1515150f0f
12252 1515151515
12253 0f0f0f0f0f
12254 0f0f0a0f0f
12255 0a0a0a0f0f
12256 050505050a
12257 0a0f0a0a05
12258 0505050a0a
12259 0f0a0a0505
12260 15150f0f0f
12261 0a0f0f1515
12262 0f150f0f0a
12263 150f0f150f
12264 151a150f15
12265 0f150f1515
12266 15150f0f0f
12267 0f0f0f1515
12268 1515151515
12269 151515151a
12270 0f0f151515
12271 0a0f0f0f0f
12272 15150f0f0f
12273 0f15151515
12274 0a0a0f0f15
12275 0a0a0f0f0f
12276 0f0f0f0a0a
12277 0a0a0a0f0f
12278 0a0f0f0f0f
12279 0f0f0f1a15
12280 0f0f0f0f0f
12281 0f0f0f0f0f
12282 0f0f0f0f0f
12283 0f1515150f
12284 150f0f0f0f
12285 0f0f0f0f15
12286 0a0a0f0f0f
12287 0a0a0a0a0a
12288 050505050a
12289 0f0a0a0505
12290 0f0f0f0f0f
12291 0f0a0a0a0a
12292 0a0a0a0f0f
12293 0a0a0a0a0a
12294 0a0f0f0a0f
12295 15150f0f0f
12296 0f0f0f0f0f
12297 150f0f0f0f
12298 0f1515150f
12299 15150f1515
12300 150f0f0f0f
12301 151515150f
12302 1515151515
12303 0f15151515
12304 0f0f0f150f
12305 0f0f0f0f15
12306 0f0f0f0f0f
12307 0a050a0f15
12308 0f15150f0a
12309 0a0a0f0a0f
12310 1a150f0f0f
12311 0f0f0f151a
12312 0f0f0f0a0a
12313 0f0f0f0f0f
12314 150f0f0f0f
12315 1515150f15
12316 15150f1515
12317 0f0f0f0f15
12318 0f0f0f0f0f
12319 0a0a0f0f0a
12320 0505050505
12321 0a050a0a05
12322 0f0f0f0f0a
12323 0a0a0a0a0a
12324 0a0a0a0a0a
12325 050a0a0a0a
12326 0f0f0f0f0f
12327 0f150f0f0f
12328 0f15150f0f
12329 0a0f0a1515
12330 0a0a0a0a0a
12331 0a0a0a0a0a
12332 0a0f0f0f0f
12333 0f0a0a0a0a
12334 1515151515
12335 0f15151515
12336 0a0f0f0f0f
12337 0f0f0a0f0f
12338 0505050a0f
12339 15150f0505
12340 1515151515
12341 0a0f0a0f0a
12342 151515150f
12343 0f0a0f0a0a
12344 0f0f0f0f0f
12345 0f150f0f15
12346 150f0f0f0f
12347 0f0f0f1515
12348 0f0f0f0f0f
12349 0f0f0f0f0f
12350 150a0a0f0a
12351 150f1a1f1f
12352 050505050a
12353 0a0a0a0a05
12354 0a0f0a0a0f
12355 150f15150f
12356 151515150f
12357 150f0f0f0f
12358 0a0f0f0f0f
12359 0f150f0f0a
12360 0a0a0f0f0f
12361 0a05050a0f
12362 150f0f0a0a
12363 1515151515
12364 0f15151515
12365 0f0f150f0f
12366 15150f0f0a
12367 0f0f0f0f15
12368 0a0a0a0a0a
12369 0505050a0a
12370 0a0a050505
12371 150f0f0a0a
12372 0a0f151a15
12373 0a0f1a0f0a
12374 0a0a0f0f0f
12375 150f0f0f0f
12376 0f0f150f0f
12377 150f0f0f0f
12378 0f15151515
12379 0f150f150f
12380 0f0f0f0f0f
12381 0f0f0f0f0f
12382 150f0f0f0f
12383 0a0f0a0f15
12384 0f0a0a0f0a
12385 0a05050a0a
12386 0a0f0f0f0f
12387 0f15150f15
12388 150f0f0a0f
12389 1515151515
12390 0f0f0f0f15
12391 0a0a0a0a0a
12392 0a0a05050a
12393 0a0f0f0a0a
12394 0f0f0f0f0f
12395 0f15150f0a
12396 0f0f0f0f0f
12397 0a0f0a0a0f
12398 0f0f0f0f0f
12399 0f0f0f0f0a
12400 0f0f151515
12401 0f0a0f0f0a
12402 0f0f0f0f0f
12403 0a0a0a0f0f
12404 0f0f0f0a0a
12405 0f0f151a15
12406 0f0f0a0a0a
12407 0f0f0f0f0f
12408 0f0f0f0f0f
12409 0f150f1515
12410 0f0f151515
12411 0f0f0f1515
12412 0f0f0f0f0f
12413 151a1a1a0f
12414 0f0f0f0f15
12415 0f0f0f0f0f
12416 0a0f0f0f0f
12417 050a0a0a0a
12418 0f0a0a0f0a
12419 0a0f0f0f0f
12420 0a0f0f0a0f
12421 1515150a0f
12422 0f150f1515
12423 0a0a0a0f0f
12424 0f0a0a0f0a
12425 150f0f0f0f
12426 1515151515
12427 1515151a15
12428 1515151a1a
12429 1515151515
12430 0f15151515
12431 151515150f
12432 150f151515
12433 151a151515
12434 0a0a0f1515
12435 15150f0f0a
12436 0f0f0f0f0f
12437 0f0a0a150f
12438 0f0f0f0f0f
12439 0f0f0f0f15
12440 0f0f0f0f15
12441 0f0f0f0f0f
12442 0f0f0f0f0f
12443 1f1a1a150f
12444 15151a1a1a
12445 0a0f151515
12446 1515150f0f
12447 1515150f15
12448 0a0a0a0a0a
12449 150f0f0f0a
12450 0f0f0f0f0f
12451 0f150f0f0f
12452 150f0a0f0f
12453 0f0f0f0f0f
12454 0f1515150f
12455 0f0f0f0f0f
12456 0f0f0f0f0f
12457 0f0f150f0a
12458 0f0f0a0f0f
12459 1515151515
12460 1a1a151515
12461 15151a1a1a
12462 1515151a1a
12463 15150f150f
12464 151515150f
12465 0f15151515
12466 0f0f0f0f0f
12467 0f0f15150f
12468 0f0f150f0f
12469 0f0f0a0f15
12470 0f0f0f0f0f
12471 0f0f0f0f0f
12472 151a151515
12473 1515150f15
12474 151a1a1a15
12475 1515151515
12476 0f0a0f0f15
12477 15150f0f0f
12478 0f0f0f0f0f
12479 1515151515
12480 0f0f0f0f0f
12481 0f0f0f0f0f
12482 0f0f0f0f0a
12483 0f0f0f0f0f
12484 0f0f150f0f
12485 0f0a0f0f0f
12486 1a150f0f0f
12487 0f0f15151a
12488 15150f0f0f
12489 0f15151515
12490 151515150f
12491 0f0f0f0f0f
12492 0f0f0f0f0f
12493 0f15151515
12494 151515150f
12495 0f0f151515
12496 15150f0f15
12497 0f150f0f15
12498 1515150f0f
12499 0f0f0f0f15
12500 0a0a0a0f0f
12501 1515151a15
12502 15151a1a1a
12503 0f0f0a0f15
12504 0f0f0f0f0f
12505 0f0f0f0f0f
12506 1a1a150f0f
12507 0f0f0f151a
12508 150f0f0f0f
12509 15150f0f15
12510 1a1a1a1a1a
12511 0f0f0f151a
12512 0f0f0f0f0a
12513 0f0f0f0f0f
12514 150f0f0f0f
12515 0f0f0f0f15
12516 1515151515
12517 0f0f151515
12518 1515151a0f
12519 151515151a
12520 1515151515
12521 0f1515150f
12522 0f0f0f0f0f
12523 151515150f
12524 151515150f
12525 0f15150f15
12526 0f0f0f0f0f
12527 1515151515
12528 1515151515
12529 0f0f0f1515
12530 0a0a0f0f0f
12531 0a0a0a0f0a
12532 1f1f1a1a15
12533 15150f151f
12534 0f0a0f0f0f
12535 1515151a15
12536 1515151515
12537 0f0f151515
12538 1515151515
12539 0f0f0f1515
12540 151a15150f
12541 1f1a1a1a15
12542 0f1515151a
12543 0f0f0f0f0f
12544 0f0f0a0a0a
12545 0f0f0f0f0f
12546 15150f0f0f
12547 15150f150f
12548 1515151515
12549 15151a151a
12550 15150f0f15
12551 1515151a15
12552 1515151515
12553 1515151515
12554 0f0f0f1515
12555 150f0f0f0f
12556 0f0f151515
12557 150f0f150f
12558 1515151515
12559 1515151515
12560 1515150f15
12561 0f15151515
12562 15150f0f0f
12563 1f1a1a1515
12564 0f1515151a
12565 0f0f0a0a0a
12566 1a1a1f1a15
12567 151515151a
12568 150f151515
12569 15150f1515
12570 0f15151515
12571 151515150f
12572 1a1a1a151a
12573 1515151515
12574 0f0f0f0f15
12575 0a0a0f0f0f
12576 0a0a0a0a0a
12577 0f0f0a0f0f
12578 0f0f0f0f0f
12579 1515151515
12580 15151a151a
12581 150f151515
12582 0f15151515
12583 15150f0f0f
12584 1515151515
12585 0f0f151515
12586 0f0f0f0f0f
12587 0f0f0f0f0f
12588 0f0f0f0f0f
12589 0f0f0f0f0f
12590 0f0f0f0f0f
12591 15150f0f0f
12592 0f0f150f0f
12593 0f150f0f0f
12594 1a1a1a1515
12595 151a1a1515
12596 0f0f0a0a0f
12597 1515151515
12598 151a151a1a
12599 0f15151515
12600 0f0f0f150f
12601 151515150f
12602 1515151515
12603 1a1a1a1515
12604 151515151a
12605 0f0f150f15
12606 0f0f0f0f0f
12607 0a0a0a0f0a
12608 0f0a0f0a0a
12609 0f0f0f0f0f
12610 150f0f0f0f
12611 1515151515
12612 1515151515
12613 1515151515
12614 151a151515
12615 0f0f151515
12616 0f0f0a0a0f
12617 0f0f0f0f0f
12618 0f0f0f150f
12619 0a0a0a0f0f
12620 0a0a0a0a0a
12621 0f0f0f0a0a
12622 0f0f0f0f15
12623 15150f0f0f
12624 150f0f0f15
12625 15151a1515
12626 0f0f0a0f15
12627 0f0f0a1515
12628 1515151515
12629 1515151515
12630 0f0f0f1515
12631 0f0f0a0f0a
12632 1515150f0f
12633 1515151515
12634 1515151515
12635 1515151515
12636 0f0f0f1515
12637 0f0f0f0f0f
12638 0f0f0f0f0f
12639 0a0f0f0f0f
12640 0f0f0f0a0a
12641 0f0f0f0f0f
12642 0f0f0f0f0f
12643 1515150f0f
12644 1515151515
12645 1515151515
12646 1515151515
12647 1515151515
12648 151515151a
12649 1515150f0f
12650 0a05050f0f
12651 0a0f0f0f0f
12652 0f0f0f0a0a
12653 05050a0a0f
12654 0f0a0a0a0a
12655 0f0a0a0a0f
12656 1515150f0f
12657 0f0a0f0f15
12658 0f15151515
12659 151515150f
12660 1a1a1a1515
12661 1515151515
12662 0f0f150f15
12663 151515150f
12664 1f1a151515
12665 151a1a1a1a
12666 15151a151a
12667 0f1515151a
12668 15150f0f0f
12669 1515151515
12670 0f150f1515
12671 0a0f0f0f0f
12672 0f0f0a0a05
12673 0f0f0f0f0f
12674 0f0f0f0f0f
12675 0f0f0f0f0f
12676 0f1515150f
12677 1515151515
12678 0f15151515
12679 0a0a0a0a0f
12680 0f0a0a0a0a
12681 151515150f
12682 1a151a1515
12683 1515151515
12684 1515150f15
12685 15150f150f
12686 0f0f0f0f0f
12687 0f0f0f0f0f
12688 1515151515
12689 15150f0f0f
12690 0f0f0f0f0f
12691 1a1515150f
12692 151515151a
12693 0f0f0f0f15
12694 15150f1515
12695 1a1a151515
12696 151a1a151a
12697 151a15150f
12698 150f0f151a
12699 151515150f
12700 1515151515
12701 1515151515
12702 0f0f0f0f0f
12703 0a0a0a0a0f
12704 0a0a0a0a0a
12705 0f0f0f0f0f
12706 0f0f0f0f0f
12707 0a0f0f0f0f
12708 0f0f0a0a0a
12709 0f0f150f0f
12710 150f150f0f
12711 1a15151515
12712 0f0f15151a
12713 0a0a0f0f0f
12714 1515150f0f
12715 0f0a0f0f0f
12716 0f0f0f0a0a
12717 15150f1515
12718 1515151515
12719 1515150f15
12720 0a0a0f1a15
12721 15150f0f0f
12722 1a15151515
12723 151a151a15
12724 0f15151515
12725 150f0f0f0f
12726 1a151a1a15
12727 1515151a1a
12728 1a151a1a15
12729 15151a1a15
12730 1515151515
12731 1515151515
12732 0f0f0f1515
12733 0f0f0f0f0f
12734 0a0a0a0a0a
12735 0a0a0a0a0a
12736 0f0f0f0a0a
12737 0f0f0f0f0f
12738 0f0f0f150f
12739 0f0f0f0f0f
12740 0f150f0f0f
12741 0f0f0f0f0f
12742 1515150f0a
12743 0f0f0f0f15
12744 0f0f0f0f0a
12745 0005050f0f
12746 0a05050505
12747 151515150f
12748 0f0f0f0f15
12749 0f0f0f0f0f
12750 151515150f
12751 0a0f151a15
12752 0f0f0f0a0a
12753 151a1a1515
12754 1515151515
12755 1515151515
12756 0f0f151515
12757 151a150f15
12758 1515151a1a
12759 151a1a1a15
12760 1515151515
12761 1515151515
12762 151515151a
12763 1515151515
12764 0f0f0f0f0f
12765 0a0a0a0a0f
12766 050a050a0a
12767 0505050a0a
12768 0f0f0f0f0f
12769 0f0f150f0f
12770 0f0f0f0f0f
12771 0a0a0a0f0f
12772 0f0f0f0a0a
12773 0a0a0a0f0f
12774 0f0f0f0f0f
12775 0f0f150f0f
12776 0f0f0f0f0f
12777 0f0f0f0f0f
12778 0a0a0a0f0f
12779 000005050a
12780 0a0a0a0a00
12781 151a1f150f
12782 15150f1515
12783 1515150f0f
12784 150f0f0f15
12785 1515150f15
12786 0f15151515
12787 0f0f150f0f
12788 150f0f0f0f
12789 15151a1a1a
12790 1515151515
12791 1515151515
12792 15151a1a15
12793 1515151515
12794 0f150f1515
12795 0f0f0f0f0f
12796 0a0a0a0f0f
12797 0a0a0a0a0a
12798 0a0a0a050a
12799 0f0f0a0a0a
12800 0f0f0a0a0a
12801 0f150f0f0f
12802 0f0f0f0f0f
12803 05050a0a0a
12804 0a05050505
12805 0f0f0a0a0a
12806 0f0f0f0a0a
12807 15150f0f0f
12808 0f0f0f0f0f
12809 150f0f0f0f
12810 0a0a0f0f0f
12811 0f0f050a0a
12812 15150f0f0a
12813 0f151a1f1a
12814 0a0a151515
12815 0f0f0a0a0a
12816 1515151515
12817 15150f0f15
12818 1515151515
12819 0f0f0f1515
12820 151a1a1515
12821 1515151515
12822 1515151515
12823 151515150f
12824 1515151515
12825 0f0f151515
12826 0f0f0f0f0f
12827 0a0a0a0a0a
12828 0a0a0a0f0f
12829 05050a0a0f
12830 0f0f0f0f0a
12831 0f0f0f0f0f
12832 0505050000
12833 0a05050505
12834 0a0f0f0f0f
12835 0f0f0a0a0f
12836 0a0a0a0a0f
12837 0f0a0a0a0a
12838 15150f0f0f
12839 0f0f0f0f15
12840 15150f0f0f
12841 1515151515
12842 150f0f150f
12843 1515151515
12844 151a1a151a
12845 0f0f0f1515
12846 1a150f0a0a
12847 151a1a1a1a
12848 151a151a1a
12849 1515151515
12850 1515151a15
12851 15150f0f15
12852 151a1a1a15
12853 151a151515
12854 1515151515
12855 0f0f151515
12856 0f0f0f0f15
12857 0a0a0a0a0a
12858 0a0f0a0f0f
12859 0a0a0a0f0a
12860 0a0a0a0f0a
12861 151a15150f
12862 0f15151515
12863 0a0a0a0a0f
12864 050a0a0a0a
12865 0f0a0a0a0a
12866 0f0f0f0f0f
12867 0f0f0f150f
12868 0a0f0f0f0f
12869 0a0f0f0a0a
12870 0f0a0a0a0a
12871 0f0f0f0f0a
12872 0f0f0f0f0f
12873 0a0a0f0f0f
12874 0f0f0f0f0a
12875 0f150f0f15
12876 0f15151515
12877 0f0f150f0f
12878 1515151a15
12879 0f0f0f1515
12880 15150f0f0f
12881 0f0f151515
12882 0f0f0f0a0a
12883 1515151515
12884 151515151a
12885 1515151515
12886 0f0f0f1515
12887 0a0a0f0a0f
12888 0a0a0a0a0a
12889 0a0a0a0a0a
12890 0f0a0f0a0f
12891 15150f0f0f
12892 151a151515
12893 0f0f151a1a
12894 0f0f150f0f
12895 0a0f0f150f
12896 0f0f0f0f0a
12897 0f150f0f0f
12898 0f0f0f0f0f
12899 0f0f0f0f0f
12900 0f0f0f0f0f
12901 0f0f0f0f0f
12902 0f0f15150f
12903 05050a0a0a
12904 0500050505
12905 0a05050505
12906 0f150f0f0a
12907 0f0f150f15
12908 0a0a0f0f15
12909 0a0f0f0a0a
12910 0f150f0f0f
12911 0f0f0f0a0a
12912 151515150f
12913 0f0a0a0f0f
12914 1515151515
12915 151a151515
12916 151515151a
12917 0f0f0f0a0f
12918 0a0a0a0f0f
12919 0f0a0a0a0a
12920 150f0f0f0a
12921 0f0f0f0f0f
12922 151a150f0f
12923 1515151515
12924 0f0f151515
12925 150f0f0f0f
12926 0f0f151515
12927 0f0a0a0f0f
12928 0a0a0a0505
12929 0f0a0a0a05
12930 0f0f15150f
12931 0a0a0a0f0f
12932 150f0f0a0a
12933 0f0f150f0f
12934 150f150f0f
12935 0f15151515
12936 0a0505050a
12937 0a05000005
12938 15151a150f
12939 0f0f0f1515
12940 0a050a0f0f
12941 0a0a0a050a
12942 0f0f0a0a0a
12943 0f0f0f0f0f
12944 150f0a0f15
12945 15151a1515
12946 1a1a1a1a15
12947 0f15151515
12948 0f0f0f0f0f
12949 0a0f15150f
12950 0a0a0f0f0a
12951 0f0f0a0f0f
12952 0f0f0f0f0f
12953 15150f0f0f
12954 0f0f151515
12955 0f0f0f0f0f
12956 15150f0f0f
12957 1515151515
12958 0f0f0f0f0f
12959 150f150f15
12960 15150f0a0a
12961 1515151515
12962 0f0f15151a
12963 000000050a
12964 0505050505
12965 0a0a0a0505
12966 0f0f0f0f0f
12967 0f0f0f0f0f
12968 050000050a
12969 150f0a0a05
12970 0f0f0f1515
12971 150f0f0f0f
12972 1515151515
12973 1a1a151a15
12974 1515151a1a
12975 150f0f1515
12976 151a150f1a
12977 1a15150f0f
12978 0f15151515
12979 150f0f0f0f
12980 0f0f0f0f0f
12981 0f0a0a0a0f
12982 15150f0f0a
12983 151515150f
12984 151515150f
12985 1515151515
12986 1515151515
12987 151515151a
12988 15150f1515
12989 0f0f0f0f0f
12990 0f0f0f0f0f
12991 0f0f0f0f0f
12992 0f0f0f0a05
12993 1515151515
12994 0f15151515
12995 050a0a0a0f
12996 0005050505
12997 0a0a0a0a05
12998 050a0a0a0a
12999 0505050505
13000 0f0f0f0f0f
13001 15150f0a0f
13002 0f0f150f0f
13003 150f0f0f0f
13004 1515151515
13005 0f0f0f1515
13006 0f0f0f0f0f
13007 0a0f0f0a0f
13008 0f0a0f0a0a
13009 15151a1515
13010 0f0f0f0f0f
13011 0f0a0f0f0f
13012 0a0a0a0a0f
13013 15150f0f0a
13014 0f0f151515
13015 1515150f15
13016 1515151515
13017 0f15151515
13018 0f0f0f0f0f
13019 0f0f0f0f15
13020 0f0f0f0f15
13021 0f15150f0f
13022 0f0f15150f
13023 0f0f151515
13024 0a0a0a0505
13025 1515150f0f
13026 1515151515
13027 0a0a0f0f0f
13028 00050a0a0a
13029 0000000000
13030 050a050000
13031 0505050505
13032 0f0a050505
13033 0f0f150f0f
13034 0f150f0f0f
13035 0f0f0f0f0f
13036 1515150f0f
13037 150f0f1515
13038 1515151515
13039 1515151515
13040 1515151515
13041 0a0a0f0f0f
13042 0a0a0a0a0a
13043 0a0a0a0a0a
13044 0f150f0f0a
13045 1515151515
13046 0f0f0f0f15
13047 0f0f0f1515
13048 0f0f0f0f0f
13049 0f0f0f0f0f
13050 0f0f0f0f0f
13051 0f0f0f0f0f
13052 0f0f0f0f0f
13053 0f0f0f0f0f
13054 0f0f0f0f0f
13055 0a0a0f0f0f
13056 0a0a0a0500
13057 1515150f0f
13058 151a151515
13059 05050f0f15
13060 0a05050505
13061 050a0a0a0a
13062 0000000005
13063 0000000000
13064 0000000000
13065 0a0a050500
13066 0a0a0a0a0a
13067 0a0a0a0a0a
13068 0f0f0f0f0a
13069 0f0f0f0f0f
13070 0a0f0f0f0f
13071 0a0a0a0a0a
13072 0a0a0a0a0a
13073 0a0a0a0a0a
13074 0f0a0a0f0a
13075 0f0f0a0a0f
13076 0f0f0f0f0f
13077 0f0f0f0f0f
13078 0f0f0f0f0f
13079 0f0f0f0a0f
13080 0f0f0f0f0f
13081 0f0f0f0f0f
13082 0f0f0f0f0f
13083 0f0f0f0f0f
13084 0f0f0f0f0f
13085 0f0f0f0f0f
13086 0f0f0f0a0f
13087 0f0f0f0f0f
13088 0a05050000
13089 1515150f0f
13090 1515151515
13091 0005050a15
13092 150f050505
13093 05050a0f0f
13094 0f0a0a0a05
13095 00050a0a0a
13096 0000000000
13097 0a0a0a0500
13098 0a0a050a0a
13099 0a0a0a0a0a
13100 0a0a0a0a0a
13101 0a0a0f0f0a
13102 05050a0a0a
13103 0a0a0a0a0a
13104 05050a0a0a
13105 0a0a0a050a
13106 0a0a0f0a0a
13107 0a0a0a0a0a
13108 0f0f0f0f0a
13109 0f0f150f0f
13110 15150f0f15
13111 150f15150f
13112 0f0f0f150f
13113 0f0f0f0f0f
13114 150f15150f
13115 0f0f0f0f15
13116 0f0f0f0f0f
13117 0f0f0f0f0f
13118 0f0f0f0f0f
13119 0a0f0f0f0f
13120 0505050000
13121 150f150f0a
13122 1515151515
13123 0000050a15
13124 0505000000
13125 050a0a0a0a
13126 0f0f0f0a05
13127 0a0a0a0a0a
13128 0a0a0f0f0a
13129 0505000505
13130 0a0a0a0a05
13131 0f05050a0a
13132 0a0a0a0f0f
13133 0a0a0a0f0a
13134 0f0f0a0f0a
13135 0a0a0a0a0a
13136 0a0a0a050a
13137 0a0a0f0f0f
13138 0f0a0a0a05
13139 15150f0f0f
13140 1515151515
13141 0f0f15150f
13142 0f0f0f0f0f
13143 0f0f0f0f0f
13144 0f0f0f0f0f
13145 0f0f0f0f0f
13146 0f0f0f0f0f
13147 0a0f0f0f0f
13148 0f0f0f0f0f
13149 0f0f0f0f0f
13150 0a0a0a0f0f
13151 0a0a0f0f0f
13152 0500000000
13153 0f0f0a0505
13154 0f15151515
13155 0500050a0f
13156 0000000000
13157 0000000000
13158 050a0a0500
13159 0a0a0a0505
13160 0a0a0a050a
13161 0a0505050a
13162 0a0a0a0a0a
13163 0505050a05
13164 0a0a0a0505
13165 0a0a0a0a0a
13166 050505050a
13167 0a05050505
13168 0f0a0a0a0a
13169 050a0a0a0a
13170 0a0a0a0a05
13171 0a0a0a0a0a
13172 0a0a0a0a0a
13173 0a0a0a0a0a
13174 0a0f0f0f0a
13175 0a0a0a0a0a
13176 0f0f0f0f0a
13177 0a0a0a0a0f
13178 0a0a0a0a0a
13179 0f0f0a0f0a
13180 0f0f0f0a0a
13181 0f0f0f0f0f
13182 0f0f0f0f0f
13183 0a0a0f0f0f
13184 0000000000
13185 0a0a050500
13186 0a0f0f0f0f
13187 050a0a0a0a
13188 0505050505
13189 0000000000
13190 050a0a0f05
13191 0505000000
13192 0a05050505
13193 0000050505
13194 0500000000
13195 0505050505
13196 0005050505
13197 0505050505
13198 0a0a0a0505
13199 0a0a0a0a0a
13200 050a0a0f0f
13201 0a0a0a050a
13202 050a050a0a
13203 05050a050a
13204 0a0a0a0a0a
13205 0a0a0a0a0a
13206 0a0a0a0a0a
13207 0a0a0a0a0a
13208 0a0a0a0a0a
13209 0a0a0a0a0a
13210 0f0f0f0a0a
13211 0f0f0f0f0f
13212 0a0f0f0f0f
13213 0f0f0a0a0a
13214 0f0f0f0f0f
13215 0a0a0a0f0f
13216 0000000000
13217 0505050500
13218 0505050505
13219 050a0a0a0a
13220 0a0a05050a
13221 0005050a0a
13222 0000000000
13223 0505050000
13224 0005050505
13225 0505000000
13226 0000050505
13227 0a0a050505
13228 050000050a
13229 0505050505
13230 0505050505
13231 0505050505
13232 0a05050505
13233 0a0a050a05
13234 0a0a0a0a0a
13235 0a0a0a0a0a
13236 0a0a0f0f0a
13237 0a0f0a0a0a
13238 0f0f0f0f0f
13239 0f0f0f0f0f
13240 0f0f0f0f0f
13241 0f0f0f0f0f
13242 0f0f0f0f0f
13243 0f0f0f0f0f
13244 0a0f0f0f0f
13245 0a0a0a0a0a
13246 0f0f0f0f0f
13247 0a0a0f0a0a
13248 0000000000
13249 0505000000
13250 0505050505
13251 05050a0505
13252 0505000505
13253 0505000005
13254 0000050505
13255 0000000000
13256 0500000000
13257 0005000005
13258 0000000000
13259 0505050500
13260 050a0a0505
13261 0505050505
13262 0505050505
13263 0a050a0505
13264 0a0a0a0a05
13265 0a0a0f0a0a
13266 0a0a0a0a0a
13267 0a0a0a0a0a
13268 0a0a0a0a0a
13269 0f0f0f0a0a
13270 0f0f0f0f0f
13271 0f0f0f0f0f
13272 0f0f0f0f0f
13273 0f0f0f0f0f
13274 0f0f0f0f0f
13275 0f0f0f0f0f
13276 0f0f0f0f0f
13277 0f0f0f0f0f
13278 0a0a0f0f0f
13279 0a0a0a0a0a
13280 0000000000
13281 0505050000
13282 0505050505
13283 0505050505
13284 0005050505
13285 0500000000
13286 0000000505
13287 0000000000
13288 0000000000
13289 0000000000
13290 0505000000
13291 0505050500
13292 0505050505
13293 0505050505
13294 0505050505
13295 0505050505
13296 0a0a05050a
13297 050a0a0a0a
13298 0a0a0a0505
13299 0a0a0a0a0a
13300 0a0a0a0a0a
13301 0a0f0f0a0f
13302 0f0f0f0f0a
13303 0f0f0f0f0f
13304 0f0a0f0f0a
13305 0f0f0f0f0f
13306 0f0f0f0f0f
13307 0a0a0f0f0a
13308 0f0f0f0a0a
13309 0a0a0a0a0a
13310 0a0a0a0a0a
13311 050505050a
13312 0000000000
13313 0505050000
13314 0505050505
13315 0505050505
13316 0000000000
13317 0000000000
13318 0000000000
13319 0000000000
13320 0000000000
13321 0000000000
13322 0000000000
13323 0000050500
13324 0505000005
13325 0505050505
13326 0505050505
13327 0505050505
13328 0a0a0a0a0a
13329 0a0a0a0a05
13330 0a0a050a05
13331 0a0a0a0a0a
13332 0f0f0f0f0a
13333 0a0a0a0a0a
13334 0f0f0f0a0f
13335 0f0f0f0f0f
13336 0f0f0f0f0f
13337 0f0f0f0f0f
13338 0f0f0f0a0f
13339 0a0f0f0f0f
13340 0a0a0f0f0a
13341 0a0a0a0a0a
13342 0a0a0a0a0a
13343 0a0a0a0a0a
13344 0000000000
13345 0000000000
13346 0000050500
13347 0000000000
13348 0000000000
13349 0000000000
13350 0000000000
13351 0000000000
13352 0000000000
13353 0000000000
13354 0000000000
13355 0000000000
13356 0000050000
13357 0505000005
13358 0505050500
13359 0505050505
13360 0a0a050a05
13361 0a0a0a0a05
13362 0a0a0a0a0a
13363 050a050a05
13364 0a0a0a0a05
13365 0a0f0a0f0f
13366 0f0f0f0f0a
13367 0f0f0f0f0f
13368 0f0f0f0f0f
13369 0f0a0a0a0a
13370 0a0a0a0a0a
13371 0a0a0a0a0a
13372 0a0a0a0a0a
13373 0a0a0a0a0a
13374 0a0a0a0a0a
13375 0a0a0a050a
13376 0000000000
13377 0000000000
13378 0000000000
13379 0000000000
13380 0000000000
13381 0000000000
13382 0000000000
13383 0000000000
13384 0005050000
13385 0000000000
13386 0000000000
13387 0000000000
13388 0000000000
13389 050a000000
13390 0a0a050505
13391 0a0a0a0a0a
13392 0a0a0a0a05
13393 0a05050a0f
13394 0505050a0a
13395 0a0505050a
13396 0a050a050f
13397 0a05050505
13398 0f0f050a0a
13399 0f0a0f0a0f
13400 050a050a0f
13401 050505050a
13402 0505050a05
13403 0505050505
13404 0505050505
13405 050a0a0505
13406 0505050a0a
13407 0505050505
13408 0000000000
13409 0000000000
13410 0505050505
13411 0000000005
13412 0505050000
13413 0505050505
13414 0505050505
13415 0505050a05
13416 0000000000
13417 0a0a050505
13418 0f0a0f0a0f
13419 15150f150f
13420 0f0f0f1515
13421 0a0f15150f
13422 0a0a0a0a0f
13423 0f0a0a0a0a
13424 0a0f0f0a0a
13425 050505000a
13426 050a0a0505
13427 050005050a
13428 050a050505
13429 050505050a
13430 050a0a0a05
13431 0a0a0f0505
13432 0a0a0a0505
13433 05050a0505
13434 0a05050a05
13435 0a0a0a0a05
13436 0505050505
13437 050a050505
13438 05050a0a0a
13439 0000050505
13440 0000000000
13441 0a0a050000
13442 0f0f0f150f
13443 0a0a0a0a0a
13444 050a0a0505
13445 0a05050505
13446 0505050a0a
13447 0a0a0a0a0a
13448 0a0a0a0a0a
13449 0f0f0f0a0f
13450 0f0a0a0a0a
13451 0a0a0a0a0a
13452 0a0a0a0a0a
13453 0a0a0a0a0a
13454 0f0a0a0a0a
13455 0505050f0f
13456 0000000505
13457 0505050500
13458 0500050505
13459 050a050000
13460 0a05050a0f
13461 0505050a05
13462 050a050505
13463 05050a0505
13464 050505050a
13465 0505000505
13466 0000000505
13467 0000000005
13468 0000000000
13469 0000000005
13470 0505000505
13471 0000000000
13472 0000000000
13473 0500000000
13474 050a0a0f0a
13475 0505000000
13476 0a0a0a0505
13477 050a0a0505
13478 0505050505
13479 0505050505
13480 0505050505
13481 0505050505
13482 000000000a
13483 0f0a0a0000
13484 0f0f0f0f0f
13485 0f0f0f0f0f
13486 0f0f0f0f0a
13487 15150f0f0a
13488 0f150f0f0f
13489 0f0f0f0a0f
13490 05050a0a0f
13491 0505050505
13492 0005050000
13493 0505050505
13494 0505050a05
13495 05050a0a05
13496 0505050a05
13497 050a0a0505
13498 0500050500
13499 0500000005
13500 0000050505
13501 0000000000
13502 0000050000
13503 0000000500
13504 050a050505
13505 0505050505
13506 050f0f0f0a
13507 0000000000
13508 0a05050500
13509 0a0a0a0a0a
13510 0a0a0a0a0a
13511 0a0a0a0a0a
13512 050a0a0a0a
13513 0a0a050505
13514 0a0a0a050a
13515 0a0a0a1515
13516 0a0a0a0a0a
13517 0a0a0a0a0a
13518 0f0a0a0a0a
13519 0f0f0f0a0f
13520 0f0f150f0f
13521 0f0f0f0f0f
13522 0f0f0f0f0f
13523 0f0f0f0f0f
13524 0a0f15150f
13525 050505050a
13526 0505050505
13527 0a05050505
13528 050a0a050a
13529 0505050a0a
13530 0505050000
13531 0000000000
13532 0000000000
13533 0000000000
13534 0000000000
13535 0000000000
13536 0000050500
13537 0f05050500
13538 0a0f15150f
13539 0505050505
13540 0505050500
13541 050a0a0a0a
13542 0a0a0a0a0a
13543 0a0a0a0a0a
13544 0505050a0a
13545 0a0a050505
13546 0f0f0f0f0a
13547 0a0f0f0f15
13548 0f0f0f0a0a
13549 0f0f0f0f0f
13550 0f0f0f0f0f
13551 0f0f0f0f0f
13552 0f0f0f0f0f
13553 0f0f0f0f0f
13554 1515150f0f
13555 0f0f0f0f15
13556 151515150f
13557 1515151515
13558 0a0f151a1a
13559 050a0f0f0f
13560 0505050505
13561 0505050005
13562 05000a0a0a
13563 0000000a00
13564 0505050505
13565 0000050500
13566 0000000000
13567 0000000000
13568 0000000000
13569 0a05050000
13570 0a0f0f0f0f
13571 0505000505
13572 0505050005
13573 0505050500
13574 0a050a0a0a
13575 050505050a
13576 050a050505
13577 0a0a0a0505
13578 0a0a0a0a0a
13579 0a0a050505
13580 0a0a0a0a0f
13581 0a0f0a0a0a
13582 0f0a0a0a0a
13583 0f0f0f0f0f
13584 0f0f0f0f0f
13585 0f0f0f0f0f
13586 0f0f0f0f0f
13587 0f0f0f0f0f
13588 0f150f0f0f
13589 151515150f
13590 1a1a1a1515
13591 15151a1a1a
13592 151a1a1a1a
13593 0f15151515
13594 050a0a0f0f
13595 0505000500
13596 0505000005
13597 0505050505
13598 0000000505
13599 0000000000
13600 0505050500
13601 0f0a050505
13602 0a0f0f150f
13603 0505050505
13604 0505050505
13605 0a0a050505
13606 0505050a0a
13607 0505050505
13608 0505050505
13609 0000000505
13610 0a0a050505
13611 050a0a0a0a
13612 0505050a0a
13613 0a0a0a0a0a
13614 0a0a0a0a0a
13615 0a0a0a0a05
13616 0f0f0a0f0a
13617 0f0f0f0f0f
13618 0f0f0f0f0f
13619 0f0f0f0f0f
13620 0f15151515
13621 1515150f0f
13622 1515151515
13623 1515151515
13624 1a15151515
13625 151a1a1a15
13626 15151a151a
13627 151a050000
13628 0f0a150f15
13629 0505050a0f
13630 0005050005
13631 0000050505
13632 0000000000
13633 0f05000000
13634 0a0f0f0f0f
13635 0000000505
13636 0505000005
13637 0505050505
13638 0005050505
13639 0505050500
13640 0505050505
13641 0a0a0a0505
13642 0a0a0a0a0a
13643 0a05050a0a
13644 0a0a050a0a
13645 05050a0a0a
13646 0a0a0a0a0a
13647 0a0a0a0a0a
13648 0f0f0a0f0f
13649 0f0f0f0f0f
13650 0f0f0f0f0f
13651 0f0f0f0f0f
13652 151515150f
13653 1515151515
13654 1515151515
13655 1515151515
13656 1515151515
13657 1515151515
13658 151515150f
13659 151a051f0f
13660 1515151a15
13661 151a1a1a15
13662 0a0f0f1a1a
13663 0505050505
13664 0000000005
13665 0f0a050500
13666 0a0f0f0f0f
13667 0505050505
13668 0a0a050a0a
13669 0a0a050505
13670 0a0a0a050a
13671 0505050505
13672 0505050005
13673 0505050505
13674 0a0a0a0505
13675 0a0a0a0a0a
13676 0a0a0a0a0a
13677 0a0a0a0a0a
13678 0a0a050a0a
13679 0a0a0a0a0a
13680 0a0a050a0a
13681 0f0f0a0a0a
13682 0f0f0f0f0f
13683 0f0f0f0a0a
13684 0f1515150f
13685 15150f150f
13686 1515150f15
13687 15150f0f15
13688 1515151515
13689 0f15151515
13690 151515151a
13691 151a05150a
13692 150f151515
13693 1515150f0f
13694 1a15151515
13695 0f0f15150f
13696 0000000000
13697 0a05050505
13698 0a0f0f150f
13699 050505050a
13700 0a0a0a0a0a
13701 050a05050a
13702 050a0a0a0a
13703 0a050a050a
13704 05050a0a0a
13705 0505050505
13706 0a0a050505
13707 0a0a0a0a0a
13708 0a0a0a0a0a
13709 0a0f0a0f0a
13710 0a0a0a0a0f
13711 0a0a050a0a
13712 0a0a0a0a0a
13713 0a0a0a0a0a
13714 0f0f0f0a0a
13715 0f0f0f0f0f
13716 0f0f0f0f0f
13717 15150f0f0f
13718 1515151515
13719 1515151515
13720 1515151515
13721 1a15151515
13722 0f151a150f
13723 15150a0000
13724 0f15150f15
13725 0f0f0a0f15
13726 0f0f0f0f15
13727 0f15151515
13728 0505050505
13729 0f0a0a0a05
13730 0f0f0f0f0f
13731 0505050a0a
13732 0505050505
13733 0a0a0a0505
13734 0a0a0a0a0a
13735 050a0a0a0a
13736 050a0a0a0a
13737 05050a0505
13738 05050a0a05
13739 0a0a050a0a
13740 0a0a0a0a0a
13741 0a0a0a0a0a
13742 0f0f0f0f0a
13743 0f0f0f0f0f
13744 0a0a0a0a0a
13745 0a0a0a0a0a
13746 0f0f0f0a0a
13747 0f0f0f0f0f
13748 0f0f0a0a0f
13749 0f0f0f0f0f
13750 15150f0f0f
13751 1515151515
13752 1a15151515
13753 0f1a151515
13754 0f0f15151a
13755 15150a150a
13756 1515151515
13757 0a0f15150f
13758 0f0f0f0f0a
13759 0f0a0f0a0a
13760 0505050500
13761 0f0a050505
13762 0a0f0f0f0f
13763 0505050a0a
13764 0a0a0a0a05
13765 0a0a0a0a0a
13766 0a0a0a0a0a
13767 0a0f0f0f0f
13768 0a0a0a0f0f
13769 0a0a0a0a0a
13770 0a0a0a0a0a
13771 0a0a0a0a0a
13772 0a0a0a0a0a
13773 0f0a0a0f0f
13774 0f0f0a0f0f
13775 0f0f0f0f0f
13776 0f0f0f0f0f
13777 0f0f0f0f0f
13778 0f0a0a0a0f
13779 150f0f0f0f
13780 0f0f15150f
13781 0f0f0a0f0f
13782 0f0f0f0f0f
13783 0f0f0f0f0f
13784 1515150f0f
13785 1a0f1a1515
13786 1515151515
13787 151a001f0f
13788 1515151515
13789 151515150f
13790 0f0a0a0f15
13791 0a0f0f0f0f
13792 0505050505
13793 0f0a0a0505
13794 0f0f0f150f
13795 0a0a0a0a0a
13796 0a0a0a0a0a
13797 0a0a0a0f0a
13798 050a0a0a0a
13799 05050a0a0a
13800 0505050505
13801 0a05050505
13802 0a0a050505
13803 0a0a0a0a0a
13804 0a0a0a0a0a
13805 0a0a0a0a0a
13806 0f0f0a0a0a
13807 0f0f0f0f0a
13808 0f0f0f150f
13809 0f0f0f0f0f
13810 0f0f150f0f
13811 0f0f0f0f0f
13812 1515150f0f
13813 1515151515
13814 1515151515
13815 1515151515
13816 0f15151515
13817 15150f1515
13818 1515151515
13819 151a05150a
13820 1515151515
13821 1515151515
13822 0f0f150f15
13823 0f0f0f0f0f
13824 0505050505
13825 0f0a0a0505
13826 0f0f0f150f
13827 0a0a0a0a0f
13828 050a0a0a0a
13829 0505050505
13830 0505050505
13831 05050a0a05
13832 0505050505
13833 0a0a0a0a0a
13834 050a0a0a0a
13835 0a0a0a0a0a
13836 0a0a0a0a0a
13837 0a0a0f0f0a
13838 0f0f0f0a0f
13839 0f0f0f0f0f
13840 0f0f0f0a0f
13841 0f0f0f0f0f
13842 0f0f0f0f0f
13843 0f0f0f0f0f
13844 150f150f0f
13845 1515151515
13846 1515151515
13847 1515151515
13848 1a15151515
13849 0f0f151515
13850 0f0f0f0f0f
13851 15150a0000
13852 150f150f15
13853 150f151515
13854 15150f0f0f
13855 000a0a1515
13856 0505050500
13857 0a0a0a0a05
13858 0a0f0f0f0f
13859 0505050a0a
13860 0a0a050505
13861 0a0a0a0a0a
13862 0a0a0a0a0a
13863 0a0a0a0a0a
13864 0a0a0a050a
13865 05050a0a0a
13866 0a0a0a0a05
13867 0a0a0a0a0a
13868 0a0a0a0a0a
13869 0a0a0a0a0a
13870 0a0a0f0a0a
13871 0a0a0a0a0a
13872 0f0f0f0f0f
13873 0f0f151515
13874 0f150f0f0f
13875 0f0f0f0f0a
13876 1515150f0f
13877 1a1a151515
13878 1515151515
13879 0f0f0f1515
13880 150f0a0f15
13881 0f0f15150f
13882 0f0f0f0f0f
13883 15150a150a
13884 1515151515
13885 150f15150f
13886 00000a0f0f
13887 0500000000
13888 0505050500
13889 0a050a0505
13890 0a0f0f0f0f
13891 050a0a0a0a
13892 0a0f0a0a0a
13893 0a05050a0a
13894 0a0a0a0a0a
13895 0a0a0a0f0a
13896 0a0a0a0f0a
13897 0a0a0a0a0a
13898 0f0a0a0a0a
13899 0a0a0a0a0a
13900 0a0f0f0f0a
13901 0f0a0a0f0a
13902 0f0a0a0a0a
13903 0f0a0f0f0a
13904 0a0a0a0f0f
13905 0f0a050a0a
13906 0f0f0f0f15
13907 150f0f0f0f
13908 0f0f0f1515
13909 15150f0f0f
13910 150f0f0f0f
13911 1515151515
13912 1a151a1515
13913 0a0f0f0f15
13914 0000000a0f
13915 0a0a050005
13916 0f0f0f0f0f
13917 0000050a0f
13918 1a0f050000
13919 1a1a25251f
13920 0a0505050a
13921 0f0a0a0a0a
13922 0a0f0f0f0a
13923 050a0a0a0a
13924 0a0a0a0a05
13925 0a0a050a05
13926 050a0a0a0a
13927 05050a0a0a
13928 0a05050505
13929 0505050505
13930 0505050505
13931 0a05050505
13932 0f0f0f0a0a
13933 1515150f0f
13934 0f0f0f0f15
13935 0a0a0f150f
13936 15150f0f0a
13937 0a0f0f0f0f
13938 0f0f0f0a0a
13939 150f0f150f
13940 150f0f0f0f
13941 15150f0f0f
13942 0f15150f0f
13943 0f0f0f0f0f
13944 0f0f151a1a
13945 0f0f150f0f
13946 0000000000
13947 0000000500
13948 0000000000
13949 0a00000000
13950 1f1f1f1f1f
13951 0f0f0f0f15
13952 0a0a0f0a0a
13953 0a0a0a0f0a
13954 0f0f0f0f0f
13955 0a0a0a0a0f
13956 0a0a0a0a0a
13957 0a0a0a0a0a
13958 0a0a050a0a
13959 0a0a0a0a0a
13960 0a0a0a0a0a
13961 05050a0a05
13962 0505050a05
13963 0a0a050505
13964 0a0a0a0a0a
13965 0a0a0a0a0a
13966 0a05050a0a
13967 0a0a0a0a0a
13968 0a0f0f0f0f
13969 0f0f0f0a0f
13970 150f151515
13971 150f0f0f0f
13972 0f150f0f0f
13973 0f0f0f0f15
13974 0f0f0f150f
13975 150f0f0f15
13976 15151a0f1a
13977 00000f0a0a
13978 0000000000
13979 0000000000
13980 0000050500
13981 0000000000
13982 0000000000
13983 0f0f0a0000
13984 050500050a
13985 0000000000
13986 0a05000005
13987 0a0a0a0a0a
13988 0f0f0a0a0a
13989 050a0a0a0a
13990 0a0a0a050a
13991 0a0a0a0a05
13992 0a0a050a0a
13993 0a0a0a0f0f
13994 0a0a0a0505
13995 050a0a0a0a
13996 0f0a0a0a0a
13997 0f0a0a0a0a
13998 0f0f0a0a0a
13999 0a0f0a0a0f
14000 0f150f0f0f
14001 0f0f0f0f0f
14002 0a0f0f0f0f
14003 0f0f0f0f0f
14004 0f0f15150f
14005 0f0f0f0f0f
14006 0a0a0a0f0a
14007 0f0f0a0a0a
14008 00000a0f0a
14009 0000000000
14010 0000000000
14011 0000000000
14012 0000000000
14013 0000000000
14014 0000000000
14015 0000000000
14016 0000000000
14017 0000000000
14018 0000000000
14019 0500000000
14020 050a050a05
14021 0000000500
14022 0000000000
14023 0505000000
14024 0a0a0a0a0a
14025 0a050a050a
14026 050a0a0505
14027 0f0f0f0f0a
14028 050a050a0f
14029 0a0a0a0a0a
14030 0a0f0f0a0f
14031 0a0f0f0a0f
14032 0f0f0f0a0f
14033 0f0f0a0a0f
14034 0a0a0f0f0f
14035 0f150f0f0f
14036 150f0f0a0a
14037 0f0f0f0f15
14038 0f0f151515
14039 0a0f150f0f
14040 0500000005
14041 0000000505
14042 0000000000
14043 0000000000
14044 0000000000
14045 0000000000
14046 0000000000
14047 0000000000
14048 0000000000
14049 0000000000
14050 0000000000
14051 0000000000
14052 0000000000
14053 0000000000
14054 0000000000
14055 0000000000
14056 0000000000
14057 0000000000
14058 0000000000
14059 0000000000
14060 0f0f0f0500
14061 0f0f0f0a0f
14062 0f0f0a0f0f
14063 0a0f0f0a0a
14064 0f0f0f0f0a
14065 150f0a0a0a
14066 15150a0f15
14067 150f151515
14068 0f0f0f0f15
14069 150f0f0f0f
14070 0f15151515
14071 00000a0f0f
14072 0000000000
14073 0000000000
14074 0000000000
14075 0000000000
14076 0000000000
14077 0000000000
14078 0000000000
14079 0000000000
14080 0000000000
14081 0000000000
14082 0000000000
14083 0000000000
14084 0000000000
14085 0000000000
14086 0000000000
14087 0000000000
14088 0000000000
14089 0000000000
14090 0000000000
14091 0000000000
14092 0f05000a00
14093 0f0f150f0f
14094 0f0f0f0a0f
14095 0f0f0f150a
14096 0f15151515
14097 0f0f0f0a0a
14098 0f0f0a0f15
14099 0a0a0a0f15
14100 0a0f0f0f0f
14101 1515151515
14102 0005001515
14103 0000000000
14104 0500000000
14105 0000000000
14106 0000000000
14107 0000000000
14108 0000000000
14109 0000000000
14110 0000000000
14111 0000000000
14112 0000000000
14113 0000000000
14114 0000000000
14115 0000000000
14116 0000000000
14117 0000000000
14118 0000000000
14119 0000000000
14120 0000000000
14121 0000000000
14122 0000000000
14123 0a05050000
14124 0015250a0f
14125 0f15150f0a
14126 0f15151515
14127 0f0f0f150f
14128 0f15150f15
14129 1515150f0f
14130 1a1a1a150f
14131 151515151a
14132 0a0a150f15
14133 0505000515
14134 00000a050a
14135 0000000000
14136 0005050500
14137 0000000000
14138 0000000000
14139 0000000000
14140 0000000000
14141 0000000000
14142 0000000000
14143 0000000000
14144 0000000000
14145 0000000000
14146 0000000000
14147 0000000000
14148 0000000000
14149 0000000000
14150 0000000000
14151 0000000000
14152 0000000000
14153 0000000000
14154 0505000000
14155 1a1f251f0a
14156 05151f1f1a
14157 15150f0005
14158 15150f0f0f
14159 0f0f151515
14160 1515150a0f
14161 15151a1515
14162 0f15151515
14163 00050a0f15
14164 0000000000
14165 000a050000
14166 0000000000
14167 0000000000
14168 0000050000
14169 00050a0a05
14170 0000000000
14171 0000000000
14172 0000000000
14173 0000000000
14174 0000000000
14175 0000000000
14176 0000000000
14177 0000000000
14178 0000000000
14179 0000000000
14180 0000000000
14181 0000000000
14182 0000000000
14183 0000000000
14184 0500000000
14185 1a00000005
14186 150f251f1a
14187 0f0f151f1f
14188 0f150f0f15
14189 1505000f0a
14190 0f1515150f
14191 15150f0f0f
14192 150f0f1515
14193 050f0f0f0f
14194 0000000000
14195 0000000000
14196 000a0f0a00
14197 0000000000
14198 0000000000
14199 0000000000
14200 0a05050500
14201 000000050a
14202 0000000000
14203 0000000000
14204 0000000000
14205 0000000000
14206 0000000000
14207 0000000000
14208 0000000000
14209 0000000000
14210 0000000000
14211 0000000000
14212 0000000000
14213 0000000000
14214 0000000000
14215 0000000000
14216 0500000000
14217 251f050000
14218 0f0f151a1a
14219 150f15150f
14220 0000151515
14221 000a0a0500
14222 0000050005
14223 1515150f0f
14224 050a151515
14225 0000000000
14226 0000000000
14227 050f0f0f05
14228 00151f0f00
14229 0000000000
14230 0000000000
14231 05050a0000
14232 0000050005
14233 0000000000
14234 0000000000
14235 0000000000
14236 0000000000
14237 0000000000
14238 0000000000
14239 0000000000
14240 0000000000
14241 0000000000
14242 0000000000
14243 0000000000
14244 0000000000
14245 0000000000
14246 0000000000
14247 0505050505
14248 0000000000
14249 151a000000
14250 0f0f151515
14251 0f0f0f1515
14252 0000151515
14253 0a00000005
14254 0005050500
14255 0f0a0a0000
14256 0500000005
14257 00000f0f0f
14258 0a0a0f0a05
14259 001a1f1f1a
14260 000a0f0f00
14261 000000050a
14262 0000000000
14263 0000050000
14264 0000000500
14265 0000000000
14266 0000000000
14267 0000000000
14268 0000000000
14269 0000000000
14270 0000000000
14271 0000000000
14272 0000000000
14273 0000000000
14274 0000000000
14275 0000000000
14276 0000000000
14277 0005000000
14278 0500000000
14279 0005050505
14280 0000000000
14281 1a00000000
14282 1515151515
14283 0f0f0f0f0f
14284 0a05000a0f
14285 0000000500
14286 0000050505
14287 0000000000
14288 0500000000
14289 1f0a0a050a
14290 050a0f1f1f
14291 00000f1515
14292 00000a0000
14293 0000000000
14294 0000000000
14295 0000000000
14296 0000000500
14297 0000000000
14298 0000000000
14299 0000000000
14300 0000000000
14301 0000000000
14302 0000000000
14303 0000000000
14304 0000000000
14305 0000000000
14306 0000000000
14307 0000000000
14308 0000000000
14309 0000000000
14310 0005050505
14311 0000050505
14312 0000000000
14313 0a00000000
14314 0a150f151a
14315 0f0f0f0f15
14316 0505000000
14317 0500000505
14318 0000050505
14319 0005050005
14320 1f05000000
14321 1505051525
14322 05050a0f15
14323 0a15151515
14324 0000000000
14325 0000000000
14326 0000000005
14327 05000a0a00
14328 0000000000
14329 0000000000
14330 0000000000
14331 0000000000
14332 0000000000
14333 0000000000
14334 0000000000
14335 0000000000
14336 0000000000
14337 0000000000
14338 0000000000
14339 0000000000
14340 0000000000
14341 0005050000
14342 0000050000
14343 0000000500
14344 0000000000
14345 0000000000
14346 0000050a00
14347 0005150500
14348 0505000000
14349 0a05050500
14350 0000000505
14351 0000000005
14352 1a05000000
14353 0f00000015
14354 05050a0f15
14355 0015151515
14356 0000000000
14357 0a05000000
14358 000000000a
14359 0000000000
14360 0000000000
14361 0000000000
14362 0000000000
14363 0000000000
14364 0000000000
14365 0000000000
14366 0000000000
14367 0000000000
14368 0000000000
14369 0000000000
14370 0000000000
14371 0000000000
14372 0000000000
14373 0505050000
14374 050a050a05
14375 0000000005
14376 0000000000
14377 0000000000
14378 0000000000
14379 0000000000
14380 050a050000
14381 000a050a05
14382 0000050500
14383 000a0a0000
14384 0000000000
14385 0000000000
14386 0000000000
14387 0000000000
14388 0000000000
14389 0000000000
14390 0505000000
14391 0000000005
14392 0000000000
14393 0000000000
14394 0000000000
14395 0000000000
14396 0000000000
14397 0000000000
14398 0000000000
14399 0000000000
14400 0000000000
14401 0000000000
14402 0000000000
14403 0000000000
14404 0000000000
14405 0005000000
14406 0000000000
14407 0000000000
14408 0000000000
14409 0000000000
14410 0000000000
14411 0000000000
14412 0505000000
14413 0000000000
14414 0000000005
14415 1f1a050000
14416 000000050f
14417 0000000000
14418 0000000000
14419 0000000000
14420 0000000000
14421 0000000505
14422 0000000000
14423 0000000000
14424 0000000000
14425 0000000000
14426 0000050000
14427 0000000000
14428 0000000000
14429 0000000000
14430 0000000000
14431 0000000000
14432 0000000000
14433 0000000000
14434 0000000000
14435 0000000000
14436 0000000000
14437 0000000000
14438 000000050a
14439 0000000000
14440 0000000000
14441 0000000000
14442 0000000000
14443 0000000000
14444 0500000000
14445 0000050505
14446 0000000005
14447 000f150000
14448 0000050505
14449 0000000000
14450 0000000000
14451 0000000000
14452 0a00000000
14453 000000000a
14454 0000000000
14455 0000000000
14456 0000000000
14457 0000000000
14458 0000000000
14459 0000000000
14460 0000000000
14461 0000000000
14462 0000000000
14463 0000000000
14464 0000000000
14465 0000050000
14466 0000000000
14467 0000000000
14468 0000000000
14469 0000000000
14470 0000000000
14471 0000000000
14472 0000000000
14473 0000000000
14474 0000000000
14475 0000000000
14476 0000000000
14477 0505000000
14478 0000000005
14479 05000f0f00
14480 0005050005
14481 0000000000
14482 0000000000
14483 0000000000
14484 0005000000
14485 0000000000
14486 0000000000
14487 0000000000
14488 0000000000
14489 0000000000
14490 0000000000
14491 0000000000
14492 0000000000
14493 0000000000
14494 0000000000
14495 0000000000
14496 0000000000
14497 0000000000
14498 0000000000
14499 0000000000
14500 0000000000
14501 0000000000
14502 0000000000
14503 0000000000
14504 0000000000
14505 0000000000
14506 0000000000
14507 0000000000
14508 0000000000
14509 0000000000
14510 0000000000
14511 0000000500
14512 0500000000
14513 0000000000
14514 0000000000
14515 0000000000
14516 0000000000
14517 0000000000
14518 0000000000
14519 0000000000
14520 0000000000
14521 0000000000
14522 0000000000
14523 0000000000
14524 0000000000
14525 0000000000
14526 0000000000
14527 0000000000
14528 0000000505
14529 0000000000
14530 0000000000
14531 0000000000
14532 0000000000
14533 0000000000
14534 0000000000
14535 0000000000
14536 0000000000
14537 0000000000
14538 0000000000
14539 0000000000
14540 0000000000
14541 0000000000
14542 0000000000
14543 0000000500
14544 0000000000
14545 0000000000
14546 0000000000
14547 0000000000
14548 0000000000
14549 0000000000
14550 0000000000
14551 0000000000
14552 0000000000
14553 0000000000
14554 0000000000
14555 0000000000
14556 0000000000
14557 0000000000
14558 0000000000
14559 0000000000
14560 0000000000
14561 0000000000
14562 0000000000
14563 0000000000
14564 0000000000
14565 0000000000
14566 0000000000
14567 0000000000
14568 0000050f0a
14569 0000000000
14570 0000000000
14571 0000000000
14572 0000000000
14573 0000000000
14574 0000000000
14575 0000000000
14576 0000000000
14577 0000000000
14578 0000000000
14579 0000000000
14580 0000000000
14581 0000000000
14582 0000000000
14583 0005000000
14584 0000000000
14585 0000000000
14586 0000000000
14587 0000000000
14588 0000000000
14589 0000000000
14590 0000000000
14591 0000000000
14592 0000000000
14593 0000000000
14594 0000000000
14595 0000000000
14596 0000000000
14597 0000000000
14598 0000000000
14599 0500000000
14600 000000000a
14601 0000000000
14602 0000000000
14603 0000000000
14604 0000000000
14605 0000000000
14606 0000000000
14607 000000000a
14608 0000000000
14609 0000000000
14610 0000000000
14611 0000000000
14612 0000000000
14613 0000000000
14614 0500050000
14615 0000050000
14616 0000000000
14617 0000000000
14618 0000000000
14619 0000000000
14620 0000000000
14621 0000000000
14622 0000000000
14623 0000000000
14624 0000000000
14625 0000000000
14626 0000000000
14627 0000000000
14628 0000000000
14629 0000000000
14630 0000000000
14631 0000000000
14632 0000000000
14633 0000000000
14634 0000000000
14635 0000000000
14636 0000000000
14637 0000000000
14638 0000000000
14639 0505000500
14640 0000000000
14641 0000000000
14642 0500000000
14643 0000000000
14644 0000000000
14645 0000000000
14646 050a050500
14647 0500050500
14648 0000000000
14649 0000000000
14650 0000000000
14651 0000000000
14652 0000000000
14653 0000000000
14654 0000000000
14655 0000000000
14656 0000000000
14657 0000000000
14658 0000000000
14659 0000000000
14660 0000000000
14661 0000000000
14662 0000000000
14663 0000000000
14664 0000000000
14665 0000000000
14666 0000000000
14667 0000000000
14668 0000000000
14669 0000000000
14670 0000000000
14671 0000000000
14672 0000000000
14673 0005000000
14674 0000050000
14675 050a0a0a05
14676 050a050505
14677 05000a0500
14678 000a0a000a
14679 0000000000
14680 0000000000
14681 0000000000
14682 0000000000
14683 0000000000
14684 0000000000
14685 0000000000
14686 0000000000
14687 0000000000
14688 0000000000
14689 0000000000
14690 0000000000
14691 0000000000
14692 0000000000
14693 0000000000
14694 0000000000
14695 0500000000
14696 0000000000
14697 0000000000
14698 0000000000
14699 0000000000
14700 0000000000
14701 0000000000
14702 0000000000
14703 0000050500
14704 0500000000
14705 0500050005
14706 0000050505
14707 0500000000
14708 0500050500
14709 0f0500050a
14710 0005050a0f
14711 0a050a0a05
14712 0a050a0a05
14713 05050a0a05
14714 05050a0f0f
14715 0000000005
14716 0000000000
14717 0000000000
14718 0000000000
14719 0000000000
14720 0000000000
14721 0000000000
14722 0000000000
14723 0000000000
14724 0000000000
14725 0000000000
14726 0000000000
14727 0000000000
14728 0000000000
14729 0000000000
14730 0000000000
14731 0000000000
14732 0000000000
14733 0000000005
14734 0a05000500
14735 0000050a05
14736 0000000000
14737 0000000500
14738 0000000000
14739 0000050000
14740 0005050505
14741 0505000500
14742 0000050000
14743 0005000000
14744 0005000000
14745 0500000000
14746 0505000500
14747 0a0a0f0a0a
14748 050a050a0f
14749 0000000000
14750 0000000000
14751 0000000000
14752 0000000000
14753 0000000000
14754 0000000000
14755 0000000000
14756 0000000000
14757 0000000000
14758 0000000000
14759 0000000000
14760 0000000000
14761 0000000000
14762 0000000000
14763 0000000000
14764 0000000000
14765 0500050500
14766 0005000005
14767 0000000000
14768 0500000000
14769 0000000000
14770 0000000000
14771 0000000005
14772 0000000000
14773 0000000000
14774 0000000000
14775 0005050000
14776 0000050000
14777 0505050000
14778 05050a0505
14779 0000000000
14780 05050a0500
14781 0005050f0f
14782 0000000000
14783 0000000000
14784 0000000000
14785 0000000000
14786 0000000000
14787 0000000000
14788 0000000000
14789 0000000000
14790 0000000000
14791 0000000000
14792 0000000000
14793 0000000000
14794 0000000000
14795 0000000000
14796 0000000000
14797 0000000000
14798 0000000000
14799 0000000000
14800 0000000000
14801 0000000000
14802 0000000000
14803 0000000000
14804 0000000000
14805 0005000000
14806 0005000000
14807 0000000000
14808 0000050500
14809 000000050a
14810 0000050000
14811 0005050500
14812 0000000005
14813 0505000005
14814 0500050a05
14815 0000000005
14816 0000000000
14817 0000000000
14818 0000000000
14819 0000000000
14820 0000000000
14821 0000000000
14822 0000000000
14823 0000000000
14824 0000000000
14825 0000000000
14826 0000000000
14827 0000000500
14828 0000000000
14829 0000000000
14830 0000000000
14831 0000000000
14832 0000000000
14833 0000000000
14834 0000000000
14835 0000050000
14836 0000000000
14837 0000000000
14838 0000000000
14839 0005050500
14840 0000000505
14841 0000000000
14842 0500000000
14843 0000000500
14844 0005050000
14845 0000000000
14846 0000000000
14847 0000050000
14848 0000000000
14849 0000000000
14850 0000000000
14851 0000000000
14852 0000000000
14853 0000000000
14854 0000000000
14855 0000000000
14856 0000000000
14857 0000000000
14858 0000000000
14859 0000000000
14860 0000000000
14861 0000000000
14862 0000000000
14863 0000000000
14864 0000000000
14865 0000000000
14866 0000000000
14867 0000000000
14868 0500000500
14869 0000000000
14870 0000000000
14871 0a00000000
14872 0000000000
14873 0a05050000
14874 0000000000
14875 0005000000
14876 0000000505
14877 00050a0500
14878 0000000005
14879 0000000000
14880 0000050000
14881 0000000000
14882 0000000000
14883 0000000000
14884 0000000000
14885 0000000000
14886 0000000000
14887 0000000000
14888 0000000000
14889 0000000000
14890 0000000000
14891 0000000000
14892 0500000000
14893 0000000000
14894 0000000000
14895 0500000000
14896 0000000000
14897 0000000000
14898 0000050500
14899 0000000500
14900 0000000000
14901 0000000000
14902 0000000000
14903 0000050000
14904 0500000000
14905 0005000000
14906 0a05050005
14907 050000050a
14908 0500000505
14909 00000a0500
14910 0500000000
14911 0000000000
14912 0000000000
14913 0000000000
14914 0000000000
14915 0000000000
14916 0000000000
14917 0000000000
14918 0000000000
14919 0000000000
14920 0000000000
14921 0000000000
14922 0000000000
14923 0000000000
14924 0000000000
14925 0000000000
14926 0000000000
14927 0000000000
14928 0000000000
14929 0000050000
14930 0000000500
14931 0000000000
14932 0505050000
14933 0000000000
14934 0000000000
14935 0000000500
14936 0000000000
14937 0000050000
14938 0000000005
14939 0505000000
14940 0000000000
14941 0000000000
14942 0005000000
14943 0000000000
14944 0000000000
14945 0000000000
14946 0000000000
14947 0000000000
14948 0000000000
14949 0000000000
14950 0000000000
14951 0000000000
14952 0000000000
14953 0000000000
14954 0000000000
14955 0000000000
14956 0000000000
14957 0000000000
14958 0500000000
14959 0000000000
14960 0000000000
14961 0000000000
14962 0000000000
14963 0000000000
14964 0000000000
14965 0000000000
14966 0000000000
14967 0000000000
14968 0000000000
14969 0a05000500
14970 00050a0505
14971 00000f0a00
14972 0000050000
14973 0005000000
14974 0000000000
14975 0000000000
14976 0000000000
14977 0000000000
14978 0000000000
14979 0000000000
14980 0000000000
14981 0000000000
14982 0000000000
14983 0000000000
14984 0500000000
14985 0000000500
14986 0000000000
14987 0000000000
14988 0000000000
14989 0000000000
14990 0000000000
14991 0000000000
14992 0000000505
14993 0000000000
14994 0000000000
14995 0000000000
14996 0000000000
14997 0000000000
14998 0000000000
14999 0000000000
15000 0000050000
15001 0005050a05
15002 0000050500
15003 0005050505
15004 0000000000
15005 0005050000
15006 0000000005
15007 0000000500
15008 0000000000
15009 0000000000
15010 0000000000
15011 0000000000
15012 0000000000
15013 0000000000
15014 0000000000
15015 0000000000
15016 0000000000
15017 0000000005
15018 0000000005
15019 0000000000
15020 0000000000
15021 0000000000
15022 0000000000
15023 0000000000
15024 0000000000
15025 0000000000
15026 0000000000
15027 0000000000
15028 0000000000
15029 0000000000
15030 0000000005
15031 0000000000
15032 0500000000
15033 0000000000
15034 0000000000
15035 0000000000
15036 0005000000
15037 05000a0000
15038 0000000005
15039 0000000005
15040 0000000000
15041 0000000000
15042 0000000000
15043 0005050005
15044 0000000000
15045 0000000000
15046 0000000000
15047 0000000000
15048 0000000000
15049 0000000000
15050 0005000000
15051 0000000000
15052 0000000000
15053 0000000000
15054 0000000000
15055 0000000000
15056 0000000000
15057 0000000000
15058 0000000000
15059 0000000000
15060 0000000500
15061 0000000000
15062 0000000000
15063 0005050000
15064 0005000000
15065 0000000000
15066 0000000000
15067 0000000000
15068 0000050000
15069 0000000000
15070 0000000000
15071 0500000000
15072 0000000000
15073 0000000000
15074 0000000000
15075 0000000000
15076 0000000000
15077 0000000000
15078 0000000000
15079 0000000000
15080 0000000000
15081 0000000000
15082 0500000000
15083 0000000005
15084 0000000000
15085 0000000000
15086 0005000000
15087 0000000000
15088 0000000000
15089 0000000000
15090 0000000000
15091 0500000505
15092 0000000000
15093 0000000000
15094 0000000000
15095 0a00000000
15096 0000000500
15097 0000000000
15098 0000000000
15099 0000000000
15100 0000000000
15101 0005000000
15102 0000000000
15103 0000000000
15104 0000000000
15105 0000000000
15106 0000000000
15107 0000000000
15108 0000000000
15109 0000000000
15110 0000000000
15111 0000000000
15112 0000000500
15113 0000000000
15114 0000000000
15115 0000000000
15116 0000000000
15117 0000000000
15118 0000000000
15119 0000000000
15120 0000000000
15121 0000000000
15122 0500000500
15123 0000000005
15124 0000000000
15125 0000000000
15126 0000000000
15127 0000000000
15128 0000050000
15129 0000000000
15130 0000000000
15131 0000000000
15132 0000000000
15133 0005000000
15134 0000050000
15135 0000000000
15136 0000000000
15137 0000000000
15138 0000000000
15139 0000000000
15140 0000000000
15141 0000000000
15142 0500000000
15143 0000000000
15144 0000000000
15145 0000000000
15146 0000000000
15147 0500000000
15148 0000000000
15149 0000000000
15150 0000000000
15151 0000000000
15152 0000000000
15153 0000000000
15154 0000000000
15155 0000000000
15156 0000000000
15157 0000000000
15158 0000000000
15159 0500000005
15160 0000000000
15161 0000000000
15162 0000000000
15163 0000000000
15164 0000000000
15165 0000000000
15166 0000000000
15167 0000000000
15168 0000000000
15169 0000000000
15170 0000000000
15171 0000000000
15172 0000000000
15173 0000000000
15174 0000000000
15175 0000000000
15176 0000000000
15177 0000000000
15178 0000000000
15179 0000000000
15180 0000000000
15181 0000000000
15182 0000050000
15183 0000000000
15184 0000000000
15185 0000000000
15186 0000000000
15187 0000000000
15188 0000000000
15189 0000000000
15190 0000000000
15191 0000000000
15192 0000000000
15193 0000000000
15194 0000000000
15195 0000000000
15196 0000000000
15197 0000000000
15198 0000000000
15199 0000000000
15200 0000000000
15201 0000000000
15202 0000000000
15203 0000000000
15204 0000000000
15205 0000000000
15206 0000000000
15207 0000000000
15208 0000000000
15209 0000000000
15210 0000000000
15211 0000000000
15212 0000000000
15213 0000000000
15214 0000000000
15215 0000000000
15216 0000000000
15217 0000000005
15218 0000000000
15219 0000000000
15220 0000000000
15221 0000000000
15222 0000000000
15223 0000000000
15224 0000000000
15225 0000000000
15226 0000000000
15227 0000000000
15228 0000000000
15229 0000000000
15230 0000000000
15231 0000000000
15232 0000000000
15233 0000000000
15234 0000000000
15235 0000000000
15236 0000000000
15237 0000000000
15238 0000000000
15239 0000000000
15240 0000000000
15241 0000000000
15242 0000000000
15243 0000000000
15244 0000000000
15245 0000000000
15246 0000000000
15247 0000000000
15248 0000000000
15249 0000000000
15250 0000000000
15251 0000000000
15252 0000000000
15253 0000000000
15254 0000000000
15255 0000000000
15256 0000000000
15257 0000000000
15258 0000000000
15259 0000000000
15260 0000000000
15261 0000000000
15262 0000000000
15263 0000000000
15264 0000000000
15265 0500000000
15266 0000000000
15267 0000000000
15268 0000000000
15269 0000000000
15270 0000000000
15271 0000000000
15272 0000000000
15273 0000000000
15274 0000000000
15275 0000000000
15276 0000000000
15277 0000000000
15278 0000000000
15279 0000000000
15280 0000050500
15281 0000000000
15282 0000000500
15283 0000000000
15284 0505000000
15285 0500000000
15286 0000000000
15287 0000000000
15288 0000000000
15289 0000000000
15290 0000000000
15291 0000000000
15292 0000000000
15293 0000000000
15294 0000000000
15295 0000000000
15296 0000000000
15297 0000000000
15298 0000000000
15299 0000000000
15300 0000000000
15301 0000000000
15302 0000050000
15303 0000000000
15304 0500000000
15305 0000000000
15306 0000000000
15307 0000000000
15308 0000000000
15309 0000000000
15310 0005000000
15311 0000000000
15312 0000000000
15313 0000000000
15314 0000000000
15315 0000000000
15316 0000000000
15317 0000000000
15318 0500000000
15319 0000000000
15320 0000000000
15321 0000000000
15322 0000000000
15323 0000000000
15324 0000000000
15325 0000000000
15326 0000000000
15327 0000000000
15328 0000000000
15329 0000000000
15330 0000000000
15331 0000000000
15332 0000000000
15333 0000000000
15334 0000050000
15335 0000000000
15336 0500000000
15337 0000000000
15338 0000000000
15339 0000000000
15340 0000000000
15341 0000000000
15342 0000000000
15343 0000000000
15344 0000000000
15345 0000000000
15346 0000000000
15347 0000000000
15348 0500000000
15349 0000000005
15350 0000000000
15351 0000000000
15352 0000000000
15353 0000000000
15354 0000000000
15355 0000000000
15356 0000000000
15357 0000000000
15358 0000000000
15359 0000000000
15360 0000000000
15361 0000000000
15362 0000000000
15363 0000000000
15364 0000000000
15365 0000010100
15366 0801010000
15367 0808080808
15368 0101010108
15369 0000000000
15370 0000000000
15371 0000000000
15372 0000000000
15373 0000000000
15374 0000000000
15375 0000000000
15376 0000000000
15377 0801010000
15378 0000000001
15379 0000000000
15380 0000000000
15381 0100000000
15382 0101010101
15383 0101010101
15384 0101010801
15385 0101010101
15386 0000000001
15387 0000000000
15388 0000000000
15389 0000000000
15390 0000000000
15391 0000000000
15392 0000000000
15393 0000000000
15394 0000000000
15395 0000000000
15396 0000000000
15397 0000000000
15398 0000000000
15399 0801010101
15400 0001010108
15401 0000000000
15402 0000000000
15403 0000000000
15404 0101000000
15405 0000010f08
15406 0101000000
15407 0000000000
15408 0000000000
15409 0000000000
15410 0000000000
15411 0000000000
15412 0000000000
15413 0100000000
15414 0101010101
15415 0808010101
15416 0108080808
15417 0001010101
15418 0000000001
15419 0000000000
15420 0000000000
15421 0000000000
15422 0000000000
15423 0000000000
15424 0000000000
15425 0000000000
15426 0000000000
15427 0000000000
15428 0000000000
15429 0000000000
15430 0000000000
15431 0101000000
15432 0000000001
15433 0000000001
15434 0000000000
15435 0000000000
15436 0101000000
15437 0101010808
15438 0101010801
15439 0000000000
15440 0000000000
15441 0000000000
15442 0000000000
15443 0000000000
15444 0000000000
15445 0000000000
15446 0101010101
15447 0808080101
15448 0808080808
15449 0001010101
15450 0000000000
15451 0000000000
15452 0000000000
15453 0000000000
15454 0000000000
15455 0000000000
15456 0000000000
15457 0000000000
15458 0000000000
15459 0000000000
15460 0000000000
15461 0000000000
15462 0000000000
15463 0000000000
15464 0000000000
15465 0000000000
15466 0000000000
15467 0000000000
15468 0000010000
15469 0101010101
15470 0000010101
15471 0000000000
15472 0000000000
15473 0000000000
15474 0000000000
15475 0000000000
15476 0100010101
15477 0100010108
15478 0101010101
15479 0808010101
15480 0108080801
15481 0001010101
15482 0000000000
15483 0000000000
15484 0000000000
15485 0000000000
15486 0000000000
15487 0000000000
15488 0000000000
15489 0000000000
15490 0000000000
15491 0000000000
15492 0000000000
15493 0000000000
15494 0000000000
15495 0000000000
15496 0000000000
15497 0000000000
15498 0000000000
15499 0000000000
15500 0000000000
15501 0000000000
15502 0000000000
15503 0000000000
15504 0000000000
15505 0000000000
15506 0000000000
15507 0101010000
15508 0801010801
15509 0808010808
15510 0808080f08
15511 0f0f0f0f08
15512 0101010808
15513 0000000001
15514 0000000000
15515 0000000000
15516 0000000000
15517 0000000000
15518 0000000000
15519 0000000000
15520 0000000000
15521 0000000000
15522 0000000000
15523 0000000000
15524 0000000000
15525 0000000000
15526 0000000000
15527 0000000000
15528 0000000000
15529 0000000000
15530 0000000000
15531 0000000000
15532 0000000000
15533 0000000000
15534 0001000100
15535 0000000000
15536 0000000000
15537 0000000000
15538 0000000000
15539 0101010000
15540 0101010101
15541 0801080108
15542 080f0f0f0f
15543 0f150f0f0f
15544 010108080f
15545 0000000001
15546 0000000000
15547 0000000000
15548 0000000000
15549 0000000000
15550 0000000000
15551 0000000000
15552 0000000000
15553 0000000000
15554 0000000000
15555 0000000000
15556 0000000000
15557 0000000000
15558 0000000000
15559 0000000000
15560 0000000000
15561 0000000000
15562 0000000000
15563 0000000000
15564 0000000000
15565 0101010100
15566 0000000101
15567 0000000000
15568 0000000000
15569 0100010101
15570 0000000001
15571 0101000000
15572 0101010101
15573 0108080808
15574 080f0f1508
15575 15150f0f0f
15576 08080f0f0f
15577 0000010001
15578 0000000000
15579 0000000000
15580 0000000000
15581 0000000000
15582 0000000000
15583 0000000000
15584 0000000000
15585 0000000000
15586 0000000000
15587 0000000000
15588 0000000000
15589 0000000000
15590 0000000000
15591 0000000000
15592 0000000000
15593 0000000000
15594 0000000000
15595 0000000000
15596 0000000000
15597 0101010000
15598 0000000101
15599 0101010100
15600 080f0f0101
15601 0101010808
15602 0001010801
15603 0808000000
15604 0101010101
15605 0f0f150101
15606 151515150f
15607 0f0f0f0f0f
15608 0808080f0f
15609 0101000001
15610 0000000000
15611 0000000000
15612 0000000000
15613 0000000000
15614 0000000000
15615 0000000000
15616 0000000000
15617 0000000000
15618 0000000000
15619 0000000000
15620 0000000000
15621 0100000000
15622 0101010808
15623 0808080801
15624 0001010808
15625 0001010101
15626 0100000000
15627 0108080100
15628 0108010108
15629 0101010101
15630 0801010101
15631 0100010001
15632 0f0f080101
15633 08080f0f0f
15634 080f0f0808
15635 0801010101
15636 0101010108
15637 0f08010101
15638 15150f150f
15639 08080f0f0f
15640 0808080808
15641 0001000001
15642 0000000000
15643 0000000000
15644 0000000000
15645 0000000000
15646 0000000000
15647 0000000000
15648 0000000000
15649 0000000000
15650 0000000000
15651 0000000000
15652 0000000000
15653 0100000000
15654 0808010808
15655 0808080801
15656 08080f0808
15657 0108080808
15658 0000010101
15659 0808010100
15660 0f0f080801
15661 0801080f0f
15662 0f080f0808
15663 080808080f
15664 0f0f080108
15665 0f0f151515
15666 08080f0f0f
15667 080808080f
15668 0108080808
15669 0801010101
15670 0f0f0f0808
15671 08080f0f0f
15672 0101010108
15673 0000000001
15674 0000000000
15675 0000000000
15676 0000000000
15677 0000000000
15678 0000000000
15679 0000000000
15680 0000000000
15681 0000000000
15682 0000000000
15683 0000000000
15684 0000000000
15685 0000000000
15686 0000010000
15687 0101000001
15688 0101010101
15689 0808080808
15690 0101010108
15691 0801010101
15692 0f0f080801
15693 010808080f
15694 080f0f0808
15695 0808080808
15696 0108080808
15697 0f0f0f0808
15698 08080f0f15
15699 0f0f0f0f0f
15700 0f0f0f0f0f
15701 0f0f0f0f0f
15702 0808080f0f
15703 080808080f
15704 0101010101
15705 0000000000
15706 0000000000
15707 0000000000
15708 0000000000
15709 0000000000
15710 0000000000
15711 0000000000
15712 0000000001
15713 0000000000
15714 0000000000
15715 0000000000
15716 0000000000
15717 0000000000
15718 0000000000
15719 0000000000
15720 0101010000
15721 0101010101
15722 0000000001
15723 0101010000
15724 0808080808
15725 0f0f0f0f0f
15726 0808080f0f
15727 0801080108
15728 0001080808
15729 0f01000001
15730 08080f0f0f
15731 0f0f0f0808
15732 150f0f0f0f
15733 150f0f0f0f
15734 08080f0f0f
15735 0101010808
15736 0000000101
15737 0000000000
15738 0000000000
15739 0000000000
15740 0000000000
15741 0000000000
15742 0000000000
15743 0000000000
15744 0101010101
15745 0101010101
15746 0101010101
15747 0000000001
15748 0000000000
15749 0000000000
15750 0000010101
15751 0100010000
15752 0101010000
15753 0100010101
15754 0000000000
15755 0101000000
15756 0801010101
15757 0808080808
15758 0808080f08
15759 0808080808
15760 0101080808
15761 0f08010001
15762 08080f0f0f
15763 0808080808
15764 0f08080808
15765 0f0f080808
15766 0101010808
15767 0001010101
15768 0000000000
15769 0000000000
15770 0000000000
15771 0000000000
15772 0000000000
15773 0000000000
15774 0000000000
15775 0000000000
15776 0801010101
15777 0101010101
15778 0101010101
15779 0000010101
15780 0000000000
15781 0101000000
15782 0108080101
15783 0101010101
15784 0001000000
15785 0101010101
15786 0000000000
15787 0101000000
15788 0101010101
15789 0000000000
15790 0801010100
15791 0801080808
15792 0108010808
15793 0808010101
15794 150f0f0808
15795 0808080f0f
15796 0801080808
15797 080f080808
15798 0101010808
15799 0000010101
15800 0000000000
15801 0000000000
15802 0000000000
15803 0000000000
15804 0000000000
15805 0000000000
15806 0000000000
15807 0000000000
15808 0808010101
15809 0808080808
15810 0101010108
15811 0101010101
15812 0101010101
15813 0101010001
15814 0808080101
15815 08080f0f0f
15816 0101010808
15817 0001010101
15818 0000000000
15819 0100000000
15820 0101010101
15821 0101010101
15822 0101010101
15823 0101010101
15824 0808080101
15825 080f080801
15826 0f08080108
15827 08080f0f0f
15828 0808080808
15829 0808080808
15830 0101010808
15831 0000010101
15832 0000000000
15833 0000000000
15834 0100000000
15835 0000000001
15836 0000000000
15837 0000000000
15838 0000000000
15839 0000000000
15840 0101010100
15841 0808080808
15842 0808080808
15843 0101080808
15844 0101010801
15845 0101000101
15846 0f08080101
15847 0f0808080f
15848 010101080f
15849 0101010108
15850 0101010000
15851 0108080101
15852 0101010101
15853 0101010101
15854 0101010108
15855 0101010101
15856 0808080808
15857 08080f0808
15858 0108080101
15859 150f0f0f08
15860 08080f0f0f
15861 0101080808
15862 0101010101
15863 0000000101
15864 0000000000
15865 0000000000
15866 0000000000
15867 0000000000
15868 0000000000
15869 0000000000
15870 0000000000
15871 0000000000
15872 0101010101
15873 0808080801
15874 0f08080808
15875 0f0f150f0f
15876 0808080808
15877 0100010108
15878 0100010101
15879 0101010101
15880 0101010101
15881 0101010808
15882 0101010101
15883 080f0f0801
15884 0101010108
15885 0101010101
15886 0101010101
15887 0101010101
15888 0808010101
15889 0108080801
15890 0101010101
15891 0f0f080801
15892 0f0f0f0f15
15893 0108080808
15894 0000000101
15895 0000000000
15896 0000000000
15897 0000000000
15898 0000000000
15899 0000000000
15900 0000000000
15901 0000000000
15902 0000000000
15903 0000000000
15904 0101010101
15905 0808080801
15906 0808010801
15907 0f0f0f0f08
15908 0f0f0f0f0f
15909 0101080808
15910 0101010101
15911 0801010101
15912 0808080808
15913 0108080808
15914 0808080808
15915 0f0f0f0f08
15916 080808080f
15917 0808080808
15918 0808080f0f
15919 0808080808
15920 0101010101
15921 0101010101
15922 0000000101
15923 0100000000
15924 0808080801
15925 0101080808
15926 0000000001
15927 0000000000
15928 0000000000
15929 0000000000
15930 0000000000
15931 0000000000
15932 0000000000
15933 0000000000
15934 0000000000
15935 0000000000
15936 0101010101
15937 0808080801
15938 0801010808
15939 0f0f0f0f08
15940 0f0f0f0f0f
15941 080808080f
15942 0101010808
15943 0808080801
15944 0f0f0f0f08
15945 0808080808
15946 0808080808
15947 150f080808
15948 0f0f151515
15949 150f0f0f0f
15950 1515150f0f
15951 0f0f151515
15952 0f08080f0f
15953 080808080f
15954 0101080808
15955 0000000001
15956 0000000000
15957 0001010101
15958 0000000000
15959 0000000000
15960 0000000000
15961 0000000000
15962 0000000000
15963 0000000000
15964 0000000000
15965 0000000000
15966 0000000000
15967 0000000000
15968 0000000101
15969 0f08010000
15970 010101080f
15971 0f0f0f0801
15972 0f0f0f080f
15973 0808080f0f
15974 0101080808
15975 0808080801
15976 0808080808
15977 0801010808
15978 0808080808
15979 150f080808
15980 1515151515
15981 1515151515
15982 150f0f0f15
15983 0f0f151515
15984 0f0f0f0f0f
15985 0f150f1515
15986 08080f0f0f
15987 0001010108
15988 0000000000
15989 0000000000
15990 0000000000
15991 0000000000
15992 0000000000
15993 0000000000
15994 0000000000
15995 0000000000
15996 0000000000
15997 0000000000
15998 0000000000
15999 0000000000
16000 0001010101
16001 0f01000101
16002 01080f0f0f
16003 0801010101
16004 0f0f080808
16005 0808080808
16006 0101080808
16007 0808080108
16008 0101010101
16009 0101080101
16010 0101010101
16011 150f080801
16012 1515151515
16013 150f150f0f
16014 0f0f0f1515
16015 080f0f0f0f
16016 0f0f0f0f08
16017 0f0f0f1515
16018 1515151515
16019 08150f1515
16020 0000000001
16021 0000000000
16022 0000000000
16023 0000000000
16024 0000000000
16025 0000000000
16026 0000000000
16027 0000000000
16028 0000000000
16029 0000000000
16030 0000000000
16031 0000000000
16032 0100010101
16033 0101010001
16034 080f0f0808
16035 0808010101
16036 0f0f080808
16037 0f0f0f0f0f
16038 080808080f
16039 0f0f0f0f08
16040 080808080f
16041 0108080808
16042 0101010101
16043 0101010101
16044 0808080801
16045 0f0f0f0808
16046 0f0f0f0f0f
16047 0f0f0f0f0f
16048 0f0f0f0f0f
16049 150f0f0f0f
16050 1515151515
16051 0f0f151515
16052 0000000108
16053 0000000000
16054 0000000000
16055 0000010100
16056 0000000000
16057 0000000000
16058 0000000000
16059 0000000000
16060 0000000000
16061 0000000000
16062 0000000000
16063 0000000000
16064 0101010101
16065 0101010101
16066 0f0f0f0f08
16067 0108010108
16068 0f0f0f0f08
16069 0f0f0f0808
16070 0808080f0f
16071 0f080f0808
16072 0f0808080f
16073 0808080f0f
16074 0101080808
16075 0101010101
16076 0808010801
16077 150f0f0f08
16078 0f0f0f0f15
16079 1515151515
16080 0f15151515
16081 0f0f0f0f0f
16082 0f0f0f0f0f
16083 0108080f0f
16084 0101010100
16085 0000000101
16086 0000000000
16087 08080f0800
16088 0000000001
16089 0000000000
16090 0000000000
16091 0000000000
16092 0000000000
16093 0000000000
16094 0000000000
16095 0000000000
16096 0101010108
16097 0808010101
16098 0808080808
16099 0808010808
16100 15150f0f0f
16101 080f0f1515
16102 0f0f0f0f08
16103 0f0f0f0f0f
16104 1515150f0f
16105 0f0f0f0f15
16106 0f0f0f0f0f
16107 0808080f0f
16108 0f0f0f0f08
16109 151515150f
16110 0f0f151515
16111 0f0f0f0f0f
16112 15150f0f0f
16113 0f15151515
16114 0f0f0f0f0f
16115 0101080808
16116 0808080101
16117 0000010108
16118 0000000000
16119 080f0f0f01
16120 0000000001
16121 0000000000
16122 0000000000
16123 0000000000
16124 0000000000
16125 0000000000
16126 0000000000
16127 0000000000
16128 0101010808
16129 0808010101
16130 080f0f0f0f
16131 0808080808
16132 0f0f0f0f0f
16133 0f0f0f0f0f
16134 0f0f0f0f0f
16135 1515150f0f
16136 150f0f1515
16137 150f0f0f0f
16138 0f0f15150f
16139 0f0f0f0f15
16140 0f0f0f0f0f
16141 151515150f
16142 1515151515
16143 0f15151515
16144 0f0f0f0f0f
16145 0f15150f15
16146 0f0f0f0f0f
16147 010108080f
16148 080f080801
16149 0000010108
16150 0801010101
16151 08080f0f08
16152 0000000001
16153 0000000000
16154 0000000000
16155 0000000000
16156 0000000000
16157 0000000000
16158 0000000000
16159 0000000000
16160 0101010108
16161 0808010101
16162 0f0f0f0f08
16163 0f08080f0f
16164 08080f0f08
16165 0f0f080808
16166 0f0f0f0f0f
16167 151515150f
16168 0f15151515
16169 0f0f0f1515
16170 0808080808
16171 0f0f0f0808
16172 0f0f0f0f0f
16173 0f0f0f0f0f
16174 1515151515
16175 0f15151515
16176 0f0f0f0f0f
16177 0f0f0f0f0f
16178 08080f0f0f
16179 0f08080101
16180 0f0f0f0f0f
16181 0001010108
16182 0101010101
16183 0001010101
16184 0000000000
16185 0000000000
16186 0000000000
16187 0000000000
16188 0000000000
16189 0000000000
16190 0000000000
16191 0001010100
16192 0808080808
16193 0808080808
16194 0f0f080f0f
16195 150f150f0f
16196 151515150f
16197 0f0f0f0f0f
16198 0f0f0f0f0f
16199 15150f150f
16200 0f0f0f0f0f
16201 0808080f0f
16202 0808080808
16203 0f0f0f0f0f
16204 0f0f0f0f0f
16205 0f080f0f08
16206 150f0f0f0f
16207 0f0f0f1515
16208 0f0f0f0f0f
16209 0f0f0f0f08
16210 0101010808
16211 0f08080808
16212 080f15150f
16213 0001080101
16214 0000000101
16215 0000000000
16216 0000000000
16217 0000000000
16218 0000000000
16219 0000000000
16220 0000000000
16221 0000000000
16222 0000000000
16223 0000000000
16224 0f080f0f0f
16225 0f08080f0f
16226 0f0f15150f
16227 1515150f0f
16228 1515150f15
16229 1515151515
16230 1515151515
16231 0f0f0f0f0f
16232 080808080f
16233 0108080101
16234 0808080808
16235 0f0f0f0808
16236 0f0f0f0f0f
16237 0f0f0f0808
16238 0f0f0f0f08
16239 0f0f0f0f0f
16240 08080f0f0f
16241 0808080808
16242 0808080808
16243 0808080808
16244 0f0f0f0808
16245 0001080808
16246 0000000000
16247 0000000000
16248 0000000000
16249 0000000000
16250 0100000000
16251 0000000000
16252 0000000000
16253 0000000000
16254 0000000000
16255 0000000000
16256 0f15150f0f
16257 080f0f0f0f
16258 0f0f0f0f0f
16259 0f150f0f15
16260 1515151515
16261 1c1c1c1515
16262 1515151515
16263 08080f0f0f
16264 0808080808
16265 0f08080808
16266 15150f0f0f
16267 1515151515
16268 1515151515
16269 0f0f0f0f15
16270 0f0f0f0f0f
16271 1515150f0f
16272 0f0f0f0f15
16273 0f0f0f0f0f
16274 08080f0f0f
16275 0108080808
16276 0801010108
16277 0000010801
16278 0000000000
16279 0000000000
16280 0000000000
16281 0001010100
16282 0101010001
16283 0808080101
16284 010808080f
16285 0001010001
16286 0000000000
16287 0101010100
16288 1515150f0f
16289 1515150f15
16290 151515150f
16291 1515151515
16292 1515151515
16293 1515151515
16294 1515151515
16295 0f0f0f0f0f
16296 08080f080f
16297 0f0f0f0808
16298 150f0f0f0f
16299 1c1c151515
16300 1c1c1c1515
16301 15151c1c1c
16302 1515151515
16303 15150f1515
16304 1515151515
16305 0f0f151515
16306 08080f0f0f
16307 0808080808
16308 0101010101
16309 0000000101
16310 0000000000
16311 0100000100
16312 0101010101
16313 0101010101
16314 0808080101
16315 0f08080808
16316 0101080f0f
16317 0101010101
16318 0801010101
16319 080f0f0808
16320 151515150f
16321 1515151515
16322 1515151515
16323 1515151515
16324 151515151c
16325 1515151515
16326 1515151515
16327 0f15151c15
16328 15150f0f0f
16329 1515151515
16330 1515151515
16331 1515151515
16332 1515151515
16333 151c1c1c15
16334 15151c1515
16335 0f15151515
16336 15150f0f15
16337 0f15151515
16338 0f0f0f0f0f
16339 080808080f
16340 0000010101
16341 0101010101
16342 0808080808
16343 0100000101
16344 0101010101
16345 0101010101
16346 0808010101
16347 010108080f
16348 0101010101
16349 0808010101
16350 0f150f0f08
16351 0f0f0f0f0f
16352 151515150f
16353 1515151515
16354 1515151515
16355 1515151515
16356 1c1c1c1c15
16357 0f15151515
16358 1515151515
16359 15151c1c1c
16360 1515151515
16361 151c151515
16362 1515151515
16363 1515151515
16364 151c151515
16365 1515151515
16366 1515151515
16367 1515151515
16368 1515151515
16369 0f15151c1c
16370 0808080f0f
16371 0101010108
16372 0f0f080801
16373 080808080f
16374 0108080808
16375 0101010801
16376 0108080808
16377 0101010101
16378 0f08010101
16379 0101010808
16380 0808010101
16381 15150f0f08
16382 0f15151515
16383 080f0f0f0f
16384 151515150f
16385 1515151515
16386 1c1c1c1515
16387 1c1c1c1c1c
16388 1c1c1c1c15
16389 1c1c1c1c1c
16390 1515151515
16391 1c1c1c1c1c
16392 1c1c1c1c1c
16393 1c1c1c1515
16394 0f15151515
16395 151515150f
16396 151c151515
16397 1515151515
16398 1515151515
16399 1515151515
16400 151c151515
16401 1515151c1c
16402 0808080f0f
16403 0f08080108
16404 0f0f0f0808
16405 0101080808
16406 0f0f0f0801
16407 0f0f0f0f0f
16408 080808080f
16409 0808080808
16410 0108080808
16411 0808080808
16412 0f0f0f080f
16413 1515151515
16414 0f0f0f0f15
16415 08080f0f0f
16416 1515151515
16417 151c151515
16418 1c1c1c1c15
16419 1c1c1c1c1c
16420 1c1c1c1c1c
16421 1c1c1c1c1c
16422 0f15151515
16423 1c1c1c150f
16424 151c1c1c1c
16425 1515151515
16426 1515151515
16427 1515151515
16428 1515151515
16429 15150f1515
16430 1515151515
16431 15150f0f15
16432 1515151515
16433 1515151515
16434 0f0f0f0f15
16435 080f0f0f0f
16436 0808080808
16437 0f08080808
16438 0f0f0f0f0f
16439 0f0f0f0f0f
16440 080808080f
16441 0808080808
16442 0808080808
16443 0f0f0f0f0f
16444 1515151515
16445 0f0f151515
16446 0f0f0f0f0f
16447 0808080f0f
16448 1515151515
16449 1c1c151515
16450 1c1c1c1c1c
16451 1c1c1c1c1c
16452 1c1c1c1c1c
16453 1c1c1c1c1c
16454 1c1c1c1c1c
16455 1515151515
16456 1515151515
16457 1515151515
16458 0f15151515
16459 0f0f0f1515
16460 0f0f0f0f0f
16461 0f0f0f0f0f
16462 0f0f0f0f15
16463 15150f0f0f
16464 0f0f0f1515
16465 1515151515
16466 080f0f0f15
16467 08080f0f0f
16468 0808080808
16469 0f0f0f0f0f
16470 080f0f0f0f
16471 0808080808
16472 0f08080808
16473 0f0f0f0f0f
16474 0f0f0f0f0f
16475 151515150f
16476 0f15151515
16477 0f0f0f0f0f
16478 0f0f0f0f0f
16479 0808080f0f
16480 151515150f
16481 1c1c1c1515
16482 1c1c1c1c1c
16483 1c1c1c1c1c
16484 1c1c1c1c1c
16485 1c1c1c1c1c
16486 1c1c1c1c1c
16487 1c1c1c1c1c
16488 1515151515
16489 1515150f15
16490 0f0f0f0f0f
16491 0f0f0f0f0f
16492 080f0f0f0f
16493 0101080808
16494 0f08080808
16495 150f0f0f0f
16496 1515151515
16497 0f0f0f0f15
16498 0f0f0f0f0f
16499 0f0f0f0f0f
16500 0f0f0f0f0f
16501 0f0f0f0f0f
16502 08080f0f0f
16503 0808080808
16504 0f0f080808
16505 151515150f
16506 1515151515
16507 15151c1515
16508 1515151515
16509 1515151515
16510 0f0f0f1515
16511 08080f0f0f
16512 151515150f
16513 1c15151515
16514 1c1c1c1c1c
16515 151515151c
16516 1c1c1c1c1c
16517 1c1c1c1c1c
16518 151c1c1c1c
16519 0f15151515
16520 1515151515
16521 1515151515
16522 1515151515
16523 1515151515
16524 0f150f0f15
16525 0f0f0f0f0f
16526 0f08080808
16527 0f0f0f0f0f
16528 1515151515
16529 0f0f0f0f0f
16530 0f0f0f0f0f
16531 150f0f0f0f
16532 0f15151515
16533 0f0f0f0f0f
16534 0808080808
16535 0f0f080808
16536 0f0f0f080f
16537 151515150f
16538 1515151515
16539 1515151515
16540 1515151515
16541 1515151515
16542 0f0f0f0f15
16543 0808080f0f
16544 151515150f
16545 1c1c151515
16546 1c1c1c1c1c
16547 151515151c
16548 1c15151515
16549 1c1c1c1c1c
16550 1c1c151c1c
16551 1515151515
16552 1515151515
16553 0f0f0f0f0f
16554 151c151515
16555 0f15151515
16556 0f0f0f0f15
16557 15150f0f0f
16558 0f0f0f1515
16559 1515150f0f
16560 0f0f0f1515
16561 0f0f080808
16562 151515150f
16563 15150f1515
16564 0f15151515
16565 0f080f0f0f
16566 0f0f0f0f08
16567 0f0f0f0f0f
16568 0f0f0f0f0f
16569 1515151515
16570 1515151515
16571 1515151515
16572 0f0f0f1515
16573 0f0f0f0f0f
16574 080f0f0f0f
16575 0108080808
16576 1515151515
16577 1c1c151515
16578 1c1c1c1c1c
16579 1515151515
16580 1515151515
16581 1c1c151515
16582 1515151515
16583 15150f1515
16584 15151c1c15
16585 080f0f1515
16586 0f08080808
16587 1515151515
16588 0f0f0f0f15
16589 150f0f0f0f
16590 1515151515
16591 0f0f151515
16592 080808080f
16593 1515150f0f
16594 1515151515
16595 1515151515
16596 0f0f151515
16597 0f0f0f080f
16598 1515151515
16599 150f151515
16600 1515150f15
16601 1515151515
16602 15151c1515
16603 1515151515
16604 0f0f0f0f0f
16605 0808080f0f
16606 0101010808
16607 0000000101
16608 1515151515
16609 1515151515
16610 151c1c1515
16611 1515151515
16612 1515151515
16613 1515151515
16614 1515151515
16615 1515151c15
16616 1515151c15
16617 0f0f0f0f15
16618 0f0f0f0f0f
16619 0f0f0f0f0f
16620 080f08080f
16621 1515150f08
16622 1515151515
16623 0f15151515
16624 0f0f08080f
16625 1515150f0f
16626 0f15151515
16627 0f0f0f0f0f
16628 0f0808080f
16629 1515150f0f
16630 1515151515
16631 1515151515
16632 1515151515
16633 1515151515
16634 1515151515
16635 0f0f0f1515
16636 080f0f0f0f
16637 0808080808
16638 0101010108
16639 0101010101
16640 1515151515
16641 1c1c151515
16642 1515151c1c
16643 150f151515
16644 15150f0f0f
16645 0f15151515
16646 1515151515
16647 1515151515
16648 151c1c1c1c
16649 1515151515
16650 0f0f151515
16651 0f0f0f0f0f
16652 15150f0f0f
16653 151c1c1515
16654 0f15151515
16655 0f0f0f0f0f
16656 15150f0f0f
16657 15150f0f15
16658 1515151515
16659 0f0f0f1515
16660 150f0f0f0f
16661 1515151515
16662 1515151515
16663 1515151515
16664 1515151515
16665 1515151515
16666 0f0f0f0f15
16667 0808080f0f
16668 0808080808
16669 0101010108
16670 0808010101
16671 0808080808
16672 15150f0f0f
16673 1515151515
16674 1515151515
16675 1515151515
16676 1515151515
16677 1515151515
16678 1515151515
16679 1515151515
16680 1c1c151c1c
16681 1c151c1c1c
16682 151c15151c
16683 1515151515
16684 1c15151515
16685 1c1c1c151c
16686 150f0f0f15
16687 1515151515
16688 1515151515
16689 1515151515
16690 1515151515
16691 0f0f0f0f15
16692 1515150f0f
16693 1515151515
16694 1515151515
16695 1515151515
16696 0f15151515
16697 0f0f0f0f0f
16698 080808080f
16699 0808080808
16700 0808080808
16701 0f0f080808
16702 08080f0f0f
16703 0808080808
16704 15150f0f0f
16705 1515151515
16706 1515151515
16707 1515151c15
16708 1515151515
16709 1515151515
16710 15150f1515
16711 1515151515
16712 1515151515
16713 1515151515
16714 1515151515
16715 15151c1c15
16716 1c1c1c1c15
16717 1515151c1c
16718 1515151515
16719 1515151515
16720 15150f0f15
16721 0f15151515
16722 08080f0f0f
16723 0f0f0f0f0f
16724 1515151515
16725 1515151515
16726 1515151515
16727 0f0f0f1515
16728 080f0f0f0f
16729 0808080808
16730 0808080808
16731 080f080808
16732 0f0f0f0f0f
16733 0f0f0f0f15
16734 08080f0f0f
16735 0108080808
16736 1515151515
16737 1c15151515
16738 151c1c1c1c
16739 1515151515
16740 1515151515
16741 1515151515
16742 1515151c15
16743 0f0f0f0f15
16744 0f08080f0f
16745 150f0f0f0f
16746 1515151515
16747 1c1c1c1c15
16748 0f1515151c
16749 0f0f0f150f
16750 1515150f0f
16751 150f0f0f15
16752 151515150f
16753 0f0f0f1515
16754 0f0f0f0f0f
16755 151515150f
16756 151c151c1c
16757 0f0f151515
16758 0f0f0f0f0f
16759 080808080f
16760 0f08080808
16761 0808080808
16762 0f0f0f0808
16763 0f0f0f0f0f
16764 0f0f151515
16765 150f0f0f0f
16766 080f0f0f15
16767 0101080808
16768 1515151515
16769 1515151515
16770 1c1c1c1c1c
16771 151515151c
16772 1c15151515
16773 15151c1515
16774 1c1c1c1c1c
16775 151c1c1c1c
16776 0f08080f15
16777 0f08010808
16778 151515150f
16779 1515151515
16780 0f0f15151c
16781 0f0f0f0808
16782 0f0f0f0f0f
16783 0f0f0f0f0f
16784 0f0f0f0f15
16785 0f0f0f0f0f
16786 1515151515
16787 1515151515
16788 1515151515
16789 0f15151515
16790 080808080f
16791 0808080808
16792 0808080808
16793 0f0f0f0808
16794 0f0f0f0f0f
16795 0f0f0f0f0f
16796 15150f0f0f
16797 0f15151515
16798 08080f0f0f
16799 080808080f
16800 1c1c151515
16801 1c1c151c1c
16802 15151c1c1c
16803 0f0f151515
16804 1515151515
16805 1515150f0f
16806 151c151515
16807 1515151515
16808 0808080f15
16809 15150f0808
16810 1c1c1c1515
16811 15151c1515
16812 1515151515
16813 1515151515
16814 1515151515
16815 0f0f0f1515
16816 0f150f0f0f
16817 1515150f0f
16818 1515151515
16819 1515151515
16820 1515151515
16821 0f0f0f0f15
16822 0f0f080808
16823 0f080f0f0f
16824 0f0f0f0f0f
16825 1515151515
16826 1515151515
16827 1515151515
16828 15150f1515
16829 0f0f0f0f0f
16830 0808080f0f
16831 0808080808
16832 1c15151515
16833 1c1c1c1c1c
16834 15151c1c1c
16835 1515151515
16836 080f0f0f15
16837 151515150f
16838 1515151515
16839 150f15150f
16840 1515151515
16841 1c15150f15
16842 151c1c1c1c
16843 1515151515
16844 1c151c1c15
16845 1515151515
16846 1515151515
16847 0f0f0f0f15
16848 0f0f0f0f0f
16849 1c15151515
16850 151515151c
16851 1515151515
16852 0f0f0f0f15
16853 0f0f0f0f0f
16854 0f0f0f150f
16855 1515150f15
16856 1515151515
16857 1515151515
16858 1515151515
16859 0f15151515
16860 0f0f0f0f0f
16861 0f0f0f0f0f
16862 0f0f0f0f0f
16863 0f0f0f0f0f
16864 1515151515
16865 1c1c1c1515
16866 1c1c1c1c1c
16867 151515151c
16868 1515151515
16869 0f0f0f0f0f
16870 1515150f0f
16871 151515150f
16872 1515151515
16873 1c15151515
16874 1c1c1c1c1c
16875 15151c1c1c
16876 1c1c1c1c1c
16877 1c1c1c1c1c
16878 1c1c1c1c1c
16879 151c1c1c1c
16880 1515151515
16881 1515151515
16882 0f15151515
16883 0f0f0f0f0f
16884 0f0f0f0f0f
16885 1515151515
16886 1515150f15
16887 1515151515
16888 1515151515
16889 1515151515
16890 0f15151515
16891 0f0f15150f
16892 0f0f0f0f0f
16893 0f0f0f0f0f
16894 0f0f0f0f0f
16895 0f0f0f0f0f
16896 1515151515
16897 1c1c1c1c15
16898 1c1c1c1c1c
16899 1515151c1c
16900 1515151515
16901 1515151515
16902 0f0f0f0f0f
16903 0f0f08080f
16904 0f0f0f0f0f
16905 1515150f0f
16906 1515151515
16907 1515151515
16908 1c15151515
16909 1c1c1c151c
16910 151c1c1c1c
16911 1515151515
16912 1515151515
16913 0f0f0f0f0f
16914 0f0f0f0f0f
16915 0f0f0f0f0f
16916 0f0f0f0f0f
16917 151515150f
16918 1515150f0f
16919 0f15151515
16920 150f0f0f0f
16921 151515150f
16922 0f0f151515
16923 0f0f0f0f0f
16924 0f0f0f0f0f
16925 0f0f0f0f0f
16926 0f0f0f0f0f
16927 080808080f
16928 1515151515
16929 1c1c1c1c15
16930 1c1c1c1c1c
16931 151515151c
16932 1c15151515
16933 1515151515
16934 0f0f151515
16935 0f0f0f0f0f
16936 0808080808
16937 1515150f08
16938 15150f1515
16939 1515151515
16940 151515150f
16941 1515151515
16942 0f0f151515
16943 1515151515
16944 0f0f0f0f0f
16945 0f0f0f0f0f
16946 0f0f0f0f0f
16947 0f0f0f0f0f
16948 0f0f0f0f0f
16949 0f0f150f0f
16950 1515151515
16951 1515151515
16952 1515151515
16953 0f0f151515
16954 150f15150f
16955 0f0f0f0f15
16956 0f0f0f0f0f
16957 0f0f0f0f0f
16958 0808080f0f
16959 0808080808
16960 1515151515
16961 1c1c1c1515
16962 1c1c1c1c1c
16963 1515151515
16964 1515151515
16965 1515151515
16966 1515151515
16967 1515151515
16968 0f15151515
16969 150f0f0f0f
16970 1515151515
16971 150f151515
16972 1515151515
16973 1515151515
16974 1515151515
16975 0f0f0f1515
16976 0f0f0f0f0f
16977 0f0f0f0f0f
16978 0f0f0f0f0f
16979 15150f0f0f
16980 1515151515
16981 1515151515
16982 1515151515
16983 1515151515
16984 1515151515
16985 15150f1515
16986 0f0f150f0f
16987 0f0f0f0f0f
16988 0f0f0f0f0f
16989 080808080f
16990 0808080808
16991 0808080808
16992 151515150f
16993 1c15151515
16994 151c1c1c1c
16995 1515151515
16996 0f0f0f0f15
16997 0f0f150f0f
16998 15150f0f08
16999 1515151515
17000 1515151515
17001 150f151515
17002 1515151515
17003 150f151515
17004 1515151515
17005 1515151515
17006 0f0f151515
17007 0f0f0f0f0f
17008 0f0f0f0f0f
17009 0f0f0f0f0f
17010 0f0f0f0f0f
17011 0f0f0f0f0f
17012 0f0f0f0f0f
17013 1515151515
17014 150f151515
17015 0f0f0f0f15
17016 0f150f0f0f
17017 0f0f0f150f
17018 0f0f0f0f0f
17019 0f0f0f0f0f
17020 0f0f0f0f0f
17021 0808080808
17022 0808080808
17023 0808080808
17024 1515151515
17025 1515151515
17026 1515151c15
17027 1515151515
17028 1515151515
17029 0f150f1515
17030 1515151515
17031 150f0f0f15
17032 1515151515
17033 0f0f151515
17034 0f0f0f0f0f
17035 0f0f150f0f
17036 150f0f0f0f
17037 0f0f0f0f0f
17038 15150f0f0f
17039 0f0f0f1515
17040 0f0f15150f
17041 0f0f0f0f0f
17042 0f0f0f0f0f
17043 0f0f0f0f0f
17044 0f0f0f0f0f
17045 0f0f0f0f0f
17046 0f0f0f0f0f
17047 0f0f0f0f0f
17048 0f0f0f0f0f
17049 0f0f0f0f0f
17050 0f0f0f0f0f
17051 0f0f0f0f0f
17052 0f0f0f0f0f
17053 0f0f0f0f0f
17054 08080f080f
17055 0808080808
17056 1515151515
17057 1515151515
17058 1515151515
17059 1515151515
17060 1515151515
17061 1515151515
17062 0f0f0f0f15
17063 1515150f0f
17064 0f15151515
17065 0f0f0f0f0f
17066 0f0f0f0f0f
17067 150f0f0f0f
17068 0f0f0f0f15
17069 0f0f0f0f0f
17070 0f0f0f0f0f
17071 0f0f0f0f0f
17072 0f080f0f0f
17073 0f0f0f0f08
17074 0f0f0f0f0f
17075 0f0f0f0f0f
17076 0f0f0f0f0f
17077 0f0f0f0f0f
17078 0f0f0f0f0f
17079 0f0f0f0f0f
17080 0f0f0f0f0f
17081 0f0f0f0f0f
17082 0f0f0f0f0f
17083 0f0f0f0f0f
17084 0f0f0f0f0f
17085 0f0f0f0f0f
17086 08080f0f0f
17087 0808080808
17088 0f0f0f0f0f
17089 1515151515
17090 1515151515
17091 1515151515
17092 1515151515
17093 1515151515
17094 0f0f151515
17095 0f1515150f
17096 0f0f0f0f0f
17097 0f0f0f0f0f
17098 0f0f0f0f0f
17099 0808080f0f
17100 0f0f0f0f0f
17101 0808080808
17102 0f08080f08
17103 080f0f080f
17104 0f080f0f0f
17105 0f0f08080f
17106 0f0f0f0f0f
17107 0f0f0f0f0f
17108 0f0f0f0f0f
17109 0f0f0f0f0f
17110 0f0f0f0f0f
17111 0f0f0f0f0f
17112 0f0f0f0f0f
17113 0f0f0f0f0f
17114 0f0f0f0f0f
17115 0f0f0f0f0f
17116 0f0f0f0f0f
17117 0f0f0f0f0f
17118 0808080808
17119 0808080808
17120 150f0f0f0f
17121 1515151515
17122 1515151515
17123 1515151515
17124 1515151515
17125 1515151515
17126 150f151515
17127 0f0f151515
17128 08080f0f0f
17129 0f0f080808
17130 0f0f0f0f0f
17131 080808080f
17132 0f0f0f0f08
17133 0808080808
17134 0808080808
17135 0f0f0f0808
17136 0f0f0f0f0f
17137 0f0f0f0f0f
17138 0f0f0f0f0f
17139 0f0f0f0f0f
17140 0f0f0f0f0f
17141 0f0f0f0f0f
17142 0f0f0f0f0f
17143 0f0f0f0f0f
17144 0f0f0f0f0f
17145 0f0f0f0f0f
17146 0f0f0f0f0f
17147 0f0f0f0f0f
17148 080f0f0f0f
17149 080808080f
17150 0808080808
17151 0101010108
17152 15150f0f0f
17153 1515151515
17154 1515151515
17155 1515151515
17156 1515151515
17157 0f0f151515
17158 0f0f0f0f0f
17159 0f0f0f150f
17160 0f0f0f0f0f
17161 0f080f0f0f
17162 0808080f0f
17163 0808080808
17164 0808080808
17165 0808080808
17166 0808080808
17167 0f0f08080f
17168 0f0f0f0f0f
17169 0f0f0f0f0f
17170 0f0f0f0f0f
17171 0f0f0f0f0f
17172 0f0f0f0f0f
17173 0f0f0f0f0f
17174 0f0f0f0f0f
17175 0f0f0f0f0f
17176 0f0f0f0f0f
17177 0f0f0f0f0f
17178 0808080f08
17179 0808080808
17180 0808080808
17181 0808080808
17182 0101080808
17183 0101010101
17184 15150f0f0f
17185 1515151515
17186 1515151515
17187 151515150f
17188 1515151515
17189 0f0f0f0f0f
17190 0f0f0f0f0f
17191 0f0f0f0f0f
17192 080808080f
17193 0808080808
17194 0808080808
17195 0808080808
17196 0808080808
17197 0808080808
17198 0808080808
17199 0808080808
17200 0808080808
17201 0f0f080f08
17202 0f0f080f0f
17203 0f08080808
17204 0f080f0808
17205 0f0f0f0f0f
17206 0f0f0f0f0f
17207 080f080f0f
17208 08080f0808
17209 0808080808
17210 0808080808
17211 0808080808
17212 0808080808
17213 0101080808
17214 0101010101
17215 0101010101
17216 0f0f0f0f08
17217 0f0f0f0f0f
17218 151515150f
17219 1515151515
17220 1515151515
17221 0f0f0f1515
17222 0f0f0f0f0f
17223 0f0f0f0f0f
17224 0f0f0f0f0f
17225 0808080f0f
17226 0808080808
17227 0808080808
17228 0101010108
17229 0808080101
17230 0808080808
17231 0808080808
17232 0f0f08080f
17233 0808080f08
17234 010808080f
17235 0801010108
17236 0808080108
17237 0808080101
17238 0808080808
17239 0808080808
17240 0808080808
17241 0101010108
17242 0101010101
17243 0101010101
17244 0101010101
17245 0101010101
17246 0000000101
17247 0000000000
17248 0f0f0f0808
17249 15150f150f
17250 1515151515
17251 1515151515
17252 1515151515
17253 1515151515
17254 1515151515
17255 0f0f0f1515
17256 08080f0f0f
17257 0f0f080808
17258 0f0f0f0f0f
17259 0f0f0f0f0f
17260 0f0f0f0f0f
17261 0f0f0f0f0f
17262 0f0f0f0f0f
17263 0f0f0f0f0f
17264 0f0f0f080f
17265 010808080f
17266 0108080808
17267 0101010108
17268 0108010101
17269 0101010101
17270 0108080101
17271 0101010108
17272 0101010101
17273 0101010101
17274 0101010101
17275 0101010101
17276 0100010101
17277 0000000000
17278 0000000000
17279 0000000000
17280 15150f0f0f
17281 1515151515
17282 1c1c1c1515
17283 1515151515
17284 1515151515
17285 1515151515
17286 1515151515
17287 1515151515
17288 0f15151515
17289 151515150f
17290 0f15151515
17291 1515150f15
17292 0f0f151515
17293 0f150f0f15
17294 0f15150f15
17295 08080f1515
17296 0801010808
17297 0801080808
17298 0101010101
17299 0101010101
17300 0101010801
17301 0101010101
17302 0101010101
17303 0101010101
17304 0101010001
17305 0100000101
17306 0000000001
17307 0000000000
17308 0000000000
17309 0000000000
17310 0000000000
17311 0000000000
17312 0f0f0f0f08
17313 150f0f0f0f
17314 1515151515
17315 1515151515
17316 1515151515
17317 1515151515
17318 1515151515
17319 1515151515
17320 0f0f0f0f15
17321 0f15150f0f
17322 01010f0f15
17323 1515150f08
17324 1515151515
17325 1515151515
17326 1515151515
17327 0f0f151515
17328 0f0f0f0f0f
17329 080808080f
17330 0108080808
17331 0101010101
17332 0101010101
17333 0101010101
17334 0101010101
17335 0101010101
17336 0101010101
17337 0001010100
17338 0000000100
17339 0000000000
17340 0000000000
17341 0000000000
17342 0000000000
17343 0000000000
17344 15150f0f0f
17345 1515151515
17346 1515151515
17347 0f0f0f0f15
17348 1515151515
17349 1515151515
17350 1515151515
17351 1515151515
17352 0f15151515
17353 15150f0f0f
17354 08080f0f15
17355 15150f0f0f
17356 0f0f0f0f0f
17357 1515151515
17358 1515150f15
17359 1515151515
17360 1515151515
17361 0f0f0f0f0f
17362 0f0f0f0f0f
17363 0f0f0f0f0f
17364 08080f0f0f
17365 0101010108
17366 0101010101
17367 0101010101
17368 0101010101
17369 0001010101
17370 0000000000
17371 0000000000
17372 0000000000
17373 0000000000
17374 0000000000
17375 0000000000
17376 15150f150f
17377 1515151515
17378 15151c1c1c
17379 1515151515
17380 151515150f
17381 1515151515
17382 1515151515
17383 1515151515
17384 0f0f151515
17385 15150f0f0f
17386 1515151515
17387 1515151515
17388 1515151515
17389 1515151515
17390 1515151515
17391 1515151515
17392 15150f1515
17393 15150f0f15
17394 1515151515
17395 0f0f0f0f0f
17396 15150f0f0f
17397 0f0f0f0f15
17398 01080f0f0f
17399 0101080801
17400 0000000100
17401 0100000000
17402 0000010101
17403 0000000000
17404 0000000000
17405 0000000000
17406 0000000000
17407 0000000000
17408 0f0f0f0f0f
17409 151515150f
17410 1515151515
17411 1515151515
17412 15150f1515
17413 1515150f0f
17414 1515151515
17415 0f15151515
17416 0f15150f0f
17417 1515150f0f
17418 1515151515
17419 15150f0f0f
17420 1515151515
17421 1515151515
17422 1515151515
17423 1515151515
17424 150f0f1515
17425 0f150f150f
17426 0f15151515
17427 0f0f0f0f0f
17428 0f150f0f0f
17429 151515150f
17430 1515151515
17431 0f0f15150f
17432 0f0f0f0f0f
17433 080808080f
17434 0101010808
17435 0000000100
17436 0100000000
17437 0000000100
17438 0000000000
17439 0000000000
17440 151515150f
17441 1515151515
17442 1515151c15
17443 1515151515
17444 15150f1515
17445 15150f0f15
17446 1515151515
17447 0f0f0f0f0f
17448 0f0f0f0f0f
17449 0f0f0f0f0f
17450 0f0f0f0f0f
17451 0f0f0f0f0f
17452 0f0f0f0f0f
17453 0f0f0f0f0f
17454 0f0f0f0f0f
17455 0f0f0f0f0f
17456 150f150f0f
17457 0f0f0f0f0f
17458 0f0f0f0f0f
17459 0f0f0f0f15
17460 0f15151515
17461 151515150f
17462 1515151515
17463 1515151515
17464 1515151515
17465 1515151515
17466 0f080f0f15
17467 0808000000
17468 0801080808
17469 0000010108
17470 0000000000
17471 0000000000
17472 1515150f0f
17473 1515151515
17474 1515151515
17475 1515151515
17476 0f0f0f1515
17477 0f0f0f0f15
17478 0f0f0f0f0f
17479 0f0f0f0f0f
17480 0f0f0f0f0f
17481 0f0f150f0f
17482 0f150f0f0f
17483 0f0f0f0f0f
17484 0f0f0f0f0f
17485 0f0f0f0f0f
17486 0f0f0f0f0f
17487 0f0f0f0f0f
17488 0f0f0f0f0f
17489 0f0f0f0f0f
17490 0f0f0f0f0f
17491 0f0f0f0f0f
17492 151515150f
17493 1515151515
17494 1515151515
17495 1515151515
17496 1515151515
17497 1515151515
17498 0f0f0f150f
17499 0f0f081501
17500 0f0f0f0f0f
17501 0f0f0f150f
17502 0101080f0f
17503 0000000000
17504 0f0f0f0f0f
17505 151515150f
17506 1515151515
17507 1515151515
17508 15150f1515
17509 1515150f15
17510 0f150f0f0f
17511 0f0f0f0f0f
17512 0f0f0f0f0f
17513 0f0f0f0f0f
17514 0f150f0f0f
17515 0f0f0f0f0f
17516 0f0f0f0f0f
17517 0f0f0f0f0f
17518 0f0f0f0f0f
17519 0f0f0f0f0f
17520 0f0f0f0f0f
17521 0f0f0f0f0f
17522 0f0f0f0f0f
17523 0f0f0f0f0f
17524 0f1515150f
17525 15150f150f
17526 1515150f15
17527 15150f1515
17528 1515151515
17529 0f15151515
17530 1515151515
17531 150f081501
17532 0f0f0f1515
17533 0f0f150f0f
17534 0f0f0f0f0f
17535 0101080808
17536 0f0f0f0f0f
17537 1515151515
17538 1515151515
17539 1515151515
17540 1515151515
17541 0f15151515
17542 0f15151515
17543 150f0f0f15
17544 0f0f0f150f
17545 0f0f0f0f0f
17546 0f0f0f0f0f
17547 0f1515150f
17548 0f0f0f0f0f
17549 0f0f0f0f0f
17550 0f0f0f0f0f
17551 0f0f0f0f0f
17552 0f0f0f0f0f
17553 0f0f0f0f0f
17554 0f0f0f0f0f
17555 0f0f0f0f0f
17556 0f0f0f0f0f
17557 15150f0f0f
17558 1515151515
17559 1515151515
17560 1515151515
17561 1515151515
17562 0f0f0f150f
17563 150f010101
17564 0f150f0f15
17565 0f0f0f0f0f
17566 0f0f0f0f0f
17567 01080f080f
17568 151515150f
17569 1515151515
17570 1515151515
17571 1515151515
17572 150f150f15
17573 1515150f0f
17574 1515151515
17575 0f15151515
17576 0f1515150f
17577 0f0f0f0f0f
17578 0f0f0f0f0f
17579 0f0f0f150f
17580 150f0f0f0f
17581 0f0f0f0f0f
17582 0f0f0f0f0f
17583 0f0f0f0f0f
17584 080f0f0f0f
17585 0f0f0f0f0f
17586 0f0f0f0f0f
17587 0f0f0f0f0f
17588 0f0f0f0f0f
17589 0f0f0f0f0f
17590 15150f0f0f
17591 1515151515
17592 1515151515
17593 0f15151515
17594 0f0f0f0f15
17595 150f000800
17596 0f0f0f0f0f
17597 08080f0f0f
17598 08080f0808
17599 0808080808
17600 1515150f0f
17601 1515151515
17602 1515151515
17603 0f0f151515
17604 151515150f
17605 1515151515
17606 1515151515
17607 1515151515
17608 1515151515
17609 0f0f0f0f0f
17610 0f0f0f0f0f
17611 0f0f0f0f0f
17612 0f0f0f150f
17613 0f0f0f1515
17614 0f0f0f0f0f
17615 150f0f0f0f
17616 0f0f0f0f0f
17617 0f0f0f0f0f
17618 0f0f0f0f0f
17619 0f0f0f0f0f
17620 0f0f15150f
17621 0f08080f08
17622 0f0808080f
17623 0f0f0f0f08
17624 1515150f0f
17625 150f151515
17626 1515151515
17627 150f011501
17628 1515151515
17629 0f0f0f0f0f
17630 080808080f
17631 0108080808
17632 15150f0f0f
17633 1515151515
17634 1515151c15
17635 1515151515
17636 1515151515
17637 1515151515
17638 1515151515
17639 0f15151515
17640 0f0f0f0f0f
17641 0f0f0f0f0f
17642 0f0f0f0f0f
17643 0f0f0f0f0f
17644 0f0f150f15
17645 150f0f0f0f
17646 0f0f0f0f15
17647 0f15150f15
17648 150f151515
17649 0f0f0f0f0f
17650 0f0f150f0f
17651 0f0f0f0f0f
17652 1515150f0f
17653 0f0f15150f
17654 0f0f0f0f0f
17655 0f0f0f0f0f
17656 0f0f0f0f0f
17657 150f0f150f
17658 1515151515
17659 150f080f01
17660 1515151515
17661 0f0f151515
17662 08080f0f0f
17663 0808080808
17664 1515150f0f
17665 1515151515
17666 15151c1c15
17667 1515151515
17668 1515151515
17669 0f0f0f1515
17670 0f0f0f0f0f
17671 0f0f150f0f
17672 0f0f0f0f0f
17673 0f0f0f0f0f
17674 0f0f0f0f0f
17675 0f0f150f0f
17676 0f0f0f0f0f
17677 0f0f0f0f0f
17678 0f0f0f0f0f
17679 0f0f0f0f0f
17680 0f0f0f0f0f
17681 0f0f150f0f
17682 0f0f150f0f
17683 0f0f0f0f0f
17684 150f150f0f
17685 1515151515
17686 0f15151515
17687 1515151515
17688 1515151515
17689 0f0f0f0f0f
17690 0f0f0f0f0f
17691 150f010100
17692 150f0f0f15
17693 0f0f151515
17694 0f0f0f0f0f
17695 0108080f0f
17696 0f150f0f0f
17697 1515151515
17698 1515151515
17699 150f0f1515
17700 15150f0f15
17701 1515151515
17702 1515151515
17703 1515151515
17704 0f0f0f0f0f
17705 0f0f0f0f0f
17706 0f0f0f0f0f
17707 0f0f0f0f0f
17708 0f0f0f0f0f
17709 0f0f0f0f0f
17710 0f0f0f0f0f
17711 0f0f0f0f0f
17712 150f0f0f0f
17713 0f0f151515
17714 0f150f0f0f
17715 0f0f0f0f0f
17716 15150f0f0f
17717 1515151515
17718 15150f1515
17719 0f0f0f1515
17720 150f0f0f0f
17721 0f0f0f0f0f
17722 0f0f0f0f0f
17723 150f000801
17724 150f0f0f0f
17725 0f0f0f0f0f
17726 0108080f0f
17727 0000000000
17728 0f0f0f0f0f
17729 1515151515
17730 1515151515
17731 0f15151515
17732 1515151515
17733 1515151515
17734 1515151515
17735 1515151515
17736 0f0f0f0f15
17737 0f0f0f0f0f
17738 0f0f0f0f0f
17739 0f0f0f0f0f
17740 0f0f0f0f0f
17741 0f0f0f0f0f
17742 0f0f0f0f0f
17743 0f0f0f0f0f
17744 0f0f0f0f0f
17745 0f0f0f0f0f
17746 0f0f0f0f15
17747 0f0f0f0f0f
17748 0f0f0f0f0f
17749 0f150f0f0f
17750 150f0f0f0f
17751 0f0f150f15
17752 0f0f0f0f0f
17753 0f0f080f0f
17754 010100080f
17755 0f08000101
17756 0f0f0f0f0f
17757 0001080f0f
17758 0101000000
17759 0f0f0f0808
17760 150f0f0f0f
17761 1515151515
17762 1515151515
17763 1515151515
17764 1515151515
17765 15150f150f
17766 0f0f150f15
17767 0f0f0f0f0f
17768 0f0f0f0f0f
17769 0f080f0f0f
17770 0808080808
17771 0f080f0f0f
17772 0f0f0f0f0f
17773 15150f0f0f
17774 0f0f0f0f15
17775 0f0f0f150f
17776 0f0f0f0f0f
17777 0f0f0f0f0f
17778 0f0f0f0f0f
17779 0f0f0f150f
17780 0f0f0f0f0f
17781 0f0f0f0f0f
17782 0f0f0f0f0f
17783 0f0f0f0f0f
17784 0f0f0f0f0f
17785 0f0f0f0f0f
17786 0000000008
17787 0000000000
17788 0000000000
17789 0000000000
17790 0808080808
17791 080808080f
17792 1515151515
17793 1515151515
17794 1515151515
17795 1515151515
17796 1515151515
17797 1515151515
17798 0f0f0f1515
17799 0f0f0f0f0f
17800 0f0f0f0f0f
17801 0f0f0f0f08
17802 08080f0f0f
17803 0f0f080808
17804 0808080f0f
17805 0f080f080f
17806 0f0f0f0f0f
17807 0f0f0f0f0f
17808 0f0f0f0f0f
17809 0f0f0f0f0f
17810 0f0f0f0f0f
17811 0f0f0f0f0f
17812 0f0f08080f
17813 0f0f0f0f0f
17814 0f0f0f0f0f
17815 0f0f0f0f0f
17816 150f0f0f0f
17817 00010f080f
17818 0000000000
17819 0000000000
17820 0000000000
17821 0000000000
17822 0101080100
17823 0808080100
17824 1c150f1515
17825 080108010f
17826 150f0f0f0f
17827 1515151515
17828 1515151515
17829 0f0f151515
17830 0f0f150f15
17831 0f150f0f0f
17832 0f0f0f0f0f
17833 0f0f0f0f0f
17834 080f0f0f0f
17835 08080f0f0f
17836 0f0f0f0808
17837 0f0f0f0f0f
17838 0f0f0f0f0f
17839 0f0f0f0f0f
17840 0f150f0f0f
17841 0f0f0f0f0f
17842 0f0f0f0f0f
17843 0f0f0f0f0f
17844 0f0f0f0f0f
17845 0808080f08
17846 0808080808
17847 0808080f08
17848 0001080f0f
17849 0000000000
17850 0000000000
17851 0000000000
17852 0000000000
17853 0000000000
17854 0000000000
17855 0000000000
17856 0101000101
17857 0000000001
17858 0101010101
17859 0f0f0f0801
17860 0f150f150f
17861 08080f0f0f
17862 0101010808
17863 0f0f080801
17864 0f0f0f0f0f
17865 0f0f0f0f0f
17866 0f0f0f0808
17867 0f0f0f0f0f
17868 0f0f0f0f0f
17869 0f0f0f0f0f
17870 0f0f0f0f0f
17871 0f0f0f0f0f
17872 0f0f0f0f0f
17873 0f0f0f0f0f
17874 0f0f0f0f0f
17875 0f0f0f0f0f
17876 0f0f080f0f
17877 08080f0f0f
17878 08080f0f0f
17879 08080f0808
17880 0000000108
17881 0000000000
17882 0000000000
17883 0000000000
17884 0000000000
17885 0000000000
17886 0000000000
17887 0000000000
17888 0000000000
17889 0100000000
17890 0101010101
17891 0101010101
17892 0101010101
17893 0101000001
17894 0000000100
17895 0000000001
17896 0801010101
17897 0001010101
17898 0000000000
17899 0108080100
17900 150f0f0801
17901 0f0f0f0f0f
17902 0f0f0f0f0f
17903 08080f0f0f
17904 0f0f0f0808
17905 0f080f0f0f
17906 0f0f0f0f0f
17907 0f0f0f0f0f
17908 0f0f080f15
17909 0f0f0f0f0f
17910 0f0f0f0f0f
17911 000108080f
17912 0000000000
17913 0000000000
17914 0000000000
17915 0000000000
17916 0000000000
17917 0000000000
17918 0000000000
17919 0000000000
17920 0000000000
17921 0000000000
17922 0101000000
17923 0000000000
17924 0101010001
17925 0000000000
17926 0000000000
17927 0000000000
17928 0000000000
17929 0000000000
17930 0000000000
17931 0000000000
17932 0f0f010100
17933 150f151515
17934 0f0f150f0f
17935 0f0f0f0f0f
17936 0f150f0f0f
17937 0f0f080f0f
17938 0f080f0f0f
17939 0f080f0f15
17940 0f0f0f0f0f
17941 0f0f0f0f0f
17942 080f080f0f
17943 0000000101
17944 0000000000
17945 0000000000
17946 0000000000
17947 0000000000
17948 0000000000
17949 0000000000
17950 0000000000
17951 0000000000
17952 0000000000
17953 0000000000
17954 0000000000
17955 0000000000
17956 0101000001
17957 0000000000
17958 0000000000
17959 0000000000
17960 0000000000
17961 0000000000
17962 0000000000
17963 0101010000
17964 0115150801
17965 151c1c1501
17966 0f15151515
17967 0f0f0f0f0f
17968 0f0f0f0f0f
17969 0f150f0f0f
17970 15150f0f0f
17971 1515151515
17972 010f0f0f0f
17973 0101080808
17974 0001010101
17975 0000000000
17976 0000000000
17977 0000000000
17978 0000000000
17979 0000000000
17980 0000000000
17981 0000000000
17982 0000000000
17983 0000000000
17984 0000000000
17985 0000000000
17986 0000000000
17987 0000000000
17988 0100000000
17989 0000000000
17990 0000000000
17991 0000000000
17992 0000010000
17993 0000000000
17994 0000000000
17995 1515150801
17996 0f15151515
17997 1c150f0101
17998 1515151515
17999 0f15151515
18000 15150f0f0f
18001 1515151515
18002 0f15151515
18003 080f0f1515
18004 0101010108
18005 0000010000
18006 0000000100
18007 0000000000
18008 0000000000
18009 0000010100
18010 0000000000
18011 0000000000
18012 0000000000
18013 0000000000
18014 0000000000
18015 0000000000
18016 0000000000
18017 0000000000
18018 0000000000
18019 0000000000
18020 0000000000
18021 0000000000
18022 0000000000
18023 0000000000
18024 0100000000
18025 0f00000101
18026 080f0f0f0f
18027 151515150f
18028 1515151515
18029 1501000808
18030 1515151515
18031 1515151515
18032 150f0f0f15
18033 0f151c1515
18034 0000010108
18035 0000000000
18036 0001010000
18037 0000000000
18038 0000000000
18039 0000000000
18040 0101000000
18041 0000000101
18042 0000000000
18043 0000000000
18044 0000000000
18045 0000000000
18046 0000000000
18047 0000000000
18048 0000000000
18049 0000000000
18050 0000000000
18051 0000000000
18052 0000000000
18053 0000000000
18054 0000000000
18055 0000000000
18056 0101000000
18057 0f0f000101
18058 0f0f151515
18059 151515150f
18060 000f151515
18061 0101000000
18062 0801010101
18063 1515151515
18064 0f0f151515
18065 0000010101
18066 0000000000
18067 0108080100
18068 010f150000
18069 0000000000
18070 0000000000
18071 0101010000
18072 0000010108
18073 0000000000
18074 0000000000
18075 0000000000
18076 0000000000
18077 0000000000
18078 0000000000
18079 0000000000
18080 0000000000
18081 0000000000
18082 0000000000
18083 0000010000
18084 0000000000
18085 0100000000
18086 0101000100
18087 0101010101
18088 0000000000
18089 1c0f000101
18090 0f15151c15
18091 1515151515
18092 0008151515
18093 0100000000
18094 0101010001
18095 15150f0100
18096 000001010f
18097 0001010101
18098 0101010000
18099 0815150f0f
18100 000f0f0000
18101 0000000101
18102 0000000000
18103 0001000000
18104 0000010101
18105 0000000000
18106 0000000000
18107 0000000000
18108 0000000000
18109 0000000000
18110 0000000000
18111 0000000000
18112 0000000000
18113 0000000000
18114 0100000000
18115 0000000000
18116 0000000000
18117 0101000000
18118 0101010101
18119 0101010101
18120 0000000001
18121 1c00010100
18122 151515151c
18123 1515151515
18124 000101151c
18125 0000000101
18126 0000000000
18127 0000000000
18128 0000000000
18129 0801010001
18130 01080f0f0f
18131 010815150f
18132 0008080000
18133 0000000000
18134 0000000000
18135 0000000000
18136 0000000100
18137 0000000000
18138 0000000000
18139 0000000000
18140 0000000000
18141 0000000000
18142 0000000000
18143 0000000000
18144 0000000000
18145 0000000000
18146 0101000000
18147 0000000000
18148 0000000000
18149 0101000000
18150 0101010801
18151 0001010101
18152 0000010000
18153 0101010000
18154 1515151515
18155 1515151515
18156 0100000008
18157 0000000101
18158 0000010100
18159 0000000000
18160 0800000000
18161 080101080f
18162 0108151515
18163 081515150f
18164 0000000000
18165 0000000000
18166 0000000000
18167 0100000000
18168 0000000000
18169 0000000000
18170 0000000000
18171 0000000000
18172 0000000000
18173 0000000000
18174 0000000000
18175 0000000000
18176 0000000000
18177 0000000000
18178 0000000000
18179 0000000000
18180 0000000000
18181 0101080000
18182 0101010100
18183 0001010101
18184 0000000000
18185 0101000000
18186 0101151508
18187 01151c0801
18188 0101000000
18189 0100000001
18190 0000000101
18191 0000000000
18192 0800000000
18193 0800010f15
18194 01080f1515
18195 081515150f
18196 0000000000
18197 0000000000
18198 0001010000
18199 0000000000
18200 0000000000
18201 0000000000
18202 0000000000
18203 0000000000
18204 0000000000
18205 0000000000
18206 0000000000
18207 0000000000
18208 0100000000
18209 0000000000
18210 0000000000
18211 0000000000
18212 0000000000
18213 0101010000
18214 0108080801
18215 0000010108
18216 0100000000
18217 0100000000
18218 0000000000
18219 0001000000
18220 0101000000
18221 0001010101
18222 0000000000
18223 0008000000
18224 0000000000
18225 0000000101
18226 0000000000
18227 0000010100
18228 0000000000
18229 0000000000
18230 0101010101
18231 0000000001
18232 0000000000
18233 0000000000
18234 0000000000
18235 0000000000
18236 0000000000
18237 0000000000
18238 0000000000
18239 0000000000
18240 0000000000
18241 0000000000
18242 0000000000
18243 0000000000
18244 0000000000
18245 0108010100
18246 0001010101
18247 0000000000
18248 0000000000
18249 0000000000
18250 0000000000
18251 0000000000
18252 0801000000
18253 0000000000
18254 0000000000
18255 0f08000000
18256 000000010f
18257 0000000000
18258 0000000000
18259 0000000000
18260 0000000000
18261 0000010100
18262 0101010101
18263 0000000000
18264 0000000000
18265 0000000000
18266 0000000000
18267 0000000000
18268 0000000000
18269 0000000000
18270 0000000000
18271 0000000000
18272 0000000000
18273 0000000000
18274 0000010000
18275 0000010000
18276 0100000000
18277 0101000001
18278 0001010801
18279 0000000001
18280 0000000001
18281 0000000000
18282 0000000000
18283 0000000000
18284 0100000000
18285 0000010101
18286 0000000001
18287 0108010000
18288 0000010101
18289 0000000000
18290 0000000000
18291 0000000000
18292 0100000000
18293 0001000101
18294 0000000000
18295 0000000000
18296 0000000000
18297 0000000000
18298 0000000000
18299 0000000000
18300 0000000000
18301 0000000000
18302 0000000000
18303 0000000000
18304 0000000000
18305 0000010000
18306 0000000000
18307 0000000000
18308 0000000000
18309 0000000000
18310 0001000000
18311 0000000000
18312 0000000000
18313 0000000000
18314 0000000000
18315 0000000000
18316 0000000000
18317 0100000000
18318 0000000000
18319 0100010100
18320 0001010001
18321 0000000000
18322 0000000000
18323 0000000000
18324 0101000000
18325 0000010101
18326 0000000000
18327 0000000000
18328 0000000000
18329 0000000000
18330 0000000000
18331 0000000000
18332 0000000000
18333 0000000000
18334 0000000000
18335 0000000000
18336 0000000000
18337 0000000000
18338 0000000000
18339 0000000000
18340 0000000000
18341 0000000000
18342 0000000000
18343 0000000000
18344 0000000000
18345 0000000000
18346 0000000000
18347 0000000000
18348 0000000000
18349 0000000000
18350 0000000000
18351 0000000100
18352 0000000000
18353 0000000000
18354 0000000000
18355 0000000000
18356 0100000000
18357 0000000101
18358 0000000000
18359 0000000000
18360 0000000000
18361 0000000000
18362 0000000000
18363 0000000000
18364 0000000000
18365 0000000000
18366 0000000000
18367 0000000000
18368 0000000101
18369 0000000000
18370 0000000000
18371 0000000000
18372 0000000000
18373 0000000000
18374 0000000000
18375 0000000000
18376 0000000000
18377 0000000000
18378 0000000000
18379 0000000000
18380 0000000000
18381 0000000000
18382 0000000000
18383 0000010100
18384 0000000000
18385 0000000000
18386 0000000000
18387 0000000000
18388 0000000000
18389 0000000101
18390 0001000000
18391 0000000000
18392 0000000000
18393 0000000000
18394 0000000000
18395 0000000000
18396 0000000000
18397 0000000000
18398 0000000000
18399 0000000000
18400 0000000001
18401 0000000000
18402 0000000000
18403 0000000000
18404 0000000000
18405 0000000000
18406 0000000000
18407 0000000000
18408 0000080801
18409 0000000000
18410 0000000000
18411 0000000000
18412 0000000000
18413 0000000000
18414 0000000000
18415 0000010100
18416 0000000000
18417 0000000000
18418 0000000000
18419 0000000000
18420 0000000000
18421 0101010100
18422 0001010101
18423 0000000000
18424 0000000000
18425 0000000000
18426 0000000000
18427 0000000000
18428 0000000000
18429 0000000000
18430 0000000000
18431 0000000000
18432 0000000000
18433 0000000000
18434 0000000000
18435 0000000000
18436 0000000000
18437 0000000000
18438 0000000000
18439 0000000000
18440 0001010101
18441 0000000000
18442 0000000000
18443 0000000000
18444 0000000000
18445 0000000000
18446 0000000000
18447 0000000000
18448 0000000000
18449 0000000000
18450 0000000000
18451 0000000000
18452 0000000000
18453 0001010001
18454 0000000000
18455 0000000000
18456 0000000000
18457 0000000000
18458 0000000000
18459 0000000000
18460 0000000000
18461 0000000000
18462 0000000000
18463 0000000000
18464 0000000000
18465 0000000000
18466 0000000000
18467 0000000000
18468 0000000000
18469 0000000000
18470 0000000000
18471 0000000000
18472 0000000000
18473 0000000000
18474 0000000000
18475 0000000000
18476 0000000000
18477 0000000000
18478 0000000000
18479 0100010000
18480 0001000000
18481 0000000000
18482 0000000000
18483 0000000000
18484 0000000000
18485 0000000000
18486 0101010000
18487 0100010000
18488 0000000000
18489 0000000000
18490 0000000000
18491 0000000000
18492 0000000000
18493 0000000000
18494 0000000000
18495 0000000000
18496 0000000000
18497 0000000000
18498 0000000000
18499 0000000000
18500 0000000000
18501 0000000000
18502 0000000000
18503 0000000000
18504 0001000000
18505 0000000000
18506 0000000000
18507 0000000000
18508 0000000000
18509 0000000000
18510 0000000000
18511 0101000000
18512 0101000001
18513 0001010100
18514 0101000000
18515 0801010808
18516 0108080808
18517 0000010001
18518 0108010000
18519 0000010100
18520 0000000000
18521 0000000000
18522 0000000000
18523 0000000000
18524 0000000000
18525 0000000000
18526 0000000000
18527 0000000000
18528 0000000000
18529 0000000000
18530 0000000000
18531 0000000000
18532 0000000000
18533 0000000000
18534 0000000000
18535 0100000000
18536 0000000001
18537 0000000000
18538 0000000000
18539 0000000000
18540 0000000000
18541 0000000000
18542 0000000000
18543 0801010000
18544 0801010101
18545 0801080108
18546 0808080101
18547 0801010808
18548 0808080808
18549 0801010808
18550 0808080808
18551 0801080808
18552 0101080108
18553 0101010100
18554 0001080801
18555 0000000000
18556 0000000000
18557 0000000000
18558 0000000000
18559 0000000000
18560 0000000000
18561 0000000000
18562 0000000000
18563 0000000000
18564 0000000000
18565 0000000000
18566 0000000000
18567 0000000000
18568 0000000000
18569 0000000000
18570 0000000000
18571 0000000000
18572 0000000000
18573 0000000000
18574 0101000000
18575 0801010101
18576 0808080108
18577 0108080808
18578 0808010101
18579 0808080808
18580 080f0f0808
18581 0808080808
18582 0808080808
18583 0801010808
18584 0101080108
18585 0801000101
18586 0101080101
18587 0808080801
18588 0001010808
18589 0000000000
18590 0000000000
18591 0000000000
18592 0000000000
18593 0000000000
18594 0000000000
18595 0000000000
18596 0000000000
18597 0000000000
18598 0000000000
18599 0000000000
18600 0000000000
18601 0000000000
18602 0000000000
18603 0000000000
18604 0000000000
18605 0101010100
18606 0101010101
18607 0101010101
18608 0101010108
18609 0101010101
18610 0101010101
18611 0001010101
18612 0101010000
18613 0801010108
18614 0108080808
18615 0808010101
18616 0808080108
18617 0808080101
18618 0101080808
18619 0101010101
18620 0808080808
18621 0001080808
18622 0000000000
18623 0000000000
18624 0000000000
18625 0000000000
18626 0000000000
18627 0000000000
18628 0000000000
18629 0000000000
18630 0000000000
18631 0000000000
18632 0000000000
18633 0000000000
18634 0000000000
18635 0000000000
18636 0101000000
18637 0101080101
18638 0101010801
18639 0101000101
18640 0000000001
18641 0000000000
18642 0000000000
18643 0000000001
18644 0100000000
18645 0808010101
18646 0101010108
18647 0808010101
18648 0808080108
18649 0801010808
18650 0108080808
18651 0101010801
18652 0101010101
18653 0108080808
18654 0000010101
18655 0000000000
18656 0000000000
18657 0000000000
18658 0000000000
18659 0000000000
18660 0000000000
18661 0000000000
18662 0000000000
18663 0000000000
18664 0000000000
18665 0101010000
18666 0000010101
18667 0101010101
18668 0101010101
18669 0101010801
18670 0000000101
18671 0000000000
18672 0000000000
18673 0000000000
18674 0000000000
18675 0000000000
18676 0000000000
18677 0100000000
18678 0100010101
18679 0808010101
18680 0108080101
18681 0108010101
18682 0101080801
18683 0101010101
18684 0108010101
18685 0100010101
18686 0100010000
18687 0000010001
18688 0000000000
18689 0000000000
18690 0000000000
18691 0000000000
18692 0000000000
18693 0000000000
18694 0000000000
18695 0000000000
18696 0000000000
18697 0101010000
18698 0101010108
18699 0001000101
18700 0101000000
18701 0000010101
18702 0000000000
18703 0000000000
18704 0000000000
18705 0000000000
18706 0000000000
18707 0000000000
18708 0000000100
18709 0000000000
18710 0000000000
18711 0801080801
18712 0101010101
18713 0808010101
18714 0101010108
18715 0108010101
18716 0808080801
18717 0001080101
18718 0000000000
18719 0000010000
18720 0000000000
18721 0000000000
18722 0000000000
18723 0000000000
18724 0000000000
18725 0000000000
18726 0000000000
18727 0000000000
18728 0000000000
18729 0101010000
18730 0000000001
18731 0000000100
18732 0100000000
18733 0000000001
18734 0000000000
18735 0000000000
18736 0000000000
18737 0000000000
18738 0000000000
18739 0000000000
18740 0000000000
18741 0000000000
18742 0000000000
18743 0100010100
18744 0101010001
18745 0808010101
18746 080808010f
18747 0101080801
18748 0808010101
18749 0008080808
18750 0000000101
18751 0000000000
18752 0000000000
18753 0000000000
18754 0000000000
18755 0000000000
18756 0000000000
18757 0000000000
18758 0000000000
18759 0100010000
18760 0000000000
18761 0000000000
18762 0000000000
18763 0000000000
18764 0000000000
18765 0000000000
18766 0000000000
18767 0000000000
18768 0000000000
18769 0000010000
18770 0000010100
18771 0000000000
18772 0000010000
18773 0000000000
18774 0000010000
18775 0001010000
18776 0000000000
18777 0108010101
18778 0101010108
18779 0101010108
18780 0101010000
18781 0100000001
18782 0101010100
18783 0000000000
18784 0000000000
18785 0000000000
18786 0000000000
18787 0000000000
18788 0000000000
18789 0000000000
18790 0000010000
18791 0001000000
18792 0000010001
18793 0000010000
18794 0000000000
18795 0000000000
18796 0000000000
18797 0000000000
18798 0000000000
18799 0000000000
18800 0000000000
18801 0000000000
18802 0000000000
18803 0000000000
18804 0000000000
18805 0000000000
18806 0000000000
18807 0000000000
18808 0000000000
18809 0808010100
18810 01080f080f
18811 0008080801
18812 0001010000
18813 0001010000
18814 0000010001
18815 0000000000
18816 0000000000
18817 0000000000
18818 0000000000
18819 0000000000
18820 0000000000
18821 0000000000
18822 0000000000
18823 0000000000
18824 0101000100
18825 0101010100
18826 0000000000
18827 0000000000
18828 0000000000
18829 0000000000
18830 0000000000
18831 0000000000
18832 0000000000
18833 0000000000
18834 0000000000
18835 0000000000
18836 0000000000
18837 0000000000
18838 0000000000
18839 0000000000
18840 0000000000
18841 0808080801
18842 01080f0808
18843 010f0f0808
18844 0000000000
18845 0108010000
18846 0001010108
18847 0000000100
18848 0000000000
18849 0000000000
18850 0000000000
18851 0000000000
18852 0000000000
18853 0000000000
18854 0000000000
18855 0000000000
18856 0000010001
18857 0101010001
18858 0000000101
18859 0000000000
18860 0000000000
18861 0000000000
18862 0000000000
18863 0000000000
18864 0000000000
18865 0000000000
18866 0000000000
18867 0000000000
18868 0000000000
18869 0000000000
18870 0000000000
18871 0000000000
18872 0101010000
18873 0108080100
18874 0001010101
18875 0101010000
18876 0101000001
18877 0808080000
18878 0101010808
18879 0100000101
18880 0000000000
18881 0000000000
18882 0000000000
18883 0000000000
18884 0000000000
18885 0000000000
18886 0000000000
18887 0000000000
18888 0000010000
18889 0101000100
18890 0001000101
18891 0000000000
18892 0000000000
18893 0000000000
18894 0000000000
18895 0000000000
18896 0000000000
18897 0000000000
18898 0000000000
18899 0000000000
18900 0000000000
18901 0000000000
18902 0000000000
18903 0001010000
18904 0101000101
18905 0001010000
18906 0000010000
18907 0000000000
18908 0100000000
18909 0101000000
18910 0101010101
18911 0000000101
18912 0000000000
18913 0000000000
18914 0000000000
18915 0000000000
18916 0000000000
18917 0000000000
18918 0000000000
18919 0000000000
18920 0000010001
18921 0000000001
18922 0101010101
18923 0000000001
18924 0000000000
18925 0000000000
18926 0000000000
18927 0000000000
18928 0000000000
18929 0000000000
18930 0000000000
18931 0000000000
18932 0000000000
18933 0000000000
18934 0000010000
18935 0100000000
18936 0100010101
18937 0001000000
18938 0000000000
18939 0000000000
18940 0000000000
18941 0000000000
18942 0101000000
18943 0101010801
18944 0000000000
18945 0000000000
18946 0000000000
18947 0000000000
18948 0000000000
18949 0000000000
18950 0000000000
18951 0000000000
18952 0000000000
18953 0000000000
18954 0000000000
18955 0000000000
18956 0000000000
18957 0000000000
18958 0000000000
18959 0000000000
18960 0000000000
18961 0000000000
18962 0000000000
18963 0000000001
18964 0000000001
18965 0000000000
18966 0000000000
18967 0000000000
18968 0000010101
18969 0000000000
18970 0000000000
18971 0000000000
18972 0000000000
18973 0000000000
18974 0000000000
18975 0000000000
18976 0000000000
18977 0000000000
18978 0000000000
18979 0000000000
18980 0000000000
18981 0000000000
18982 0000000000
18983 0000000000
18984 0000000000
18985 0000000000
18986 0000000000
18987 0000000000
18988 0000000000
18989 0000000000
18990 0000000000
18991 0000000000
18992 0000000000
18993 0000000000
18994 0000000000
18995 0000000000
18996 0000000000
18997 0000000000
18998 0000000000
18999 0000000000
19000 0000000000
19001 0000000000
19002 0000000000
19003 0000000000
19004 0000000000
19005 0000000000
19006 0000000000
19007 0000000000
19008 0000000000
19009 0000000000
19010 0000000000
19011 0000000000
19012 0000000000
19013 0000000000
19014 0000000000
19015 0000000000
19016 0000000000
19017 0000000000
19018 0000000000
19019 0000000000
19020 0000000000
19021 0000000000
19022 0000000000
19023 0000000000
19024 0000000000
19025 0000000000
19026 0000000000
19027 0000000000
19028 0000000000
19029 0000000000
19030 0000000000
19031 0000000000
19032 0000000000
19033 0000000000
19034 0000000000
19035 0000000000
19036 0000000000
19037 0000000000
19038 0000000000
19039 0000000000
19040 0000000000
19041 0000000000
19042 0000000000
19043 0000000000
19044 0000000000
19045 0000000000
19046 0000000000
19047 0000000000
19048 0000000000
19049 0000000000
19050 0000000000
19051 0000000000
19052 0000000000
19053 0000000000
19054 0000000000
19055 0000000000
19056 0000000000
19057 0000000000
19058 0000000000
19059 0000000000
19060 0000000000
19061 0000000000
19062 0000000000
19063 0000000000
19064 0000000000
19065 0000000000
19066 0000000000
19067 0000000000
19068 0000000000
19069 0000000000
19070 0000000000
19071 0000000000
19072 0000000000
19073 0000000000
19074 0000000000
19075 0000000000
19076 0000000000
19077 0000000000
19078 0000000000
19079 0000000000
19080 0000000000
19081 0000000000
19082 0000000000
19083 0000000000
19084 0000000000
19085 0000000000
19086 0000000000
19087 0000000000
19088 0000000000
19089 0000000000
19090 0000000000
19091 0000000000
19092 0000000000
19093 0000000000
19094 0000000000
19095 0000000000
19096 0000000000
19097 0000000000
19098 0000000000
19099 0000000000
19100 0000000000
19101 0000000000
19102 0000000000
19103 0000000000
19104 0000000000
19105 0000000000
19106 0000000000
19107 0000000000
19108 0000000000
19109 0000000000
19110 0000000000
19111 0000000000
19112 0000000000
19113 0000000000
19114 0000000000
19115 0000000000
19116 0000000000
19117 0000000000
19118 0000000000
19119 0000000000
19120 0000000000
19121 0000000000
19122 0000000000
19123 0000000000
19124 0000000000
19125 0000000000
19126 0000000000
19127 0000000000
19128 0000000000
19129 0000000000
19130 0000000000
19131 0000000000
19132 0000000000
19133 0000000000
19134 0000000000
19135 0000000000
19136 0000000000
19137 0000000000
19138 0000000000
19139 0000000000
19140 0000000000
19141 0000000000
19142 0000000000
19143 0000000000
19144 0000000000
19145 0000000000
19146 0000000000
19147 0000000000
19148 0000000000
19149 0000000000
19150 0000000000
19151 0000000000
19152 0000000000
19153 0000000000
19154 0000000000
19155 0000000000
19156 0000000000
19157 0000000000
19158 0000000000
19159 0000000000
19160 0000000000
19161 0000000000
19162 0000000000
19163 0000000000
19164 0000000000
19165 0000000000
19166 0000000000
19167 0000000000
19168 0000000000
19169 0000000000
19170 0000000000
19171 0000000000
19172 0000000000
19173 0000000000
19174 0000000000
19175 0000000000
19176 0000000000
19177 0000000000
19178 0000000000
19179 0000000000
19180 0000000000
19181 0000000000
19182 0000000000
19183 0000000000
19184 0000000000
19185 0000000000
19186 0000000000
19187 0000000000
19188 0000000000
19189 0000000000
19190 0000000000
19191 0000000000
19192 0000000000
19193 0000000000
19194 0000000000
19195 0000000000
19196 0000000000
19197 0000000000
19198 0000000000
19199 0000000000
19200 0000000000
19201 0000000000
19202 0000000000
19203 0000000000
19204 0000000000
19205 0000000000
19206 0000000000
19207 0000000000
19208 0000000000
19209 0000000000
19210 0000000000
19211 0000000000
19212 0000000000
19213 0000000000
19214 0000000000
19215 0000000000
19216 0000000000
19217 0000000000
19218 0000000000
19219 0000000000
19220 0000000000
19221 0000000000
19222 0000000000
19223 0000000000
19224 0000000000
19225 0000000000
19226 0000000000
19227 0000000000
19228 0000000000
19229 0000000000
19230 0000000000
19231 0000000000
19232 0000000000
19233 0000000000
19234 0000000000
19235 0000000000
19236 0000000000
19237 0000000000
19238 0000000000
19239 0000000000
19240 0000000000
19241 0000000000
19242 0000000000
19243 0000000000
19244 0000000000
19245 0000000000
19246 0000000000
19247 0000000000
19248 0000000000
19249 0000000000
19250 0000000000
19251 0000000000
19252 0000000000
19253 0000000000
19254 0000000000
19255 0000000000
19256 0000000000
19257 0000000000
19258 0000000000
19259 0000000000
19260 0000000000
19261 0000000000
19262 0000000000
19263 0000000000
19264 0000000000
19265 0000000000
19266 0000000000
19267 0000000000
19268 0000000000
19269 0000000000
19270 0000000000
19271 0000000000
19272 0000000000
19273 0000000000
19274 0000000000
19275 0000000000
19276 0000000000
19277 0000000000
19278 0000000000
19279 0000000000
19280 0000000000
19281 0000000000
19282 0000000000
19283 0000000000
19284 0000000000
19285 0000000000
19286 0000000000
19287 0000000000
19288 0000000000
19289 0000000000
19290 0000000000
19291 0000000000
19292 0000000000
19293 0000000000
19294 0000000000
19295 0000000000
19296 0000000000
19297 0000000000
19298 0000000000
19299 0000000000
19300 0000000000
19301 0000000000
19302 0000000000
19303 0000000000
19304 0000000000
19305 0000000000
19306 0000000000
19307 0000000000
19308 0000000000
19309 0000000000
19310 0000000000
19311 0000000000
19312 0000000000
19313 0000000000
19314 0000000000
19315 0000000000
19316 0000000000
19317 0000000000
19318 0000000000
19319 0000000000
19320 0000000000
19321 0000000000
19322 0000000000
19323 0000000000
19324 0000000000
19325 0000000000
19326 0000000000
19327 0000000000
19328 0000000000
19329 0000000000
19330 0000000000
19331 0000000000
19332 0000000000
19333 0000000000
19334 0000000000
19335 0000000000
19336 0000000000
19337 0000000000
19338 0000000000
19339 0000000000
19340 0000000000
19341 0000000000
19342 0000000000
19343 0000000000
19344 0000000000
19345 0000000000
19346 0000000000
19347 0000000000
19348 0000000000
19349 0000000000
19350 0000000000
19351 0000000000
19352 0000000000
19353 0000000000
19354 0000000000
19355 0000000000
19356 0000000000
19357 0000000000
19358 0000000000
19359 0000000000
19360 0000000000
19361 0000000000
19362 0000000000
19363 0000000000
19364 0000000000
19365 0000000000
19366 0000000000
19367 0000000000
19368 0000000000
19369 0000000000
19370 0000000000
19371 0000000000
19372 0000000000
19373 0000000000
19374 0000000000
19375 0000000000
19376 0000000000
19377 0000000000
19378 0000000000
19379 0000000000
19380 0000000000
19381 0000000000
19382 0000000000
19383 0000000000
19384 0000000000
19385 0000000000
19386 0000000000
19387 0000000000
19388 0000000000
19389 0000000000
19390 0000000000
19391 0000000000
19392 0000000000
19393 0000000000
19394 0000000000
19395 0000000000
19396 0000000000
19397 0000000000
19398 0000000000
19399 0000000000
19400 0000000000
19401 0000000000
19402 0000000000
19403 0000000000
19404 0000000000
19405 0000000000
19406 0000000000
19407 0000000000
19408 0000000000
19409 0000000000
19410 0000000000
19411 0000000000
19412 0000000000
19413 0000000000
19414 0000000000
19415 0000000000
19416 0000000000
19417 0000000000
19418 0000000000
19419 0000000000
19420 0000000000
19421 0000000000
19422 0000000000
19423 0000000000
19424 0000000000
19425 0000000000
19426 0000000000
19427 0000000000
19428 0000000000
19429 0000000000
19430 0000000000
19431 0000000000
19432 0000000000
19433 0000000000
19434 0000000000
19435 0000000000
19436 0000000000
19437 0000000000
19438 0000000000
19439 0000000000
19440 0000000000
19441 0000000000
19442 0000000000
19443 0000000000
19444 0000000000
19445 0000000000
19446 0000000000
19447 0000000000
19448 0000000000
19449 0000000000
19450 0000000000
19451 0000000000
19452 0000000000
19453 0000000000
19454 0000000000
19455 0000000000
19456 0000000000
19457 0000000000
19458 0000000000
19459 0000000000
19460 0000000000
19461 0000000000
19462 0000000000
19463 0000000000
19464 0000000000
19465 0000000000
19466 0000000000
19467 0000000000
19468 0000000000
19469 0000000000
19470 0000000000
19471 0000000000
19472 0000000000
19473 0000000000
19474 0000000000
19475 0000000000
19476 0000000000
19477 0000000000
19478 0000000000
19479 0000000000
19480 0000000000
19481 0000000000
19482 0000000000
19483 0000000000
19484 0000000000
19485 0000000000
19486 0000000000
19487 0000000000
19488 0000000000
19489 0000000000
19490 0000000000
19491 0000000000
19492 0000000000
19493 0000000000
19494 0000000000
19495 0000000000
19496 0000000000
19497 0000000000
19498 0000000000
19499 0000000000
19500 0000000000
19501 0000000000
19502 0000000000
19503 0000000000
19504 0000000000
19505 0000000000
19506 0000000000
19507 0000000000
19508 0000000000
19509 0000000000
19510 0000000000
19511 0000000000
19512 0000000000
19513 0000000000
19514 0000000000
19515 0000000000
19516 0000000000
19517 0000000000
19518 0000000000
19519 0000000000
19520 0000000000
19521 0000000000
19522 0000000000
19523 0000000000
19524 0000000000
19525 0000000000
19526 0000000000
19527 0000000000
19528 0000000000
19529 0000000000
19530 0000000000
19531 0000000000
19532 0000000000
19533 0000000000
19534 0003000000
19535 0000000000
19536 0000000000
19537 0000000000
19538 0000000000
19539 0000000000
19540 0000000000
19541 0000000000
19542 0000000000
19543 0000000000
19544 0000000000
19545 0000000000
19546 0000000000
19547 0000000000
19548 0000000000
19549 0000000000
19550 0000000000
19551 0000000000
19552 0000000000
19553 0000000000
19554 0000000000
19555 0000000000
19556 0000000000
19557 0000000000
19558 0000000000
19559 0000000000
19560 0000000000
19561 0000000000
19562 0000000000
19563 0000000000
19564 0000000000
19565 0000000000
19566 0000000000
19567 0000000000
19568 0000000000
19569 0000000000
19570 0000000000
19571 0000000000
19572 0000000000
19573 0000000000
19574 0000000000
19575 0000000000
19576 0000000000
19577 0000000000
19578 0000000000
19579 0000000000
19580 0000000000
19581 0000000000
19582 0000000000
19583 0000000000
19584 0000000000
19585 0000000000
19586 0000000000
19587 0000000000
19588 0000000000
19589 0000000000
19590 0000000000
19591 0000000000
19592 0000000000
19593 0000000000
19594 0000000000
19595 0000000000
19596 0000000000
19597 0000000000
19598 0000000000
19599 0000000000
19600 0000000000
19601 0000000000
19602 0000000000
19603 0000000000
19604 0000000000
19605 0000000000
19606 0000000000
19607 0000000000
19608 0000000000
19609 0000000000
19610 0000000000
19611 0000000000
19612 0000000000
19613 0000000000
19614 0000000000
19615 0000000000
19616 0000000000
19617 0000000000
19618 0000000000
19619 0000000000
19620 0000000000
19621 0000000000
19622 0000000000
19623 0000000000
19624 0000000000
19625 0000000000
19626 0000000000
19627 0000000000
19628 0000000000
19629 0000000000
19630 0000000000
19631 0000000000
19632 0000000000
19633 0000000000
19634 0000000000
19635 0000000000
19636 0000000000
19637 0000000000
19638 0000000000
19639 0000000000
19640 0000000000
19641 0000000000
19642 0000000000
19643 0000000000
19644 0000000000
19645 0000000000
19646 0000000000
19647 0000000000
19648 0000000000
19649 0000000000
19650 0000000000
19651 0000000000
19652 0000000000
19653 0000000000
19654 0000000000
19655 0000000000
19656 0000000000
19657 0000000000
19658 0000000000
19659 0000000000
19660 0000000000
19661 0000000000
19662 0000000000
19663 0000000000
19664 0000000000
19665 0000000000
19666 0300000000
19667 0000000000
19668 0000000000
19669 0000000000
19670 0000000000
19671 0000000000
19672 0000000000
19673 0000000000
19674 0000000000
19675 0000000000
19676 0000000000
19677 0000000000
19678 0000000000
19679 0000000000
19680 0300000000
19681 0000000000
19682 0000000000
19683 0000000000
19684 0000000000
19685 0000000000
19686 0000000000
19687 0000000000
19688 0000000000
19689 0000000000
19690 0000000000
19691 0000000000
19692 0000000000
19693 0000000000
19694 0000000000
19695 0000000000
19696 0000000000
19697 0000000000
19698 0000000000
19699 0000000000
19700 0000000000
19701 0000000000
19702 0000000000
19703 0000000000
19704 0000000000
19705 0000000000
19706 0000000000
19707 0000000000
19708 0000000000
19709 0000000000
19710 0000000000
19711 0000000000
19712 0000000000
19713 0000030000
19714 0000000000
19715 0000000000
19716 0000000000
19717 0000000000
19718 0000000000
19719 0000000000
19720 0000000000
19721 0000000000
19722 0000000000
19723 0000000000
19724 0000000000
19725 0000000000
19726 0000000000
19727 0000000000
19728 0000000000
19729 0000000000
19730 0000000000
19731 0000000000
19732 0000000000
19733 0000000000
19734 0000000000
19735 0000000000
19736 0000000000
19737 0000000000
19738 0000000000
19739 0000000000
19740 0000000000
19741 0000000000
19742 0000000000
19743 0000000000
19744 0000000000
19745 0000000000
19746 0000000300
19747 0303000000
19748 0000000000
19749 0000000000
19750 0000000000
19751 0000000000
19752 0000000000
19753 0000000000
19754 0000000000
19755 0000000000
19756 0000000000
19757 0000000000
19758 0000000000
19759 0000000000
19760 0000000000
19761 0000000000
19762 0000000000
19763 0000000000
19764 0000000000
19765 0000000000
19766 0000000000
19767 0000000000
19768 0000000000
19769 0000000000
19770 0000000000
19771 0000000000
19772 0000000000
19773 0000000000
19774 0000000000
19775 0000000000
19776 0000000000
19777 0000000000
19778 0000000000
19779 0000000000
19780 0000000300
19781 0000000300
19782 0000000000
19783 0000000000
19784 0000000000
19785 0000000000
19786 0000000000
19787 0000000000
19788 0000000000
19789 0000000000
19790 0000000000
19791 0000000000
19792 0000000000
19793 0000000000
19794 0000000000
19795 0000000000
19796 0000000000
19797 0000000000
19798 0000000000
19799 0000000000
19800 0000000000
19801 0000000000
19802 0000000000
19803 0000000000
19804 0000000000
19805 0000000000
19806 0000000000
19807 0000000000
19808 0000000000
19809 0000000000
19810 0000030000
19811 0000000303
19812 0300000000
19813 0000000000
19814 0000000000
19815 0000000000
19816 0000000000
19817 0000000000
19818 0000000000
19819 0000000000
19820 0000000000
19821 0000000000
19822 0000000000
19823 0000000000
19824 0000000000
19825 0000000000
19826 0000000000
19827 0000000000
19828 0000000000
19829 0000000000
19830 0000000000
19831 0000000000
19832 0000000000
19833 0000000000
19834 0000000000
19835 0000000000
19836 0000000000
19837 0000000000
19838 0000000000
19839 0000000000
19840 0000000000
19841 0000000000
19842 0000000000
19843 0300000000
19844 0000000003
19845 0000000000
19846 0000000000
19847 0000000000
19848 0000000000
19849 0000000000
19850 0000000000
19851 0000000000
19852 0000000000
19853 0000000000
19854 0000000000
19855 0000000000
19856 0000000000
19857 0000000000
19858 0000000000
19859 0000000000
19860 0000000000
19861 0000000000
19862 0000000000
19863 0000000000
19864 0000000000
19865 0000000000
19866 0000000000
19867 0000000000
19868 0000000000
19869 0000000000
19870 0000000000
19871 0000000000
19872 0000000000
19873 0000000000
19874 0000000003
19875 0000000300
19876 0000000000
19877 0000000000
19878 0000000000
19879 0000000000
19880 0000000000
19881 0000000000
19882 0000000000
19883 0303000000
19884 0303000000
19885 0000000000
19886 0000000000
19887 0000000000
19888 0000000000
19889 0000000000
19890 0000000000
19891 0003000000
19892 0000000000
19893 0000000000
19894 0000000000
19895 0000000000
19896 0000000000
19897 0000000000
19898 0000000000
19899 0000000000
19900 0000000000
19901 0000000000
19902 0000000000
19903 0000000000
19904 0003030003
19905 0000000000
19906 0303000000
19907 0000000003
19908 0300000000
19909 0003000303
19910 0000000000
19911 0000000000
19912 0000000000
19913 0000000000
19914 0000000000
19915 0000000000
19916 0000000000
19917 0000000000
19918 0000000000
19919 0000000000
19920 0000000000
19921 0000000000
19922 0000000000
19923 0303030000
19924 0000000000
19925 0000000000
19926 0000000000
19927 0000000000
19928 0000000000
19929 0000000000
19930 0000000000
19931 0000000000
19932 0000000000
19933 0000000000
19934 0000000000
19935 0000000000
19936 0003000300
19937 0000000000
19938 0303030000
19939 0000000303
19940 0000000000
19941 0000000000
19942 0000000000
19943 0000000000
19944 0000000000
19945 0000000000
19946 0000000000
19947 0000000000
19948 0000000000
19949 0000000000
19950 0000000000
19951 0000000000
19952 0000000000
19953 0000000000
19954 0000000000
19955 0000000000
19956 0000000000
19957 0000000000
19958 0000000000
19959 0000000000
19960 0000000000
19961 0000000000
19962 0000000000
19963 0000000000
19964 0000000000
19965 0000000000
19966 0000000000
19967 0000000000
19968 0300000300
19969 0303030000
19970 0000000000
19971 0000000000
19972 0303030000
19973 0000030300
19974 0000000000
19975 0000000000
19976 0000000000
19977 0000000000
19978 0000000000
19979 0000000000
19980 0000000000
19981 0000000000
19982 0000000000
19983 0000000000
19984 0000000000
19985 0000000000
19986 0000000000
19987 0000030300
19988 0000000000
19989 0000000000
19990 0000000000
19991 0000000000
19992 0000000000
19993 0000000000
19994 0000000000
19995 0000000000
19996 0000000000
19997 0000000000
19998 0000000000
19999 0000000000
20000 0303030303
20001 0300000003
20002 0300030000
20003 0300030300
20004 0303030303
20005 0300030000
20006 0000000000
20007 0000000000
20008 0000000000
20009 0000000000
20010 0003030000
20011 0000000003
20012 0000000000
20013 0000000000
20014 0000000000
20015 0000000000
20016 0000000000
20017 0000030000
20018 0303000000
20019 0000000300
20020 0000000000
20021 0000000000
20022 0000000000
20023 0000000000
20024 0000000000
20025 0000000000
20026 0000000000
20027 0000000000
20028 0000000000
20029 0000000000
20030 0000000000
20031 0000000000
20032 0003000303
20033 0300000303
20034 03000b0300
20035 0000000003
20036 0000000000
20037 0000000000
20038 0000000000
20039 0000000000
20040 0000000000
20041 0000000300
20042 0000000000
20043 0000000000
20044 0000000000
20045 0000000000
20046 0000000000
20047 0000000000
20048 0300000000
20049 0300030000
20050 0000000303
20051 0000000000
20052 0000000000
20053 0000000000
20054 0000000000
20055 0000000000
20056 0000000000
20057 0000000000
20058 0000000000
20059 0000000000
20060 0000000000
20061 0000000000
20062 0000000000
20063 0000000000
20064 0003030300
20065 0303030303
20066 0303000003
20067 0303000303
20068 000b000303
20069 0000000000
20070 0000000000
20071 0000000000
20072 0000000000
20073 0000000000
20074 0000000000
20075 0000000000
20076 0000000000
20077 0000000000
20078 0000000000
20079 0000000000
20080 0300000300
20081 0000000000
20082 0000000000
20083 0000000000
20084 0000000000
20085 0000000000
20086 0000000000
20087 0000000000
20088 0000000000
20089 0000000000
20090 0000000000
20091 0000000000
20092 0000000000
20093 0000000000
20094 0000000000
20095 0000000000
20096 0303000003
20097 0303030303
20098 0303030303
20099 030b030303
20100 0303030300
20101 0000000300
20102 0000000000
20103 0000000000
20104 0000000000
20105 0000000000
20106 0000000000
20107 0000000000
20108 0000000000
20109 0000000000
20110 0000000000
20111 0000000000
20112 0000000000
20113 0000000000
20114 0000000000
20115 0000000000
20116 0000000000
20117 0000000000
20118 0000000000
20119 0000000000
20120 0000000000
20121 0000000000
20122 0000000000
20123 0000000000
20124 0000000000
20125 0000000000
20126 0000000000
20127 0000000000
20128 0303030303
20129 0303000303
20130 0300000303
20131 0003030303
20132 0303030003
20133 0000000303
20134 0000000000
20135 0000000000
20136 0000000000
20137 0000000000
20138 0000000000
20139 0000000000
20140 0000000000
20141 0000000000
20142 0000000000
20143 0000000000
20144 0000000000
20145 0000000000
20146 0000000000
20147 0000000000
20148 0000000000
20149 0000000000
20150 0000000000
20151 0000000000
20152 0000000000
20153 0000000000
20154 0000000000
20155 0000000000
20156 0000000000
20157 0000000000
20158 0000000000
20159 0000000000
20160 0300000303
20161 0303030303
20162 0303030303
20163 0303030000
20164 0003000303
20165 0003030303
20166 0000000000
20167 0000000000
20168 0000000000
20169 0000000000
20170 0000000000
20171 0000000000
20172 0000000000
20173 0000000000
20174 0000000000
20175 0000000000
20176 0000000000
20177 0000000000
20178 0000000000
20179 0000000000
20180 0000000000
20181 0000000000
20182 0000000000
20183 0000000000
20184 0000000000
20185 0000000000
20186 0000000000
20187 0000000000
20188 0000000000
20189 0000000000
20190 0000000000
20191 0000000000
20192 0303030303
20193 0003030303
20194 0000030003
20195 0000000300
20196 0000000000
20197 0000030000
20198 0000000000
20199 0000000000
20200 0000000000
20201 0000000000
20202 0000000000
20203 0000000000
20204 0000000000
20205 0000000000
20206 0000000000
20207 0000000000
20208 0000000000
20209 0000000000
20210 0000000000
20211 0000000000
20212 0000000000
20213 0000000000
20214 0000000000
20215 0000000000
20216 0000000000
20217 0000000000
20218 0000000000
20219 0000000000
20220 0000000000
20221 0000000000
20222 0000000000
20223 0000000000
20224 03030b0303
20225 0303030303
20226 0000030303
20227 0003000300
20228 0000000000
20229 0000000000
20230 0000000003
20231 0000000000
20232 0000000000
20233 0000000000
20234 0000000000
20235 0000000000
20236 0000000000
20237 0000000000
20238 0000000000
20239 0000000000
20240 0000000000
20241 0000000000
20242 0000000000
20243 0000000000
20244 0000000000
20245 0000000000
20246 0000000000
20247 0000000000
20248 0000000000
20249 0000000000
20250 0000000000
20251 0000000000
20252 0000000000
20253 0000000000
20254 0000000000
20255 0000000000
20256 03030b0303
20257 0303030303
20258 0000030303
20259 0000000000
20260 0000000000
20261 0000000000
20262 0000000000
20263 0000000000
20264 0000000000
20265 0000000000
20266 0000000000
20267 0000000000
20268 0000000000
20269 0000000000
20270 0000000000
20271 0000000000
20272 0000000000
20273 0000000000
20274 0000000000
20275 0000000000
20276 0000000000
20277 0000000000
20278 0000000000
20279 0000000000
20280 0000000000
20281 0000000000
20282 0000000000
20283 0000000000
20284 0000000000
20285 0000000000
20286 0000000000
20287 0000000000
20288 0303030b0b
20289 0303030303
20290 0000030003
20291 0000000000
20292 0000000000
20293 0000000000
20294 0000000000
20295 0000000000
20296 0300000000
20297 0000030300
20298 0000000000
20299 0000000000
20300 0000030300
20301 0000000000
20302 0000000000
20303 0000000000
20304 0000000000
20305 0000000000
20306 0000000000
20307 0000000000
20308 0000000000
20309 0000000000
20310 0000000000
20311 0000000000
20312 0000000000
20313 0000000000
20314 0000000000
20315 0000000000
20316 0000000000
20317 0000000000
20318 0000000000
20319 0000000000
20320 030303030b
20321 0303030303
20322 0300000300
20323 0000030000
20324 0000000000
20325 0000000000
20326 0000000000
20327 0000000000
20328 0000000000
20329 0000000000
20330 0303000300
20331 0000000003
20332 0000000000
20333 0000000000
20334 0000000000
20335 0000000000
20336 0000000000
20337 0000000000
20338 0000000000
20339 0000000000
20340 0000000000
20341 0000000000
20342 0000000000
20343 0000000000
20344 0000000000
20345 0000000000
20346 0000000000
20347 0000000000
20348 0000000000
20349 0000000000
20350 0000000000
20351 0000000000
20352 03030b0b0b
20353 0303030303
20354 0000000000
20355 0303030300
20356 0000000303
20357 0000000000
20358 0300000000
20359 0303030000
20360 0303030303
20361 0000030303
20362 0000000000
20363 0000000000
20364 0000000000
20365 0000000000
20366 0000000000
20367 0000000000
20368 0000000000
20369 0000000000
20370 0000000000
20371 0000000000
20372 0000000000
20373 0000000000
20374 0000000000
20375 0000000000
20376 0000000000
20377 0000000000
20378 0000000000
20379 0000000000
20380 0000000000
20381 0000000000
20382 0000000000
20383 0000000000
20384 030b0b0b0b
20385 0003030303
20386 0000000003
20387 0303030303
20388 0303030303
20389 0003000303
20390 0003000303
20391 0000000003
20392 0300000000
20393 0303030303
20394 0003030300
20395 0303000000
20396 0000000003
20397 0000000000
20398 0000000000
20399 0000000000
20400 0303030000
20401 0000000003
20402 0000000000
20403 0000000000
20404 0000000000
20405 0000000000
20406 0000000000
20407 0000000000
20408 0000000000
20409 0000000000
20410 0000000000
20411 0000000000
20412 0000000000
20413 0000000000
20414 0000000000
20415 0000000000
20416 030303030b
20417 0003030303
20418 0300000000
20419 0303030303
20420 0303030303
20421 0300000303
20422 0000000003
20423 0000000300
20424 0303030303
20425 0303030300
20426 030b0b0b03
20427 0000000003
20428 0303030000
20429 0000030003
20430 0000000000
20431 0303000000
20432 0000000300
20433 0000000000
20434 0000000000
20435 0000000000
20436 0000000000
20437 0000000000
20438 0000000000
20439 0000000000
20440 0000000000
20441 0000000000
20442 0000000000
20443 0000000000
20444 0000000000
20445 0000000000
20446 0000000000
20447 0000000000
20448 0303030b0b
20449 0303030303
20450 0303030303
20451 0b0b0b0b0b
20452 0303030b0b
20453 030b0b0303
20454 0300000003
20455 0003030303
20456 0303030300
20457 0000030303
20458 0000000303
20459 0303030303
20460 0303030303
20461 0000000003
20462 0000000000
20463 0000000000
20464 0000000000
20465 0000000000
20466 0000000000
20467 0000000000
20468 0000000000
20469 0000000000
20470 0000000000
20471 0000000000
20472 0000000000
20473 0000000000
20474 0000000000
20475 0000000000
20476 0000000000
20477 0000000000
20478 0000000000
20479 0000000000
20480 0b0b0b1313
20481 03030b0b0b
20482 0b03030303
20483 0b0b0b0b0b
20484 0b0b0b0b0b
20485 0303030b0b
20486 0303030303
20487 0000000000
20488 0300000303
20489 0000030000
20490 0303030303
20491 0303030303
20492 0000000000
20493 0000000000
20494 0303030000
20495 0000000000
20496 0000000000
20497 0000000000
20498 0000000000
20499 0000000000
20500 0000000000
20501 0000000000
20502 0000000000
20503 0000000000
20504 0000000000
20505 0000000000
20506 0000000000
20507 0000000000
20508 0000000000
20509 0000000000
20510 0000000000
20511 0000000000
20512 1313131b1b
20513 1313131313
20514 0b0b030303
20515 0b0b0b0b0b
20516 0b0b0b0b0b
20517 030b030b0b
20518 030300030b
20519 0000030303
20520 0000000300
20521 0303000000
20522 0003030303
20523 0000000000
20524 0000000000
20525 0300000000
20526 0000030303
20527 0000000000
20528 0000000000
20529 0000000000
20530 0000000000
20531 0000000000
20532 0000000000
20533 0000000000
20534 0000000000
20535 0000000000
20536 0000000000
20537 0000000000
20538 0000000000
20539 0000000000
20540 0000000000
20541 0000000000
20542 0000000000
20543 0000000000
20544 1313131313
20545 030b0b1313
20546 0303030303
20547 0303030303
20548 03030b0303
20549 0b03030303
20550 03030b0b03
20551 030303030b
20552 0303030b03
20553 0303000003
20554 0303030303
20555 0000000303
20556 0303000000
20557 03030b0300
20558 0000000000
20559 0000000000
20560 0000000300
20561 0000000000
20562 0000030000
20563 0000000000
20564 0000000000
20565 0000000000
20566 0000000000
20567 0000000000
20568 0000000000
20569 0000000000
20570 0000000000
20571 0000000000
20572 0000000000
20573 0000000000
20574 0000000000
20575 0000000000
20576 0b0b0b0b0b
20577 0303030b0b
20578 0303030000
20579 0303030303
20580 0303000003
20581 0303030303
20582 0300030303
20583 0b0b0b0303
20584 0b0b0b0b0b
20585 0b0b0b0b0b
20586 0303030303
20587 0000000000
20588 0303030300
20589 0300000000
20590 0303030000
20591 0000000303
20592 0000000000
20593 0003000303
20594 0000000000
20595 0000000000
20596 0000000000
20597 0000000000
20598 0000000300
20599 0000000000
20600 0000000000
20601 0000000000
20602 0000000000
20603 0000000000
20604 0000000000
20605 0000000000
20606 0000000000
20607 0000000000
20608 0b0b131313
20609 0b0b0b0b0b
20610 0300000303
20611 0b0b0b0b03
20612 0b0b0b0b0b
20613 030303030b
20614 0003030303
20615 0300000000
20616 0b0b0b0b0b
20617 0b0b0b0b0b
20618 000000030b
20619 0303030300
20620 030b030b03
20621 0003030303
20622 0000030000
20623 0300000000
20624 0000000000
20625 0000000000
20626 0000000000
20627 0000000000
20628 0000000000
20629 0000000000
20630 0000000000
20631 0000000000
20632 0000000000
20633 0000000000
20634 0000000000
20635 0000000000
20636 0000000000
20637 0000000000
20638 0000000000
20639 0000000000
20640 030b0b0b13
20641 0303030303
20642 0b0b030000
20643 23231b1b1b
20644 1323232323
20645 030b0b0b0b
20646 0303030303
20647 0b03030303
20648 1313131313
20649 000303030b
20650 0303030000
20651 0000030303
20652 0000000000
20653 0000000000
20654 0000000000
20655 0000000000
20656 0000000003
20657 0000000000
20658 0000000000
20659 0000000000
20660 0000000000
20661 0000000000
20662 0000000000
20663 0000000000
20664 0000000000
20665 0000000000
20666 0000000000
20667 0000000000
20668 0000000000
20669 0000000000
20670 0000000000
20671 0000000000
20672 030b0b1313
20673 0000000303
20674 0b03000000
20675 1313131313
20676 1b1b1b1b1b
20677 0b0b13131b
20678 0b0b0b0b0b
20679 0b0b0b0b0b
20680 0303030b0b
20681 0300030303
20682 0303000003
20683 0003030303
20684 0000000000
20685 0000000003
20686 0300030303
20687 0303030303
20688 0003000000
20689 0000000000
20690 0303000000
20691 0000000003
20692 0300000000
20693 0000000000
20694 0000000000
20695 0000000000
20696 0000000000
20697 0000000000
20698 0000000000
20699 0000000000
20700 0000000000
20701 0000000000
20702 0000000000
20703 0000000000
20704 0b0b131b1b
20705 000003030b
20706 0000000000
20707 0b0b13130b
20708 1b1313130b
20709 1313131b1b
20710 0b0b0b1313
20711 1313131313
20712 0b0b0b0b0b
20713 0303030b0b
20714 0300030303
20715 0303030303
20716 0000000003
20717 0003000000
20718 0003000000
20719 0000030003
20720 0303030000
20721 0000030303
20722 0003030000
20723 0000000003
20724 0000000000
20725 0000000000
20726 0000000000
20727 0000000000
20728 0000000000
20729 0000000000
20730 0000000000
20731 0000000000
20732 0000000000
20733 0000000000
20734 0000000000
20735 0000000000
20736 0b131b1b1b
20737 0000000303
20738 0000000000
20739 1b130b0b0b
20740 1b13131313
20741 130b13131b
20742 1b1b131b13
20743 131313131b
20744 1313131313
20745 03030b130b
20746 0b0b0b0b0b
20747 0b0b0b0b0b
20748 0303030303
20749 0003030003
20750 0303030303
20751 0303030303
20752 0303030303
20753 0003030303
20754 0000000000
20755 0000000000
20756 0000000000
20757 0000000000
20758 0000000000
20759 0000000000
20760 0000000000
20761 0000000000
20762 0000000000
20763 0000000000
20764 0000000000
20765 0000000000
20766 0000000000
20767 0000000000
20768 131b232323
20769 000000030b
20770 0000000000
20771 1b1b13130b
20772 030b131b13
20773 130b0b0b03
20774 131313131b
20775 130b0b0b13
20776 1313131313
20777 0b0b0b0b13
20778 030b0b0b0b
20779 0b0b030303
20780 0b0b0b030b
20781 0b03030303
20782 0b0b0b0b0b
20783 0b0b0b0b0b
20784 0303030303
20785 0000000303
20786 0000000000
20787 0000000000
20788 0303000000
20789 0000000303
20790 0000000000
20791 0000000000
20792 0000000000
20793 0000000000
20794 0000000000
20795 0000000000
20796 0000000000
20797 0000000000
20798 0000000000
20799 0000000000
20800 1b1b231b1b
20801 00030b131b
20802 0000000000
20803 1b1b1b1313
20804 1b1b1b1b1b
20805 231b1b1b1b
20806 0b13131b1b
20807 0b0b0b0b0b
20808 0b0b030b0b
20809 0b13130b0b
20810 0b0b0b1313
20811 0b0b0b0b0b
20812 0b0b0b0b0b
20813 0b0b0b0b0b
20814 030303030b
20815 03030b0b0b
20816 0000030303
20817 0003000000
20818 0000000000
20819 0000000000
20820 0000000000
20821 0000000000
20822 0000000000
20823 0000000000
20824 0000000000
20825 0000000000
20826 0000000000
20827 0000000000
20828 0000000000
20829 0000000000
20830 0000000000
20831 0000000000
20832 1b1b1b1b23
20833 03131b1b1b
20834 0b03000000
20835 1b1b1b1b1b
20836 23231b1b1b
20837 23231b2323
20838 13131b1b1b
20839 0b0b0b1313
20840 0b0b0b0b0b
20841 13130b0b0b
20842 0b0b0b0b0b
20843 0b13130b0b
20844 0b0b0b0b0b
20845 0b0b0b0b0b
20846 0b0b0b0b0b
20847 03030b0b0b
20848 0303030003
20849 0003030303
20850 0000000000
20851 0303030300
20852 0000000003
20853 0000000000
20854 0000000000
20855 0000000000
20856 0000000000
20857 0000000000
20858 0000000000
20859 0000000000
20860 0000000000
20861 0000000000
20862 0000000000
20863 0000000000
20864 1b1b1b2323
20865 131b1b1b1b
20866 13130b0b0b
20867 1313131313
20868 1b1b131313
20869 131b1b1b1b
20870 1b1b1b1b13
20871 13131b1313
20872 0b0b13130b
20873 1313131313
20874 1313131313
20875 1313130b13
20876 0b0b0b1313
20877 0b0b0b0b0b
20878 03030b0b0b
20879 0303030303
20880 0303030303
20881 0000000003
20882 0000000000
20883 0003000000
20884 0003030003
20885 0000000003
20886 0000000303
20887 0000000000
20888 0000000000
20889 0000000000
20890 0000000000
20891 0000000000
20892 0000000000
20893 0000000000
20894 0000000000
20895 0000030000
20896 1b1b1b2323
20897 1b1b1b1b1b
20898 13131b1b1b
20899 0b0b0b0b13
20900 0b1313130b
20901 13130b0b0b
20902 1b1b131b1b
20903 1313131313
20904 1313131313
20905 0b0b131313
20906 0b0b0b0b0b
20907 0b0b0b0b0b
20908 0b0b0b0b0b
20909 030b0b0b0b
20910 0b0b0b0b03
20911 0303030b0b
20912 0303030303
20913 0000000303
20914 0000000000
20915 0000000000
20916 0000000000
20917 0000000300
20918 0000000000
20919 0000000000
20920 0000000000
20921 0000000000
20922 0000000000
20923 0000000000
20924 0000000000
20925 0000000000
20926 0000000000
20927 0000000000
20928 2323232323
20929 1b1b1b1b23
20930 13131b1b1b
20931 0b0b131313
20932 1b13131313
20933 1b1b1b1b13
20934 1313131b1b
20935 131b131313
20936 1313131313
20937 0b0b0b0b13
20938 0b0b0b0b0b
20939 1313130b0b
20940 03030b0b0b
20941 03030b0303
20942 0303030303
20943 0303000303
20944 0000000303
20945 0000000000
20946 0300000000
20947 0000000000
20948 0000000000
20949 0000000000
20950 0000000000
20951 0000000000
20952 0000000000
20953 0000000000
20954 0000000000
20955 0000000000
20956 0000000000
20957 0000000000
20958 0000000000
20959 0000000000
20960 2323232323
20961 13131b1b1b
20962 1313131313
20963 1313131313
20964 1b1b1b131b
20965 1b1b1b1b1b
20966 1b1b1b1b1b
20967 13131b1b1b
20968 1313131313
20969 13130b0b0b
20970 0b0b0b0b0b
20971 0b0b0b0b0b
20972 0b0b0b0b0b
20973 030303030b
20974 03030b0303
20975 0303030303
20976 0000000300
20977 0000000000
20978 0300000000
20979 0000000003
20980 0000000000
20981 0000000000
20982 0000000000
20983 0000000000
20984 0000000000
20985 0000000000
20986 0000000000
20987 0000000000
20988 0000000000
20989 0000000000
20990 0000000000
20991 0000000000
20992 2323232323
20993 13131b1b23
20994 1313131313
20995 1b1b1b1b13
20996 1b1b1b1b1b
20997 1b1b1b1b1b
20998 1b1b1b1b1b
20999 13131b1b1b
21000 0b0b131313
21001 0b130b0b0b
21002 0b0b0b0b0b
21003 0b0b0b0b0b
21004 0b0b0b0b0b
21005 030b0b0b0b
21006 0303030303
21007 0303030303
21008 0000030303
21009 0000000000
21010 0000000000
21011 0300000000
21012 0000000003
21013 0000000000
21014 0000000000
21015 0000000000
21016 0000000000
21017 0000000000
21018 0000000000
21019 0000000000
21020 0000000000
21021 0000000000
21022 0000000000
21023 0000000000
21024 2323232323
21025 1b23232323
21026 1b1b1b1b1b
21027 1b231b1b1b
21028 232323231b
21029 1b1b232323
21030 1b1b1b1b1b
21031 1b1b1b1b1b
21032 1313131313
21033 1313131313
21034 0b0b13130b
21035 0b0b13130b
21036 0b0b0b0b0b
21037 0b0b0b0b0b
21038 03030b0b0b
21039 0303030303
21040 0303030303
21041 0003000303
21042 0303030300
21043 0b03030003
21044 0000000003
21045 0000000003
21046 0000000000
21047 0000000000
21048 0000000000
21049 0000000000
21050 0000000000
21051 0000000000
21052 0000000000
21053 0000000000
21054 0000000000
21055 0000000000
21056 232323231b
21057 2323232323
21058 2323232323
21059 1b1b231b23
21060 1b1b231b1b
21061 1b1b1b1b1b
21062 131b1b1b1b
21063 1313131313
21064 0b0b0b1313
21065 1313130b0b
21066 0b1313130b
21067 0b0b0b130b
21068 0b0b0b0b13
21069 030b0b0b0b
21070 0303030303
21071 0303030303
21072 0303030303
21073 0003030303
21074 0303030303
21075 0000030000
21076 0300030000
21077 0003000003
21078 0000000000
21079 0003030003
21080 0000000000
21081 0000000000
21082 0000000000
21083 0000000000
21084 0000000000
21085 0000000000
21086 0000000000
21087 0000000000
21088 2323231b1b
21089 2323232323
21090 231b1b1b23
21091 1b1b1b1b23
21092 1b1b1b1b1b
21093 131313131b
21094 1313131313
21095 1313131313
21096 1b1b1b1b13
21097 13131b1313
21098 0b0b131313
21099 030b0b0b0b
21100 0b03030303
21101 030303030b
21102 0303030303
21103 0300030003
21104 0b0b0b0303
21105 0303030b03
21106 0303030303
21107 0303000300
21108 0000030303
21109 0000000000
21110 0000000000
21111 0000000003
21112 0000000000
21113 0000000000
21114 0000000000
21115 0000000300
21116 0000030300
21117 0000000000
21118 0000000000
21119 0000000000
21120 1b1b1b1b1b
21121 0b131b1b1b
21122 0b0b0b030b
21123 1313131313
21124 130b0b1313
21125 0b0b0b0b13
21126 0b0b0b0b0b
21127 0b0b0b0b0b
21128 0b0b0b0b0b
21129 0b0b0b0b0b
21130 130b0b0b03
21131 030b030b0b
21132 03030b0303
21133 0303030303
21134 0303030303
21135 0b130b0303
21136 030b0b0b13
21137 0303030303
21138 0303030303
21139 0303030303
21140 0000030000
21141 0000000000
21142 0000000300
21143 0000000000
21144 0000000000
21145 0000000000
21146 0300000000
21147 0303000000
21148 0000030003
21149 0000000003
21150 0000000000
21151 0000000000
21152 232323231b
21153 1b23232323
21154 130b0b0b13
21155 131313131b
21156 0b0b0b0b13
21157 0b0b0b0b0b
21158 0b0b0b0b0b
21159 0b0b0b0b0b
21160 0b0b0b0b0b
21161 0b0b0b0b0b
21162 1b131b1b13
21163 0b0b0b1313
21164 0303030303
21165 0300030303
21166 0000030303
21167 0000000300
21168 0000030300
21169 0000000300
21170 0303030000
21171 0303030303
21172 0303030303
21173 0303030300
21174 0000000000
21175 0000000000
21176 0000000000
21177 0000000000
21178 0300000000
21179 0300030303
21180 0000000000
21181 0000000000
21182 0000000000
21183 0003000000
21184 1b1b131b1b
21185 131b131313
21186 1b0b0b0313
21187 131b1b1b1b
21188 0b0b0b0b13
21189 0b0b0b0b0b
21190 0b0b0b0b0b
21191 0b0b0b0b0b
21192 0b0b0b0b0b
21193 0b0b0b0b0b
21194 0b0b131313
21195 0b0b030b0b
21196 0b0b0b0b0b
21197 0b030b0303
21198 0303030b03
21199 0000030303
21200 0000000000
21201 0000000000
21202 0000000000
21203 0000000000
21204 0003000000
21205 0303030300
21206 0303000303
21207 0000030303
21208 0000000003
21209 0003000000
21210 0300000000
21211 03030b030b
21212 0000000303
21213 0300000000
21214 0000000000
21215 0303030303
21216 1b1b1b1b23
21217 0b131b1b1b
21218 0b0b03030b
21219 1313131313
21220 0b0b131313
21221 0b0b0b0b0b
21222 0b0b0b0b0b
21223 0b0b0b0b0b
21224 0b0b0b0b0b
21225 030b0b0b0b
21226 0303030303
21227 0303030b03
21228 0303030303
21229 0000000003
21230 0000030000
21231 0000000000
21232 0000000000
21233 0000000000
21234 0000000000
21235 0000000000
21236 0000000000
21237 0000000000
21238 0003000000
21239 0300000003
21240 0300030003
21241 0000000000
21242 0300000000
21243 03000b030b
21244 0000000000
21245 0000000000
21246 0000000000
21247 0303030300
21248 1313131b1b
21249 0b0b131313
21250 0b0b030303
21251 131313131b
21252 0b0b131313
21253 0b0b0b1313
21254 0b0b0b0b0b
21255 0b0b0b0b0b
21256 0b0b0b0b0b
21257 0b0b0b0b0b
21258 0b0b0b0b0b
21259 030b0b0b0b
21260 0303030b0b
21261 0303030303
21262 0303030303
21263 0000000303
21264 0000000000
21265 0000000000
21266 0000000000
21267 0000000000
21268 0000000000
21269 0000000000
21270 0000000000
21271 0000000000
21272 0000000000
21273 0000000000
21274 0b00000000
21275 03000b030b
21276 0000030000
21277 0000000000
21278 0000030000
21279 0303030303
21280 1313131313
21281 0b13131313
21282 0b03030303
21283 1313131313
21284 0b0b0b0b13
21285 0b0b0b0b0b
21286 0b0b131313
21287 0b0b0b0b0b
21288 0b0b0b0b0b
21289 0b0b0b0b0b
21290 0303030b0b
21291 0303030303
21292 0303030303
21293 0303030303
21294 0303030303
21295 0003030303
21296 0000000000
21297 0000000000
21298 0000000000
21299 0000000000
21300 0000000000
21301 0000000000
21302 0000000000
21303 0000000000
21304 0000000000
21305 0000000000
21306 0300000000
21307 0000130b0b
21308 0000000000
21309 0000030000
21310 0000000300
21311 0303030000
21312 1b1b1b1b1b
21313 0b13131313
21314 0b0b030303
21315 1313131313
21316 0b13131313
21317 0b13131313
21318 0b0b0b1313
21319 0b0b0b0b0b
21320 0b0b0b0b0b
21321 03030b0b0b
21322 0303030303
21323 0303030303
21324 0303030303
21325 0303030303
21326 0003030303
21327 0003030303
21328 0000000300
21329 0000000000
21330 0000000000
21331 0000000000
21332 0000000000
21333 0000000000
21334 0000000000
21335 0000000000
21336 0000000000
21337 0000000000
21338 1300000000
21339 000013000b
21340 0000000000
21341 0000000000
21342 0300000000
21343 0000000000
21344 1313131b1b
21345 0313131313
21346 0b03030303
21347 131313130b
21348 1313131313
21349 0b0b0b0b0b
21350 0b0b0b0b0b
21351 0b0b0b0b0b
21352 0b0b0b0b0b
21353 0b0b0b0b0b
21354 030b0b030b
21355 0303030303
21356 0303030303
21357 0303030303
21358 0303030303
21359 0000000303
21360 0003030303
21361 0000000000
21362 0000000000
21363 0000000000
21364 0000000000
21365 0000000000
21366 0000000000
21367 0000000000
21368 0000000000
21369 0000000000
21370 1300000000
21371 00001b030b
21372 0003000000
21373 0000000000
21374 0000000000
21375 0000000000
21376 1313131313
21377 0b0b131313
21378 0b03030303
21379 131313130b
21380 0b0b0b0b0b
21381 0b0b0b0b0b
21382 0b0b0b0b0b
21383 0b030b0b0b
21384 030b030b0b
21385 0b03030b0b
21386 0303030303
21387 0303030303
21388 0303030303
21389 0300000303
21390 0000030300
21391 0300000000
21392 0000000000
21393 0000000000
21394 0000000000
21395 0000000000
21396 0000000000
21397 0000000000
21398 0000000000
21399 0000000000
21400 0000000000
21401 0000000000
21402 1300000000
21403 00001b130b
21404 0000000000
21405 0000000000
21406 0000000000
21407 0000000000
21408 0b0b131313
21409 030b0b0b0b
21410 0b03030303
21411 0b0b130b0b
21412 0b0b0b0b13
21413 0b0b0b0b0b
21414 0b0b0b0b0b
21415 0b03030b0b
21416 030b0b0b0b
21417 0303030303
21418 0303030303
21419 0303030303
21420 0303030303
21421 0303030303
21422 0000000000
21423 0000000000
21424 0003000000
21425 0000000000
21426 0000000000
21427 0000000000
21428 0000000000
21429 0000000000
21430 0000000000
21431 0000000000
21432 0000000000
21433 0000000000
21434 1300000000
21435 00000b030b
21436 0000000000
21437 0000000000
21438 0000000000
21439 0000000000
21440 1313131313
21441 0b0b131313
21442 0b03030303
21443 0b0b0b0b0b
21444 0b0b0b0b0b
21445 0b0b0b0b0b
21446 030303030b
21447 0303030303
21448 030b0b0303
21449 0303030303
21450 0303030303
21451 0303030303
21452 0303030303
21453 0000000003
21454 0000000000
21455 0000000000
21456 0000000000
21457 0000000000
21458 0000000000
21459 0000000000
21460 0000000000
21461 0000000000
21462 0000000000
21463 0000000000
21464 0000000000
21465 0000000000
21466 1b00000000
21467 0000130303
21468 0000000000
21469 0000000000
21470 0000000000
21471 0000000000
21472 1313131313
21473 0b0b0b0b13
21474 0b03030303
21475 0b0b0b0b0b
21476 03030b0b0b
21477 0b03030303
21478 0b0b0b0b0b
21479 0b0b0b0b0b
21480 030b0b0b0b
21481 03030b0303
21482 0303030b03
21483 0303030303
21484 0303030303
21485 0300030303
21486 0000000303
21487 0000000000
21488 0000000000
21489 0000000000
21490 0000000000
21491 0000000000
21492 0000000000
21493 0000000000
21494 0000000000
21495 0000000000
21496 0000000000
21497 0000000000
21498 1b00000000
21499 00001b0b03
21500 0000000000
21501 0000000000
21502 0000000000
21503 0000000000
21504 0b0b0b0b0b
21505 030b0b0b0b
21506 0b03030303
21507 0b0b0b0b0b
21508 0b0b0b0b0b
21509 0b0b0b0b0b
21510 0b0b0b0b0b
21511 0b0b0b0b0b
21512 0b0b0b0303
21513 0303030303
21514 0303030303
21515 0303030303
21516 0303030303
21517 0003030303
21518 0000000000
21519 0000000000
21520 0000000000
21521 0000000000
21522 0000000000
21523 0000000000
21524 0000000000
21525 0000000000
21526 0000000000
21527 0000000000
21528 0000000000
21529 0000000000
21530 1b00000000
21531 000013130b
21532 0000000000
21533 0000000000
21534 0000000000
21535 0b030b0300
21536 0b0b0b0b0b
21537 0b0b0b0b0b
21538 0b0b030303
21539 0b0b0b0b0b
21540 0b0b0b0b0b
21541 0303030b0b
21542 0303030b0b
21543 030b030303
21544 0303030303
21545 0303030303
21546 0303030303
21547 0303030303
21548 0303030303
21549 0303030300
21550 0303030303
21551 0000030303
21552 0000030000
21553 0000000000
21554 0000000000
21555 0000000000
21556 0000000000
21557 0000000000
21558 0000000000
21559 0000000000
21560 0000000000
21561 0000000000
21562 1300000000
21563 00000b0b0b
21564 0000000000
21565 0000000000
21566 0b0b0b0b03
21567 00030b0b0b
21568 0b130b0b0b
21569 0b0b0b0b0b
21570 0b0b03030b
21571 0b0b0b0b0b
21572 0b0b0b0b0b
21573 0b0b0b0b0b
21574 030b0b0b0b
21575 0303030b0b
21576 03030b0303
21577 0303030303
21578 0003030303
21579 0303030003
21580 0303000003
21581 0303030303
21582 0000000003
21583 0000030303
21584 0303000000
21585 0000030300
21586 0000000000
21587 0000000000
21588 0000000000
21589 0000000000
21590 0000000000
21591 0000000000
21592 0000000000
21593 0000000000
21594 130b1b1303
21595 0b0b0b0b03
21596 030000030b
21597 0b0b0b0b0b
21598 0003030b03
21599 0000000000
21600 0b0b0b0b0b
21601 0b0b0b0b0b
21602 0b0b030303
21603 0b0b0b0b0b
21604 0b0b0b0b0b
21605 0b0b0b0b0b
21606 03030b0b0b
21607 030303030b
21608 0303030303
21609 03030b0303
21610 0303030303
21611 0303030303
21612 0303030303
21613 0303030303
21614 0000000003
21615 0000000000
21616 0000000000
21617 0000000000
21618 0000000000
21619 0000000000
21620 0000000000
21621 0000000000
21622 0000000000
21623 0000000000
21624 0000000000
21625 0b00000000
21626 030303131b
21627 0b0b03030b
21628 13130b0b0b
21629 000b0b0b0b
21630 0000000000
21631 0000000000
21632 0b03030303
21633 0b13130b0b
21634 0303030303
21635 0b0b0b0b03
21636 0b030b0b0b
21637 030303030b
21638 03030b030b
21639 0303030303
21640 0303030303
21641 0303030303
21642 0303030303
21643 0303030303
21644 0303030303
21645 0303030303
21646 0303030300
21647 0000030003
21648 0000000000
21649 0000000000
21650 0000000000
21651 0000000000
21652 0000000000
21653 0000000000
21654 0000000000
21655 0000000000
21656 0b03000000
21657 0b13131313
21658 0b0303030b
21659 030b030b03
21660 030b0b030b
21661 030303030b
21662 130b13130b
21663 00000b0b0b
21664 1b131b1b13
21665 131b1b2323
21666 131b131b1b
21667 0b0b130b13
21668 0b0b0b0b0b
21669 030b030303
21670 0b0b0b0b03
21671 030303030b
21672 0303030303
21673 0303030303
21674 0303030303
21675 0303030303
21676 0000000003
21677 0000000000
21678 0000000000
21679 0000000000
21680 0000000000
21681 0000000000
21682 0000000000
21683 0000000000
21684 0000000000
21685 0000000000
21686 0000000000
21687 0000000000
21688 1b1b1b0303
21689 0b0b0b0b13
21690 0b0b0b0b0b
21691 030b03030b
21692 030b0b0b0b
21693 03030b0303
21694 030b0b0b0b
21695 0b0b030303
21696 231b131b1b
21697 131313131b
21698 1b1b131313
21699 1b1b1b1b1b
21700 1b13131313
21701 1b1b13131b
21702 13131b1b13
21703 130b131313
21704 0b03030b0b
21705 0b0b0b0b0b
21706 1313131313
21707 030303030b
21708 0000000000
21709 0303000000
21710 0000000003
21711 0000000000
21712 0003000003
21713 0000000000
21714 0000000000
21715 0000000000
21716 0000000000
21717 0000000000
21718 0000000000
21719 0b03000000
21720 0b0b131313
21721 030b0b0b0b
21722 0303030303
21723 0303030b03
21724 0303030303
21725 0303030303
21726 0303030303
21727 030303030b
21728 1313131313
21729 1313131313
21730 1313131313
21731 1b13131313
21732 1b1b131b13
21733 131313131b
21734 0b0b0b1313
21735 1313130b0b
21736 131313130b
21737 1313131313
21738 1313131313
21739 1313130b13
21740 0000000b13
21741 0000000000
21742 0000000000
21743 0303030000
21744 0000000300
21745 0000000000
21746 0000000000
21747 0000000000
21748 0000000000
21749 0000000000
21750 0000000000
21751 1313130b00
21752 13130b0b13
21753 030b030b13
21754 03030b0b03
21755 0303030303
21756 030303030b
21757 0303030303
21758 0303030b03
21759 0303030303
21760 1313131313
21761 1313131313
21762 1313131313
21763 1313131313
21764 1313131313
21765 13130b130b
21766 0b0b130b0b
21767 0b0b0b0b13
21768 0b0b0b130b
21769 0b0b0b0b0b
21770 0b0b0b0b0b
21771 0b0b0b0b0b
21772 0b0b0b0b0b
21773 0000000000
21774 0000000300
21775 0000000000
21776 0003030000
21777 0000000000
21778 0303030300
21779 0000000000
21780 0000000000
21781 0000000000
21782 1303130300
21783 0b13131313
21784 0b0b0b0b0b
21785 0b0b0b1313
21786 0303030b03
21787 0303030b0b
21788 030303030b
21789 0303030303
21790 0b0b030303
21791 0303030303
21792 1313131313
21793 1313131313
21794 1313131313
21795 13130b1313
21796 13130b1313
21797 0b0b130b13
21798 0b13130b0b
21799 0b0b0b0b0b
21800 0b0b0b0b13
21801 0b0b0b0b0b
21802 0b0b0b0b0b
21803 03030b0b0b
21804 0b03000303
21805 000000030b
21806 0000000000
21807 0000000000
21808 0000000300
21809 0000000000
21810 0000000300
21811 0000000000
21812 0b0b000000
21813 0303030303
21814 0b0b030300
21815 0b0b130b0b
21816 0b0b030b13
21817 03030b0b0b
21818 0303030303
21819 0b0b0b0b0b
21820 03030b0b0b
21821 030303030b
21822 0303030303
21823 0303030303
21824 1313131313
21825 1313131313
21826 1313131313
21827 1313131313
21828 130b0b0b0b
21829 0b0b0b130b
21830 0b0b0b0b0b
21831 0b0b0b0b0b
21832 0b130b0b0b
21833 0b0b0b0b0b
21834 030b0b0b0b
21835 0000000003
21836 0b03000000
21837 00000b0b03
21838 0000000000
21839 0000000000
21840 0000000000
21841 0000000000
21842 0b03000000
21843 1313131313
21844 030b0b130b
21845 0003030b0b
21846 130b0b0b00
21847 0b0b0b1313
21848 0b1b0b130b
21849 0303030b0b
21850 0b03030303
21851 0b0b0b0303
21852 03030b0b0b
21853 0303030303
21854 0303030303
21855 0b03030303
21856 1313131313
21857 1313131313
21858 1313131313
21859 1313131313
21860 13130b1313
21861 130b0b130b
21862 131313130b
21863 0b0b0b0b0b
21864 0b0b130b0b
21865 030b0b0b03
21866 0000000000
21867 0000000000
21868 0b0b000000
21869 0303131303
21870 000003030b
21871 0000000000
21872 0000000000
21873 13130b0300
21874 0b0b131313
21875 030b0b0b0b
21876 0303000303
21877 030303030b
21878 0b0b130b0b
21879 130b0b0b0b
21880 030b130b13
21881 0b0b0b0b0b
21882 0303030303
21883 030b030303
21884 0b030b0b0b
21885 030b030303
21886 0303030303
21887 0b03030303
21888 0b0b131313
21889 0b0b0b130b
21890 1313130b0b
21891 0b13131313
21892 0b0b0b0b13
21893 0b0b130b13
21894 0b0b0b130b
21895 0b0b0b0b0b
21896 0b0b0b0b0b
21897 00000b0b0b
21898 0000000000
21899 0000000000
21900 231b030000
21901 0b0300130b
21902 030b0b0b0b
21903 0000000003
21904 13130b0000
21905 0b0b130b13
21906 0303030303
21907 0b03000303
21908 031300000b
21909 0b0b030303
21910 0313131313
21911 0b0b0b0b0b
21912 0b0b0b130b
21913 0303030b0b
21914 0b030b030b
21915 0303030303
21916 0b0b030303
21917 03030b0b0b
21918 0303030303
21919 03030b0b03
21920 1313131313
21921 1313131313
21922 0b0b0b1313
21923 130b0b0b0b
21924 0b0b0b0b13
21925 0b0b0b1313
21926 0b030b0b0b
21927 0b03030b0b
21928 0b0b0b0b0b
21929 00030b0b0b
21930 0000000000
21931 0000000000
21932 031b1b0000
21933 000b0b0000
21934 0b0000030b
21935 0b0b0b0b0b
21936 0b0b13131b
21937 0b0b030000
21938 0003030b0b
21939 0b0b000000
21940 030b00030b
21941 130b0b0b0b
21942 0b0b0b0b13
21943 13130b0b0b
21944 0b0b0b0b13
21945 030b030b0b
21946 0b0b030303
21947 030303030b
21948 0303030303
21949 0303030b0b
21950 0303030303
21951 0303030303
21952 1313131313
21953 1313131313
21954 0b13131313
21955 13130b0b13
21956 1313130b13
21957 0b0b0b0b13
21958 03030b0b0b
21959 0b0b03030b
21960 0b0b0b0b0b
21961 000b0b0b0b
21962 0000000000
21963 0000000000
21964 0313231b03
21965 030b0b0303
21966 0b0300000b
21967 0b0b0b0b0b
21968 030303030b
21969 000b030303
21970 0303030000
21971 0b13030000
21972 0b1313030b
21973 0b0b0b0b13
21974 0b130b0b0b
21975 130b0b0b0b
21976 03030b030b
21977 030303030b
21978 03030b0303
21979 0303030303
21980 0303030303
21981 0b030b0303
21982 0303030303
21983 0b0303030b
21984 1313131313
21985 1313131313
21986 130b131313
21987 13130b1313
21988 1313131313
21989 0b130b1313
21990 0303030303
21991 0b0b0b0303
21992 0b0b0b0b0b
21993 000b0b0b0b
21994 130b000000
21995 1303000303
21996 03030b1b23
21997 00030b0b03
21998 0b0b030000
21999 0303000b03
22000 00030b0b0b
22001 0003030300
22002 0303030000
22003 0b03030000
22004 13130b0b0b
22005 0b0b0b0b0b
22006 0b13130b0b
22007 0b0b0b0b0b
22008 030b03030b
22009 0303030303
22010 030b0b0b0b
22011 0303030303
22012 0303030303
22013 030b030b0b
22014 03030b0b03
22015 0303030303
22016 1313131313
22017 0b130b1313
22018 1313131313
22019 131313130b
22020 1313131313
22021 1303030b13
22022 030b0b030b
22023 0b13130b03
22024 0b0b0b0b0b
22025 03030b0b0b
22026 13131b0b13
22027 2323031313
22028 03000b0b13
22029 000b0b130b
22030 030b0b0b03
22031 1303030303
22032 030b0b0b0b
22033 0013131303
22034 030b0b0b03
22035 1b130b0b03
22036 0b0b0b0b13
22037 0b0b0b0b0b
22038 131313131b
22039 0b0b0b0b13
22040 030b0b030b
22041 0303030303
22042 0303030303
22043 0b0303030b
22044 0303030b03
22045 03030b0303
22046 0b030b0b03
22047 0303030303
22048 0b0b0b0b0b
22049 1313130b0b
22050 1313131313
22051 13130b0b13
22052 1313130b13
22053 030b03130b
22054 0b03030303
22055 0b0b0b130b
22056 0b0b0b130b
22057 13130b0b0b
22058 0b0b13130b
22059 131b1b130b
22060 0b030b0b13
22061 0b0b0b030b
22062 0303000b13
22063 0b0b030303
22064 0b0b0b0b0b
22065 0b0b0b1b13
22066 0b0b131313
22067 13130b0b0b
22068 0b0b0b130b
22069 130b13130b
22070 1313131313
22071 03030b0b13
22072 030303030b
22073 0303030303
22074 0303030b03
22075 03030b030b
22076 030b030b03
22077 0b03030303
22078 030b0b0b0b
22079 0b0b030303
22080 13130b0b13
22081 13130b130b
22082 0b0b0b0b0b
22083 13130b0b0b
22084 0b0b131313
22085 0b0b0b030b
22086 13130b0b0b
22087 0b0b0b0b13
22088 0b0b0b0b0b
22089 0b130b0b0b
22090 0b0b0b0b13
22091 0b0b0b1313
22092 0b030b0b13
22093 0b0b0b0b03
22094 0303030303
22095 0000030303
22096 0b0b030300
22097 0b0b130b0b
22098 0b0b0b0b0b
22099 0b0b0b0b0b
22100 130b0b0b0b
22101 1313130b13
22102 1313131313
22103 0b030b131b
22104 030303030b
22105 0303030303
22106 0b03030303
22107 0b0b030303
22108 0303030303
22109 0303030303
22110 0b0b0b0b03
22111 0303030303
22112 1313130b0b
22113 0b130b0b0b
22114 0b0b0b0b0b
22115 0b0b0b0b0b
22116 0b0b130b0b
22117 0b0b0b0b0b
22118 0b0b0b0b0b
22119 0b0b0b0b0b
22120 0b0b13130b
22121 0b0b0b0b0b
22122 0b0b0b0b0b
22123 0b0b0b0b0b
22124 130b0b0b0b
22125 0303030303
22126 030b030303
22127 0b03000303
22128 0b03030303
22129 030b0b030b
22130 0b0b0b0b0b
22131 0b0b0b0b0b
22132 0b0b0b0b0b
22133 13131b1313
22134 13131b1313
22135 0b030b0b13
22136 030303030b
22137 0303030303
22138 0b0b0b0303
22139 0b03030303
22140 0b03030303
22141 030303030b
22142 0b0b0b0b03
22143 0303030303
22144 0b0b0b0b0b
22145 0b0b0b0b0b
22146 0b0b0b0b0b
22147 130b0b0b0b
22148 130b0b130b
22149 0b0b130b0b
22150 0b0b0b130b
22151 0b0b0b0b13
22152 0b0b0b0b0b
22153 0b0b0b0b13
22154 0b0b0b0b0b
22155 0b0b0b0b0b
22156 130b0b0b0b
22157 0003030b0b
22158 03030b0300
22159 03130b0003
22160 130b0b0b0b
22161 0b030b030b
22162 0b0b0b0b0b
22163 0b0b130b0b
22164 130b0b1313
22165 131313131b
22166 0b130b0b0b
22167 0b030b0b0b
22168 030303030b
22169 0303030b03
22170 0b03030303
22171 0303030b0b
22172 0303030b0b
22173 03030b030b
22174 030b030b03
22175 0303030b0b
22176 0b0b0b130b
22177 0b13130b0b
22178 0b0b0b0b0b
22179 0b130b0b0b
22180 0b0b0b0b0b
22181 0b0b0b0b0b
22182 130b0b130b
22183 0b0b131313
22184 0b0b0b0b0b
22185 0b0b0b0b0b
22186 0b0b0b0b0b
22187 0b0b0b0b0b
22188 0b0b0b0b0b
22189 0303030b0b
22190 03030b0b03
22191 0b13130303
22192 0b0b030b0b
22193 030b0b0b0b
22194 130b0b0b0b
22195 0b0b0b0b0b
22196 13130b0b13
22197 130b131b1b
22198 0b130b0b0b
22199 0b030b0b0b
22200 03030b0303
22201 0303030303
22202 0303030303
22203 0b03030303
22204 0303030303
22205 030b030303
22206 0b03030303
22207 0b030b0b0b
22208 13130b0b03
22209 0b0b0b0b0b
22210 0b0b0b0b0b
22211 130b0b0b0b
22212 0b0b0b0b0b
22213 13130b0b0b
22214 0b0b0b1313
22215 0b0b0b0b0b
22216 130b0b0b0b
22217 0b0b0b0b0b
22218 0b0b0b0b0b
22219 0b0b0b0b0b
22220 0b130b0b0b
22221 0b0303030b
22222 0b0303030b
22223 0b0b0b0303
22224 13130b0b0b
22225 0b0b0b0b0b
22226 0b0b0b0b0b
22227 0b0b0b130b
22228 0b13130b0b
22229 0b1b131313
22230 0b0b0b0b0b
22231 03030b0b0b
22232 0b03030b03
22233 0303030303
22234 0303030303
22235 03030b0303
22236 0b0b0b0303
22237 0303030b03
22238 0303030303
22239 0b0b030b0b
22240 0b0b0b1313
22241 0b0b0b0b0b
22242 0b0b0b0b0b
22243 0b0b0b0b0b
22244 130b0b0b0b
22245 0b130b0b0b
22246 0b0b130b0b
22247 0b0b0b0b0b
22248 0b0b0b0b0b
22249 0b0b0b1313
22250 0b0b0b130b
22251 0b0b0b0b0b
22252 0b0b0b0b0b
22253 0b0b030303
22254 0b0b130b0b
22255 0b1313030b
22256 0b0b030b0b
22257 0b0b0b0b0b
22258 0b0b0b130b
22259 13130b130b
22260 130b13130b
22261 0b0b13131b
22262 1313130b13
22263 0b0b030b0b
22264 030303030b
22265 03030b0303
22266 0303030303
22267 0b0b0b0303
22268 030b0b0303
22269 0303030b0b
22270 0303030303
22271 0b0b0b0303
22272 0b0b0b0b0b
22273 130b0b0b0b
22274 0b0b0b0b13
22275 0b0b0b0b0b
22276 13130b130b
22277 0b0b0b0b13
22278 0b0b130b0b
22279 030b0b0b0b
22280 130b131313
22281 0b0b0b0b13
22282 0b130b0b0b
22283 0b0b0b0b0b
22284 0b0b0b0b0b
22285 0b0b0b0b03
22286 030b0b0b0b
22287 0b0b0b1303
22288 0b0b0b0b13
22289 0b0b130b0b
22290 0b0b0b0b0b
22291 0b0b0b0b03
22292 13130b0b0b
22293 1b13131313
22294 1313131313
22295 130b0b0b0b
22296 030b0b0b0b
22297 0303030303
22298 0303030303
22299 030b030303
22300 030b030303
22301 030b0b0b0b
22302 0303030b03
22303 0b03030b03
22304 0b0b0b0b0b
22305 0b0b0b0b0b
22306 1313130b0b
22307 0b0b0b0b13
22308 1313130b0b
22309 0b0b0b0b0b
22310 130b0b0b0b
22311 0b0b0b0b0b
22312 0b13130b0b
22313 0b0b0b0b0b
22314 0b0b130b0b
22315 0b0b0b0b0b
22316 0b0b0b0b0b
22317 0b0b0b0b0b
22318 0b0b0b0b03
22319 130b0b0b0b
22320 0b0b0b0b0b
22321 0b0b0b0b13
22322 0b0b0b130b
22323 0b0b0b0b0b
22324 131313130b
22325 0b0b0b0b13
22326 1b13130b0b
22327 0b0b0b0b13
22328 03030b0303
22329 0303030303
22330 03030b0303
22331 0303030303
22332 0303030303
22333 030b0b0303
22334 0303030b0b
22335 03030b0303
22336 0b0b0b0b0b
22337 0b0b130b0b
22338 0b13130b0b
22339 0b0b0b0b0b
22340 0b0b0b0b13
22341 0b0b0b130b
22342 0b0b0b130b
22343 0b0b0b0b0b
22344 130b0b0b0b
22345 0b0b0b0b0b
22346 0b0b0b0b0b
22347 0b0b0b0b0b
22348 0b0b0b0b0b
22349 0b0b0b0b0b
22350 0b0b030b0b
22351 1313130b0b
22352 131313131b
22353 1313131313
22354 130b0b0b0b
22355 1313131313
22356 0b030b1313
22357 0b0b0b0b0b
22358 131313130b
22359 1313130b0b
22360 0b0b030b0b
22361 0b0b0b0b0b
22362 030b030b0b
22363 0303030303
22364 0303030303
22365 0b0b030303
22366 0303030303
22367 03030b0b03
22368 0b0b0b0b0b
22369 0b130b0b0b
22370 0b0b0b0b0b
22371 0b0b0b0b0b
22372 13130b0b0b
22373 0b0b0b0b13
22374 0b0b0b0b0b
22375 1313130b0b
22376 1313131313
22377 0b0b0b0b0b
22378 0b0b0b030b
22379 0b0b0b0b0b
22380 0b0b0b0b0b
22381 0b0b0b0b0b
22382 0b0b0b0b0b
22383 1b0b0b030b
22384 0b0b0b1313
22385 0b130b0b0b
22386 130b0b0b0b
22387 0b13131b13
22388 1313131313
22389 030b130b0b
22390 130b130b13
22391 030b131313
22392 0b0b030303
22393 0b03030303
22394 0b03030003
22395 0b0b030b0b
22396 0b0b0b0b03
22397 03030b0b03
22398 030303030b
22399 030b0b0303
22400 0b0b130b0b
22401 0b0b0b0b0b
22402 0b13130b0b
22403 1313130b0b
22404 0b130b1313
22405 0b13130b13
22406 0b0b130b0b
22407 1313131313
22408 1313131313
22409 0b0b0b0b0b
22410 0303130b0b
22411 0b0b0b0b0b
22412 0b0b030b0b
22413 0b0b0b130b
22414 030b130b0b
22415 1313131313
22416 1313130b13
22417 1313130b13
22418 130b131313
22419 1313130b13
22420 13130b1313
22421 1313131b13
22422 0b13131313
22423 130b131313
22424 130b0b0b13
22425 130b0b130b
22426 0b13131313
22427 030b0b0b0b
22428 030b0b0300
22429 030b0b0b0b
22430 03030b0b03
22431 0b0b0b0b03
22432 0b0b0b0b13
22433 0b0b0b0b0b
22434 0b0b130b0b
22435 1313130b0b
22436 1313131313
22437 0b130b1313
22438 1313131313
22439 0b0b0b0b0b
22440 13130b0b0b
22441 0b0b0b0b0b
22442 13130b0b0b
22443 0b0b0b0b0b
22444 0b0b0b0b0b
22445 0b0b0b0b0b
22446 131313130b
22447 0b0b13131b
22448 0b0b131313
22449 0b13131313
22450 0b13130b13
22451 1313130b13
22452 131313131b
22453 1313131313
22454 131313131b
22455 0b0b0b0b0b
22456 130b0b131b
22457 0b0b0b0b13
22458 0b0b0b0b0b
22459 131313130b
22460 0b0b0b1313
22461 0b03030303
22462 0b0b0b0b03
22463 0303030b0b
22464 130b0b0b0b
22465 0b0b0b0b0b
22466 0b0b0b0b0b
22467 0b0b0b0b0b
22468 0b0b0b0b13
22469 0b0b0b1313
22470 1313130b13
22471 0b0b0b0b0b
22472 13130b0b0b
22473 1313131313
22474 0b130b1313
22475 0b130b1313
22476 131b13130b
22477 131b131313
22478 13131b1313
22479 0b13131313
22480 0b130b0b13
22481 130b0b0b0b
22482 130b0b0b0b
22483 0b0b0b1b13
22484 0b0b030b0b
22485 0b0b131313
22486 0b0b0b0b0b
22487 1313131313
22488 0b0b0b1313
22489 0b130b0b0b
22490 13130b0b0b
22491 0b0b13130b
22492 130b130b0b
22493 0b0b131b13
22494 0b0b0b0b0b
22495 0b0b0b0b03
22496 0b0b130b13
22497 0b0b0b0b13
22498 0b0b0b0b0b
22499 0b0b0b0b13
22500 0b0b0b0b0b
22501 0b0b0b130b
22502 131313130b
22503 130b13130b
22504 13130b0b13
22505 131b131313
22506 13131b1313
22507 0b0b0b0b13
22508 1313130b13
22509 13131b1313
22510 1313131b13
22511 130b0b0b0b
22512 0b0b13131b
22513 0b0b0b0b0b
22514 0b0b0b0b0b
22515 0b0b030b13
22516 0b0b030b0b
22517 0b0b0b0b0b
22518 0b13130b13
22519 130b0b0b13
22520 130b0b0b0b
22521 1b1313130b
22522 1313130b13
22523 0b13130b0b
22524 130b0b130b
22525 13131b1313
22526 0b131b1313
22527 0b0b0b1313
22528 0b0b130b13
22529 0b0b0b0b0b
22530 130b0b0b13
22531 0b0b0b0b0b
22532 130b130b0b
22533 0b0b131313
22534 0b0b13130b
22535 0b0b0b130b
22536 0b0b0b0b0b
22537 1313131313
22538 1313130b13
22539 1b13131313
22540 131b0b1313
22541 1313131313
22542 0b130b130b
22543 130b0b0b0b
22544 0b0b0b0b0b
22545 0b0b0b0b03
22546 0b0b0b0b03
22547 0b0b0b0b0b
22548 0b0b0b030b
22549 130b0b0b0b
22550 0b0b0b1313
22551 0b0b13130b
22552 131b130b13
22553 0b0b130b0b
22554 1313130b0b
22555 13130b0b13
22556 1313131313
22557 1b130b0b13
22558 130b0b0b0b
22559 13130b0b0b
22560 0b030b130b
22561 0b0b130b0b
22562 130b0b130b
22563 0b130b130b
22564 130b131313
22565 0b0b0b130b
22566 0b0b0b0b13
22567 13130b0b0b
22568 0b0b0b0b13
22569 0b1313130b
22570 1313131313
22571 130b131313
22572 0b13131313
22573 0b13131313
22574 0b030b0b0b
22575 130b0b0b0b
22576 030b0b0b0b
22577 0b0b0b0b0b
22578 0b0b0b0b0b
22579 0b0b0b0303
22580 0b0b0b0b0b
22581 0b0b0b0b03
22582 0b0b0b0b0b
22583 131313130b
22584 0b13131313
22585 130b0b1313
22586 0b13131313
22587 0b0b0b0b0b
22588 1b13130b0b
22589 131b1b1313
22590 13130b0b0b
22591 130b130b13
22592 1313130b0b
22593 130b0b0b0b
22594 13130b130b
22595 13130b1313
22596 130b0b130b
22597 1313130b0b
22598 0b0b0b0b0b
22599 0b130b0b0b
22600 0b13130b0b
22601 1313131313
22602 0b0b0b0b13
22603 0b130b0b0b
22604 131313130b
22605 030b0b0b13
22606 0b0b0b0b0b
22607 130b0b0b0b
22608 130b0b1313
22609 0b0b0b130b
22610 0b0b13130b
22611 130b0b0b0b
22612 0b0b03030b
22613 0b0b0b0b0b
22614 0b0b0b0b0b
22615 0b0b0b0b13
22616 0b0b0b0b13
22617 1313130b0b
22618 0b1313130b
22619 130b131b13
22620 1313130b13
22621 13131b1313
22622 130b130b13
22623 0b130b0b0b
22624 130b0b0b0b
22625 0b0b130b0b
22626 0b130b0b0b
22627 0b0b0b0b13
22628 0b0b0b0b0b
22629 0b130b130b
22630 0b130b0b13
22631 131313130b
22632 13130b1313
22633 0b13130b13
22634 0b0b0b0b0b
22635 0b0b0b130b
22636 0b0b0b0b0b
22637 0b0b13130b
22638 130b130b13
22639 1313131313
22640 0b0b0b0b0b
22641 0b13130b13
22642 0b0b0b130b
22643 0b0b0b0b0b
22644 0b13130303
22645 030b0b0b03
22646 0b0b0b0b0b
22647 0b0b0b0b03
22648 0b0b0b0b0b
22649 0313131313
22650 130b0b0b0b
22651 1313030b0b
22652 130b030b0b
22653 0b0b0b0b0b
22654 1b1b13130b
22655 0b0b0b130b
22656 130b0b0b0b
22657 0b13130b0b
22658 0b0b130b13
22659 130b0b0b13
22660 0b0b130b13
22661 0b0b0b0b0b
22662 0b13130b13
22663 1313130b13
22664 1313130b13
22665 0b0b130b13
22666 0b0b0b0b0b
22667 0b0b0b0b13
22668 130b0b130b
22669 13130b0b0b
22670 130b131313
22671 0b0b13130b
22672 0b0b0b0b0b
22673 0b0b0b130b
22674 0b0b0b130b
22675 0b0b0b0b0b
22676 0b0b0b0b0b
22677 0b03030b0b
22678 0b0b0b0b13
22679 0b0b0b0b0b
22680 0b0b030b0b
22681 13130b0b0b
22682 1b1313131b
22683 13130b130b
22684 13130b0b0b
22685 13130b0b0b
22686 13130b130b
22687 0b0b0b0b13
22688 0b0b0b0b0b
22689 130b0b0b0b
22690 0b0b0b0b0b
22691 0b0b0b030b
22692 0b0b0b0b0b
22693 0b0b0b0b0b
22694 0b0b0b0b0b
22695 0b0b0b0b0b
22696 0b130b1313
22697 13131b1b13
22698 130b13130b
22699 130b0b0b0b
22700 0b130b130b
22701 0b0b0b0b13
22702 0b13130b03
22703 0b0b0b0b0b
22704 0b0b0b130b
22705 03030b0b0b
22706 0b0b0b0b0b
22707 030b0b0b0b
22708 0b0b0b1303
22709 0b0b0b030b
22710 0b0b0b0b0b
22711 130b0b0b0b
22712 130b130b13
22713 1b13131313
22714 131b13131b
22715 1313131313
22716 130b0b0b0b
22717 131b0b0b0b
22718 0b13131313
22719 0b1313130b
22720 0b0b0b0b0b
22721 0b0b0b0b0b
22722 0b0b0b0b03
22723 030b0b1303
22724 0b0b0b0b13
22725 0b0b0b0b0b
22726 030b0b0b0b
22727 0b0b130b0b
22728 13130b0b13
22729 1b13131313
22730 0b0b131b13
22731 0b13130b0b
22732 0b0b0b0b0b
22733 0b0b0b0b0b
22734 030b0b0b0b
22735 0b0b0b0b03
22736 030b0b0b0b
22737 0b0b0b030b
22738 03030b030b
22739 0b0b030b03
22740 030b0b0b0b
22741 130b030b03
22742 0b0b0b130b
22743 130b0b0b13
22744 131313130b
22745 1313131313
22746 0b0b131313
22747 130b130b0b
22748 13130b130b
22749 130b130b0b
22750 0b130b1313
22751 1b13131313
22752 0b0b0b030b
22753 0b0b0b0b0b
22754 0b0b0b0b03
22755 0b130b0b0b
22756 0b0b0b0b13
22757 0b0b0b0b0b
22758 0b0b130b0b
22759 0b0b0b0b0b
22760 1313131313
22761 1b13131313
22762 131b131313
22763 130b0b1313
22764 0b0b0b130b
22765 0b0b0b0b0b
22766 0b0b030b0b
22767 0b030b0b0b
22768 0b0b0b0b13
22769 0b0b0b030b
22770 0b0b0b0b0b
22771 0303130b03
22772 0b0b0b0b0b
22773 0b0b0b030b
22774 0b0b13130b
22775 0b13130b0b
22776 1313131313
22777 0b130b130b
22778 0b130b130b
22779 130b0b0b0b
22780 130b0b130b
22781 130b0b0b0b
22782 130b0b130b
22783 13130b1313
22784 0b0b130b0b
22785 0b0b0b0b0b
22786 0b0b0b130b
22787 0b0b0b0b0b
22788 0b0b0b0b0b
22789 0b0b0b0b0b
22790 0b0b0b130b
22791 030b0b0b0b
22792 0b130b0b0b
22793 0b13131313
22794 131313130b
22795 13130b1313
22796 130b0b0b13
22797 0b130b0b0b
22798 0b0b0b130b
22799 130b0b0b0b
22800 030b0b0b13
22801 0b0b0b0b0b
22802 0b0b0b0b03
22803 0b0b0b0b0b
22804 03030b0b0b
22805 0b0b030b03
22806 130b0b0b0b
22807 1b13131313
22808 13130b131b
22809 130b130b0b
22810 0b0b130b0b
22811 0b0b0b0b0b
22812 0b0b0b0b0b
22813 130b0b0b0b
22814 0b0b0b0b0b
22815 0b13131313
22816 0b0b0b0b0b
22817 030b0b0b0b
22818 0b0b0b0b0b
22819 0b0b0b0b0b
22820 0b0b0b0b0b
22821 0b0b0b0b0b
22822 0b030b0b0b
22823 130b0b130b
22824 130b0b130b
22825 130b0b0b13
22826 130b0b0b0b
22827 0b130b1313
22828 130b0b0b13
22829 0b130b0b0b
22830 0b0b0b0b0b
22831 0b0b0b0b0b
22832 0b0b0b0b03
22833 0b0b0b0b0b
22834 0b0b0b0b0b
22835 0b0b0b1313
22836 0b0b0b0b0b
22837 03030b0303
22838 0b0b0b0b0b
22839 0b0b0b0b0b
22840 0b13130b13
22841 0b0b130b0b
22842 0b0b0b0b0b
22843 0b0b0b0b0b
22844 0b0b0b0b0b
22845 0b0b0b0b0b
22846 130b130b0b
22847 0b130b0b13
22848 0b0b0b0b0b
22849 0b0b0b0b0b
22850 0b0b0b0b0b
22851 0b0b0b0b0b
22852 0b0b0b0b0b
22853 0b0b0b0b0b
22854 130b0b0b03
22855 0b130b0b0b
22856 0b0b13130b
22857 0b0b0b0b0b
22858 0b0b0b0b0b
22859 130b0b0b0b
22860 030b0b0b0b
22861 0b0b0b0b0b
22862 130b0b0b0b
22863 0b13130b0b
22864 0b0b0b0b0b
22865 13130b0b0b
22866 0b0b0b0b0b
22867 0b0b0b0b0b
22868 0b030b0b0b
22869 0b0b0b0b0b
22870 0b0b0b0b03
22871 130b0b0b13
22872 0b0b130b13
22873 130b0b0b0b
22874 0b0b0b0b0b
22875 0b0b030b0b
22876 0b0b0b0b0b
22877 0b0b0b030b
22878 0b0b0b0b0b
22879 0b0b0b0b0b
22880 0b0b0b0b0b
22881 0b0b0b0b0b
22882 0b0b0b0b0b
22883 0b0b0b0b0b
22884 0b0b0b0b0b
22885 0b0b0b0b0b
22886 0b0b0b0b0b
22887 0b0b0b0b13
22888 0b0b0b0b0b
22889 0b0b0b0b13
22890 0b0b0b0b0b
22891 0b0b0b130b
22892 0b0b0b0b0b
22893 0b0b0b0b0b
22894 0b0b130b0b
22895 0b0b0b0b0b
22896 0b030b0303
22897 03030b0b0b
22898 0b0b0b0b0b
22899 0b0b0b0b03
22900 0b0b0b0b0b
22901 0b0b0b030b
22902 030b0b0b0b
22903 0b0b0b0b0b
22904 0b0b0b0b03
22905 0b0b0b0b0b
22906 0b0b0b0b0b
22907 0b0b0b0b0b
22908 0b0b0b0b0b
22909 0b0b0b0b0b
22910 0b0b0b0b0b
22911 0b130b0b0b
22912 0b0b0b0b0b
22913 0b0b0b0b0b
22914 0b0b0b0b0b
22915 0b0b0b0b0b
22916 0b0b0b0b0b
22917 0b0b0b0b0b
22918 0b0b0b1313
22919 130b0b0b13
22920 0b130b0b0b
22921 0b0b0b0b0b
22922 0b0b0b0b0b
22923 0b0b0b0b0b
22924 0b0b0b0b0b
22925 0b0b0b0b0b
22926 030b0b0b0b
22927 0b0b0b0b0b
22928 0b03030b0b
22929 0b0b0b0b0b
22930 0b0b0b0b0b
22931 0b0b0b0b0b
22932 03030b0b0b
22933 0b0b0b0b03
22934 0303030b0b
22935 0b0b0b0b0b
22936 0b0b130b03
22937 0b0b0b0b0b
22938 0b0b0b0b0b
22939 0b0b0b0b0b
22940 0b0b0b0b0b
22941 0b0b0b0b0b
22942 0b0b0b0b0b
22943 0b0b0b0b0b
22944 0b0b0b0b0b
22945 0b0b0b0b0b
22946 0b0b0b0b0b
22947 0b0b0b0b0b
22948 0b030b0b0b
22949 0b0b0b0b0b
22950 0b0b0b0b0b
22951 0b0b0b0b0b
22952 0b0b0b0b0b
22953 0b0b0b0b03
22954 0b0b0b030b
22955 0b0b030b0b
22956 0b0b0b0b0b
22957 0b0b130b0b
22958 0b13130b0b
22959 0b0b0b0b0b
22960 0b0b030b0b
22961 0b0b030b0b
22962 0b0b0b0b0b
22963 0b0b030b0b
22964 0303030b0b
22965 0b0b0b0b0b
22966 0b030b0b0b
22967 0b030b0b03
22968 0b0b0b0b03
22969 030b0b0b0b
22970 0b030b0b0b
22971 0b0b030b03
22972 0b0b0b0b0b
22973 0b0b0b0b0b
22974 0b0b0b0b0b
22975 0b0b0b0b0b
22976 0b0b0b0b0b
22977 130b0b0b13
22978 0b030b0b0b
22979 0b0b0b0b0b
22980 0b0b0b0b0b
22981 0b0b0b0b0b
22982 0b0b0b0b0b
22983 0b0b0b0b0b
22984 0b0b0b0b0b
22985 0b0b0b0b13
22986 0b0b0b030b
22987 0b0b0b0b0b
22988 0b0b0b0b0b
22989 0b0b0b0b0b
22990 130b0b0b0b
22991 0b0b0b0b13
22992 0b0b13130b
22993 0b0b130303
22994 0b0b0b0b0b
22995 0b0b0b030b
22996 13130b0b03
22997 0b0b030b13
22998 030b030b0b
22999 0b0b0b0b0b
23000 0b0b0b0b03
23001 0b0b0b0b0b
23002 0b0b0b030b
23003 0b0b0b0b0b
23004 030b0b0b0b
23005 0b0b0b0b0b
23006 0b0b0b0b0b
23007 0b0b0b0b0b
23008 0b0b0b0b0b
23009 130b0b0b0b
23010 130b0b0b0b
23011 0b0b0b0b0b
23012 0b0b0b0b0b
23013 0b0b0b0b0b
23014 13130b130b
23015 0b0b0b130b
23016 1b0b0b030b
23017 130b0b0b13
23018 0b0b0b0b0b
23019 0b0b0b0b0b
23020 0b0b0b0b0b
23021 0b0b0b0b0b
23022 0b13130b0b
23023 0b0b030b0b
23024 0b0b0b0b0b
23025 030b0b0b0b
23026 0b0b0b0b0b
23027 0b0b13130b
23028 0b130b0b0b
23029 0b0b0b0b0b
23030 130b0b030b
23031 0b0b0b0b13
23032 0b0b0b0b03
23033 0b03030303
23034 030b0b0b0b
23035 0b0b0b0b0b
23036 0b0b0b0b0b
23037 0b0b0b0b0b
23038 0b0b0b0b0b
23039 030b0b0b03
23040 0f0f0f0f0f
23041 0f0f0f0f0f
23042 0f0f0f0f0f
23043 0f0f0f0f0f
23044 0f0f0f0f0f
23045 0f0b06060f
23046 0002060f0f
23047 0000000000
23048 0202000000
23049 0f0b0b0b06
23050 0f0f0f0f0b
23051 0f0f0f0f0f
23052 060b0b0b0b
23053 0b0b0b0b06
23054 0606060b0b
23055 0606060606
23056 0b0b0b0b0b
23057 02060b0b0b
23058 0b0b0b0606
23059 0b0b0b0b0b
23060 06060b0b0b
23061 0002060606
23062 0000000000
23063 0000020000
23064 0000000000
23065 0000000000
23066 0606060600
23067 0f0b0b0b0b
23068 0f0f0f0f0f
23069 0f0f0f0f0f
23070 0f0f0f0f0f
23071 0f0f0f0f0f
23072 0f0f0f0f0f
23073 0f0f0f0f0f
23074 0f0f0f0f0f
23075 0f0f0f0f0f
23076 0f0f0f0f0f
23077 0b0f0b0f0f
23078 0b0f0f0f0f
23079 0000020206
23080 0202020200
23081 0b0b0b0b06
23082 0f0f0f0f0f
23083 0b0b0b0f0f
23084 000206060b
23085 0606020000
23086 0602060606
23087 0606060606
23088 0b0b0b0b06
23089 0b0f0b0b0b
23090 0f0f0f0f0b
23091 0b0b0b0b0b
23092 060b060b0b
23093 0202020606
23094 0000000200
23095 0000000000
23096 0000000000
23097 0200000000
23098 0b06060602
23099 0f0f0f0f0f
23100 0f0f0f0f0f
23101 0f0f0f0f0f
23102 0f0f0f0f0f
23103 0f0f0f0f0f
23104 0f0f0f0f0f
23105 0f0f0f0f0f
23106 0f0f0f0f0f
23107 0f0f0f0f0f
23108 0f0f0f0f0f
23109 0f0f0f0f0f
23110 0b0b0b0b0b
23111 06060b0b06
23112 0606020202
23113 0b06020202
23114 0f0f0f0b0b
23115 0b0b0b0b0f
23116 0202060606
23117 0202020000
23118 0202020002
23119 0606060606
23120 0b0b0b0606
23121 0f0b0b0b0b
23122 0f0f0f0f0f
23123 0606060b0b
23124 0606060606
23125 0202060606
23126 0000000002
23127 0000000000
23128 0000000000
23129 0202000000
23130 0b0b060606
23131 0f0f0f0b0b
23132 0f0b0b0b0b
23133 0f0f0f0f0f
23134 0f0f0f0f0f
23135 0f0f0f0f0f
23136 0f0f0f0f0f
23137 0f0f0f0f0f
23138 0f0f0f0f0f
23139 0f0f0f0f0f
23140 0f0f0f0f0f
23141 0f0f0f0f0f
23142 0b0b0f0b0f
23143 0b0b0b0b0b
23144 0b0b0b0b0b
23145 0b0f0f0f0f
23146 0f0f0f0f0b
23147 06060b0b0b
23148 0602020202
23149 0206020202
23150 0606020202
23151 0b06060606
23152 0b0b0b0b0b
23153 0b06060b0b
23154 060b0b0b0b
23155 0606060606
23156 0202020206
23157 0202060202
23158 0000000002
23159 0000000000
23160 0000000000
23161 0602020002
23162 0b0b0b0606
23163 0b0f0f0f0b
23164 0b0b0b0b0b
23165 0b0f0f0b0b
23166 0f0f0f0f0f
23167 0f0f0f0f0f
23168 0f0f0f0f0f
23169 0f0f0f0f0f
23170 0f0f0b0f0f
23171 0f0f0f0f0f
23172 0f0f0f0f0f
23173 0f0f0f0f0f
23174 0f0f0f0f0f
23175 0b0b0b0b0b
23176 0b0f0f0b0b
23177 0b0b0f0b0b
23178 0b0b0b0b0b
23179 0b06060b0b
23180 0b06060b0b
23181 0f0b0b0b0b
23182 0b0b060b0b
23183 0b0b0b0b0b
23184 0b0b0b0b0f
23185 06060b0b06
23186 0606060606
23187 0000020206
23188 0002000000
23189 0000000000
23190 0000000000
23191 0000000000
23192 0200000000
23193 0606020202
23194 0b0b0b0b0b
23195 0f0b0b0f0b
23196 0b0f0f0b0b
23197 0f0f0f0b0b
23198 0f0f0f0f0f
23199 0f0f0f0f0f
23200 0f0b0b0b0b
23201 0b0b0f0f0f
23202 0f0f0f0f0f
23203 0f0f0f0f0f
23204 0f0f0f0f0f
23205 0f0f0f0f0f
23206 0f0f0f0f0f
23207 0b0b0b0b0f
23208 0f0b0b0b0b
23209 0f0f0f0f0f
23210 0b0b0b0b0b
23211 0f0b0b0b0b
23212 060b0b0b0b
23213 0f0f0b0b06
23214 0b0602060b
23215 0b0b0b0b0b
23216 0f0b0b0b0b
23217 06060b0b0b
23218 0606060606
23219 0002060606
23220 0000000000
23221 0002000000
23222 0000000000
23223 0000000000
23224 0200000000
23225 0206060202
23226 0b0b0b0606
23227 0f0b0b0f0b
23228 0b0b0f0b0b
23229 0f0f0f0f0f
23230 0f0f0f0f0f
23231 0f0f0f0b0f
23232 0b0b0b0b06
23233 0b0b0b0b0b
23234 0f0f0f0b0b
23235 0f0f0f0f0b
23236 0b0b0f0f0f
23237 0f0b0f0b0b
23238 0b0b0b0b0f
23239 0b0b0b0b0b
23240 0f0f0f0f0f
23241 0f0f0f0f0f
23242 0f0b0f0b0f
23243 060b0b0f0f
23244 0602060606
23245 0606060206
23246 0606060200
23247 0606060606
23248 0606060606
23249 0206060202
23250 0206020602
23251 0202060602
23252 0202020002
23253 0002000000
23254 0000000000
23255 0000000000
23256 0000000000
23257 0202020202
23258 0b0b060602
23259 0b0b0b060b
23260 0b0b0b0b06
23261 0f0f0f0f0f
23262 0b060b0f0f
23263 0f0f0f0f0f
23264 0b06060606
23265 0b0b0b0b0b
23266 0b0b0b0b0b
23267 0b0f0b0b0b
23268 0f0f0f0b0b
23269 060b0b0b0b
23270 060b060606
23271 0606060606
23272 0b0b0b0b0b
23273 0b0b0b0b0b
23274 0b0b0b0b0b
23275 02060b0b0b
23276 06060b0202
23277 0202060606
23278 060b060600
23279 0602020206
23280 0000000206
23281 0200020000
23282 0202020202
23283 0002020602
23284 0200000000
23285 0000000200
23286 0000000000
23287 0000000000
23288 0000000000
23289 0202020202
23290 0b0b060202
23291 06060b0b06
23292 0f0f0f0b0b
23293 0f0f0f0f0f
23294 0f0f0f0f0b
23295 0f0f0f0f0f
23296 0606060602
23297 0b0b060606
23298 06060b0b0b
23299 0b0b0b0606
23300 0f0b0b0b0b
23301 0206060b0f
23302 0202020202
23303 0000020002
23304 0206020200
23305 0606060606
23306 0606060206
23307 0000000206
23308 0602020200
23309 0202060602
23310 0002020202
23311 0606060602
23312 0000020202
23313 0000000000
23314 0000000000
23315 0002000200
23316 0202000000
23317 0000020202
23318 0000000000
23319 0000000000
23320 0000000000
23321 0202020202
23322 0f0b0b0b06
23323 0b0b0b0b0b
23324 0f0f0f0f0b
23325 0f0f0f0f0f
23326 0f0f0f0f0f
23327 0f0f0f0f0f
23328 0606060202
23329 0606060606
23330 06060b0b06
23331 0606020606
23332 0b060b0606
23333 0202060206
23334 0000000000
23335 0000000002
23336 0000000000
23337 0200000000
23338 0206060602
23339 0000000202
23340 0000000000
23341 0000000000
23342 0000000000
23343 0000000000
23344 0000000000
23345 0000000000
23346 0000000000
23347 0000000000
23348 0000000000
23349 0000000002
23350 0000000000
23351 0000000000
23352 0000000000
23353 0606060202
23354 0b0b0b0b06
23355 0f0f0f0f0b
23356 0f0f0f0f0f
23357 0f0f0f0f0f
23358 0f0f0f0f0f
23359 0f0f0f0f0f
23360 0606020202
23361 0606060606
23362 0606060606
23363 0606060606
23364 0b0b060606
23365 0606060b06
23366 0206060606
23367 0206020602
23368 0002020202
23369 0000000000
23370 0202020202
23371 0000020202
23372 0000000000
23373 0200000000
23374 0000000000
23375 0000000000
23376 0002000000
23377 0000000002
23378 0000000000
23379 0000000000
23380 0000000000
23381 0000000000
23382 0000000000
23383 0000000000
23384 0202000000
23385 0606060602
23386 0b0b0b0b0b
23387 0f0f0f0f0f
23388 0f0f0f0f0f
23389 0f0f0f0f0f
23390 0f0f0f0f0f
23391 0f0f0f0f0f
23392 0602020202
23393 0206060606
23394 0606060606
23395 0606060606
23396 0606060606
23397 0606060606
23398 0606060606
23399 0606060606
23400 0000020206
23401 0202020002
23402 0202020202
23403 0200020202
23404 0000000000
23405 0000000000
23406 0000000000
23407 0000000000
23408 0202000000
23409 0000020202
23410 0000000000
23411 0000000000
23412 0000000000
23413 0000000000
23414 0000000000
23415 0200000000
23416 0b0b060602
23417 0b0b0b0b0b
23418 0b0f0f0b0b
23419 0f0f0f0f0b
23420 0f0f0b0b0f
23421 0f0f0f0f0f
23422 0f0f0f0f0f
23423 0f0f0f0f0f
23424 0202020002
23425 0202020202
23426 0202020202
23427 0202060602
23428 0206020206
23429 0202020206
23430 0202020202
23431 0202060606
23432 0202020206
23433 0202020202
23434 0206020202
23435 0000020202
23436 0000020000
23437 0000020002
23438 0000000000
23439 0000000000
23440 0200000000
23441 0000000202
23442 0000000000
23443 0000000000
23444 0000000000
23445 0000000000
23446 0000000000
23447 0202020000
23448 0b0b0b0b06
23449 0b0f0b0b0b
23450 0f0f0f0f0f
23451 0b0b0b0b0f
23452 0f0f0f0b0b
23453 0f0f0f0f0f
23454 0f0f0f0f0f
23455 0f0f0f0f0f
23456 0000000202
23457 0000000000
23458 0000000000
23459 0202020000
23460 0202020202
23461 0202020202
23462 0000000000
23463 0602020202
23464 0202020202
23465 0202020202
23466 0202020202
23467 0202020202
23468 0202000000
23469 0206020202
23470 0002020202
23471 0200020000
23472 0000000000
23473 0000000000
23474 0000000000
23475 0000000000
23476 0000000000
23477 0000000000
23478 0000000000
23479 0606020202
23480 0b0b0b0b06
23481 0b0b0b0b0b
23482 0b0b0f0b0b
23483 0b0b0b0606
23484 0b0f0f0f0b
23485 0f0b0b0b0f
23486 0f0f0f0f0f
23487 0f0f0f0f0f
23488 0000000202
23489 0000000000
23490 0000000000
23491 0000000002
23492 0202020202
23493 0202020202
23494 0000000202
23495 0000000000
23496 0200020002
23497 0202020202
23498 0202020202
23499 0202020202
23500 0000000000
23501 0202020202
23502 0000020202
23503 0202000202
23504 0000000000
23505 0000000000
23506 0000000000
23507 0000000000
23508 0000000000
23509 0000000000
23510 0000000000
23511 0606020202
23512 0b0b0b0606
23513 0b0b0b0b0b
23514 020b0b0b0b
23515 0b0b0b0b02
23516 0b0b0b0b0b
23517 0b0b0b0b0b
23518 0f0b0b0b0b
23519 0f0f0f0f0f
23520 0002020202
23521 0000000000
23522 0000000000
23523 0000000000
23524 0002000000
23525 0202020200
23526 0000000002
23527 0000000000
23528 0000000000
23529 0202000000
23530 0202020202
23531 0000000000
23532 0000000000
23533 0000000000
23534 0000000000
23535 0000000000
23536 0000000000
23537 0000000000
23538 0000000000
23539 0000000000
23540 0000000000
23541 0000000000
23542 0202020000
23543 0606060202
23544 0b0b0b0606
23545 0b0b0b0b0b
23546 0b060b0b0b
23547 0b0b0b0b0b
23548 0b0b0b0b0b
23549 0b0b0b0b0b
23550 0f0f0f0f0b
23551 0f0f0f0f0f
23552 0000020202
23553 0000000000
23554 0000000000
23555 0000000000
23556 0000000000
23557 0202020000
23558 0202020202
23559 0200020002
23560 0000000000
23561 0000000000
23562 0000000000
23563 0000000000
23564 0000000000
23565 0000000000
23566 0002020200
23567 0000000000
23568 0000000000
23569 0200000000
23570 0200000202
23571 0000000000
23572 0000000000
23573 0000000000
23574 0602020200
23575 0b0b060606
23576 0b0b0b0b0b
23577 0b0b0b0b0b
23578 0b0b0b0b0b
23579 0b0b0b0b0b
23580 0b0b0b0b0b
23581 0b0b0b0b0b
23582 0b0b0b0b0b
23583 0f0f0f0f0f
23584 0202020200
23585 0000020000
23586 0000000000
23587 0000000000
23588 0000000000
23589 0000000000
23590 0000000000
23591 0000000000
23592 0000000000
23593 0000000000
23594 0000000000
23595 0000000000
23596 0000000000
23597 0000000000
23598 0000000000
23599 0200000000
23600 0000000000
23601 0202000000
23602 0202020202
23603 0602060602
23604 0000000202
23605 0000000000
23606 0606060202
23607 0b0b0b0b06
23608 0b0b0b0b0b
23609 0b0b0b0b0b
23610 0b0b0b0b0b
23611 0b0b0b0b0b
23612 0b0b0b0b0b
23613 0b0b0b0b0b
23614 0b0b0b0b0b
23615 0f0b0b0b0b
23616 0202000202
23617 0000000002
23618 0000000000
23619 0000000000
23620 0000000000
23621 0000000000
23622 0000000000
23623 0000000000
23624 0000000000
23625 0000000000
23626 0000000000
23627 0000000000
23628 0000000000
23629 0000000000
23630 0000000000
23631 0000000000
23632 0000000000
23633 0000000000
23634 0002000000
23635 0606060200
23636 0606060606
23637 0202020202
23638 0b060b0606
23639 0b0b0b0b0b
23640 0b0b0b0b0b
23641 0b0b0b0b0b
23642 0b0b0b0b0b
23643 0b0b0b0b0b
23644 0b0b0b0b0b
23645 0b0b0b0b0b
23646 0b0b0b0b0b
23647 0b0b0b0b0b
23648 0202020200
23649 0000020202
23650 0002000000
23651 0000000002
23652 0000000000
23653 0000000000
23654 0000000000
23655 0000000000
23656 0000000000
23657 0000000000
23658 0000000000
23659 0000000000
23660 0000000000
23661 0000000000
23662 0000000000
23663 0000000000
23664 0000000000
23665 0000000000
23666 0000000000
23667 0606020200
23668 0b0b0b0606
23669 0b0b0b0b0b
23670 0b0b0b0b06
23671 0b0b0b0b0b
23672 0b0b0b0b0b
23673 0b0b0b0b0b
23674 0b0b0b0b0b
23675 0b0b0b0b0b
23676 0b0b0b0b0b
23677 0b0b0b0b0b
23678 0b0b0b0b0b
23679 0b0b0b0b0b
23680 0202020202
23681 0002020202
23682 0200000000
23683 0000000202
23684 0000000000
23685 0000000000
23686 0000000000
23687 0000000000
23688 0000000000
23689 0000000000
23690 0000020202
23691 0000000000
23692 0000000000
23693 0000000000
23694 0000000000
23695 0000000000
23696 0000000000
23697 0000000000
23698 0000000000
23699 0000000000
23700 0b0b060600
23701 0b0b0b0b0b
23702 0b0b0b0b0b
23703 0b0b0b0f0b
23704 0b0b0b0b0b
23705 0b0b0b0b0b
23706 0b0b0b0b0b
23707 0b0b0b0b0b
23708 0b0b0b0b0b
23709 0b0b0b0b0b
23710 0b0b0b0b0b
23711 0b0b0b0b0b
23712 0202020000
23713 0202020202
23714 0000000000
23715 0000000000
23716 0000000000
23717 0000000000
23718 0000000000
23719 0000000000
23720 0000000000
23721 0000000000
23722 0000000000
23723 0202020000
23724 0000000202
23725 0000000000
23726 0000000000
23727 0000000000
23728 0000000000
23729 0000000000
23730 0000000000
23731 0000000000
23732 0b06060200
23733 0b0b0b0b0b
23734 0b0b0b0b0b
23735 0606060606
23736 0b0b0b0b0b
23737 0b0b0b0b0b
23738 0b0b0b0b0b
23739 0b0b0b0b0b
23740 0b0b0b0b0b
23741 0b0b060606
23742 0b0b0b0b0b
23743 0b0b0b0b0b
23744 0200000000
23745 0002020200
23746 0000000000
23747 0000020000
23748 0000000000
23749 0000000000
23750 0000000000
23751 0000000000
23752 0000000000
23753 0000000000
23754 0000000000
23755 0000000000
23756 0000000000
23757 0000000000
23758 0000000000
23759 0000000000
23760 0000000000
23761 0000000000
23762 0000000000
23763 0202000000
23764 0206020202
23765 0b06060602
23766 060b0b0b0b
23767 0200000002
23768 0b0b0b0602
23769 0b0b0b0b0b
23770 0b0b0b0b0b
23771 060b0b0b0b
23772 0b06060606
23773 0b0b0b0b0b
23774 0b0b0b0b0b
23775 0b0b0b0b0b
23776 0200000000
23777 0000000002
23778 0000000000
23779 0000000000
23780 0000000000
23781 0000000000
23782 0000000000
23783 0000000000
23784 0000000000
23785 0000000000
23786 0000000000
23787 0000000000
23788 0000000000
23789 0000000000
23790 0000000000
23791 0000000000
23792 0000000000
23793 0000000000
23794 0000000000
23795 0200000000
23796 0000000002
23797 0202020000
23798 0606060606
23799 0000000000
23800 0b06060202
23801 0b0b0b0b0b
23802 0b0b0b0b0b
23803 0606060b0b
23804 0b06060606
23805 0b0b0b0b06
23806 0b0b0b0b0b
23807 0b0b0b0b0b
23808 0000000000
23809 0000000000
23810 0000000000
23811 0000000000
23812 0000000000
23813 0000000000
23814 0000000000
23815 0000000000
23816 0000000000
23817 0000000000
23818 0000000000
23819 0000000000
23820 0000000000
23821 0000000000
23822 0000000000
23823 0000000000
23824 0000000000
23825 0000000000
23826 0000000000
23827 0000000000
23828 0000000000
23829 0202020200
23830 0002020202
23831 0200000000
23832 0606060202
23833 06060b060b
23834 0b060b0606
23835 0606060606
23836 0606060606
23837 0b0b0b0b06
23838 0b0b0b0b0b
23839 0f0f0b0b0b
23840 0000000000
23841 0000000000
23842 0000000000
23843 0000000000
23844 0000000000
23845 0000000000
23846 0000000000
23847 0000000000
23848 0000000000
23849 0000000000
23850 0000000000
23851 0000000000
23852 0000000000
23853 0000000000
23854 0000000000
23855 0000000000
23856 0000000000
23857 0000000000
23858 0000000000
23859 0000000000
23860 0000000000
23861 0202020000
23862 0200000000
23863 0202020202
23864 060b060606
23865 0606060606
23866 0606060606
23867 0202060206
23868 0b06060602
23869 0b0b0b0b0b
23870 0b0b0b0b0b
23871 0606000606
23872 0000000000
23873 0000000000
23874 0000000000
23875 0000000000
23876 0000000000
23877 0000000000
23878 0000000000
23879 0000000000
23880 0000000000
23881 0000000000
23882 0000000000
23883 0000000000
23884 0000000000
23885 0000000000
23886 0000000000
23887 0000000000
23888 0000000000
23889 0000000000
23890 0000000000
23891 0000000000
23892 0000000000
23893 0202000000
23894 0206020202
23895 0606060602
23896 060606060b
23897 0606060606
23898 0606060606
23899 0606060606
23900 0b0b0b0606
23901 0b0b0b0b0b
23902 060b0b0b0b
23903 0606060606
23904 0000000000
23905 0000000000
23906 0000000000
23907 0000000000
23908 0000000000
23909 0000000000
23910 0000000000
23911 0000000000
23912 0000000000
23913 0000000000
23914 0000000000
23915 0000000000
23916 0000000000
23917 0000000000
23918 0000000000
23919 0000000000
23920 0000000000
23921 0000000000
23922 0000000000
23923 0000000000
23924 0000000000
23925 0202000000
23926 0606020602
23927 0606060b06
23928 0606060606
23929 0606060606
23930 0202020202
23931 0606060602
23932 060b0b0606
23933 06060b0b0b
23934 0b0b0b0b0b
23935 060606060b
23936 0000000000
23937 0000000000
23938 0000000000
23939 0000000000
23940 0000000000
23941 0000000000
23942 0000000000
23943 0000000000
23944 0000000000
23945 0000000000
23946 0000000000
23947 0000000000
23948 0000000000
23949 0000000000
23950 0000000000
23951 0000000000
23952 0000000000
23953 0000000000
23954 0000000000
23955 0000000000
23956 0000000000
23957 0602020000
23958 0606060606
23959 0606060606
23960 0606060606
23961 0202020206
23962 0202020202
23963 0000000202
23964 0202000000
23965 0202020202
23966 0606060606
23967 0202020602
23968 0000000000
23969 0000000000
23970 0000000000
23971 0000000000
23972 0000000000
23973 0000000000
23974 0000000000
23975 0000000000
23976 0000000000
23977 0000000000
23978 0000000000
23979 0000000000
23980 0000000000
23981 0000000000
23982 0000000000
23983 0000000000
23984 0000000000
23985 0000000000
23986 0000000000
23987 0000000000
23988 0202000000
23989 0606060602
23990 0202020206
23991 0202020202
23992 0000000202
23993 0000000000
23994 0000000000
23995 0000000000
23996 0200000000
23997 0000020202
23998 0202000200
23999 0000000000
24000 0000000000
24001 0000000000
24002 0000000000
24003 0000000000
24004 0000000000
24005 0000000000
24006 0000000000
24007 0000000000
24008 0000000000
24009 0000000000
24010 0000000000
24011 0000000000
24012 0000000000
24013 0000000000
24014 0000000000
24015 0000000000
24016 0000000000
24017 0000000000
24018 0000000000
24019 0000000000
24020 0206020200
24021 0002000202
24022 0000000000
24023 0202020202
24024 0200020202
24025 0000000000
24026 0000020200
24027 0000000000
24028 0202020000
24029 0000000202
24030 0000000000
24031 0000000000
24032 0000000000
24033 0000000000
24034 0000000000
24035 0000000000
24036 0000000000
24037 0000000000
24038 0000000000
24039 0000000000
24040 0000000000
24041 0000000000
24042 0000000000
24043 0000000000
24044 0000000000
24045 0000000000
24046 0000000000
24047 0000000000
24048 0000000000
24049 0000000000
24050 0000000000
24051 0202000000
24052 0000000202
24053 0000000000
24054 0000000200
24055 0000000000
24056 0000000000
24057 0000000000
24058 0000000000
24059 0000000000
24060 0000000000
24061 0000000000
24062 0000000000
24063 0000000000
24064 0000000000
24065 0000000000
24066 0000000000
24067 0000000000
24068 0000000000
24069 0000000000
24070 0000000000
24071 0000000000
24072 0000000000
24073 0000000000
24074 0000000000
24075 0000000000
24076 0000000000
24077 0000000000
24078 0000000000
24079 0000000000
24080 0000000000
24081 0000000000
24082 0000000000
24083 0000000000
24084 0000000000
24085 0000000000
24086 0000000200
24087 0000000000
24088 0000000000
24089 0000000000
24090 0000000000
24091 0000000000
24092 0000000000
24093 0000000000
24094 0000000000
24095 0000000000
24096 0000000000
24097 0000000000
24098 0000000000
24099 0000000000
24100 0000000000
24101 0000000000
24102 0000000000
24103 0000000000
24104 0000000000
24105 0000000000
24106 0000000000
24107 0000000000
24108 0000000000
24109 0000000000
24110 0000000000
24111 0000000000
24112 0000000000
24113 0000000000
24114 0000000000
24115 0000000000
24116 0000000000
24117 0000000000
24118 0000000000
24119 0000000000
24120 0000000000
24121 0000000000
24122 0000000000
24123 0000000000
24124 0000000000
24125 0000000000
24126 0000000000
24127 0000000000
24128 0000000000
24129 0000000000
24130 0000000000
24131 0000000000
24132 0000000000
24133 0000000000
24134 0000000000
24135 0000000000
24136 0000000000
24137 0000000000
24138 0000000000
24139 0000000000
24140 0000000000
24141 0000000000
24142 0000000000
24143 0000000000
24144 0000000000
24145 0000000000
24146 0000000000
24147 0000000000
24148 0000000000
24149 0000000000
24150 0000000000
24151 0000000000
24152 0000000000
24153 0000000000
24154 0000000000
24155 0000000000
24156 0000000000
24157 0000000000
24158 0000000000
24159 0000000000
24160 0000000000
24161 0000000000
24162 0000000000
24163 0000000000
24164 0000000000
24165 0000000000
24166 0000000000
24167 0000000000
24168 0000000000
24169 0000000000
24170 0000000000
24171 0000000000
24172 0000000000
24173 0000000000
24174 0000000000
24175 0000000000
24176 0000000000
24177 0000000000
24178 0000000000
24179 0000000000
24180 0000000000
24181 0000000000
24182 0000000000
24183 0000000000
24184 0000000000
24185 0000000000
24186 0000000000
24187 0000000000
24188 0000000000
24189 0000000000
24190 0000000000
24191 0000000000
24192 0000000000
24193 0000000000
24194 0000000000
24195 0000000000
24196 0000000000
24197 0000000000
24198 0000000000
24199 0000000000
24200 0000000000
24201 0000000000
24202 0000000000
24203 0000000000
24204 0000000000
24205 0000000000
24206 0000000000
24207 0000000000
24208 0000000000
24209 0000000000
24210 0000000000
24211 0000000000
24212 0000000000
24213 0000000000
24214 0000000000
24215 0000000000
24216 0000000000
24217 0000000000
24218 0000000000
24219 0000000000
24220 0000000000
24221 0000000000
24222 0000000000
24223 0000000000
24224 0000000000
24225 0000000000
24226 0000000000
24227 0000000000
24228 0000000000
24229 0000000000
24230 0000000000
24231 0000000000
24232 0000000000
24233 0000000000
24234 0000000000
24235 0000000000
24236 0000000000
24237 0000000000
24238 0000000000
24239 0000000000
24240 0000000000
24241 0000000000
24242 0000000000
24243 0000000000
24244 0000000000
24245 0000000000
24246 0000000000
24247 0000000000
24248 0000000000
24249 0000000000
24250 0000000000
24251 0000000000
24252 0000000000
24253 0000000000
24254 0000000000
24255 0200000000
24256 0000000000
24257 0000000000
24258 0000000000
24259 0000000000
24260 0000000000
24261 0000000000
24262 0000000000
24263 0000000000
24264 0000000000
24265 0000000000
24266 0000000000
24267 0000000000
24268 0000000000
24269 0000000000
24270 0000000000
24271 0000000000
24272 0000000000
24273 0000000000
24274 0000000000
24275 0000000000
24276 0000000000
24277 0000000000
24278 0000000000
24279 0000000000
24280 0000000000
24281 0000000000
24282 0000000000
24283 0000000000
24284 0000000000
24285 0000000000
24286 0000000000
24287 0202020200
24288 0000000000
24289 0000000000
24290 0000000000
24291 0000000000
24292 0000000000
24293 0000000000
24294 0000000000
24295 0000000000
24296 0000000000
24297 0000000000
24298 0000000000
24299 0000000000
24300 0000000000
24301 0000000000
24302 0000000000
24303 0000000000
24304 0000000000
24305 0000000000
24306 0000000000
24307 0000000000
24308 0000000000
24309 0000000000
24310 0000000000
24311 0000000000
24312 0000000000
24313 0000000000
24314 0000000000
24315 0000000000
24316 0000000000
24317 0000000000
24318 0200000000
24319 0202020200
24320 0000000000
24321 0000000000
24322 0000000000
24323 0000000000
24324 0000000000
24325 0000000000
24326 0000000000
24327 0000000000
24328 0000000000
24329 0000000000
24330 0000000000
24331 0000000000
24332 0000000000
24333 0000000000
24334 0000000000
24335 0000000000
24336 0000000000
24337 0000000000
24338 0000000000
24339 0000000000
24340 0000000000
24341 0000000000
24342 0000000000
24343 0000000000
24344 0000000000
24345 0000000000
24346 0000000000
24347 0000000000
24348 0000000000
24349 0000000000
24350 0000000000
24351 0000000000
24352 0000000000
24353 0000000000
24354 0000000000
24355 0000000000
24356 0000000000
24357 0000000000
24358 0000000000
24359 0000000000
24360 0000000000
24361 0000000000
24362 0000000000
24363 0000000000
24364 0000000000
24365 0000000000
24366 0000000000
24367 0000000000
24368 0000000000
24369 0000000000
24370 0000000000
24371 0000000000
24372 0000000000
24373 0000000000
24374 0000000000
24375 0000000000
24376 0000000000
24377 0000000000
24378 0000000000
24379 0000000000
24380 0000000000
24381 0000000000
24382 0000000000
24383 0000000000
24384 0000000000
24385 0000000000
24386 0000000000
24387 0000000000
24388 0000000000
24389 0000000000
24390 0000000000
24391 0000000000
24392 0000000000
24393 0000000000
24394 0000000000
24395 0000000000
24396 0000000000
24397 0000000000
24398 0000000000
24399 0000000000
24400 0000000000
24401 0000000000
24402 0000000000
24403 0000000000
24404 0000000000
24405 0000000000
24406 0000000000
24407 0000000000
24408 0000000000
24409 0000000000
24410 0000000000
24411 0000000000
24412 0000000000
24413 0000000000
24414 0000000000
24415 0000000000
24416 0000000000
24417 0000000000
24418 0000000000
24419 0000000000
24420 0000000000
24421 0000000000
24422 0000000000
24423 0000000000
24424 0000000000
24425 0000000000
24426 0000000000
24427 0000000000
24428 0000000000
24429 0000000000
24430 0000000000
24431 0000000000
24432 0000000000
24433 0000000000
24434 0000000000
24435 0000000000
24436 0000000000
24437 0000000000
24438 0000000000
24439 0000000000
24440 0000000000
24441 0000000000
24442 0000000000
24443 0000000000
24444 0000000000
24445 0000000000
24446 0000000000
24447 0000000000
24448 0000000000
24449 0000000000
24450 0000000000
24451 0000000000
24452 0000000000
24453 0000000000
24454 0000000000
24455 0000000000
24456 0000000000
24457 0000000000
24458 0000000000
24459 0000000000
24460 0000000000
24461 0000000000
24462 0000000000
24463 0000000000
24464 0000000000
24465 0000000000
24466 0000000000
24467 0000000000
24468 0000000000
24469 0000000000
24470 0000000000
24471 0000000000
24472 0000000000
24473 0000000000
24474 0000000000
24475 0000000000
24476 0000000000
24477 0000000000
24478 0000000000
24479 0000000000
24480 0000000000
24481 0000000000
24482 0000000000
24483 0000000000
24484 0000000000
24485 0000000000
24486 0000000000
24487 0000000000
24488 0000000000
24489 0000000000
24490 0000000000
24491 0000000000
24492 0000000000
24493 0000000000
24494 0000000000
24495 0000000000
24496 0000000000
24497 0000000000
24498 0000000000
24499 0000000000
24500 0000000000
24501 0000000000
24502 0000000000
24503 0000000000
24504 0000000000
24505 0000000000
24506 0000000000
24507 0000000000
24508 0000000000
24509 0000000000
24510 0000000000
24511 0000000000
24512 0000000000
24513 0000000000
24514 0000000000
24515 0000000000
24516 0000000000
24517 0000000000
24518 0000000000
24519 0000000000
24520 0000000000
24521 0000000000
24522 0000000000
24523 0000000000
24524 0000000000
24525 0000000000
24526 0000000000
24527 0000000000
24528 0000000000
24529 0000000000
24530 0000000000
24531 0000000000
24532 0000000000
24533 0000000000
24534 0000000000
24535 0000000000
24536 0000000000
24537 0000000000
24538 0000000000
24539 0000000000
24540 0000000000
24541 0000000000
24542 0000000000
24543 0000000000
24544 0000000000
24545 0000000000
24546 0000000000
24547 0000000000
24548 0000000000
24549 0000000000
24550 0000000000
24551 0000000000
24552 0000000000
24553 0000000000
24554 0000000000
24555 0000000000
24556 0000000000
24557 0000000000
24558 0000000000
24559 0000000000
24560 0000000000
24561 0000000000
24562 0000000000
24563 0000000000
24564 0000000000
24565 0000000000
24566 0000000000
24567 0000000000
24568 0000000000
24569 0000000000
24570 0000000000
24571 0000000000
24572 0000000000
24573 0000000000
24574 0000000000
24575 0000000000
24576 0000000000
24577 0000000000
24578 0000000000
24579 0000000000
24580 0000000000
24581 0000000000
24582 0000000000
24583 0000000000
24584 0000000000
24585 0000000000
24586 0000000000
24587 0000000000
24588 0000000000
24589 0000000000
24590 0000000000
24591 0000000000
24592 0000000000
24593 0000000000
24594 0000000000
24595 0000000000
24596 0000000000
24597 0000000000
24598 0000000000
24599 0000000000
24600 0000000000
24601 0000000000
24602 0000000000
24603 0000000000
24604 0000000000
24605 0000000000
24606 0000000000
24607 0000000000
24608 0000000000
24609 0000000000
24610 0000000000
24611 0000000000
24612 0000000000
24613 0000000000
24614 0000000000
24615 0000000000
24616 0000000000
24617 0000000000
24618 0000000000
24619 0000000000
24620 0000000000
24621 0000000000
24622 0000000000
24623 0000000000
24624 0000000000
24625 0000000000
24626 0000000000
24627 0000000000
24628 0000000000
24629 0000000000
24630 0000000000
24631 0000000000
24632 0000000000
24633 0000000000
24634 0000000000
24635 0000000000
24636 0000000000
24637 0000000000
24638 0000000000
24639 0000000000
24640 0000000000
24641 0000000000
24642 0000000000
24643 0000000000
24644 0000000000
24645 0000000000
24646 0000000000
24647 0000000000
24648 0000000000
24649 0000000000
24650 0000000000
24651 0000000000
24652 0000000000
24653 0000000000
24654 0000000000
24655 0000000000
24656 0000000000
24657 0000000000
24658 0000000000
24659 0000000000
24660 0000000000
24661 0000000000
24662 0000000000
24663 0000000000
24664 0000000000
24665 0000000000
24666 0000000000
24667 0000000000
24668 0000000000
24669 0000000000
24670 0000000000
24671 0000000000
24672 0000000000
24673 0000000000
24674 0000000000
24675 0000000000
24676 0000000000
24677 0000000000
24678 0000000000
24679 0000000000
24680 0000000000
24681 0000000000
24682 0000000000
24683 0000000000
24684 0000000000
24685 0000000000
24686 0000000000
24687 0000000000
24688 0000000000
24689 0000000000
24690 0000000000
24691 0000000000
24692 0000000000
24693 0000000000
24694 0000000000
24695 0000000000
24696 0000000000
24697 0000000000
24698 0000000000
24699 0000000000
24700 0000000000
24701 0000000000
24702 0000000000
24703 0000000000
24704 0000000000
24705 0000000000
24706 0000000000
24707 0000000000
24708 0000000000
24709 0000000000
24710 0000000000
24711 0000000000
24712 0000000000
24713 0000000000
24714 0000000000
24715 0000000000
24716 0000000000
24717 0000000000
24718 0000000000
24719 0000000000
24720 0000000000
24721 0000000000
24722 0000000000
24723 0000000000
24724 0000000000
24725 0000000000
24726 0000000000
24727 0000000000
24728 0000000000
24729 0000000000
24730 0000000000
24731 0000000000
24732 0000000000
24733 0000000000
24734 0000000000
24735 0000000000
24736 0000000000
24737 0000000000
24738 0000000000
24739 0000000000
24740 0000000000
24741 0000000000
24742 0000000000
24743 0000000000
24744 0000000000
24745 0000000000
24746 0000000000
24747 0000000000
24748 0000000000
24749 0000000000
24750 0000000000
24751 0000000000
24752 0000000000
24753 0000000000
24754 0000000000
24755 0000000000
24756 0000000000
24757 0000000000
24758 0000000000
24759 0000000000
24760 0000000000
24761 0000000000
24762 0000000000
24763 0000000000
24764 0000000000
24765 0000000000
24766 0000000000
24767 0000000000
24768 0000000000
24769 0000000000
24770 0000000000
24771 0000000000
24772 0000000000
24773 0000000000
24774 0000000000
24775 0000000000
24776 0000000000
24777 0000000000
24778 0000000000
24779 0000000000
24780 0000000000
24781 0000000000
24782 0000000000
24783 0000000000
24784 0000000000
24785 0000000000
24786 0000000000
24787 0000000000
24788 0000000000
24789 0000000000
24790 0000000000
24791 0000000000
24792 0000000000
24793 0000000000
24794 0000000000
24795 0000000000
24796 0000000000
24797 0000000000
24798 0000000000
24799 0000000000
24800 0000000000
24801 0000000000
24802 0000000000
24803 0000000000
24804 0000000000
24805 0000000000
24806 0000000000
24807 0000000000
24808 0000000000
24809 0000000000
24810 0000000000
24811 0000000000
24812 0000000000
24813 0000000000
24814 0000000000
24815 0000000000
24816 0000000000
24817 0000000000
24818 0000000000
24819 0000000000
24820 0000000000
24821 0000000000
24822 0000000000
24823 0000000000
24824 0000000000
24825 0000000000
24826 0000000000
24827 0000000000
24828 0000000000
24829 0000000000
24830 0000000000
24831 0000000000
24832 0000000000
24833 0000000000
24834 0000000000
24835 0000000000
24836 0000000000
24837 0000000000
24838 0000000000
24839 0000000000
24840 0000000000
24841 0000000000
24842 0000000000
24843 0000000000
24844 0000000000
24845 0000000000
24846 0000000000
24847 0000000000
24848 0000000000
24849 0000000000
24850 0000000000
24851 0000000000
24852 0000000002
24853 0000000000
24854 0000000000
24855 0000000000
24856 0000000000
24857 0000000000
24858 0000000000
24859 0000000000
24860 0000000000
24861 0000000000
24862 0000000000
24863 0002000000
24864 0000000000
24865 0000000000
24866 0000000000
24867 0000000000
24868 0000000000
24869 0000000000
24870 0000000000
24871 0000000000
24872 0000000000
24873 0000000000
24874 0000000000
24875 0000000000
24876 0000000000
24877 0000000000
24878 0000000000
24879 0000000000
24880 0000000000
24881 0000000000
24882 0000000000
24883 0000000000
24884 0000000000
24885 0000000000
24886 0000000000
24887 0000000000
24888 0000000000
24889 0000000000
24890 0000000000
24891 0000000000
24892 0000000000
24893 0000000000
24894 0000000000
24895 0202020602
24896 0000000000
24897 0000000000
24898 0000000000
24899 0000000000
24900 0000000000
24901 0000000000
24902 0000000000
24903 0000000000
24904 0000000000
24905 0000000000
24906 0000000000
24907 0000000000
24908 0000000000
24909 0000000002
24910 0000000000
24911 0000000000
24912 0000000000
24913 0000000000
24914 0000000000
24915 0000000000
24916 0000000000
24917 0000000000
24918 0000000000
24919 0002000000
24920 0000000000
24921 0000000000
24922 0000000000
24923 0000000000
24924 0000000000
24925 0202020200
24926 0202020202
24927 0606060606
24928 0000000000
24929 0000000000
24930 0000000000
24931 0000000000
24932 0000000000
24933 0000000000
24934 0000000000
24935 0000000000
24936 0000000000
24937 0000000000
24938 0000000000
24939 0000000000
24940 0000000000
24941 0000000000
24942 0000000000
24943 0000000000
24944 0000000000
24945 0000000000
24946 0000000000
24947 0002000000
24948 0000020000
24949 0000000000
24950 0000000000
24951 0200020202
24952 0002020202
24953 0000000202
24954 0202020202
24955 0202020202
24956 0206060206
24957 0202060206
24958 0606020202
24959 0606060606
24960 0000000000
24961 0000000000
24962 0000000000
24963 0000000000
24964 0000000000
24965 0000000000
24966 0000000000
24967 0000000000
24968 0000000000
24969 0000000000
24970 0000000000
24971 0000000000
24972 0000000000
24973 0000000000
24974 0000000000
24975 0000000000
24976 0000000000
24977 0000000000
24978 0200000000
24979 0000000202
24980 0000000000
24981 0000000000
24982 0000020000
24983 0200000202
24984 0202020202
24985 0202020202
24986 0606060602
24987 0606060606
24988 0b0b060b0b
24989 060606060b
24990 0606060606
24991 0b06060606
24992 0000000000
24993 0000000000
24994 0000000000
24995 0000000000
24996 0000000000
24997 0000000000
24998 0000000000
24999 0000000000
25000 0000000000
25001 0000000000
25002 0202000000
25003 0000000202
25004 0000000000
25005 0000000000
25006 0000000000
25007 0000000000
25008 0000000000
25009 0000000000
25010 0000000000
25011 0000020000
25012 0000000200
25013 0000000000
25014 0000000000
25015 0202000000
25016 0200020202
25017 0202020202
25018 0606020202
25019 0606060606
25020 0606060606
25021 0b0606060b
25022 060b0b0606
25023 0b0b0b060b
25024 0000000000
25025 0000000000
25026 0000000000
25027 0000000000
25028 0000000000
25029 0000000000
25030 0000000000
25031 0000000000
25032 0000000000
25033 0000000000
25034 0000020000
25035 0000000000
25036 0000000000
25037 0000000000
25038 0000000000
25039 0000000000
25040 0000000000
25041 0000000000
25042 0000000000
25043 0000000000
25044 0000000000
25045 0000000000
25046 0200000202
25047 0200000202
25048 0202020202
25049 0202020202
25050 0602060606
25051 06060b0f0f
25052 0606060606
25053 0b0b0b0606
25054 0b0b0b0b0b
25055 0b0b0b0b0b
25056 0000000000
25057 0000000000
25058 0000000000
25059 0000000000
25060 0000000000
25061 0000000000
25062 0000000000
25063 0000000000
25064 0000000000
25065 0000000000
25066 0000000000
25067 0000000000
25068 0000000000
25069 0000000000
25070 0000000000
25071 0000000000
25072 0000000000
25073 0000000000
25074 0000000000
25075 0000000000
25076 0000000000
25077 0000000000
25078 0200000000
25079 0202020202
25080 0202020202
25081 0202020602
25082 0202020202
25083 06060b060f
25084 0602060606
25085 0b06060606
25086 060b0b0b06
25087 0f0b0b0b0b
25088 0000000000
25089 0000000000
25090 0000000000
25091 0000000000
25092 0000000000
25093 0000000000
25094 0000000000
25095 0000000000
25096 0000000000
25097 0000000000
25098 0000000000
25099 0000000000
25100 0000000000
25101 0000000000
25102 0000000000
25103 0000000000
25104 0000000000
25105 0000000000
25106 0000000000
25107 0000000000
25108 0000000000
25109 0000000000
25110 0000000000
25111 0000000000
25112 0000000000
25113 0200000000
25114 0602020202
25115 06060b020b
25116 0202060206
25117 0b06060602
25118 060b0b0606
25119 0b0f0b0b0b
25120 0000000000
25121 0000000000
25122 0000000000
25123 0000000000
25124 0000000000
25125 0000000000
25126 0000000000
25127 0000000000
25128 0000000000
25129 0000000000
25130 0000000000
25131 0000000000
25132 0000000000
25133 0000000000
25134 0000000000
25135 0000000000
25136 0000000000
25137 0000000000
25138 0000000000
25139 0000000000
25140 0000000000
25141 0000000000
25142 0000000000
25143 0000000000
25144 0000000000
25145 0000000000
25146 0000000000
25147 00000b0b0b
25148 0602020200
25149 0606060202
25150 060b060606
25151 0f0b0b0b0b
25152 0000000000
25153 0000000000
25154 0000000000
25155 0000000000
25156 0000000000
25157 0000000000
25158 0000000000
25159 0000000000
25160 0000000000
25161 0000000000
25162 0000000000
25163 0000000000
25164 0000000000
25165 0000000000
25166 0000000000
25167 0000000000
25168 0000000000
25169 0000000000
25170 0000000000
25171 0000000000
25172 0000000000
25173 0000000000
25174 0000000000
25175 0000000000
25176 0000000000
25177 0000000000
25178 0000000000
25179 00000f0006
25180 0000000000
25181 0000000000
25182 0606060000
25183 0606060606
25184 0000000000
25185 0000000000
25186 0000000000
25187 0000000000
25188 0000000000
25189 0000000000
25190 0000000000
25191 0000000000
25192 0000000000
25193 0000000000
25194 0000000000
25195 0000000000
25196 0000000000
25197 0000000000
25198 0000000000
25199 0000000000
25200 0000000000
25201 0000000000
25202 0000000000
25203 0000000000
25204 0000000000
25205 0000000000
25206 0000000000
25207 0000000000
25208 0000000000
25209 0000000000
25210 0000000000
25211 0000060002
25212 0000000000
25213 0000000000
25214 0000000000
25215 0606020202
25216 0000000000
25217 0000000000
25218 0000000000
25219 0000000000
25220 0000000000
25221 0000000000
25222 0000000000
25223 0000000000
25224 0000000000
25225 0000000000
25226 0000000000
25227 0000000000
25228 0000000000
25229 0000000000
25230 0000000000
25231 0000000000
25232 0000000000
25233 0000000000
25234 0000000000
25235 0000000000
25236 0000000000
25237 0000000000
25238 0000000000
25239 0000000000
25240 0000000000
25241 0000000000
25242 0000000000
25243 0000060f0b
25244 0000000000
25245 0000000000
25246 0000000000
25247 0000000000
25248 0000000000
25249 0000000000
25250 0000000000
25251 0000000000
25252 0000000000
25253 0000000000
25254 0000000000
25255 0000000000
25256 0000000000
25257 0000000000
25258 0000000000
25259 0000000000
25260 0000000000
25261 0000000000
25262 0000000000
25263 0000000000
25264 0000000000
25265 0000000000
25266 0000000000
25267 0000000000
25268 0000000000
25269 0000000000
25270 0000000000
25271 0000000000
25272 0000000000
25273 0000000000
25274 0000000000
25275 00000b060b
25276 0000000000
25277 0000000000
25278 0000000000
25279 0000000000
25280 0000000000
25281 0000000000
25282 0000000000
25283 0000000000
25284 0000000000
25285 0000000000
25286 0000000000
25287 0000000000
25288 0000000000
25289 0000000000
25290 0000000000
25291 0000000000
25292 0000000000
25293 0000000000
25294 0000000000
25295 0000000000
25296 0000000000
25297 0000000000
25298 0000000000
25299 0000000000
25300 0000000000
25301 0000000000
25302 0000000000
25303 0000000000
25304 0000000000
25305 0000000000
25306 0000000000
25307 00000b0006
25308 0000000000
25309 0000000000
25310 0000000000
25311 0000000000
25312 0000000000
25313 0000000000
25314 0000000000
25315 0000000000
25316 0000000000
25317 0000000000
25318 0000000000
25319 0000000000
25320 0000000000
25321 0000000000
25322 0000000000
25323 0000000000
25324 0000000000
25325 0000000000
25326 0000000000
25327 0000000000
25328 0000000000
25329 0000000000
25330 0000000000
25331 0000000000
25332 0000000000
25333 0000000000
25334 0000000000
25335 0000000000
25336 0000000000
25337 0000000000
25338 0000000000
25339 0000060006
25340 0000000000
25341 0000000000
25342 0000000000
25343 0000000000
25344 0000000000
25345 0000000000
25346 0000000000
25347 0000000000
25348 0000000000
25349 0000000000
25350 0000000000
25351 0000000000
25352 0000000000
25353 0000000000
25354 0000000000
25355 0000000000
25356 0000000000
25357 0000000000
25358 0000000000
25359 0000000000
25360 0000000000
25361 0000000000
25362 0000000000
25363 0000000000
25364 0000000000
25365 0000000000
25366 0000000000
25367 0000000000
25368 0000000000
25369 0000000000
25370 0000000000
25371 0000020b0b
25372 0000000000
25373 0000000000
25374 0000000000
25375 0606020000
25376 0000000000
25377 0000000000
25378 0000000000
25379 0000000000
25380 0000000000
25381 0000000000
25382 0000000000
25383 0000000000
25384 0000000000
25385 0000000000
25386 0000000000
25387 0000000000
25388 0000000000
25389 0000000000
25390 0000000000
25391 0000000000
25392 0000000000
25393 0000000000
25394 0000000000
25395 0000000000
25396 0000000000
25397 0000000000
25398 0000000000
25399 0000000000
25400 0000000000
25401 0000000000
25402 0000000000
25403 000006020b
25404 0000000000
25405 0000000000
25406 0b0b060200
25407 0b0b0b0b0b
25408 0000000000
25409 0000000000
25410 0000000000
25411 0000000000
25412 0000000000
25413 0000000000
25414 0000000000
25415 0000000000
25416 0000000000
25417 0000000000
25418 0000000000
25419 0000000000
25420 0000000000
25421 0000000000
25422 0000000000
25423 0000000000
25424 0000000000
25425 0000000000
25426 0000000000
25427 0000000000
25428 0000000000
25429 0000000000
25430 0000000000
25431 0000000000
25432 0000000000
25433 0000000000
25434 02060b0b00
25435 0206060f06
25436 0000000000
25437 0b06060202
25438 0b0b0b0b0b
25439 000000020b
25440 0000000000
25441 0000000000
25442 0000000000
25443 0000000000
25444 0000000000
25445 0000000000
25446 0000000000
25447 0000000000
25448 0000000000
25449 0000000000
25450 0000000000
25451 0000000000
25452 0000000000
25453 0000000000
25454 0000000000
25455 0000000000
25456 0000000000
25457 0000000000
25458 0000000000
25459 0000000000
25460 0000000000
25461 0000000000
25462 0000000000
25463 0000000000
25464 0000000000
25465 0000000000
25466 06060b0b06
25467 0b0b0b0b0b
25468 0f0f0f0b0f
25469 0b0b0f0b0f
25470 0000000002
25471 0000000000
25472 0000000000
25473 0000000000
25474 0000000000
25475 0000000000
25476 0000000000
25477 0000000000
25478 0000000000
25479 0000000000
25480 0000000000
25481 0000000000
25482 0000000000
25483 0000000000
25484 0000000000
25485 0000000000
25486 0000000000
25487 0000000000
25488 0000000000
25489 0000000000
25490 0000000000
25491 0000000000
25492 0000000000
25493 0000000000
25494 0000000000
25495 0000000000
25496 0000000000
25497 0606060602
25498 0b0b060606
25499 0b0b0f0b0b
25500 0f0b0b0b0f
25501 140f0f0f0f
25502 0b0b0b0f14
25503 0002060b0b
25504 0000020000
25505 0206060202
25506 0000000000
25507 0000000000
25508 0000000000
25509 0000000000
25510 0000000000
25511 0000000000
25512 0000000000
25513 0000000000
25514 0000000000
25515 0000000000
25516 0000000000
25517 0000000000
25518 0000000000
25519 0000000000
25520 0000000000
25521 0000000000
25522 0000000000
25523 0000000000
25524 0000000000
25525 0000000000
25526 0000000000
25527 0000000000
25528 0b0b060000
25529 0f0f0f0b0b
25530 0f0f0f0f0f
25531 0f0f0f0f0f
25532 0f0f0f0f0f
25533 0f0f0f0f0f
25534 0f0f140f0f
25535 0f0f0f0f0f
25536 060b060606
25537 0606060602
25538 0202020206
25539 0002000602
25540 0000000000
25541 0600000000
25542 0606060202
25543 0000060606
25544 0000000000
25545 0000000000
25546 0000000200
25547 0000000000
25548 0000000000
25549 0000000000
25550 0000000000
25551 0000000000
25552 0000000000
25553 0000000000
25554 0000000000
25555 0000000000
25556 0000000000
25557 0000000000
25558 0000000000
25559 0000000000
25560 0b06060602
25561 0f0b0b020b
25562 0f0f0f0b0b
25563 0f0f0f0f0f
25564 0f0f0f0f0f
25565 0f0f0f0f0f
25566 0f0f0f0f0f
25567 0f0f0f0f14
25568 0606060606
25569 0206060606
25570 0202020602
25571 0606020602
25572 0206020206
25573 0202020202
25574 0606060206
25575 0606060606
25576 0606060606
25577 0606060606
25578 0b0b060606
25579 060606060b
25580 0000000206
25581 0000000000
25582 0000000000
25583 0000000000
25584 0000000000
25585 0000000000
25586 0000000000
25587 0000000000
25588 0000000000
25589 0000000000
25590 0000000000
25591 0b06060000
25592 0f0f0f0f0b
25593 0b0b060b0b
25594 0f0f0f0b0b
25595 0f0f0f0f0f
25596 0b0f0f0f0f
25597 0f0f0f0f0b
25598 0f0f0f0f0f
25599 0f0f0f0f0f
25600 0606060606
25601 0606060606
25602 0202020202
25603 0202020202
25604 0202020202
25605 0206020202
25606 0606060202
25607 0606060606
25608 0606060606
25609 0b06060606
25610 0b0b0b0b0b
25611 0b060b0b0b
25612 0002020b0b
25613 0000000000
25614 0000000000
25615 0000000000
25616 0000000000
25617 0000000000
25618 0000000000
25619 0000000000
25620 0000000000
25621 0000000000
25622 0606060000
25623 0b0b0b060b
25624 0b0b0f0f0f
25625 0f0b0f0b0f
25626 0f0f0f0f0b
25627 0f0f0f140f
25628 0f0f0f0f0f
25629 0f0f0f0f0f
25630 140f0f0f0f
25631 0f0f0f0f0f
25632 060606060b
25633 0606060606
25634 0202020202
25635 0202020202
25636 0202020202
25637 0602020202
25638 0606060602
25639 0606060606
25640 0606060606
25641 0b0b060606
25642 06060b060b
25643 00020b0b0b
25644 0600000002
25645 000000000b
25646 0000000000
25647 0000000000
25648 0000000000
25649 0000000000
25650 0000000000
25651 0000000000
25652 0602000000
25653 0202060002
25654 0b06020202
25655 0f0f0f0f0b
25656 0b0b0f0f0f
25657 0f0f0f0f0b
25658 0f0b0f0f0f
25659 0f0f0f0f0f
25660 0f0f0f0f14
25661 0f0b0b0f14
25662 0f0f0f0f0f
25663 0f0f0f0f0f
25664 0606060606
25665 0606060606
25666 0202060602
25667 0202020202
25668 0202020202
25669 0606060202
25670 0606060606
25671 0606060606
25672 0b06060606
25673 0606060606
25674 060b0f0b06
25675 0000000606
25676 0000000000
25677 0000060602
25678 0000000000
25679 0000000000
25680 0000000000
25681 0000000000
25682 0000000000
25683 0602020200
25684 0606060602
25685 02060b0b0f
25686 0b0f060606
25687 0f0f0f0f0f
25688 0b0b0f0f0b
25689 0b0b060606
25690 0f0f0f0f0b
25691 0f0f0f0f0f
25692 0f1414140f
25693 0f0f0f0f0f
25694 0f0f0f0f0f
25695 0f0f0f0f0f
25696 0606060606
25697 0606060606
25698 0206060606
25699 0602060206
25700 0606020606
25701 0606060606
25702 0b0b060606
25703 0606060606
25704 060606060b
25705 06060b0202
25706 0202000200
25707 0000000000
25708 0000000000
25709 000b060600
25710 0000000000
25711 0000000000
25712 0000000000
25713 0202000000
25714 0606060606
25715 0b06060606
25716 0b0b02060b
25717 06060b060b
25718 0f0f0f0b0b
25719 0f0f0f0f0b
25720 020206060b
25721 0b0b0b0606
25722 0f0f0f0b0b
25723 0f0f0f0b0b
25724 140f0f0f0f
25725 0f140f0f0f
25726 0f0f0f0f0f
25727 0f0f0f0f0f
25728 0606060606
25729 0606060206
25730 0606060606
25731 0206060606
25732 0602020606
25733 0606060606
25734 060b0b0606
25735 06060b0606
25736 0206060606
25737 0002060202
25738 0000000000
25739 0000000000
25740 0b06000000
25741 0b0602060b
25742 0606020602
25743 0000000000
25744 0600000000
25745 0b060b0606
25746 0b0b0b0b06
25747 0602020606
25748 060000060b
25749 0b06060606
25750 0f0f0b0b0b
25751 06060f0f0b
25752 06060b0600
25753 0b0b0b0b0b
25754 0f0f0f0f0f
25755 0f0f0f0b0f
25756 140f0f0f0f
25757 0f0f0f0f14
25758 0f0f0f0f0f
25759 0f0f140f0f
25760 0606060606
25761 0606060606
25762 0602020602
25763 0602060606
25764 0602020606
25765 0206060606
25766 0602060602
25767 0202020206
25768 0606060606
25769 0006060202
25770 0000000000
25771 0000000000
25772 0b06000000
25773 060b060206
25774 0602020606
25775 0000060f0b
25776 0606060602
25777 0b06020202
25778 0206060b0b
25779 0200000002
25780 020000060b
25781 0f0b0b0602
25782 0f0b0b0b0b
25783 02060f0b0b
25784 0b0b060202
25785 0b0b0b0b0f
25786 0f0f0f0f0b
25787 0b0f0f0f0f
25788 0f0f0f0f0b
25789 0f0f0f140f
25790 0f0f0f0f0f
25791 0f0f0f0f0b
25792 0606060606
25793 0606060606
25794 0202020606
25795 0606020602
25796 0606020606
25797 0202060606
25798 0002060602
25799 0200000202
25800 0602060602
25801 0006020606
25802 0000000000
25803 0000000000
25804 0606060600
25805 0b0b060206
25806 0602020206
25807 060b0b0b0f
25808 060b060606
25809 020202060b
25810 0000000000
25811 0202000000
25812 0b02060606
25813 0f0f0b0b0b
25814 0b0b0f0b0f
25815 060b0f0f0f
25816 0b0b060606
25817 0b0b0b0f0b
25818 0f0f0f0f0f
25819 0f0f0f0f0f
25820 0f0f0f0f0f
25821 140f0f0f0f
25822 0b0f0f0f0f
25823 0f0f0f0f0f
25824 060b06060b
25825 0606060606
25826 0206060606
25827 0606020606
25828 0606020606
25829 0206060606
25830 0200020202
25831 0202000202
25832 0606060606
25833 0606060b06
25834 0000000000
25835 0200000000
25836 06060b0602
25837 060b060602
25838 0b06020206
25839 0606060b06
25840 0b060b0b06
25841 0002020202
25842 0000000000
25843 0200000000
25844 0b0f0b0606
25845 0f0f0b0b0b
25846 060b060b0f
25847 060602060b
25848 0b0b0b0b06
25849 0b0b0b0b0b
25850 0f140f0b0b
25851 0f0f0f0b0b
25852 0f0f0b0f0f
25853 0f140f0f0f
25854 0f0f0f0f0f
25855 0f0f0f0f0f
25856 0b0b06060b
25857 0606060606
25858 0606060606
25859 0606020606
25860 0606060606
25861 0602020606
25862 0202000202
25863 0602020002
25864 0606060606
25865 0602060b06
25866 0602020206
25867 060000000b
25868 02020b0b0b
25869 060b060b06
25870 0606060f02
25871 0b02060606
25872 0b0b0b0f0b
25873 02060b0200
25874 0200000000
25875 0600000000
25876 0f0b0b0606
25877 020b0b0b0b
25878 0b06060606
25879 0b06060b0b
25880 0f0f0f0f0f
25881 0b0b0b0f0f
25882 0f0f0f0b0b
25883 0f0f0f0f0f
25884 0f0f0b0f0f
25885 0f0f140f0f
25886 140f0f0f0f
25887 0f0f0f0f0f
25888 06060b0606
25889 0b06060b06
25890 060606060b
25891 0606060606
25892 060b060606
25893 000202060b
25894 0200020002
25895 0606020202
25896 0606060606
25897 06060b0b06
25898 0b0b0b0b06
25899 06020b0b0b
25900 06000b0b06
25901 0b0b06020b
25902 0606060b0b
25903 0b06060606
25904 0f0b0b0b0b
25905 0f0b0f060f
25906 060b0b0f0b
25907 0606060206
25908 0b0b0b0b0b
25909 0b0b0b0b0b
25910 0202020202
25911 0b0b060606
25912 0b0f0f0f0f
25913 0b0b0f0f0f
25914 0f0f0b0b0b
25915 0f0b0f0f0f
25916 0f0f0f0f0f
25917 140f0f0f0f
25918 0f14140f14
25919 140f0f0f0f
25920 0b06060b06
25921 0b0b0b060b
25922 060606060b
25923 0b06060606
25924 0b0b060b0b
25925 0200020206
25926 0602020206
25927 0606060606
25928 0b06060606
25929 0b0b0b0b0b
25930 0b0b0b060b
25931 0b0b0b0b0b
25932 06060b0606
25933 0b0b0b060b
25934 0606020606
25935 0002060606
25936 0b0f0b0b02
25937 0f0b0b0b0f
25938 0f0f140f0f
25939 0b060b0b0b
25940 0b0b0b0b0b
25941 060602060b
25942 0206000202
25943 0b060f0f0f
25944 0f0f0f0b0f
25945 0f0f0f0f0f
25946 0f0b0f0b0f
25947 0f0f0f0f0f
25948 0f0f0f0b0f
25949 0f0f0f0f0f
25950 140f140f14
25951 0f0f0f0f0f
25952 0b060b0b0b
25953 0b0b0b0b0b
25954 060606060b
25955 0b06060606
25956 0606060606
25957 0206060206
25958 0602020202
25959 0606060202
25960 060b0b0606
25961 0b0b0b0b0b
25962 0b0b0b0b0b
25963 0b0b0b0b0b
25964 0b0b06060b
25965 0606060606
25966 0606060606
25967 06020b0606
25968 0f0f020002
25969 0f0f0f0f0b
25970 0f0f0f0f0f
25971 0b0b0b0b0b
25972 020b0b0b0b
25973 0602060202
25974 0606060b0b
25975 0b0b0f0f0b
25976 0f0f0f0f0b
25977 0b0b0f0f0f
25978 0b0f0b0b0f
25979 0f0f0f0f0b
25980 0f0f0f0b0f
25981 0f0f0f0f0f
25982 140f14140f
25983 0f0f0f0f0f
25984 0b0b0b0b0b
25985 0b0b06060b
25986 0606060b0b
25987 0606060606
25988 060b06060b
25989 0606060606
25990 0606060606
25991 0606060606
25992 0b0b060b06
25993 0b0b0b0b0b
25994 0b0b0b0b0b
25995 0b0b0b0b0b
25996 0b0b0b0b0b
25997 0202060f0f
25998 0606060602
25999 020b020206
26000 0f06060606
26001 0f0f0f0f0f
26002 0b0b0f0f0f
26003 060b0b0b0b
26004 02020b0b0b
26005 0606060202
26006 06060b0f0b
26007 0b0b0f0b0b
26008 0f0b0f0f0b
26009 0f0f0f0f0f
26010 0f0b0f0f0f
26011 0f0b0f0f0f
26012 0f0f0f140f
26013 0f0f0f0f0f
26014 14140f0f0f
26015 0f0f0f1414
26016 0b0b0b0b0b
26017 0b0b0b0b0b
26018 0606060606
26019 0606060606
26020 0606060606
26021 0606060606
26022 060b0b0606
26023 0b0b0b0b0b
26024 0b0b0b0b06
26025 0b0b0b0b0b
26026 0b0b0b0b0b
26027 0b0b0b0b0b
26028 0b0b0f0f0b
26029 02020b0f0f
26030 0606060602
26031 0b0b0b0606
26032 0606060606
26033 0b0f0b0b0b
26034 0b0b0f0b0b
26035 0b0b060b0b
26036 0206060b0b
26037 0b06060602
26038 0b0f0f0f0f
26039 0b0b0f0f0b
26040 0f0f0b0b0b
26041 0f0f0f0f0f
26042 0b0b0f0f0f
26043 0b0f0f0f0f
26044 0f0f0f0f0f
26045 0f0f0f0f0b
26046 0f0f0f0f0f
26047 1414141414
26048 0b0b0b0206
26049 06060b060b
26050 0606060b06
26051 0606060606
26052 0606060606
26053 0606060606
26054 0b0b0b0b06
26055 0b0b0b0b0b
26056 060b0b0606
26057 0b0b0b0b0b
26058 0b0b0b0b0b
26059 0b0b0b0b0f
26060 0f0f0f0f0b
26061 06060b0b0f
26062 0b06060606
26063 0b0f0b0206
26064 0f0b0b0b0b
26065 0b0b0b0b0b
26066 0b0f0f0f0b
26067 0b0b0b0b0b
26068 0206060b0f
26069 0b06060202
26070 0606060b0f
26071 060b0f0b0b
26072 0b0b0b0b0b
26073 0f0f0f0f0f
26074 0f0f0f0f0f
26075 0f0f0f0f0f
26076 0f0f0f0f0f
26077 0f0f0f0f0f
26078 0f0f0b0f0f
26079 141414140f
26080 0b0b060606
26081 06060b0b0b
26082 0606060606
26083 0606060606
26084 0606060606
26085 0b0b060606
26086 0b0b0b0b0b
26087 0b0b0b0b0b
26088 060b060606
26089 0b0b0f0f0f
26090 0b0b0b0b0b
26091 0b0b0f0b0f
26092 0f0f0f0b0f
26093 0f0b0b0b0b
26094 0f0b0b0f0f
26095 0f0f0b060b
26096 0b0b0b0f0b
26097 0b0b0b0b0b
26098 0f14140f0b
26099 0f0b0b0b0f
26100 06020b0b0f
26101 0202020606
26102 0606060202
26103 0b060b0b06
26104 0b0b060b0b
26105 0f0b0f0f0b
26106 0f0f0f0f0f
26107 1414140f0f
26108 0f0f0f0b0f
26109 0f0f0f0f14
26110 0f0f0f0f0f
26111 140f140f0b
26112 0b0b0b0606
26113 0b0b0b0f0f
26114 060606060b
26115 0606060606
26116 0b0b060b06
26117 0b0b0b0b0b
26118 0b0b0b0b0b
26119 0f0b0b0b0b
26120 0b0b060b0b
26121 0b0f0f0f0b
26122 0f0f0f0b0b
26123 0b140f0f0f
26124 0f0f0f0f0f
26125 0b0f0f0b0b
26126 0f0f14140f
26127 0f0f0b0b0b
26128 0b0b0f0b0b
26129 0b0b0b0b0b
26130 1414140f0b
26131 0f0f0f0b0f
26132 060606060f
26133 0b06060606
26134 0f0b0b0b0f
26135 0b0606060b
26136 0b0b0b0f0b
26137 0f0f0f0f0f
26138 0f0f0f0f0f
26139 0f0f0f0f0f
26140 0f0f0f0f0f
26141 0f0f0f140f
26142 0f0f0f0f0f
26143 140f0f0f0f
26144 0f0f0f0b0b
26145 0b0b0b0f0b
26146 0b0b060b0b
26147 0b0b0b0b0b
26148 0b0b0b0b0b
26149 0b0b0b0b0b
26150 0b0b0b0b0b
26151 0f0f0b0b0b
26152 0b0b0b0f0f
26153 0f0f0f0f0b
26154 0f0f0f0f14
26155 0f0f0f0f0f
26156 0f0f0f0f14
26157 0f0f0b0b0b
26158 140f0f0f0f
26159 0b0b0b060f
26160 0b0b0b0b0b
26161 0b0b0b0b0b
26162 0f140f0f0b
26163 0b0f0f0b0b
26164 0b0b0b0b06
26165 0b0b0b0606
26166 0606020b0b
26167 0602020606
26168 0f0f0f0b0b
26169 0f0f0f0f0f
26170 0f0f0f0b0f
26171 0f0f0f0f0f
26172 0f0f0b0f0f
26173 0f0f140f0f
26174 0f0f0f0f0f
26175 140f0f0f0f
26176 140f0f0f0f
26177 0b0b0b0f0f
26178 0b0b06060b
26179 0f0b0f0f0b
26180 0b0b0b0f0f
26181 0b0b0b0b0b
26182 0f0f0f0b0b
26183 0f0b0b0b0b
26184 0b0b060f0f
26185 0f0b0f0f0f
26186 0f0f141414
26187 0f14141414
26188 140f0f0f0f
26189 0f0f0f0f0f
26190 140f0f0f0f
26191 02060b1414
26192 0202060606
26193 0b060b0606
26194 0202060b0b
26195 0202000000
26196 0202020002
26197 0b0b060606
26198 0202060b0b
26199 0606060206
26200 0f0b0b0b06
26201 0f0f0b0b0f
26202 0f0f0f0f0f
26203 0b0f0f0f0f
26204 0b0f0f0f0f
26205 14140f0b0f
26206 0f0f0f0f0f
26207 0f0f0f140f
26208 0f0f0f0f0f
26209 0f0f0f0f0f
26210 0b0f0f0b0f
26211 06060b060b
26212 0b0b0f0f0b
26213 06060b0b0f
26214 0f0f0f0f0b
26215 020606060b
26216 0b06060606
26217 141414140f
26218 14140f0f0f
26219 1414140f14
26220 1414141414
26221 0f1414140f
26222 0f0f0f0f0f
26223 02060b0f0f
26224 0002020202
26225 0002000200
26226 0000000202
26227 0000020200
26228 0000000000
26229 0002020200
26230 0000000000
26231 0000000000
26232 0202000202
26233 0b06060606
26234 0b0b020606
26235 0f0f0b0b0b
26236 0f0f0f0f0f
26237 0f0f0f0f0f
26238 0f0f140f14
26239 0f0f0f0f0f
26240 0f0f0f0f0f
26241 0f0f0f0f0f
26242 0f0f0b0f0b
26243 0606060f0f
26244 060b0b0606
26245 060b0b0606
26246 0b0b0f0b06
26247 0b0b0f0f0f
26248 0b060b0606
26249 0f0f0f0f0f
26250 0b0f0b0f0f
26251 0f140f0b0b
26252 0b0f0f0f0f
26253 0b0b0f0b06
26254 060b0b060b
26255 0002000202
26256 0200000000
26257 0202000000
26258 0202020202
26259 0002000200
26260 0000000002
26261 0000000000
26262 0000000000
26263 0000020000
26264 0000000000
26265 0002020202
26266 0202020202
26267 0600000200
26268 0b0b0b0602
26269 0f0f0f0b0b
26270 0f0f0f140f
26271 0f0f14140f
26272 0b0b0f0b0f
26273 140f0f0f0f
26274 0f0f0b0f0f
26275 0b0b0b0b0f
26276 0606060b0b
26277 0606060606
26278 0b0b0b0606
26279 0f0f0f060b
26280 0606060b0b
26281 0b0b0b0b0b
26282 0b0b0b0b0b
26283 0f0b0b0606
26284 0b0b0b0b0b
26285 060b060606
26286 0202000202
26287 0202020206
26288 0200020202
26289 0606060606
26290 0206060206
26291 0606060202
26292 0206060b0b
26293 0202000000
26294 0000000200
26295 0000000000
26296 0000000000
26297 0000000200
26298 0202020200
26299 0206060602
26300 0000000000
26301 0b06020002
26302 0f0f0f0f0b
26303 0f0f0f0f0f
26304 0b060b0b0b
26305 0f0f0f0f0f
26306 0f14140f0f
26307 0b0f0f0f0f
26308 060b0b0b0b
26309 0b060b0b06
26310 0f060b0b0b
26311 0b0f0b060f
26312 06060b0b0f
26313 0606020206
26314 0606060606
26315 0b0b060606
26316 0202020206
26317 0206000202
26318 0602020002
26319 0202020202
26320 0606060202
26321 0b06060606
26322 0606060b06
26323 0606060606
26324 0606060606
26325 0002020606
26326 0200020000
26327 0000020202
26328 0000000202
26329 0000000000
26330 0600000000
26331 0202020000
26332 0202020200
26333 0200000002
26334 0b06060200
26335 0f0f0b0b0b
26336 0b0b0b0606
26337 0f140f0f0f
26338 0f0f0f140f
26339 0f0f0f0f0f
26340 0b060b0b0f
26341 060b0f0b06
26342 0f060b0b0b
26343 0f0f0f0f0f
26344 0b0f0b0f0f
26345 0602060606
26346 0202020202
26347 0202020206
26348 0000020202
26349 0200020200
26350 0b06020602
26351 06060b060b
26352 0f0b0f0b0b
26353 0b0b0b0b0f
26354 060b0b0b0b
26355 0b06060b0b
26356 0b0b0b0b0b
26357 020606060b
26358 0206060206
26359 0000000000
26360 0000020202
26361 0202020202
26362 0200000206
26363 0202020206
26364 0200060202
26365 06020b0006
26366 06060b0f0b
26367 0f0f060606
26368 0f0f140f0f
26369 0f0b0f0f0f
26370 0b0b0f0b0f
26371 0b0b060606
26372 060b0b0b0b
26373 0b0b0f0b0b
26374 0b0b0b0b0b
26375 0f0b0b0f0f
26376 0b0b0b0f0f
26377 000206060b
26378 0206020200
26379 0b02020602
26380 060202060b
26381 0602060606
26382 0f0b0f0b0b
26383 0b060b0b0f
26384 0f0f0b0b06
26385 0b0b0f0f0f
26386 0b0f0b0b0f
26387 0b06060f0f
26388 0b06060b0f
26389 0b0b0b0b0b
26390 0b0b060b0b
26391 020b060606
26392 0002020202
26393 0002020000
26394 0202020202
26395 0200020206
26396 0000000200
26397 0b02000202
26398 0b0b0f0f06
26399 0606060b0b
26400 0f0b0f0f0f
26401 0b0b0b0f0f
26402 06060b060b
26403 0b06060606
26404 0f140b0b0b
26405 06060b0606
26406 0b0b0b0b0b
26407 0b0b060b0b
26408 0b0b0b0b0b
26409 0206060606
26410 06060b0f06
26411 0b06060606
26412 060606060b
26413 0b0f0b0b0b
26414 0b0f0f0f0f
26415 0b0b0f0f0b
26416 0f0b0b060b
26417 060b0b0b0b
26418 0b0b0b0b0b
26419 060b06060b
26420 0b0b060b0b
26421 06060b0606
26422 0b0b0b0606
26423 0606060b06
26424 0202060b06
26425 0000000200
26426 0202000200
26427 0202020200
26428 0000000002
26429 0602000000
26430 0606020606
26431 0b060b0b0b
26432 0b060b0606
26433 0b060b0b0b
26434 0f0b0b0b06
26435 0b0b0b0b0b
26436 0f0f0b0b0b
26437 060606060b
26438 0b0b060b06
26439 0b0b060b06
26440 02060b0b06
26441 0b0606060b
26442 0b0f140f0f
26443 0b0b0b060b
26444 0f0b0b0b0b
26445 0b0b0b0b06
26446 0b0b0b0f0b
26447 0b0b060b0b
26448 0b06060b0b
26449 0b06060606
26450 0606060602
26451 0f0b0b0b0b
26452 0b0606060f
26453 0b0b0b0b0b
26454 0b06060606
26455 060b020b0b
26456 06060b0b0b
26457 0202020206
26458 0202020202
26459 0600020200
26460 060002060f
26461 0606060b06
26462 0602060206
26463 0b0b0b0606
26464 0b0606060b
26465 0b0606060b
26466 0b0b060b0b
26467 0b0b0b0b0f
26468 0f0f0f0f0b
26469 060b0b0f0b
26470 0b0606060b
26471 06060b060b
26472 0606060b06
26473 0b0b020606
26474 0f0f0f0f0b
26475 0b0b0b0b0f
26476 0b0b0b0b0b
26477 0b0b0b0b06
26478 06060b0606
26479 0b0606060b
26480 0f0b0b0b0b
26481 0b0f0b0b0b
26482 0b0b0b0b0b
26483 0b0b0b0b0b
26484 0b0b0b060b
26485 060b0b060b
26486 0b060b0b06
26487 0b0b06060b
26488 0b0b0b0b0f
26489 000206060b
26490 0000000000
26491 0b02000202
26492 0b02060b0b
26493 0606060b0f
26494 0606060602
26495 0b0606060b
26496 0b0b0b0b0b
26497 060b06060b
26498 0f0b0b060f
26499 14140f0f0f
26500 0b0f0f0b0f
26501 0f0b0b0b0b
26502 0b0b0f060b
26503 0606060b0b
26504 0606060206
26505 060202060b
26506 0b0f0f0b0b
26507 0b060b0f0b
26508 0b0b0b0b06
26509 06060b0606
26510 0b06060606
26511 0b06060606
26512 0b0606060b
26513 0b0b0b0b06
26514 0b0b0b0b0b
26515 0f0b0b0f0b
26516 0b0b0b060b
26517 0b0b060b0b
26518 0b0b0b0b06
26519 0b060b0f0b
26520 0b0b060b0f
26521 0000000002
26522 0000000000
26523 0200000202
26524 0b06060b0b
26525 0200020b0f
26526 0602020600
26527 0f0b060606
26528 0b0b0b0f0f
26529 0f0b0b0f0b
26530 140f0f0f0f
26531 14140f0f14
26532 0b0f0b0f0f
26533 0f0b0f0b0b
26534 0f0f0f0f0f
26535 0b0b0b0b0b
26536 0606020b0b
26537 0202060602
26538 0f0b0f0b06
26539 0b0b0b0f0f
26540 0b0b0b0f0b
26541 060b060b06
26542 0f0f0f0b06
26543 0f0f0b0b0f
26544 140f0f0f0f
26545 0f0f0b0f14
26546 0f0f0b0b0b
26547 0f0b0b0f0b
26548 0b0b0b0f0b
26549 060b0b0b0b
26550 0b0b0b0b02
26551 0b0b0b0b0b
26552 0202060606
26553 0002020206
26554 0606020002
26555 0606060b06
26556 06020b0b02
26557 0000020b06
26558 0202020200
26559 0b0b020202
26560 0b0f0f0f0f
26561 140f0f0f0b
26562 0b0f0f0f0f
26563 0f0f0f0f0b
26564 0f0f0f0f0b
26565 0f0f0b0b0f
26566 0b0b0b0f14
26567 0b0f0b0b0b
26568 0606060606
26569 0202060206
26570 0f02060606
26571 0b0f140b0b
26572 0b0f0b0b0b
26573 0b0b0b0b0b
26574 0f0f0f0b06
26575 0f0f0f0b0b
26576 0f0f0f0f0f
26577 0b0b0f0f0f
26578 0b0b0b0b0b
26579 0f0f0f0f0f
26580 0b0b0b0b0b
26581 0b060b0b0b
26582 0606060b0b
26583 0b06060b0b
26584 0202060602
26585 0606020606
26586 0b0606060b
26587 0b0b0b0b06
26588 060b060606
26589 06060b0b06
26590 0200020206
26591 0b06060202
26592 0f0f0f0b14
26593 140f0f0f0f
26594 0f0f140f14
26595 0f140f0b0b
26596 0f0f14140f
26597 140f0f0b0f
26598 140f0f0f0f
26599 0f0f0b0b0f
26600 060b0f0f0b
26601 0606060606
26602 020606020b
26603 0b060f0b06
26604 0b0b0b0b0b
26605 0b0b0f0b0f
26606 0b060b0b0b
26607 0b0b0b0b0b
26608 0f0b0b0b0f
26609 0b0b0f0f0b
26610 0b0b0f0b0b
26611 06060b060b
26612 0b0b0b0b0b
26613 0b060b060b
26614 060b0b060b
26615 060b0b0b06
26616 0606060602
26617 0b06060b02
26618 0f0f0f0b0b
26619 0f0f0b0f0f
26620 0f0f0f0f0f
26621 0b0f0b0b0b
26622 02020b060b
26623 0606020606
26624 140f0f1414
26625 0f0f0f1414
26626 140f0f0f0f
26627 14140f0f0f
26628 0f140f0b0f
26629 0f0f140b0f
26630 0f0f14140f
26631 0f0f0b0b0f
26632 0b0b0f060b
26633 0b0b0b0f0b
26634 06060b0b0b
26635 0b0b06060b
26636 0b0b0b060b
26637 060b06060b
26638 0b0b0b0b06
26639 0b0b0b0b06
26640 060606060b
26641 0f0b0f0b0f
26642 060b06060b
26643 0b0b0b0602
26644 0b0b0b0b06
26645 0b0b0b0b0b
26646 060606060b
26647 0f0b0b0b06
26648 0606060206
26649 0f0b0b060b
26650 140f0f0b0f
26651 0f0b0f140f
26652 0f0f140f0f
26653 0b0606140f
26654 0206060f0f
26655 0b06060b0f
26656 140f0f0f0f
26657 0f14141414
26658 0f0f0f0f0f
26659 1414140f0f
26660 0b14140f0f
26661 0f0f0f0b0f
26662 0b0b0f140f
26663 0b0b0b0f0b
26664 060b0b0b0f
26665 0f0b0f0f0f
26666 0b0b0b0b0b
26667 06060b0b0b
26668 060b0b0606
26669 0b0b0b0b0b
26670 0f0b0b060b
26671 0b0b0b060f
26672 0b0b0b0b06
26673 0b060b0b0b
26674 0b0b060b0b
26675 06060b0b0b
26676 0b0b0b0b0b
26677 0b0f0b0b0b
26678 060b0b0b0b
26679 0b0606060b
26680 0b0b0b0b06
26681 0b0b0b0b0b
26682 140f0f0f0f
26683 0f0f14140f
26684 0f0f0f0b0b
26685 0b0b0b0f0f
26686 0b0b0f0f0f
26687 0f0b0b0b0b
26688 14140f1414
26689 0f0f0f1414
26690 140f0f140f
26691 0f14140f0f
26692 140f0f140f
26693 0f0b0f0f0f
26694 0f0b0f0f0f
26695 0b0b0f0f0f
26696 0b0b0f0b0b
26697 0f0f0f0f0f
26698 0b0b0b0f0f
26699 060b0b0b0b
26700 0b0b0b0b06
26701 060b0b0b06
26702 0b0b0b0b06
26703 0b0f0b0b0b
26704 0f0f0f0f0f
26705 0f0f0b0b0f
26706 0b060b0f0b
26707 0b0b0b0b0b
26708 0f0b0b0b0b
26709 0b0b0b0b0b
26710 0f0f0b0b0b
26711 0f0b0b0b0b
26712 0f0b0b060f
26713 0f0f0b0b0f
26714 0f0f0b0f0f
26715 0f0f0f0f0f
26716 0f140f0b0f
26717 0f0f0b0b0f
26718 0f0f0f0f14
26719 0f0b0f0f0b
26720 1414141414
26721 0f0f0f1414
26722 141414140f
26723 0f0f140f0f
26724 1414140f0f
26725 0b0f0f1414
26726 0f0f0f0f0b
26727 0f0f0f140f
26728 0f0b0f0b0f
26729 0f140f0f14
26730 0f0f0f0f0f
26731 060b0f0f0f
26732 0f0b0b060b
26733 0f0f0f0f0f
26734 0f0f0f0b0b
26735 0f0f0f0b0b
26736 0f0f0b0f0f
26737 0b0b0b0b0b
26738 0f0f0f0b0b
26739 0b0b0b0b0b
26740 0b0b0b0b0b
26741 0b0f0b0b0b
26742 0f0f0f0b0b
26743 0b0b0b0f0b
26744 0b0b0f0b0b
26745 0f0f0f0b0b
26746 0f14140f0f
26747 0f0f140f0f
26748 0f140f0f0f
26749 0f0b0b0f0f
26750 0f0f14140f
26751 0f0f0f0f0f
26752 1414141414
26753 14140f0f14
26754 1414141414
26755 14140f140f
26756 14140f0f0f
26757 140f141414
26758 0f0f0f0f0f
26759 14140f140f
26760 0f0f0f0f14
26761 140f14140f
26762 140f0f0f0f
26763 0f0f140f0f
26764 0b0b0b0b0b
26765 0f0f0f0f0b
26766 0b0b0b0b0b
26767 060b0b0b0b
26768 0b0f0f0f0f
26769 0f0b0f0f0f
26770 0f0f0b0f0f
26771 0b0b0b0b0b
26772 0b0f0f0f0f
26773 0b0b0b0b0b
26774 0b0f0b0f0b
26775 0f0f0f0f0f
26776 0b0f0f0b0b
26777 0f0f0f0f0f
26778 140f0f0f0f
26779 0f0f140f0f
26780 140f0f0f0f
26781 0f0f0f140f
26782 140f140f0f
26783 0f0f0b0f0f
26784 1414141414
26785 0f14140f0f
26786 1414141414
26787 140f140f0f
26788 140f140f0f
26789 14140f1414
26790 0f0f140f0f
26791 141414140f
26792 0f0f0f0f14
26793 0f14140f0b
26794 0f0f0f0f0f
26795 0f0f0f0f0f
26796 0f0b0b0f0f
26797 0b0b0b0b0b
26798 0f0f0b0b0b
26799 0b0b0b0f0b
26800 0f0b0f0b0b
26801 0b0b0f0f0f
26802 0b0b060b0b
26803 0b0b0b0f0f
26804 060b0f0b0f
26805 0b0f0b0b0b
26806 0f0b0f0b06
26807 0f0f0f0b0b
26808 0b0f0b0b0f
26809 0f0f0f0f0f
26810 0f0f0f0f0f
26811 0f0f0f0f0f
26812 0f0f0f0f0f
26813 0f0f0f140f
26814 141414140f
26815 140f0f0f0f
26816 0f0f141414
26817 0f0f0f0f0b
26818 140f0f0f0f
26819 0f0f0f0f0f
26820 140f141414
26821 1414141414
26822 0f0b0f0b0f
26823 14140f0f0f
26824 0b0f0f0f14
26825 0b0f0f0f14
26826 0f0f0f0b0f
26827 0f14140f0f
26828 0f0b0f0f0f
26829 0b0b0f0f0f
26830 0b0b0b0b0b
26831 0b0f0f0f0f
26832 0f0b0b0b0b
26833 0f0f0b0b0b
26834 0f0b0b0b0b
26835 0b0b06060b
26836 0f0b0b0b0b
26837 0f0f0b060b
26838 0b0b0b0f0f
26839 0f0f0b0b0b
26840 0f140f0f0f
26841 0b0f0f0f0f
26842 140f0f0f0f
26843 14140f0f0f
26844 0f0f0f0f0f
26845 140f14140f
26846 14140f1414
26847 140f0f0f14
26848 0f0f141414
26849 0f0f0f0f0f
26850 1414140f0f
26851 0f0f0f0f0f
26852 141414140f
26853 1414141414
26854 0b060b0f0f
26855 14140f140b
26856 060b0f0f0f
26857 0b0f0f0f0f
26858 140f0b0f0f
26859 0f14140f0f
26860 0f0f0f0f0f
26861 0b0f0f0f0f
26862 0b0b0b0f0b
26863 0f0f0b0f0b
26864 0b0f0f0b0f
26865 0f0f0b0f0b
26866 0f0b0b0b0b
26867 0b0b0b0b0b
26868 0b0b0b0f0b
26869 0b0f0b060b
26870 0b0b0f0f0f
26871 0f0b0f0b0b
26872 0f0f0f0f0f
26873 0f0f0f0f0f
26874 0f0f0f0f0f
26875 141414140f
26876 140f0f0f14
26877 0f0f141414
26878 14140f1414
26879 0f0f140f14
26880 0b0b0b0b0b
26881 0b0b0b0b0b
26882 0b0b0b0b0b
26883 0b0b0b0b0b
26884 0f0f0f0f0b
26885 0f0b131313
26886 0f0f0f0f0f
26887 0f0f0b0b0b
26888 0b130f0f0f
26889 0f0f0f0f0f
26890 0f0f0f0f0f
26891 0f0f0f0f0f
26892 0f130f0f0f
26893 0b0f0f0f0f
26894 0b0f0b0f0f
26895 0b0f0f0b0b
26896 0f0f0f0b0b
26897 0b0f0f130f
26898 0f0f0f0b0b
26899 0f0f0f0f0f
26900 0f0f0f0f0b
26901 0b0b0f0f0f
26902 0f0f0f0f0b
26903 0f130f0f0b
26904 0f0f0f0f0f
26905 0f0f0f0f0f
26906 0f0f0f0f0f
26907 1313131313
26908 1313131313
26909 0f0f0f1313
26910 0f0f130f0f
26911 0f0b0f0f0f
26912 0b0b0b0b0b
26913 0b0b0b0b0b
26914 0f0f0f0f0f
26915 0f0f0f0f0f
26916 0f0f0f0f0f
26917 0f0f0b0b0f
26918 0b0b0b0f0f
26919 17170b0f0f
26920 0b0f0f0b0f
26921 1313130f0f
26922 0f0f0f0f0f
26923 0f0f0f0f0f
26924 1313130f0f
26925 0f0f0f1717
26926 0f13130f0f
26927 0f0f0f0f0f
26928 0f0f0f0b0f
26929 0b0b0b0f0f
26930 0f0f0f0f0f
26931 0b0f0f0f0f
26932 0b0b0f0b0f
26933 0b0b0b0f0f
26934 0f0f0f0b0b
26935 0f0f0f0f0f
26936 0f0f0f0f0f
26937 0b0f0f0f0f
26938 0f0f13130b
26939 1313131313
26940 1313131313
26941 1313131313
26942 0f0f0f1313
26943 0f0f0f0f0f
26944 0b0b0b0b0b
26945 0f0f0f0f0b
26946 0f0f0f0f0f
26947 0f0f0f0f0f
26948 0f0f0f0f0f
26949 130f0f0f0f
26950 0f13131313
26951 0f130f0f0f
26952 130b0b0b0b
26953 0f13131313
26954 0f0f0f0f0f
26955 0f0f0f0f0f
26956 0f0f0f0f13
26957 0f130f070f
26958 0b0f131313
26959 0f0f0f0f0f
26960 0f0f0f0b0f
26961 0f0f0f0f0f
26962 0f0f0f0f0f
26963 0f0f0f0f0f
26964 0f0f0f0f0f
26965 0b0b0b0f0f
26966 0f0f0f0b0b
26967 0f0b0f0f0f
26968 0f0f0f0f0f
26969 0f0f0f0f0f
26970 130f0f0f0f
26971 1313131313
26972 1317171713
26973 1313131313
26974 0f0f131313
26975 0f0f0f0f0f
26976 0f0f0f0b0b
26977 0f0f0f0f0f
26978 0f0f0f0f0f
26979 0f0f0f0f0f
26980 0f0f0f0f13
26981 0f0f0f0f0f
26982 0f0f0f0f13
26983 0f0f0f0f0f
26984 0f0b0f0b0f
26985 0f0f0f0f0f
26986 0f0f0f0f0f
26987 1313130f0f
26988 0b0f131313
26989 0f13130f0f
26990 0f0b0b0f13
26991 0f0f130f0f
26992 0f0f0f0f0f
26993 0f13130f0f
26994 130f0f0f0f
26995 0f0f131313
26996 130b0b0f13
26997 0f0b0f0f13
26998 0f0f0f0f0f
26999 0f0f0f0f0f
27000 0f0f0f0f0f
27001 0f0f0f0f0f
27002 130f0f130f
27003 1713131317
27004 1717171717
27005 1313131317
27006 0f0f131313
27007 0f130f0f0f
27008 0f0f0f0f0f
27009 0f0f0f0f0f
27010 0f0f130f0f
27011 0f0f0f0f0f
27012 0f0f130f13
27013 0f0f0f0f0f
27014 0f130f0f0f
27015 0f0f0f0f0f
27016 0f0f0f0f0f
27017 0f0f130f0f
27018 130f0f0f0f
27019 131313130f
27020 0f0f0b0f0f
27021 0f0f0b0f0f
27022 0f0f0f0f0f
27023 0f0f0b0f0f
27024 0f0f0f0f0f
27025 13130f0f13
27026 0f0f0f0f0f
27027 13130f0f0b
27028 130f0f1313
27029 130f130f13
27030 0f0f0f1313
27031 0b1313130f
27032 0f0f0f0b0b
27033 0f0f0b0b0b
27034 1713130f0f
27035 1317131317
27036 1713171717
27037 1313131717
27038 0f0f0f1313
27039 131313130f
27040 0f0f0f0f0f
27041 0f0f0f0f0f
27042 130f0f0f0f
27043 0f0f0f0f0f
27044 0f0f0f0f0f
27045 0f0f0f0f0f
27046 0f0f0f0f0f
27047 0f0f0f0f13
27048 131313130f
27049 0f130f1313
27050 0f0f0f0f0f
27051 0f0f0f0f0f
27052 0f0f0f0f0f
27053 130f0f0f13
27054 0f13171713
27055 0f0f0b0f0f
27056 0f0f0f0f13
27057 0f0f0f0f0f
27058 0f0f0f0f0f
27059 0f0f0f0f0f
27060 130f0f0f0f
27061 0f0f0b0f0f
27062 0f0f131313
27063 0f0f0f1313
27064 0b0b0f0b13
27065 13130f0b0b
27066 1313131313
27067 1717171313
27068 1717171717
27069 1313131317
27070 1313131313
27071 0f0f131313
27072 0f0f0f0f0b
27073 0f0f0f0f0f
27074 0f0f0f0f0f
27075 130f0f0f0f
27076 0f0f0f0f13
27077 0f0f0f130f
27078 0f0f0f0f0f
27079 0f0f0f0f0f
27080 0f0f0f0f0f
27081 0f130f130f
27082 0f13131313
27083 1313130f0f
27084 0f17170f0f
27085 171313130f
27086 0f0b0b0f13
27087 0f13131313
27088 130f0f0b13
27089 130f0f1313
27090 0f0f0f0f13
27091 0f0f0f0f0f
27092 0f0b0b0b0f
27093 0b0f0f130f
27094 0f0b0f1313
27095 0f0f0b0f0f
27096 0f130f0f0b
27097 0f130f0f0b
27098 1313131313
27099 1713131317
27100 1717131717
27101 1717131313
27102 13171b1717
27103 0f0f0f0f13
27104 0f0b0b0b0b
27105 0f0f0f0f0f
27106 130f130f0f
27107 0f0f0f0f0f
27108 0f0f0f0f0f
27109 13130f0f13
27110 0f0f131313
27111 0f0f0f0f0f
27112 0f0f0f0f0f
27113 13130f130f
27114 0f0f0f130f
27115 0f0f130f13
27116 0f0f0f0f0f
27117 0f0f0f0b0f
27118 13130b0b0b
27119 1313130f0f
27120 131717170b
27121 0b0f0f0f13
27122 0b0b0f0f0f
27123 0f170f0f0b
27124 0f0f0b0f0f
27125 1317130f0b
27126 1313171313
27127 0b0b0f0b0f
27128 0b0b0f0b0b
27129 0f0f0f0f0f
27130 1313131313
27131 1717171713
27132 1317131313
27133 1317131313
27134 0f0f0f1717
27135 0f0f130f0f
27136 0f0b0b0b0f
27137 0f0f0f0f0f
27138 0f0f0f0f0f
27139 0f0f0f130f
27140 0f0f0f130f
27141 131313130f
27142 1313131717
27143 0f0f13130f
27144 0f0f131313
27145 0f0f0f0f0f
27146 13130f0f0f
27147 1313131313
27148 0f1313130f
27149 1313130f0f
27150 13130f1313
27151 0f0f0f0f0f
27152 13130f0b0f
27153 0f0f131313
27154 0f130f0f0f
27155 0f130f0f0f
27156 0b0b0f0f0f
27157 0f0b130b0b
27158 0f0f0b130f
27159 0b0b0b0f0b
27160 0f0f0b0b0b
27161 0f0f0f0f0f
27162 1313131313
27163 0f0f131313
27164 131717130f
27165 1313131313
27166 1313131313
27167 0f0f0f0f0f
27168 0b0b0b0b0b
27169 0b0f0f0f0f
27170 0f0f0f0f0b
27171 0f0f0f0f0f
27172 130f0f0b0f
27173 0f13131313
27174 0f0f0f0f0f
27175 0f0f13130f
27176 131313130f
27177 0f0f131313
27178 0f0b0f0f0f
27179 0f0f0f0f0b
27180 1313130f0f
27181 0f0f0f1313
27182 0f13130f0f
27183 13130f0f0f
27184 1313130f13
27185 1313131317
27186 0f0f0f0f13
27187 0f0f0f1313
27188 0f0f0f0f0b
27189 0f0f0f0f0b
27190 0f0b0f0f0b
27191 0b0f0b0b0b
27192 0f0f0f0f0f
27193 1313130f0f
27194 1717171313
27195 1313131317
27196 1313171313
27197 1313131313
27198 1313131313
27199 0f0f0f1313
27200 0b0b0b0b0b
27201 0b0b0f0f0b
27202 0f0b0b0b0b
27203 0b0f0b0f0f
27204 0f0b0f0f0b
27205 0f0f0b0b0b
27206 0b0b0b0b0f
27207 0b0b0b0b0f
27208 0b0b0b0b0b
27209 0f0b0b0b0b
27210 0b0f0f0f0f
27211 0f0f0f0b0b
27212 1313170f0f
27213 0f0f0f0b0f
27214 0f13130f0f
27215 0f0f0f0f07
27216 0b0f0f0f0f
27217 0f0f0b0f0b
27218 0f0f0f0b0f
27219 1313130f17
27220 130f0f0f0f
27221 1313131313
27222 0f0b0f1313
27223 0f0f0f0f0b
27224 130f0f0f0f
27225 1313131313
27226 1717171313
27227 1313131317
27228 1317171713
27229 1313131313
27230 1313131313
27231 1313131313
27232 0b0b0b0b0b
27233 0f0f0b0b0b
27234 0f0b0b0b0f
27235 0f0f0f0b0b
27236 0f0f0f0f0f
27237 0f0f0f0f0f
27238 0f0f0f0f0f
27239 0f0f0f0f0f
27240 0f0f130b0f
27241 0b0b0b0b0b
27242 0b0b0b0b0b
27243 0f0f0f0b0b
27244 0f0f0f0f13
27245 1317131313
27246 0f0f0f1313
27247 130f0f130f
27248 0b0b0f0f0f
27249 130f0b0b0b
27250 0f070f0f0f
27251 0b0f0b0b0b
27252 0f130f0f0f
27253 0f0f0f0f0f
27254 0b0b0f0f0f
27255 0b0f0f0b0f
27256 0f0f0f0f0f
27257 0f13131313
27258 1717171713
27259 1313131313
27260 1317171717
27261 1313131317
27262 1313131313
27263 1313131313
27264 0f0f0f0b0b
27265 0b0b0b0b0f
27266 0f0f0f0f0b
27267 0f0f0f0f0f
27268 0f13130f0f
27269 0f13131313
27270 0f0f0f0f0f
27271 0b0f0f0f0f
27272 0b0b0f0b0f
27273 0b0b0b0b0b
27274 0f0f0f0b0b
27275 0f0f0f0b0b
27276 0f0f0b0b0f
27277 0f0b070b0f
27278 130f130f0f
27279 0f0f0f0f13
27280 0b0f0f0f0f
27281 13130f0f0b
27282 0f0f0f0f0f
27283 0f0f0f0f0f
27284 0b0b0b0f0f
27285 0b0f0f0f0b
27286 0b0b0b0b0b
27287 0b0b0b0f0b
27288 13130f0f0f
27289 1713171713
27290 1313131313
27291 1717171317
27292 1313171717
27293 1313131313
27294 1313131313
27295 1313131313
27296 0b0f0f0f0b
27297 0b0b0b0f0f
27298 0b0b0b0b0b
27299 0b0f0b0f0f
27300 0f0b0f0f0b
27301 0f0f0b0b0b
27302 0f130f0f13
27303 0f0f0f0f0f
27304 0b0b0b0b0b
27305 0b0f0f0b0f
27306 0b0b0b0b0b
27307 0b0b0b0b0b
27308 0b0f0b0f0b
27309 0b0b0b0b0b
27310 0f0b0f0b0b
27311 0f0f0f0b0f
27312 0f0f0f0f0b
27313 0f0f0f130f
27314 1313130f0f
27315 0f0f0f0f13
27316 0b0f0f0b0f
27317 0f0b0f0f0f
27318 0b0f0f0b0b
27319 130f0f0f0b
27320 1317131313
27321 1313171713
27322 1717131313
27323 1713171b1b
27324 1717131717
27325 1317171717
27326 1313131313
27327 1313131313
27328 0b0f0b0b0b
27329 0b0b0b0b0b
27330 0b0b0b0b0b
27331 0f0b0b0b0b
27332 0f0f0b0f0b
27333 0b0f0f0b0b
27334 0f0f0f0b0b
27335 0f0f131b13
27336 0f0b0b0f0f
27337 0b0b0b0f0f
27338 0f0b0b0b0b
27339 0f0f0b0b0b
27340 0f0f0f0f0f
27341 0f0f0f0f0f
27342 0f0f0f0f0f
27343 13130f0f0b
27344 0f0f0f0f13
27345 0f13130f0f
27346 0f0f0f0f0f
27347 0f0b0f0f0b
27348 0b0b0b0b0b
27349 0b0b0b0b0b
27350 0f0b0f0b0b
27351 130f0f0f0f
27352 1713131313
27353 1313171717
27354 1717171317
27355 171713131b
27356 1717171717
27357 1717171717
27358 1317171717
27359 1313131313
27360 070b070b0b
27361 0b070b0b0f
27362 0f0b0f0f0b
27363 0b0b0b0b0f
27364 0b0b0b0b0f
27365 0b0b0b0b0b
27366 130b0f0f0b
27367 0f0f0f0b0f
27368 130f0f0f13
27369 0b0f0f0f13
27370 0f0f0f0b0b
27371 0f0f130f0f
27372 0f0f0f0f0f
27373 0f0f0f0f0f
27374 0f0f0f0f13
27375 130f0f0f0f
27376 0f0f130f0f
27377 0f0f13130f
27378 0f0f0f0f0f
27379 0f130f130f
27380 0f0b0f0f13
27381 0f070b0b0b
27382 0f0b0f0f0f
27383 13130f0f0b
27384 1313131313
27385 1717171713
27386 1317171717
27387 171717130f
27388 1717171717
27389 1717171717
27390 1717131717
27391 1313131313
27392 0b0b07070b
27393 0f0b070707
27394 0b0b0b0b0b
27395 0b0b0b0b0f
27396 0b0b0b0b0b
27397 0f0f0b0b0f
27398 0b0b0b0b0f
27399 0b0b0b0f0b
27400 0f0b0b0b0b
27401 0f0f0f0f0f
27402 0f0f0f0f0f
27403 0f1313130f
27404 0f13130f0f
27405 0f0f0f0b0f
27406 0f0f0b0b0b
27407 0f0f0f0f0f
27408 0b0b0f0f0f
27409 0f0f0f0f0f
27410 0f0f0f0f0f
27411 0f0f0f0f0f
27412 0f0f0b0f0f
27413 0f0b0b0b0f
27414 0b0b0b0b0f
27415 0f0f0f0f0f
27416 1717171313
27417 1717171717
27418 1713171717
27419 1717171717
27420 1717171717
27421 1717171717
27422 1717171717
27423 1313131317
27424 0b0b07070b
27425 0b0b0b0b0b
27426 0b0b07070b
27427 0b0b0b0b0b
27428 0b0b0b0b0b
27429 0b0f0f0b0b
27430 0b0f0b0b0b
27431 0f0f0f0b0f
27432 130f0f0f0f
27433 0f0f0f0f0f
27434 0f0f0f0f0f
27435 0f0f13130f
27436 0f0f0f0b0f
27437 0f0f0f0f0f
27438 0f0f131313
27439 0f0f0f0f0f
27440 0f0b0f0b0f
27441 0f0f0f0b0f
27442 0b0b0f0f0f
27443 0b0b130f0b
27444 0f0f0f0b0b
27445 0b0f0b0b0f
27446 0f0f0f0b0b
27447 17130f0f0f
27448 1717171717
27449 1717171717
27450 1717171717
27451 1717171717
27452 1717171717
27453 1717171717
27454 1717171717
27455 1313171717
27456 0707070707
27457 0b0b0b0b0b
27458 070b0b0b07
27459 070b0b0b0f
27460 070b0b0b0b
27461 0707070707
27462 0f0f0f0b0b
27463 0f0f0f0f0f
27464 0f0f0f0f0f
27465 0f0b0f0f0f
27466 0b0b0f0f0f
27467 0f0f0b0b0b
27468 0f0b0f130f
27469 130f0b0f0f
27470 13130f0f0f
27471 130f0f1313
27472 130f0f1313
27473 0f0f0f1313
27474 0f0f0f0f13
27475 1313131313
27476 0f0f0f0f13
27477 0b0b0f0f0b
27478 13130f0f0f
27479 1717171313
27480 1717171717
27481 1717171717
27482 1717171717
27483 1717171717
27484 1717171717
27485 1717171717
27486 1717171717
27487 1717171717
27488 0707070b0b
27489 0f0b070b07
27490 070b07070b
27491 0b0b070707
27492 070b0f0b0b
27493 070b070b0b
27494 0f0f0f0b07
27495 0b0b0b0f0f
27496 0b0f0f0b0f
27497 0b0b070b0b
27498 0b0b0b0b07
27499 0f13130f0f
27500 0f0f0f0f0f
27501 0f13130f0f
27502 0f0b0b0b0b
27503 0b0b0f0f0f
27504 130f0f0f0b
27505 13130f0f13
27506 0f0f0f130f
27507 130f0f0f0f
27508 0f0f0f1313
27509 0f0f0f0f0f
27510 131313130f
27511 1717131713
27512 1717171717
27513 1717171717
27514 1717171717
27515 1717171717
27516 1717171717
27517 1717171717
27518 1717171717
27519 1717171717
27520 0b0b0b0707
27521 0b0b070b0b
27522 070b0b0f0b
27523 0b0b0b0b0b
27524 0b0b0b0707
27525 0f0f0b070b
27526 0b0f0f0f0b
27527 0b0b0b0f0f
27528 0b0b0b0f0f
27529 0f0f0f0f0b
27530 0f0b0b0b0b
27531 1313130b0f
27532 0f0f0f0f13
27533 0f0f0b0b0b
27534 0b0f0b0f0f
27535 0b0b0b0b0b
27536 0f0f0b0b0b
27537 0b0b0b0f0f
27538 1313130f0f
27539 0f17130f13
27540 1313130f0f
27541 1313131317
27542 1317171717
27543 1317131313
27544 1717171717
27545 1717171717
27546 1717171717
27547 1717171717
27548 1717171717
27549 17171b1717
27550 1717171717
27551 1717171717
27552 070b070b0b
27553 0b070b0707
27554 070b0b0707
27555 0f0f0b0b0b
27556 0b0b0b0b0b
27557 0b0f0b0b0b
27558 0f0f0f0f0f
27559 0f0f0f0f0f
27560 0f0f0f0f0f
27561 0f0f0f0f0f
27562 0f0f0f0b0b
27563 0b0b0b0b0b
27564 0707070b0b
27565 0f130f0b0b
27566 0f0b0b0f0b
27567 0f0f131313
27568 0f0b0b130f
27569 0f0b0b0f0f
27570 0b0f0f0f0f
27571 0f0b0b0b0f
27572 13130f0f0b
27573 1317131317
27574 1313171717
27575 1313171713
27576 1717171313
27577 1717171717
27578 1717171717
27579 1717171717
27580 17171b1717
27581 171b171b17
27582 1717171717
27583 1717171717
27584 0707070707
27585 070b07070b
27586 0b0f0b0f0b
27587 070b0b070b
27588 0b0b0b0b07
27589 0b0b0b0707
27590 0b0b0b0f0b
27591 0f0b0b0b0b
27592 0f0f0b0b0b
27593 0b0b0b0b0f
27594 0f0f0f0b0b
27595 0f0f0f0b0b
27596 0f0b0f0f0f
27597 0f0f131313
27598 0f0f0b0f0f
27599 130f0f0f0f
27600 0b0f0f1313
27601 0b0b0b0b0f
27602 0b0b0b0b0b
27603 0707070707
27604 130f0f0b0b
27605 1313131313
27606 1313131313
27607 1317171b17
27608 1717131313
27609 1717171717
27610 1717171717
27611 1b1b1b1717
27612 171b17171b
27613 1717171313
27614 1717171717
27615 1713171717
27616 0707070707
27617 0b0b0b0b07
27618 070707070b
27619 0b0b0b0707
27620 0b0b0b0b0b
27621 0b0b0b0f0f
27622 0b0f0b0b0b
27623 0f0b0b0f0b
27624 0f0f0f0b0f
27625 0b0f0b0f0f
27626 0f0f0b0b0f
27627 0f0f0f0f0f
27628 0f0f130f13
27629 0f0f0f0f13
27630 0b0b0f0f0f
27631 0b0b0b0b0b
27632 0f0f0b0b0b
27633 0f0f0f0f0f
27634 0b0b0b0f0f
27635 0b0b0b0f0f
27636 13170f0f0b
27637 13130f130f
27638 1313131313
27639 1313131b17
27640 1713171313
27641 1717171717
27642 1717171717
27643 17171b1b17
27644 1713131717
27645 1717171717
27646 1717171717
27647 1313131717
27648 0707070707
27649 0b07070707
27650 0b0b0f0b0b
27651 0b0b07070b
27652 0b07070b0b
27653 0b0b0b0707
27654 070b0b0b0b
27655 0f0f0b0b0b
27656 0b0b0b0b0b
27657 0b0b0b0b0b
27658 0b0f0f0f0b
27659 0f0f0b0f0f
27660 0f0b0b0b0f
27661 0f0f0f0f0b
27662 0f0f0f0f0f
27663 0b0b0f0f0f
27664 0b0b0b0f0b
27665 0b0b0b0b0f
27666 0b0b0b0b0b
27667 0f0b0b0f0f
27668 0f130f0f0f
27669 0f0f0f0f0f
27670 1717131313
27671 0f0f13131b
27672 1713131313
27673 1717171717
27674 1717171717
27675 1b17171717
27676 1b17171717
27677 1717171717
27678 1717171717
27679 1313171717
27680 0707070707
27681 0b07070707
27682 0b070f0707
27683 0b0707070b
27684 0707070707
27685 0707070707
27686 0b0b0b0b0b
27687 0f0f0b0b0b
27688 0b0f0f0f0f
27689 0b0b0b0f0f
27690 0b0f070b0b
27691 0b0b0b0b0b
27692 0b0b0b0f0b
27693 0b0f0b0b0b
27694 0f0f0f0f0f
27695 0b0f0f0f0f
27696 0b0b0b0b0b
27697 0b0b0b0b0b
27698 0707070b0b
27699 0f130f0b07
27700 0f13131313
27701 0f0f0f0f0f
27702 1717171313
27703 1313130f0f
27704 1713131313
27705 1717171717
27706 1717171717
27707 1313171b17
27708 1317171713
27709 1713131313
27710 1717171717
27711 17171b1f1f
27712 0707070707
27713 0b07070707
27714 070b070b0b
27715 0b0b0b0b0b
27716 0b0f0b0b0b
27717 0f0b0b0b0b
27718 0707070b0b
27719 0b0f0b0b07
27720 0b0b0b0b0b
27721 0b0b0b0b0b
27722 0f0f0b0f0b
27723 130f0f0f0f
27724 0f0f0f0f0f
27725 0f0f0f0f0f
27726 0f0f0b0f0b
27727 0b0b0f0f0f
27728 0b0b0b0b0b
27729 07070b0b0b
27730 0f0b070707
27731 0f0f0f0f0f
27732 0f0b13130f
27733 130f17130f
27734 1313131313
27735 1713131313
27736 1717171713
27737 1717171717
27738 1717171717
27739 1717171717
27740 1717171313
27741 1717171717
27742 1717171717
27743 0f130f1317
27744 0707070b07
27745 0707070707
27746 070b0b0b07
27747 0b0b0b070b
27748 0b07070707
27749 0b0f0f0b0f
27750 0b0b0b0b0b
27751 0b0b0b070b
27752 0b0b070b0b
27753 0f0f0f0f0f
27754 0b0b0b0f0f
27755 0b0f0f0f0b
27756 0b0b0b0f0b
27757 0b0f0b0b0f
27758 0b0b0b0f0f
27759 0b0b0b0b0b
27760 0f0f0f0f0f
27761 0b0f0b0b0b
27762 0f0f0f0f0b
27763 0b0f0f0f0f
27764 130f0b0b0b
27765 1313131717
27766 1313131313
27767 1717171713
27768 1713131717
27769 1717131717
27770 1313171717
27771 1313171717
27772 1717171313
27773 1b1b1b1b17
27774 1717171717
27775 1313131313
27776 070b070707
27777 0307070707
27778 0707070707
27779 0707070707
27780 07070b0707
27781 0b0b0f070b
27782 0b0b0b0b0b
27783 0b070b0b0b
27784 0f0b0b0b0b
27785 0f0b0b0b0b
27786 0f0f0f130f
27787 0f0f0f130f
27788 0f0f0f0f13
27789 0f0f130f13
27790 0b0f0f0f0f
27791 0f0f0f0f0b
27792 0f0b0f0f0b
27793 13130f0f0f
27794 0b0b0f0f0f
27795 13130f0f0f
27796 130f0f0f0f
27797 13130f1717
27798 1317131313
27799 1317171717
27800 1317131317
27801 1313131313
27802 1313131313
27803 1b17171713
27804 171b171b1b
27805 1313171717
27806 1717171713
27807 1713131317
27808 0703070707
27809 0b070b0707
27810 070707070b
27811 0b0b070707
27812 0b0b0b0b07
27813 0b0b0b0b0b
27814 0b0f0f0f0b
27815 0b0b0b0b0b
27816 0b0b0b0b0b
27817 0b0b0f0f0b
27818 0b0b0b0b0b
27819 0f0f0f0f0f
27820 0f0f0f0f0f
27821 0f0f130f0f
27822 0f0f0f1313
27823 0f0f0b0f0f
27824 0f0f0f0f0f
27825 0b0f0f0f0f
27826 0f0f0b0b0b
27827 0f0f13130f
27828 1313131313
27829 1313131313
27830 1313131313
27831 1313131317
27832 1717171717
27833 1717171313
27834 17171b1b17
27835 1713131717
27836 130f0f1313
27837 131313130f
27838 0f0f131313
27839 1313131313
27840 0707070707
27841 0707070707
27842 0707070703
27843 0707070707
27844 0b0b0b0f0b
27845 0b070b070b
27846 0f0f0b0b0b
27847 0b0b0f0f0f
27848 0b0b0b0b0b
27849 0b0f0f0f0b
27850 0f0f0f0f0f
27851 0f0f0f0f0f
27852 0f0f0f0f0f
27853 0f0f0f0b0f
27854 0f0f0f0f0f
27855 0b0b0f0f0f
27856 0f0f0b0b0f
27857 0b0f0f0f0f
27858 1313130f0b
27859 0f0f0f0f13
27860 0f0f0f0f0f
27861 1713171713
27862 1717171717
27863 1313131317
27864 1313131313
27865 1313131313
27866 1717131313
27867 13130f1317
27868 1313131313
27869 1317171313
27870 1313131717
27871 0b0b0b0f13
27872 0707070707
27873 0707070707
27874 0b07070707
27875 0b0707070b
27876 0b0b0f0b0b
27877 0b0b0f0b0f
27878 0f0f0f0f0b
27879 0f0f0f0f0f
27880 0f0f0f0f0f
27881 0f0b0f0f0b
27882 0b0b0b0b0b
27883 0f0f0f0f0b
27884 0f0f0f0f0f
27885 0f0f0f0f0f
27886 0b0b0b0b0b
27887 0f0f0f0f0f
27888 0f0f0f0f0f
27889 0b0f0f0f0f
27890 0b0b0f0b0b
27891 0b0f0f0f0b
27892 171b171713
27893 131313131b
27894 0f0f0f0f0f
27895 1317131717
27896 1713131313
27897 1313171713
27898 1717171713
27899 1313131313
27900 1717131313
27901 1717131717
27902 0b0f0f0f13
27903 0f0b0b0b0b
27904 0703030707
27905 0707070707
27906 0b0b0b0707
27907 0b0b0b0b0b
27908 0f0b0b0f0b
27909 0f0f0f0f0f
27910 0f0b07070b
27911 0f0f0f0f0b
27912 0f0f0f0f0b
27913 0f0f0f0f0f
27914 0b0b0b0f0f
27915 0b0f0b0b0b
27916 0f0f0f0f0f
27917 0f0f0f0f0f
27918 0f0f0f0f0f
27919 0f0f0f0f0f
27920 0f0f0f0f0f
27921 0f0f0f0b0f
27922 13130f0b0b
27923 1b1717130f
27924 0f13131317
27925 130f0f0f0b
27926 13171b1717
27927 1313131313
27928 130f131313
27929 1313131313
27930 0f13171717
27931 131717130f
27932 1313131317
27933 0f0f0f0f0f
27934 0b0b0f0b0f
27935 0b0b0b0b0b
27936 0703070307
27937 070b070707
27938 0b0b0b0b07
27939 0f0b0b0b0b
27940 0b0f0f0f0f
27941 0f0b0f0b0b
27942 0b0f0f0f0b
27943 0b0b0f0b0b
27944 0f0f0b0f0b
27945 0b0b0f0f0f
27946 0b0b0b0b0b
27947 0b0f0b0b0b
27948 0b0b0b0b0b
27949 0f0b0b0b0b
27950 0b0b0f0f0b
27951 0f0f0b0b0b
27952 0f0f0f0f0f
27953 0b0f0f0b0b
27954 1313130f0f
27955 1313171313
27956 0f0f0b0f0f
27957 1313131313
27958 0f13131713
27959 1313131313
27960 0f130f1313
27961 131313130f
27962 1313131313
27963 1313171313
27964 0f0f0f0f13
27965 0b0b0f0f0f
27966 0b0b0b0b0b
27967 070b0b0b0b
27968 0703030303
27969 0b0b070707
27970 0b0b0b0b0b
27971 0f0b0b0b0b
27972 0f0f0f0f0f
27973 0f0f0b0f0b
27974 0f0f0f0f0f
27975 0b0b0f0f0f
27976 0b0b0b070b
27977 0f0f0f0b0b
27978 0b0b0b0f0f
27979 0707070b0b
27980 070b0b0b0b
27981 0b0b0b0b0b
27982 0b0b0b0f0f
27983 0f0f0b0b0b
27984 0f0b0b0f0f
27985 0f0f130f0f
27986 0f0b0b0b0f
27987 0f0b0b0f13
27988 13130f0f0f
27989 0f13131313
27990 0f0f0f0f0f
27991 0f0f0f0f0f
27992 1313130f0f
27993 1313131313
27994 1313131313
27995 0f0f0f0f0f
27996 0b0b0b0f0f
27997 0b0b0b0b0b
27998 0b0b0b0b0b
27999 0b0b0b0b0b
28000 0707030307
28001 0b0b0b0707
28002 0b0b0b0b0b
28003 0b0b0b0b0b
28004 0f0b0f0f0b
28005 0f0f0f0f0f
28006 0b0b0b0b0b
28007 0f0f0b0b0b
28008 0b0f0f0f0f
28009 0b0f0b0b0b
28010 0707070b0b
28011 0b0b0b0b0b
28012 0b0b0b0b0b
28013 0b0b07070b
28014 0b0b0b0b0f
28015 0b0b0b0b0f
28016 0f0f0f0b0b
28017 0f0b0b0b0f
28018 0f0f0f0f0f
28019 13130f0f0f
28020 1313131313
28021 0f0f0f1313
28022 0f0f130f0f
28023 1313131313
28024 1713131313
28025 0f13131313
28026 0f0f0f0f13
28027 0f0f0f0f13
28028 0f0f0f0f0f
28029 0f0f0f0f0f
28030 0b0f0b0f0f
28031 0b0b0f0b0b
28032 0703030300
28033 0b07070707
28034 0b0b0b0b0b
28035 070707070b
28036 0b0b0b0b0b
28037 0b0b0b0b0b
28038 0b0b0b0b0b
28039 0707070707
28040 0b07070707
28041 0f0f0f0b0b
28042 130f0f0f0f
28043 0b0b0f0f0f
28044 0f0b0f0b0f
28045 0f0f0f0f0f
28046 0b0b0b0b0f
28047 0b0b0b0f0f
28048 0f0f0f0f0f
28049 0f0f0b0b0b
28050 0b0b0b0b0b
28051 1313130f0b
28052 0f0f0f1313
28053 0f0f0f0f0f
28054 13130f1313
28055 1717131313
28056 0f13171313
28057 0f130f0f0b
28058 0f0f0f0f13
28059 0f0f0f0f0f
28060 0f0f0f0f0f
28061 0f0f0f0f0f
28062 0b0b0b0b0b
28063 0f0b0b0b0b
28064 0300000303
28065 0b0b070707
28066 0b0b0b0b0b
28067 070707070b
28068 0b07070303
28069 0b0b0b0b0b
28070 0b0b0b0b0b
28071 0f0f0f0f0f
28072 0b0b0b0b0f
28073 0b0b070b07
28074 0b0b0b0f0b
28075 0b070b0b0b
28076 0b0b0b0b07
28077 0f0f0b0f0f
28078 0f0f0f0f0b
28079 0f0f0f0b0f
28080 07070b130f
28081 130f0f0b0b
28082 130f0f0f0f
28083 0f130f130f
28084 0b0f0f1313
28085 130f130f0b
28086 1313131313
28087 1313131317
28088 130f131313
28089 0f0f0f130f
28090 0f0f0f0f0f
28091 0f0f0f0f0f
28092 0b0b0b0f0f
28093 0b0b0f0b0b
28094 070b0b0b0b
28095 0f0b0b0b0b
28096 0303030000
28097 0b0b070707
28098 0b0b0b0b0b
28099 0707070707
28100 070b070707
28101 0b0b070707
28102 0b0b0b0707
28103 0707070b0b
28104 07070b0b07
28105 0303030707
28106 0703030307
28107 0f0b0f0f0b
28108 0b0b070b0b
28109 0b0b07070b
28110 0f0f0f0f0b
28111 070b0b0f0f
28112 0b0b0b0b0b
28113 0f130f130f
28114 0f0f0f0f0f
28115 0f0f0f0f0f
28116 130f0f0f0f
28117 1313130f13
28118 0f0f0f1313
28119 0f13131313
28120 0f130f0f0f
28121 0f0f0f0f0f
28122 0f0f0f0f0f
28123 0f0f0f0f0f
28124 0b0b0b0b0b
28125 0b0b0b0b0b
28126 0b0b0b0b0b
28127 0b0b0b0b0b
28128 0303030303
28129 0b070b0707
28130 070b0b0707
28131 0303030707
28132 0707070703
28133 0707070707
28134 0707070b07
28135 0f0b0b0b07
28136 0707070b0b
28137 0b0b070707
28138 0b07070707
28139 030303070b
28140 0b07070703
28141 0f13130f0b
28142 0b0f0f0b0f
28143 0f0b0b0b0b
28144 0f0f0f0f0f
28145 0f0f0f0b0f
28146 0b0f0f0f0f
28147 0b0b0f0b0b
28148 130f0b0f0f
28149 0f0f131313
28150 0f0f0f0f0f
28151 0f0f0f0f0f
28152 0f0f131313
28153 0f0f0f0f0f
28154 0f0f0f0f0f
28155 0b0f0b0b0b
28156 0b0b0b0b0b
28157 0f0f0f0f0b
28158 0b0b0b0b0f
28159 0f0f0b0b0b
28160 0703000000
28161 0b0b070707
28162 0307070b0b
28163 0000000000
28164 0303000000
28165 0707070303
28166 0b0b070707
28167 0b0b07070b
28168 070b0b0b0b
28169 0b0b0b0707
28170 0707070707
28171 0b0b070707
28172 0f0f0b0b0b
28173 0b0f0f1313
28174 070b0f0b0f
28175 0b0b0b0b0b
28176 0f0f0f0f0f
28177 0f0f0b0b0f
28178 0f0f0f0f0f
28179 0f0f0f0f0f
28180 131313130f
28181 0f0f0f0f0f
28182 0f0f0f0f0f
28183 0f0f0f0f0f
28184 0f0f0f0f0f
28185 0b0b0f0f0f
28186 0b0b0b0b0b
28187 0b0f0b0b0b
28188 0f0f0b0b0f
28189 0b0b0f0f0f
28190 0f0f0f0f0b
28191 0f0f0f0f0f
28192 0000000000
28193 0000000000
28194 0303030303
28195 0303030003
28196 0000000303
28197 0703030300
28198 0b0b070b07
28199 070707070b
28200 0b0b070b0b
28201 0b0b0b0b0b
28202 0b0b070b0b
28203 0f0f0b0b0b
28204 0f0f0f0b0f
28205 0b0b0b0b0f
28206 0f0f0b0707
28207 0f13130f0f
28208 0f0f0f1313
28209 0f0f0f0f0f
28210 0f0f0f130f
28211 130f0f0b0f
28212 0f1313130f
28213 0f130f0f0f
28214 0f0f0f0f0f
28215 0f0f0f0f0f
28216 0b0b0f0f0f
28217 0b0b0b0b0b
28218 0b0b0b0b0b
28219 0b0b0b0b0b
28220 0b0b0b0b0f
28221 13130f130f
28222 0f0f13130f
28223 0b0b0b0f0f
28224 0003030303
28225 0303000003
28226 0303070707
28227 0707070703
28228 0303070703
28229 0307030303
28230 0707070303
28231 0707070703
28232 0707070707
28233 0707070707
28234 0707070707
28235 0b0b0b0b0b
28236 0b0b0f0f0f
28237 0b070b0b0b
28238 0f0f0f0f0b
28239 0b0b0b0f0f
28240 0f0f0b0b0b
28241 0b0b0f0f0f
28242 0f0b0b0b0b
28243 0f13130f0f
28244 0f0f0f0f13
28245 0f0f0f0f0f
28246 0b0f0f0f0f
28247 0b070b0b0b
28248 0b0b0b0b0b
28249 0f0b0b0b0b
28250 0b0b0b0b0b
28251 0f0f0f0b0b
28252 0f130f0f13
28253 0b0b0f1313
28254 0f0f130f0b
28255 0f0f0f130f
28256 0303030303
28257 0b0b070303
28258 070b0b0b0b
28259 0707070707
28260 0707070707
28261 0707070307
28262 07070b0b07
28263 0300070703
28264 0303030303
28265 0300030303
28266 0b0b070707
28267 0b0b0b0b0b
28268 0707070b0b
28269 0b0b070b0b
28270 0b0b0b0707
28271 0b0b0b0b07
28272 0f0f0b0b0b
28273 0b0b070b0f
28274 0f0f0f0f0f
28275 0f130f0f0f
28276 0f0f0f0f13
28277 0b0b0b0b0b
28278 0b0b0b0b0b
28279 0f0b0b0b0b
28280 0f0f0f0f0b
28281 0f0b0f0f0f
28282 13130f0b0f
28283 0f0f0f0f0f
28284 0b0b0f0f0f
28285 0f0b0b0b0b
28286 0f0f0f0f0f
28287 0f0b0b0f0f
28288 0000000000
28289 0300000000
28290 0b0b0b0b0b
28291 000003030b
28292 0707030300
28293 0707070707
28294 0b0b0b0b0b
28295 070b0b0b0b
28296 0303030007
28297 0703030003
28298 0b0b0f0b0b
28299 0707070b0b
28300 070703070b
28301 0b07070707
28302 0b0b070707
28303 0b0b0b0f0b
28304 0f0b0b0b0f
28305 0f0f130f0f
28306 13130f130f
28307 0b0b0f0f0f
28308 0b0b0b0b0b
28309 0b0b0f0f0b
28310 0b0b0b0b0b
28311 0f0f0b0b0b
28312 0b0f0f0f0f
28313 0f0f0f0f0b
28314 0b0b0f0f0f
28315 0b0b0b0b0b
28316 0f0f0b0b0b
28317 0f0f0f0f0f
28318 0f0f0b0f0b
28319 0f0f0f0f13
28320 0707030003
28321 0f0b0b0f0b
28322 03070b0f0f
28323 0000000000
28324 0000000000
28325 0303000000
28326 070b070707
28327 0707070707
28328 0300000003
28329 0b07070303
28330 0b0b0b0b0b
28331 0b070b0707
28332 0f0b0b0b0b
28333 0f0f0b0f0b
28334 0b0f0f0f0f
28335 0f0b0b0f0f
28336 0f0f0f0b13
28337 0f0f0f0b0b
28338 0f0f0f0f0f
28339 0b0b0b0f0b
28340 0b0b0b0b0b
28341 0b0b07070b
28342 0f0f0f0b0b
28343 0f0f0f0f0f
28344 0f0f0f0f0b
28345 0f0f0f0f0f
28346 0f0f0f0f0f
28347 0f0f0f0f13
28348 0f0f0b0f0f
28349 0b0b0b0b0b
28350 0f0f0b0b0b
28351 0b0b0f0b0f
28352 0b07030000
28353 0f0f0f0f0b
28354 070f0f0f0f
28355 0000000003
28356 0000000000
28357 0000000000
28358 0003030300
28359 0000000000
28360 0707030303
28361 0b0b070707
28362 0b0b0b0b0b
28363 0b0707070b
28364 0b0b0b0b0b
28365 07070b0b0b
28366 0b0b0b0707
28367 0b0707070b
28368 0b0b0b0b0b
28369 0f0f0f0f0b
28370 0b0b0b0b0b
28371 0b07070b07
28372 0b0b0b0b0b
28373 0f0f0b0f0b
28374 0b0b0f0f0f
28375 0f0f0b0b0f
28376 0f0f0f0f0f
28377 0f0f0b0f0f
28378 0b0b0b0f0f
28379 0b0b0b0f0f
28380 0b0b0b0b0f
28381 0b0f0f0b0b
28382 0b0f0f0f0f
28383 0f0f0f0f0f
28384 0000000000
28385 0f0b0b0703
28386 0b0f0f0f0f
28387 000003030b
28388 0000000303
28389 0000000000
28390 0000000000
28391 0000000000
28392 0300000000
28393 0b070b0707
28394 0b0b0b0b0b
28395 0b070b0b0b
28396 0b0b0b0b0b
28397 0b0b0b0b0b
28398 0b0b0b0b0b
28399 0f0b0b0b0b
28400 0f0b0b0f0f
28401 0707070707
28402 0707070707
28403 0b0b0b0b0b
28404 0b0f0b0b0b
28405 0f0f0f0f0b
28406 0b0b0b0b0b
28407 0b0b0b0f0b
28408 0b0b0b0b0b
28409 0f0f0b0b0b
28410 0b0b0b0f0f
28411 0b0b0b0b0b
28412 0b0b0b0b0b
28413 0b0b0b0b0b
28414 0b0b0b0b0b
28415 0b0b0b0b0b
28416 0000000000
28417 0f0f0f0b03
28418 0b0f0f0f0f
28419 0000030b0b
28420 0300000000
28421 0000030303
28422 0000000000
28423 0000000000
28424 0000000000
28425 0303030000
28426 0307070707
28427 0303030303
28428 0b07070703
28429 0b0b0b070b
28430 070b0b0b0b
28431 0707070707
28432 0707070703
28433 0b0b0b0707
28434 0b0b0b0b0b
28435 0b0b0b0b0b
28436 0b0b0b0b0b
28437 0b0b0b0b0b
28438 0b0b0b0b0b
28439 0b0b0b070b
28440 0b0b0b0b0b
28441 0b0b0b0b0b
28442 0b0b0b0b0b
28443 0b0b0b0b0b
28444 0b0b0b0b0b
28445 0b0b0b0b0b
28446 0b0b0b0b0b
28447 0b0b0b0b0b
28448 0000000000
28449 0f0f0f0b03
28450 0b0f0f0f0f
28451 000000000b
28452 0703000000
28453 0000000303
28454 0300000300
28455 0000000003
28456 0000000000
28457 0303000000
28458 0300000003
28459 0303070707
28460 0303030307
28461 0707070703
28462 0303030303
28463 0707030303
28464 0703070707
28465 0b0b0b0707
28466 0b0b0b0b0b
28467 0b0b0b0707
28468 0b0b0b0b0b
28469 0b0b0b0b0b
28470 0b0b0b0b0b
28471 0b0b0b0b0b
28472 0b0b0b0b0b
28473 0b0b0b0b0b
28474 0b0b0b0b0b
28475 0b0b0b0b0f
28476 0b0b0b0b0b
28477 0b0b0b0b0b
28478 0f0f0f0b0b
28479 0b0b0b0f0b
28480 0000000000
28481 0b0b0b0300
28482 0b0f0f0f0f
28483 000000000b
28484 0000000000
28485 0003000000
28486 0303030300
28487 0303000303
28488 0003030303
28489 0000000000
28490 0000000000
28491 0300000000
28492 0003030303
28493 0303030303
28494 0707030703
28495 0707070303
28496 0b0b070707
28497 07070b0b0b
28498 0b0b0b0707
28499 0b0b0b0b0b
28500 0b0b0b0b0b
28501 0b0b0b0b0b
28502 0b0b0b0b0b
28503 0b0b0b0b0b
28504 0b0b0b0b0b
28505 0b0b0b0b0b
28506 0b0b0b0b0b
28507 0b0b0b0b0b
28508 0b0b0b0b0b
28509 0b0b0f0f0b
28510 0b0b0b0b0b
28511 0b0b0b0b0b
28512 0000000000
28513 0b03030000
28514 070b0f0f0f
28515 0000000003
28516 0000000000
28517 0000000000
28518 0003000000
28519 0000000000
28520 0000000000
28521 0000000000
28522 0000000003
28523 0000000300
28524 0303030000
28525 0303030303
28526 0000000003
28527 0703030303
28528 0707070b07
28529 0707070707
28530 0b0b0b0707
28531 0707070b0b
28532 0707070707
28533 0707070707
28534 070b0b0707
28535 0707070707
28536 0b0b0b0b07
28537 070707070b
28538 0b0b0b0b0b
28539 0b0b0b0b0b
28540 0b0b0b0b0b
28541 0b0f0b0b0b
28542 0b0b0b0b0b
28543 07070b0b0b
28544 0000000000
28545 0300000000
28546 0003070b07
28547 0000000000
28548 0000000000
28549 0000000000
28550 0000000000
28551 0000000000
28552 0000000000
28553 0000000000
28554 0000000000
28555 0303000000
28556 0000000303
28557 0000000003
28558 0707070303
28559 0b07070707
28560 0707070707
28561 070b070707
28562 070b070707
28563 0707070707
28564 07070b0707
28565 0707070707
28566 0707070707
28567 0b0b0b0b0b
28568 0b0b0b0b0b
28569 0b0b0b0b0b
28570 0b0b0b0b0b
28571 0b0b0b0b0b
28572 0b0b0b0b0b
28573 0b0b0b0b0b
28574 0b0b0b0b0b
28575 0707070b0b
28576 0000000000
28577 0000000000
28578 0000000000
28579 0000000000
28580 0300000000
28581 0000000003
28582 0000000000
28583 0000000000
28584 0000000000
28585 0000000000
28586 0000000000
28587 0307000300
28588 0303000303
28589 0303030303
28590 0303030303
28591 0307030303
28592 0703030303
28593 0707070703
28594 0b0b0b0b07
28595 0b0b0b0b0b
28596 0707070b0b
28597 070b070707
28598 0b0b0b0b0b
28599 0b0b0b0b0b
28600 0b0b0b0b0b
28601 0b0b0b0b0b
28602 0b0b0b0b0b
28603 0b0b0b0b0b
28604 0b0b0b0b0b
28605 0b0b0b0b0b
28606 0b0b0f0b0b
28607 070b0b0b0b
28608 0000000000
28609 0000000000
28610 0000000000
28611 0000000000
28612 0000000000
28613 0000000000
28614 0000000000
28615 0000000000
28616 0000000000
28617 0000000000
28618 0000000000
28619 0303000000
28620 0303030300
28621 0303030303
28622 0703030703
28623 0707070307
28624 0707070707
28625 07070b0b07
28626 070b0b0b07
28627 0b0b0b0707
28628 0b070b0b0b
28629 0b0b0b0b0b
28630 0b0b0b0b0b
28631 0b0b0b0b0b
28632 0b0b0b0b0b
28633 0b0b0b0b0b
28634 0b0b0b0b0b
28635 0b0b0b0b0b
28636 0b0b0b0b0b
28637 0b0b0b0b0b
28638 0b0b0b0f0b
28639 07070b0b0b
28640 0000000000
28641 0000000000
28642 0000000000
28643 0000000000
28644 0000000000
28645 0000000000
28646 0000000000
28647 0000000000
28648 0000000000
28649 0000000000
28650 0000000000
28651 0000000000
28652 0303030300
28653 0303030303
28654 0303030303
28655 0707070303
28656 0b07070707
28657 07070b0b0b
28658 0b0b070707
28659 0b0b0b0b0b
28660 0b0b0b0b0b
28661 0b0b0b0b0b
28662 0b0b0b0b0b
28663 0b0b0b0b0b
28664 0f0b0f0b0b
28665 0b0b0b0b0b
28666 0f0b0b0f0b
28667 0f0f0f0b0f
28668 0f0f0f0f0f
28669 0b0b0b0b0b
28670 0b0b0b0b0b
28671 0b0b0b0b0b
28672 0000000000
28673 0000000000
28674 0000000000
28675 0000000000
28676 0000000000
28677 0000000000
28678 0000000000
28679 0000000000
28680 0000000000
28681 0000000000
28682 0000000000
28683 0000000000
28684 0300000000
28685 0303030300
28686 0303030303
28687 0707030307
28688 0707070707
28689 0707070707
28690 0b07070707
28691 0b0b0b0b0b
28692 0b0b0b0b0b
28693 0b0b0b0b0b
28694 0b0b0f0b0b
28695 0f0f0b0b0b
28696 0f0f0f0f0f
28697 0f0f0f0b0f
28698 0f0f0f0f0f
28699 0b0b0b0f0f
28700 0b0b0b0f0f
28701 0f0b0b0b0b
28702 0f0f0b0f0f
28703 0b0b0b0f0f
28704 0000000000
28705 0000000000
28706 0000000000
28707 0000000000
28708 0000000000
28709 0000000000
28710 0000000000
28711 0000000000
28712 0000000000
28713 0000000000
28714 0000000000
28715 0000000000
28716 0000000000
28717 0303030300
28718 0303030303
28719 0303030303
28720 0707030703
28721 070b070703
28722 0707070707
28723 0707030b03
28724 0b0b0b070b
28725 0b0b0b0b0b
28726 0b0b0b0b0b
28727 0f0b0f0b0b
28728 0b0f0f0f0b
28729 0b0f0f0b0b
28730 0b0b0b0f0f
28731 0b0b0b0b0b
28732 0b0b0b0b0b
28733 0f0f0b0b0b
28734 0b0b0b0f0f
28735 0b0b0b0b0b
28736 0000000000
28737 0000000000
28738 0000000000
28739 0000000000
28740 0000000000
28741 0000000000
28742 0000000000
28743 0000000000
28744 0000000000
28745 0000000000
28746 0000000000
28747 0000000000
28748 0000000000
28749 0303030000
28750 0703030303
28751 0707070707
28752 070b070707
28753 070703070b
28754 0707070707
28755 0707070707
28756 07070f070f
28757 0b07070b0b
28758 0b0b07070f
28759 0b0b0b0b0b
28760 070b070b0b
28761 0b0b0b070b
28762 0b0b0b0f0b
28763 0b0b0b0b0b
28764 0b0b0b0b0b
28765 0b0b0b0b0b
28766 0b0b0b0b0b
28767 0b0b0b0b0b
28768 0000000000
28769 0000000000
28770 0000000000
28771 0000000000
28772 0000000000
28773 0000000000
28774 0000000000
28775 0000000000
28776 0000000000
28777 0303030000
28778 0b07070707
28779 0b0b0b0b07
28780 070b0b0b0b
28781 07070b0b0b
28782 0707070707
28783 0b0b0b0707
28784 070b0b0707
28785 0707030307
28786 0707070707
28787 0703070707
28788 0b07070b07
28789 0b0b0b0b0b
28790 07070b0b0b
28791 0b0b0b0b07
28792 0b0b0b0707
28793 0b0b0b0b0b
28794 0b0b0b0b0b
28795 0b0b0b0b0b
28796 070707070b
28797 0b0b0b0b0b
28798 0b0b0b0b0b
28799 0707070b0b
28800 0000000000
28801 0000000000
28802 0003030703
28803 0000000000
28804 0000000000
28805 0000000000
28806 0000000000
28807 0000000000
28808 0303030000
28809 0707070303
28810 0303030303
28811 0703030303
28812 0707030703
28813 0707070707
28814 0707070707
28815 070303070b
28816 0303030307
28817 0707070703
28818 0707070707
28819 0b0b070703
28820 07070b070b
28821 070b0b0b07
28822 0b070b0707
28823 0b0b0b0707
28824 070707070b
28825 0b0b07070b
28826 0707070b07
28827 070707070b
28828 0707070307
28829 07070b0707
28830 070707070b
28831 0707070707
28832 0000000000
28833 0000000000
28834 0000000300
28835 0000000000
28836 0000000000
28837 0000000000
28838 0000000000
28839 0000000000
28840 0000000000
28841 0000000000
28842 0000000003
28843 0703030000
28844 0707070707
28845 0707070707
28846 0707070707
28847 0f0f070707
28848 0b0f0b070b
28849 0b0b0b070b
28850 0307070b0b
28851 0707070707
28852 0707070303
28853 0707070707
28854 0b070b0b07
28855 07070b0b0b
28856 07070b0b0b
28857 0b0b0b0707
28858 0b070b0b07
28859 070703070b
28860 070707070b
28861 0707070707
28862 0707070707
28863 0707030707
28864 0000000000
28865 0000000000
28866 0003030703
28867 0000000000
28868 0000000000
28869 0000000000
28870 0000000000
28871 0000000000
28872 0000000000
28873 0300000000
28874 0303070303
28875 0303070b07
28876 0707070707
28877 0707030307
28878 0707070707
28879 0707070707
28880 0b070b0707
28881 0b0b0b0b0b
28882 0b0b0b0b0b
28883 0b0b0b0b0b
28884 070b0f0f0b
28885 0707070707
28886 0b07070707
28887 0b0707070b
28888 070b0b070b
28889 0707070b0b
28890 070b0b0b07
28891 0703030300
28892 0307070707
28893 0307030703
28894 0707070707
28895 0303030707
28896 0000000000
28897 0300000000
28898 0003070707
28899 0000000000
28900 0000000000
28901 0000000000
28902 0000000300
28903 0303000303
28904 0000000003
28905 0303000000
28906 0707070703
28907 070707070b
28908 0707070707
28909 0707070707
28910 0707070707
28911 0b07070707
28912 0b0b070707
28913 0b0b0b0b0b
28914 0b0b0b0b0b
28915 0b0b0b0b0f
28916 0f0f0f0f0b
28917 0f0f0f0f0f
28918 0f0b0f1313
28919 070b0f0f0f
28920 070b070b07
28921 070b070707
28922 07070f0b0b
28923 0707070b03
28924 0b0b0b0707
28925 07030b0707
28926 0307070707
28927 0303030707
28928 0000000000
28929 0000000000
28930 0003070707
28931 0000000000
28932 0000000000
28933 0000000000
28934 0000000000
28935 0000000000
28936 0000000000
28937 0303030000
28938 0303030707
28939 0303000000
28940 0307030307
28941 0707030303
28942 0707070707
28943 0707070707
28944 0b0b070707
28945 0b0b0b0b0b
28946 0b0b0b0b0b
28947 0b0b0b0b0b
28948 0b0f0b0b0b
28949 0f0f0f0f0b
28950 1313130f0f
28951 0f0f131313
28952 1313131313
28953 0f1313130f
28954 070b0b0f0f
28955 0707030b07
28956 0b0b070707
28957 07070b070b
28958 030703070b
28959 0707070703
28960 0000000000
28961 0300000000
28962 0003070707
28963 0000000000
28964 0000000000
28965 0000000000
28966 0000000000
28967 0303000000
28968 0000030303
28969 0000000000
28970 0707030303
28971 0307070707
28972 0303030707
28973 0707070707
28974 0707070707
28975 0b07070707
28976 0b0b070707
28977 0b0b0b0b0b
28978 0b0b0b0b0b
28979 0b0b0b0b0b
28980 0b0f0f0f0f
28981 0f0f0f0b0b
28982 0f0f0f0f0f
28983 0f0f0f0f0f
28984 130f0f0f0f
28985 0f0f0f130f
28986 0f0f130f13
28987 13130f0000
28988 0f0f130f13
28989 070707070f
28990 0707070707
28991 07070b0707
28992 0000000000
28993 0300000000
28994 0003070703
28995 0000000000
28996 0000000000
28997 0300030000
28998 0000000000
28999 0303030300
29000 0300030303
29001 0707030303
29002 0707070707
29003 0303030707
29004 0707030707
29005 0707070707
29006 0b07070707
29007 0707070b07
29008 0b0b07070b
29009 0b0b0b0b0b
29010 0b0b0b0b0b
29011 0b0b0b0b0b
29012 0f0f0f0f0b
29013 0f0f0f0f0f
29014 0f0f0f0f0f
29015 0f0f0f0f0f
29016 0f0f0f0f0f
29017 0f0f130f0f
29018 0f0f0f0f0b
29019 0f130f170f
29020 0f0f0f130f
29021 0f13131313
29022 0b0f0f1313
29023 070707070b
29024 0000000000
29025 0303000000
29026 0003070707
29027 0000000000
29028 0000000000
29029 0000000000
29030 0300030303
29031 0303030003
29032 0303030003
29033 0303030303
29034 0707070303
29035 0707070707
29036 0707070707
29037 0707070707
29038 0707070707
29039 0b0b0b0b0b
29040 0b07070b0b
29041 0b0b070707
29042 0b0b0b0b0b
29043 0b0b0b0b0b
29044 0b0f0f0f0b
29045 0f0f0b0f0b
29046 0f0f0f0b0f
29047 0f0f0b0b0f
29048 0f0f0f0f0f
29049 0f0f0f0f0f
29050 0f0f0f0f13
29051 0f1713130f
29052 0f130f0f13
29053 0f0f130f0b
29054 13130f0f0f
29055 0f0f0f130f
29056 0000000000
29057 0300000000
29058 0007070b07
29059 0000000000
29060 0000000000
29061 0003000000
29062 0000000000
29063 0303030303
29064 0303070307
29065 0303030303
29066 0707030303
29067 0703030707
29068 0707070707
29069 0707070707
29070 0707070b07
29071 0b0b070707
29072 0b0b0b0b0b
29073 070b0b0b0b
29074 0b0b0b0707
29075 0b0b0b0b0b
29076 0b0b0b0b0b
29077 0f0f0f0b0b
29078 0f0f0f0f0f
29079 0f0f0f0f0f
29080 0f0f0f0f0f
29081 130f0f0f0f
29082 0f0f13130b
29083 0f13130703
29084 0f0f0f0f0f
29085 0f0f0f0f0f
29086 0f0f0f0f0f
29087 0b0f0f0f0f
29088 0000000000
29089 0300000000
29090 0307070707
29091 0000000300
29092 0003000000
29093 0303000000
29094 0303070303
29095 0303030303
29096 0303030707
29097 0303070303
29098 0303070703
29099 0707030707
29100 0707070707
29101 0707070707
29102 0b0b070707
29103 0b0b0b0b0b
29104 07070b0b0b
29105 0b0b070707
29106 0b0b0b0b0b
29107 0b0b0b0b0b
29108 0b0b0b0b0b
29109 0b0b0b0b0b
29110 0f0f0b0b0b
29111 0f0f0f0f0f
29112 130f0f0f0f
29113 0f130f0f13
29114 0b0f0f0f13
29115 0f1313130b
29116 0f0f0f0f0f
29117 0b0f0f0f13
29118 0f0f0f0f0b
29119 0f0b0b0f0b
29120 0000000000
29121 0300000000
29122 0307070707
29123 0000000000
29124 0000000000
29125 0003000000
29126 0303030303
29127 0307070707
29128 0303030707
29129 0707070707
29130 0707070707
29131 0707070707
29132 0707070707
29133 0707070707
29134 0707070707
29135 0b0b0b0707
29136 0b0b0b0b0b
29137 0b0b0b0b0b
29138 0b0b0b0b0b
29139 0f0b0b0b0b
29140 0f0b0f0f0b
29141 0b0b0b0b0f
29142 0f0f0f0f0f
29143 0f0f0f0f0f
29144 0f0f0f0f0f
29145 130f130f0f
29146 0f0f0f0f13
29147 13170f170f
29148 0f0f0f0f13
29149 0f0f0f0f0b
29150 0b0b0f0f0f
29151 0f0f0f0f0f
29152 0000000000
29153 0300000000
29154 0307070b07
29155 0000030000
29156 0703030300
29157 0303030307
29158 0003030303
29159 0303030303
29160 0303030303
29161 0703030303
29162 0707030303
29163 0707070707
29164 0707070707
29165 0707070707
29166 0707070707
29167 0b0b0b0b07
29168 0b0b0b0b0b
29169 0b0b0b0b0b
29170 0b0b0f0b0b
29171 0b0b0b0b0b
29172 0f0f0f0b0b
29173 0f0f0f0f0f
29174 0f0f0f0f0f
29175 131313130f
29176 0f0f0f0f0f
29177 0f130b0f0f
29178 0f0f13130f
29179 0f13131313
29180 0f0f0f0f0f
29181 0f0f0f0f0f
29182 0f0f130f0f
29183 0f0f0f0f0f
29184 0000000000
29185 0300000000
29186 03070b0b07
29187 0000000003
29188 0003000000
29189 0000000000
29190 0303000000
29191 0303070703
29192 0303030303
29193 0707070707
29194 0707070707
29195 0707070707
29196 0707070707
29197 0707070707
29198 0b0b0b0707
29199 0b0b0b0b0b
29200 0b0b0b070b
29201 0b0b0b0b0b
29202 0b0b0b0b0b
29203 0b0b0b0b0b
29204 0f0f0f0b0b
29205 0f0f0f0f0f
29206 0f0f0f0f0f
29207 0f0f0f0f0f
29208 130f0f0f0f
29209 0f0f130f13
29210 0b0f0f0f13
29211 0f0f170303
29212 0f0f0f0f0f
29213 0f0f0f0f0f
29214 13130b0f0b
29215 070b0f0f0f
29216 0000000000
29217 0300000000
29218 0007070703
29219 0000000000
29220 0300000000
29221 0303030303
29222 0303030303
29223 0703030707
29224 0707070307
29225 0303070707
29226 0707070303
29227 0707070707
29228 0707070707
29229 0b07070b07
29230 07070b0b07
29231 07070b0b0b
29232 0b0b0b0b07
29233 0b0b0f0f0f
29234 0b0f0b0f0b
29235 0b0b0b0b0b
29236 0f0f0f0b0b
29237 13130f0f0f
29238 0f0f0f0f0f
29239 0f0f0f0f0f
29240 0f0f0b0f0f
29241 130b0f130f
29242 0b0f0f0f0b
29243 0f0f13130b
29244 0f0f0f0f13
29245 0f0f0f0f0f
29246 00030b0b0f
29247 0b07030300
29248 0000000000
29249 0000000000
29250 0003030303
29251 0000000000
29252 0003030000
29253 0000000303
29254 0703030300
29255 0707030703
29256 0707070707
29257 0707070707
29258 0b07070707
29259 0b0707070b
29260 0b070b0b0b
29261 0b0b0b0b0b
29262 0707070b0b
29263 0b0b0b0b0b
29264 0b0b0b0b0b
29265 0b0b070707
29266 0b0b0b0b0f
29267 0f0b0b0b0b
29268 130f0b0f0f
29269 0f0f0f0f0b
29270 0f0b0f0f0b
29271 130f0f0f0f
29272 1313130f0f
29273 0b0b0f0f13
29274 030300070b
29275 0b0b0b0307
29276 0b0f0f0f0b
29277 0000070b0b
29278 170f0b0303
29279 1717171b17
29280 0303000303
29281 0300000000
29282 0003030303
29283 0000000300
29284 0303030300
29285 0707030300
29286 0307030707
29287 0303070707
29288 0707030307
29289 0703070307
29290 0303030303
29291 0707030303
29292 0707070707
29293 0b0b0b0b0b
29294 0b0b0b0b0b
29295 0b0b0b0b0b
29296 0f0f0b0b0b
29297 0b0b0b0b0b
29298 0b0b0f0b0b
29299 0f0b0b0f0b
29300 130b0b0b0b
29301 0f0f0b0b0b
29302 0f0f0f0f0b
29303 0f0b0f130f
29304 0f0f0f1313
29305 0b0f0f0f0b
29306 0303030303
29307 0003070703
29308 0000000000
29309 0b03030000
29310 1717171717
29311 0f0f0f0f13
29312 0303070303
29313 0300030303
29314 0707070707
29315 0303030303
29316 0307030303
29317 0707030303
29318 0707030307
29319 0707070707
29320 0303070707
29321 0707070303
29322 0303070707
29323 0707030303
29324 0707070707
29325 0b07070707
29326 0b03070b07
29327 0b0b07070b
29328 0b0b0b0b0b
29329 0f0b0b0b0b
29330 0f0b0f0f0f
29331 0f0b0b0b0b
29332 0b0f0f0f0f
29333 0f0b0b0b0f
29334 0b0b0b0f0f
29335 130f0b130f
29336 0b0f130b13
29337 00030b070b
29338 0303030303
29339 0703030303
29340 0303030303
29341 0303000000
29342 0000000303
29343 0f0f0b0300
29344 0003000003
29345 0000000000
29346 0300000000
29347 0303030303
29348 0707070303
29349 0307070707
29350 0707070307
29351 0707070703
29352 0707070707
29353 0707070b0b
29354 070b070707
29355 0307070707
29356 0b0b070707
29357 0b0b070707
29358 0b0b0b0b0b
29359 0b0b0b0b0b
29360 0b0f0b0b0b
29361 0b0b0b0b0b
29362 0b0b0b0b0b
29363 0b0b0b0b0b
29364 0f0b0f0f0b
29365 0f0f0f0b0f
29366 0b0b0b0f0b
29367 0b0b0b0b0b
29368 0000070b07
29369 0303000303
29370 0000000300
29371 0303000300
29372 0000000000
29373 0003000000
29374 0000000003
29375 0003030300
29376 0000000000
29377 0000000000
29378 0000000000
29379 0000000000
29380 0003000300
29381 0000000000
29382 0000000000
29383 0303000000
29384 0707070707
29385 0303070307
29386 0707070303
29387 0b0b0b0b0b
29388 0707070b0b
29389 0b0b0b0b0b
29390 0b0b0b0b0b
29391 0b0b0b0b0b
29392 0b0b0b0b0b
29393 0b0b0b0b0b
29394 0b0b0b0b0b
29395 0b0f0b0f0b
29396 0f0f0b0b0b
29397 0f0f0f0b0f
29398 0b0f131313
29399 0b0b0f0b0b
29400 0300000007
29401 0303030303
29402 0000030303
29403 0000000003
29404 0303000000
29405 0303030000
29406 0000030000
29407 0303000003
29408 0000000000
29409 0000000000
29410 0000000000
29411 0000000000
29412 0000000000
29413 0000000000
29414 0000000000
29415 0000000000
29416 0000000000
29417 0000000000
29418 0000000000
29419 0000000000
29420 0b0b0b0700
29421 0b0b0b0b0b
29422 0b0b0b0b0b
29423 070b0b0b0b
29424 0b0b0f0f0b
29425 0f0f0b0b0b
29426 130f0b0b0f
29427 130f0f0f0f
29428 0b0f0f0b0f
29429 0f0f0b0f0f
29430 0f0f0f1313
29431 0003070b0f
29432 0000000000
29433 0303030303
29434 0300000303
29435 0000000003
29436 0303030000
29437 0303030303
29438 0300000000
29439 0000000003
29440 0000000000
29441 0000000000
29442 0000000000
29443 0000000000
29444 0000000000
29445 0000000000
29446 0000000000
29447 0000000000
29448 0000000000
29449 0000000000
29450 0000000000
29451 0000000000
29452 0b07030b07
29453 0b0b0f0b0b
29454 070b0b0b0b
29455 0b0b0b0f0b
29456 0b0b0f0f0f
29457 0b0b0b0b0b
29458 0b0b0b0b0f
29459 0f0b0b0b0f
29460 0b0f0b0b0f
29461 0f0f130f0f
29462 0707000f13
29463 0000000000
29464 0300000000
29465 0303030303
29466 0303030303
29467 0000000000
29468 0300000000
29469 0303030300
29470 0000000000
29471 0303000300
29472 0000000000
29473 0000000000
29474 0000000000
29475 0000000000
29476 0000000000
29477 0000000000
29478 0000000000
29479 0000000000
29480 0000000000
29481 0000000000
29482 0000000000
29483 0707070703
29484 030b130b0b
29485 0f0f0f0b07
29486 0b0f0f0f0b
29487 0b0b0b0f0b
29488 0b0f0f0b0f
29489 0f0f0f0b0b
29490 131313130b
29491 130f0f1313
29492 07070f0b0f
29493 0b0b07070f
29494 00070f0b0b
29495 0000030300
29496 0003030300
29497 0303030000
29498 0303030300
29499 0000000003
29500 0300000000
29501 0303030300
29502 0000000303
29503 0300000300
29504 0000000000
29505 0000000000
29506 0000000000
29507 0000000000
29508 0000000000
29509 0000000000
29510 0000000000
29511 0000000000
29512 0000000000
29513 0000030003
29514 0707030303
29515 0f1317170f
29516 030b17170f
29517 0f0f0b070b
29518 0f0f0f0b0b
29519 0b0b0f0f0f
29520 0f0f0f0b0b
29521 0f0f0f130f
29522 0b0f0f0f0f
29523 0003070b0f
29524 0b00030000
29525 070b0b0703
29526 0000030707
29527 0303000000
29528 0003030000
29529 0307070703
29530 0303030003
29531 0000000003
29532 0300000000
29533 0300000000
29534 0000030300
29535 0000000000
29536 0000000000
29537 0000000000
29538 0000000000
29539 0000000000
29540 0000000000
29541 0000000000
29542 0000000000
29543 0000000000
29544 0703000000
29545 0f03000007
29546 0f0b1b0f0f
29547 0b0b0f1713
29548 0b0b0f0b0f
29549 0f07070703
29550 0b0f0f0f0b
29551 0f0f0b0b0f
29552 0f0b0b0f0b
29553 030b0f0b0f
29554 0000000000
29555 0303030300
29556 03070b0b03
29557 07070b0307
29558 0000000303
29559 0300000000
29560 0703030300
29561 0300030707
29562 0303030303
29563 0000000303
29564 0000000000
29565 0000000000
29566 0303030303
29567 0000000000
29568 0000000000
29569 0000000000
29570 0000000000
29571 0000000000
29572 0000000000
29573 0000000000
29574 0000000000
29575 0000000000
29576 0703030000
29577 1717070000
29578 0b0b0f130f
29579 0f0f0f0f0b
29580 00000f0f0f
29581 0707070703
29582 0303070307
29583 0f0f0f0f0b
29584 030b0f0f0f
29585 0303030300
29586 0303030303
29587 030b0f0f0b
29588 030f130f03
29589 0000000707
29590 0300000000
29591 0300030000
29592 0003070003
29593 0303030303
29594 0303030300
29595 0003030303
29596 0000000000
29597 0003000000
29598 0303000300
29599 0000000003
29600 0000000000
29601 0000000000
29602 0000000000
29603 0000000000
29604 0000000000
29605 0003000000
29606 0003030000
29607 0303030303
29608 0000000000
29609 0f13030003
29610 0b0f0f0f0f
29611 0f0f0f0f0f
29612 03000b0f0f
29613 0703070707
29614 0307070b00
29615 0b07070000
29616 0703030003
29617 03030f0b0f
29618 07070b0f07
29619 000f171713
29620 03030b1303
29621 0000000707
29622 0000000000
29623 0000000303
29624 0303030300
29625 0303030303
29626 0003030303
29627 0303000003
29628 0000000003
29629 0000000000
29630 0003030003
29631 0000030303
29632 0000000000
29633 0000000000
29634 0000000000
29635 0000000000
29636 0000000000
29637 0003000000
29638 0300030300
29639 0303030303
29640 0003000000
29641 0f03000303
29642 0f0f0f0f0f
29643 0f0b0f0f0f
29644 0b0700070f
29645 0307030707
29646 0307070b07
29647 0707000303
29648 0b03030303
29649 17070b0707
29650 07070b1717
29651 00000f0f13
29652 0000070703
29653 0000000000
29654 0000000000
29655 0300030000
29656 0303070700
29657 0303030303
29658 0303000003
29659 0300030003
29660 0000030303
29661 0000000000
29662 0303000300
29663 0000030300
29664 0000000000
29665 0000000000
29666 0000000000
29667 0000000000
29668 0000000000
29669 0003000000
29670 0303070703
29671 0003030303
29672 0000000000
29673 0703000000
29674 070f0f0f0f
29675 0b0b0b0b0f
29676 0707030000
29677 0703000307
29678 0303070707
29679 0707070703
29680 170b030000
29681 13070b0f17
29682 0b07070f0f
29683 070b0b0f0f
29684 0300000300
29685 0000000000
29686 0000000303
29687 0703030300
29688 0703030300
29689 0303030303
29690 0300000303
29691 0303030303
29692 0303030003
29693 0000000000
29694 0000000303
29695 0003000000
29696 0000000000
29697 0000000000
29698 0000000000
29699 0000000000
29700 0000000000
29701 0003070000
29702 0303030303
29703 0000030703
29704 0000000000
29705 0303030000
29706 0000030703
29707 00030b0303
29708 070b070000
29709 070b070303
29710 0703030707
29711 00070b0307
29712 1303000000
29713 130303030f
29714 0b03070f13
29715 000b0f0f13
29716 0000000000
29717 0303000000
29718 0000000003
29719 0300000000
29720 0303000303
29721 0303030303
29722 0303030303
29723 0003000300
29724 0303030300
29725 0000000003
29726 0000000003
29727 0300000003
29728 0000000000
29729 0000000000
29730 0000000000
29731 0000000000
29732 0000000000
29733 0703070300
29734 0303070b07
29735 0000000007
29736 0000000000
29737 0000000000
29738 0000000000
29739 0000000000
29740 0707070000
29741 030b070707
29742 0307070703
29743 030b0f0707
29744 0000000300
29745 0003000000
29746 0300000000
29747 0000030003
29748 0000000000
29749 0000000000
29750 0000000000
29751 0303000300
29752 0303030300
29753 0303030303
29754 0303030303
29755 0303000000
29756 0000000003
29757 0000030303
29758 0000000000
29759 0000000000
29760 0000000000
29761 0000000000
29762 0000000000
29763 0000000000
29764 0000000000
29765 0003030303
29766 0000030003
29767 0000000000
29768 0000000000
29769 0000000000
29770 0000000000
29771 0000000300
29772 0307030000
29773 0303000307
29774 0307070707
29775 130f0b0307
29776 0300030713
29777 0000030000
29778 0000030000
29779 0000000300
29780 0000000000
29781 0000000003
29782 0000000000
29783 0303000000
29784 0000000000
29785 0000000000
29786 0303030303
29787 0300000303
29788 0003030303
29789 0003030000
29790 0000000000
29791 0000000000
29792 0000000000
29793 0000000000
29794 0000000000
29795 0000000000
29796 0003000000
29797 0000000000
29798 0000030707
29799 0000000000
29800 0000000000
29801 0000000000
29802 0000000000
29803 0000030000
29804 0300000000
29805 0303070707
29806 0703030707
29807 030f0f0303
29808 0303070b07
29809 0000030300
29810 0000000000
29811 0000000000
29812 0000000000
29813 0000000003
29814 0000000000
29815 0303030000
29816 0000000003
29817 0003000003
29818 0303030303
29819 0000030303
29820 0000030303
29821 0000000000
29822 0000000000
29823 0000000003
29824 0000000000
29825 0000030300
29826 0000000000
29827 0000000000
29828 0000000000
29829 0000000000
29830 0000000000
29831 0000000000
29832 0000000000
29833 0000000000
29834 0000000000
29835 0000030000
29836 0003000000
29837 0707030000
29838 030303070b
29839 07030f0b07
29840 0303030307
29841 0003000300
29842 0000000000
29843 0300000000
29844 0003000000
29845 0000000000
29846 0000000000
29847 0303030000
29848 0303000303
29849 0000000003
29850 0003030303
29851 0303030000
29852 0303000000
29853 0000000000
29854 0000000303
29855 0000000003
29856 0000000000
29857 0000000000
29858 0000000000
29859 0000000000
29860 0000000000
29861 0000000000
29862 0000000000
29863 0000000000
29864 0000000000
29865 0000000000
29866 0000000000
29867 0000000000
29868 0000000000
29869 0707030300
29870 0303030307
29871 0303000707
29872 0703030000
29873 0003030000
29874 0000000300
29875 0000000000
29876 0000000000
29877 0000000000
29878 0000000000
29879 0303000000
29880 0303030303
29881 0000000000
29882 0303030000
29883 0303000000
29884 0300000003
29885 0000000000
29886 0003000300
29887 0000000000
29888 0000000307
29889 0000000000
29890 0000000000
29891 0000000000
29892 0000000000
29893 0000000000
29894 0000000000
29895 0000000000
29896 0000000000
29897 0000000000
29898 0000000000
29899 0000000000
29900 0000000000
29901 0303070303
29902 0303030300
29903 0003000703
29904 0300000000
29905 0000000003
29906 0000000000
29907 0000000000
29908 0000000000
29909 0000000000
29910 0300000000
29911 0303000000
29912 0303030303
29913 0300030303
29914 0303030300
29915 0300000000
29916 0300000003
29917 0000000003
29918 0003030300
29919 0003000300
29920 0000000007
29921 0000000000
29922 0000000000
29923 0000000000
29924 0000000000
29925 0000000000
29926 0000000000
29927 0700000000
29928 0003030f0b
29929 0000000000
29930 0000000000
29931 0000000000
29932 0003000000
29933 0003030303
29934 0000030300
29935 0000000707
29936 0303030003
29937 0000000003
29938 0000000000
29939 0000000003
29940 0000000000
29941 0000000000
29942 0000000000
29943 0307070000
29944 0303030303
29945 0303000303
29946 0300000300
29947 0000000003
29948 0300000000
29949 0003000000
29950 0300030000
29951 0300000303
29952 0000000000
29953 0000000000
29954 0000000000
29955 0000000000
29956 0000000000
29957 0000000000
29958 0000000000
29959 0300000000
29960 000000000f
29961 0000000303
29962 0000000000
29963 0000000000
29964 0300000000
29965 0303000303
29966 0300000000
29967 000000070b
29968 0000000300
29969 0000000000
29970 0000000003
29971 0000000303
29972 0000000000
29973 0000000000
29974 0300030000
29975 0000030000
29976 0303030303
29977 0303030303
29978 0303030003
29979 0003000000
29980 0000030003
29981 0303030003
29982 0003030000
29983 0303030303
29984 0000000000
29985 0000000000
29986 0000000000
29987 0000000000
29988 0000000000
29989 0000000000
29990 0000000000
29991 0000000000
29992 0000000000
29993 0000000000
29994 0000000000
29995 0000000000
29996 0000000003
29997 0000000303
29998 0000000000
29999 0003000000
30000 0000000000
30001 0000000000
30002 0300000000
30003 0300000000
30004 0000000003
30005 0000000000
30006 0303000300
30007 0300030300
30008 0003000303
30009 0303000303
30010 0003000303
30011 0303030303
30012 0303030303
30013 0303000303
30014 0000000000
30015 0303030300
30016 0000000000
30017 0000000000
30018 0000000000
30019 0000000000
30020 0000000000
30021 0000000000
30022 0000000000
30023 0000000000
30024 0000000000
30025 0003000000
30026 0000000000
30027 0000000000
30028 0000000000
30029 0000000000
30030 0000030000
30031 0000000000
30032 0000000000
30033 0000000000
30034 0000000000
30035 0303030303
30036 0300000000
30037 0303030300
30038 0003000307
30039 0000000000
30040 0303030300
30041 0000000000
30042 0000000003
30043 0303000303
30044 0303030303
30045 0000030303
30046 0000000003
30047 0303030300
30048 0000000000
30049 0000000000
30050 0000000000
30051 0000000000
30052 0000000000
30053 0000000000
30054 0000000000
30055 0300000000
30056 0000000000
30057 0000000000
30058 0000000300
30059 0000000000
30060 0000000000
30061 0000000003
30062 0000000300
30063 0000000700
30064 0000000000
30065 0000000000
30066 0000030300
30067 0000000000
30068 0000000000
30069 0703000000
30070 0000000003
30071 0703030700
30072 0703070703
30073 0307070303
30074 0703070707
30075 0003030003
30076 0000000000
30077 0003030300
30078 0000030300
30079 0000000300
30080 0000000000
30081 0000000000
30082 0000030000
30083 0000000000
30084 0000000000
30085 0000000000
30086 0003000000
30087 0000000000
30088 0000000000
30089 0000000000
30090 0303000000
30091 0300000003
30092 0000000003
30093 0000030007
30094 0303000000
30095 0000000303
30096 0000000000
30097 0000000000
30098 0000000000
30099 0300030000
30100 0000000303
30101 0000000000
30102 0000000000
30103 0000000000
30104 0000000000
30105 0000000000
30106 0300000000
30107 0307070703
30108 0303070307
30109 0000030000
30110 0000030000
30111 0303030000
30112 0000000000
30113 0000000000
30114 0000000000
30115 0000000000
30116 0000000000
30117 0000000000
30118 0000000000
30119 0000000000
30120 0000000000
30121 0000000000
30122 0000000000
30123 0000000000
30124 0000000000
30125 0000000000
30126 0000000000
30127 0000000000
30128 0000000000
30129 0000000000
30130 0000000000
30131 0000000000
30132 0000000000
30133 0000000000
30134 0000000000
30135 0000000000
30136 0000000000
30137 0003000000
30138 0000030300
30139 0000000000
30140 0000030000
30141 0003030707
30142 0003000003
30143 0303030000
30144 0000000000
30145 0003000000
30146 0000000000
30147 0000000000
30148 0000000000
30149 0000000000
30150 0000000000
30151 0000000000
30152 0000000000
30153 0000000000
30154 0000000000
30155 0000000000
30156 0000000000
30157 0000000000
30158 0000000000
30159 0000000000
30160 0000000000
30161 0000000000
30162 0000000000
30163 0000000000
30164 0300030000
30165 0000000000
30166 0000000000
30167 0000000000
30168 0000000000
30169 0000000303
30170 0000000000
30171 0000030300
30172 0000000003
30173 0000000000
30174 0303030303
30175 0000000003
30176 0000000000
30177 0000000000
30178 0000000000
30179 0000000000
30180 0000000000
30181 0000000000
30182 0000000000
30183 0000000000
30184 0000000000
30185 0000000000
30186 0000000000
30187 0000000300
30188 0000000000
30189 0000000000
30190 0000000000
30191 0000000000
30192 0003000000
30193 0000000300
30194 0003030300
30195 0000030300
30196 0003030000
30197 0300000000
30198 0000000300
30199 0000000000
30200 0000000303
30201 0000000000
30202 0000000000
30203 0000000300
30204 0000000000
30205 0000000000
30206 0000000000
30207 0000030000
30208 0000000000
30209 0000000000
30210 0000030000
30211 0000000000
30212 0300000000
30213 0000000000
30214 0000000000
30215 0003030000
30216 0000000000
30217 0000000000
30218 0000000000
30219 0000000000
30220 0000000000
30221 0000000000
30222 0000000000
30223 0000000303
30224 0000000000
30225 0000000003
30226 0300000303
30227 0300000300
30228 0303030300
30229 0000000003
30230 0700030000
30231 0700000003
30232 0000000303
30233 0300000000
30234 0000000000
30235 0000000000
30236 0000000003
30237 0003000000
30238 0000030003
30239 0000000000
30240 0003030000
30241 0000000000
30242 0000000000
30243 0000000000
30244 0000000000
30245 0000000000
30246 0000000000
30247 0300000000
30248 0000000000
30249 0000000000
30250 0000000000
30251 0000000000
30252 0000000000
30253 0000000000
30254 0303030000
30255 0300000000
30256 0303000000
30257 0003030303
30258 0303070300
30259 0300000703
30260 0303000300
30261 0003030003
30262 0000000303
30263 0000000000
30264 0000000000
30265 0000000000
30266 0303000000
30267 0300000303
30268 0000000303
30269 0000000000
30270 0300030000
30271 0000000000
30272 0000000003
30273 0000000000
30274 0000000000
30275 0000000000
30276 0000000000
30277 0000000000
30278 0000000000
30279 0000000000
30280 0000000000
30281 0000000000
30282 0000000000
30283 0000000000
30284 0000000000
30285 0300000000
30286 0003000003
30287 0000000000
30288 0300000000
30289 0000000003
30290 0303000300
30291 0000030303
30292 0303070303
30293 0000030000
30294 0000030000
30295 0300070700
30296 0000030303
30297 0000000000
30298 0000000000
30299 0303000000
30300 0000000000
30301 0000000000
30302 0003000000
30303 0000000000
30304 0000000000
30305 0000000000
30306 0300000000
30307 0000000000
30308 0000000000
30309 0000000000
30310 0000000000
30311 0000000000
30312 0000000000
30313 0000000000
30314 0000030300
30315 0000000000
30316 0000000000
30317 0000000000
30318 0300030000
30319 0000000000
30320 0000000000
30321 0000000000
30322 0000030000
30323 0303030300
30324 0300000307
30325 0303000303
30326 0300000000
30327 0000000703
30328 0303030300
30329 0300000300
30330 0000000300
30331 0000070000
30332 0000030000
30333 0000000300
30334 0000000000
30335 0000000000
30336 0000000000
30337 0000000000
30338 0000000000
30339 0000000000
30340 0300000000
30341 0000000000
30342 0000000000
30343 0000000000
30344 0000000000
30345 0000000300
30346 0000000003
30347 0300000000
30348 0000000000
30349 0000000000
30350 0000000000
30351 0000000000
30352 0300000307
30353 0303030003
30354 0003030003
30355 0303030303
30356 0303000003
30357 0003030003
30358 0003030000
30359 0303000003
30360 0000030300
30361 0000000703
30362 0000000000
30363 0000000000
30364 0000000000
30365 0003030000
30366 0000000000
30367 0000000000
30368 0000000000
30369 0000000000
30370 0000000000
30371 0300000303
30372 0000000003
30373 0000000000
30374 0000000000
30375 0000000000
30376 0000000000
30377 0000000000
30378 0000000000
30379 0000000000
30380 0000030000
30381 0000000000
30382 0000000000
30383 0300000000
30384 0000000003
30385 0303070000
30386 0000030303
30387 0303000000
30388 0303030003
30389 0003000300
30390 0303000303
30391 0000030003
30392 0000000000
30393 0000000000
30394 0000000000
30395 0000000000
30396 0003000000
30397 0000030000
30398 0000000000
30399 0000000000
30400 0000000000
30401 0000000000
30402 0003000003
30403 0303030003
30404 0000000000
30405 0000000000
30406 0000000000
30407 0300000000
30408 0000000000
30409 0000000000
30410 0000000000
30411 0000000300
30412 0300000000
30413 0000000000
30414 0303000000
30415 0000000303
30416 0000000003
30417 0300000300
30418 0303030303
30419 0303030303
30420 0300030703
30421 0000030303
30422 0000030300
30423 0000000000
30424 0000000000
30425 0000000000
30426 0000000000
30427 0000000000
30428 0000030000
30429 0000000000
30430 0000000000
30431 0300000000
30432 0000000303
30433 0000000000
30434 0000000003
30435 0000000000
30436 0000000000
30437 0000000000
30438 0000000300
30439 0000000000
30440 0000030000
30441 0000000000
30442 0300000000
30443 0000000000
30444 0303000000
30445 0003030303
30446 0307030000
30447 0300000003
30448 0303030303
30449 0003030303
30450 0003030303
30451 0703030303
30452 0003030303
30453 0000000303
30454 0000000000
30455 0300000000
30456 0000000000
30457 0000030000
30458 0000000300
30459 0000000300
30460 0000000003
30461 0003000003
30462 0000030003
30463 0000000000
30464 0000000000
30465 0000000000
30466 0000030003
30467 0300000000
30468 0003000000
30469 0000000000
30470 0300000000
30471 0000000300
30472 0003000300
30473 0000000000
30474 0000000000
30475 0000000000
30476 0300000000
30477 0000030303
30478 0000000000
30479 0000000000
30480 0000000003
30481 0303030000
30482 0703000703
30483 0003030007
30484 0303030003
30485 0000030303
30486 0003000300
30487 0000000000
30488 0000000000
30489 0000030000
30490 0000000000
30491 0003000000
30492 0000000000
30493 0007000000
30494 0000030000
30495 0000000000
30496 0000000000
30497 0300000000
30498 0300030000
30499 0000000000
30500 0003000000
30501 0000000000
30502 0703030000
30503 0303000000
30504 0003000000
30505 0000000000
30506 0000000000
30507 0300000000
30508 0003000000
30509 0300000000
30510 0003000300
30511 0303000000
30512 0000000003
30513 0000030000
30514 0000000000
30515 0000000000
30516 0000000300
30517 0303030303
30518 0000000300
30519 0300000003
30520 0000000000
30521 0000000000
30522 0300000000
30523 0000000003
30524 0300000000
30525 0000000000
30526 0000000000
30527 0000000000
30528 0000000000
30529 0000000000
30530 0000000000
30531 0000000000
30532 0003000000
30533 0000000000
30534 0000030003
30535 0000000000
30536 0000000003
30537 0000000000
30538 0000000000
30539 0000000000
30540 0303000000
30541 0003030300
30542 0000030000
30543 0000000303
30544 0000000000
30545 0300000303
30546 0000000003
30547 0000030303
30548 0003030303
30549 0303000303
30550 0003000303
30551 0000000000
30552 0000000000
30553 0300000000
30554 0300000000
30555 0003030000
30556 0000000000
30557 0000000000
30558 0300030303
30559 0000030000
30560 0000000003
30561 0000000000
30562 0000000000
30563 0303000000
30564 0000000000
30565 0000000000
30566 0300000003
30567 0000000000
30568 0000000000
30569 0000030000
30570 0000000000
30571 0000000000
30572 0000000000
30573 0000000000
30574 0300000000
30575 0303000003
30576 0303030000
30577 0303030007
30578 0003000303
30579 0300000003
30580 0300030303
30581 0303030303
30582 0003030003
30583 0300030303
30584 0003000003
30585 0003000000
30586 0000000000
30587 0300000303
30588 0000000300
30589 0000030300
30590 0300000000
30591 0003000300
30592 0300000000
30593 0000000303
30594 0000000000
30595 0000030000
30596 0000000000
30597 0000000000
30598 0300000000
30599 0000000000
30600 0000000000
30601 0003000003
30602 0000000303
30603 0000000003
30604 0000000000
30605 0000000300
30606 0300030300
30607 0003030300
30608 0303000000
30609 0003000003
30610 0003030300
30611 0303000007
30612 0303000000
30613 0303030303
30614 0303030303
30615 0003000303
30616 0003000003
30617 0000030000
30618 0000000000
30619 0000000000
30620 0000000000
30621 0000030000
30622 0000000000
30623 0000000300
30624 0000000000
30625 0703000003
30626 0000000000
30627 0000000000
30628 0000000000
30629 0000000000
30630 0003000000
30631 0000000000
30632 0000000000
30633 0003000007
30634 0000000003
30635 0003000003
30636 0000000000
30637 0000000000
30638 0300000000
30639 0003000000
30640 0003030303
30641 0000030000
30642 0300000703
30643 0300030300
30644 0307030303
30645 0303000003
30646 0003000303
30647 0003030303
30648 0300000303
30649 0000030003
30650 0000030000
30651 0003030300
30652 0000000000
30653 0000000003
30654 0000000000
30655 0000030000
30656 0000000000
30657 0303030300
30658 0000030003
30659 0000000000
30660 0000000000
30661 0000000000
30662 0003030300
30663 0000000300
30664 0700000000
30665 0000000000
30666 0300000300
30667 0000000000
30668 0000000000
30669 0000000000
30670 0303000000
30671 0303030000
30672 0000000000
30673 0300000303
30674 0300030303
30675 0000000303
30676 0003030303
30677 0003030300
30678 0703030300
30679 0000000000
30680 0300000003
30681 0000000003
30682 0000000000
30683 0000000000
30684 0000000000
30685 0000000000
30686 0000000000
30687 0000000000
30688 0003000000
30689 0003000000
30690 0000030000
30691 0000000000
30692 0000000000
30693 0000000300
30694 0000030000
30695 0000000003
30696 0703000000
30697 0000000000
30698 0000000000
30699 0000000000
30700 0000000000
30701 0000000000
30702 0000000000
30703 0000030000
30704 0300000000
30705 0303000003
30706 0300030300
30707 0300000003
30708 0700030000
30709 0303030303
30710 0303030003
30711 0303000000
30712 0300000003
30713 0000000000
30714 0000000000
30715 0000000000
30716 0000000303
30717 0000030000
30718 0000000000
30719 0303000000
