Efinity Synthesis report for project conv10_10
Version: 2026.1.132
Generated at: Aug 25, 2026 22:42:28
Copyright (C) 2013 - 2026  All rights reserved.

Top-level Entity Name : pe_10_10_conv_top
Top-level Architecture : pe_10_10_conv_top

family : Titanium
device : Ti60F225
project : conv10_10
root : pe_10_10_conv_top
I,include : D:/my_code/fpga/yilisi/conv10_10
binary-db : D:/my_code/fpga/yilisi/conv10_10/outflow/conv10_10.vdb
insert-ios : 0
insert-gclk : 0
max-carry-cascade : 320
max-dsp-cascade : 16
max_mult : -1
max_ram : -1
mode : speed
num_srl : -1
arch : pe_10_10_conv_top
output-dir : D:/my_code/fpga/yilisi/conv10_10/outflow
proj_curr_path : D:\my_code\fpga\yilisi\conv10_10
project : conv10_10
project-xml : D:/my_code/fpga/yilisi/conv10_10/conv10_10.xml
retiming : 1
root : pe_10_10_conv_top
work-dir : D:/my_code/fpga/yilisi/conv10_10/work_syn
write-efx-verilog : D:/my_code/fpga/yilisi/conv10_10/outflow/conv10_10.map.v
write-premap-module : D:/my_code/fpga/yilisi/conv10_10/outflow/conv10_10.elab.vdb

File List:

D:\my_code\fpga\yilisi\conv10_10\feature_map_12_12.v
D:\my_code\fpga\yilisi\conv10_10\pe_10_10.v
D:\my_code\fpga\yilisi\conv10_10\pe.v
D:\my_code\fpga\yilisi\conv10_10\pe_10_10_conv_top.v
D:\my_code\fpga\yilisi\conv10_10\generate_resetn.v

### ### Report Section Start ### ###

"MEM|SYN-0677" : ... Memory 'feature_map' is not initialized, assuming empty initial contents. (D:\my_code\fpga\yilisi\conv10_10\feature_map_12_12.v:16)
"MEM|SYN-0657" : Mapping into logic memory block 'feature_map_12_12_inst/feature_map' (2592 bits) (D:\my_code\fpga\yilisi\conv10_10\feature_map_12_12.v:16) because it has all constant reader/writer.

### ### EFX_FF CE enables (begin) ### ### ###

Total number of enable signals: 3
Total number of FFs with enable signals: 34
+----------------+------------------+
|CE Signal       |Number of FF loads|
+----------------+------------------+
|pll_inst1_LOCKED|               32 |
|ceg_net506      |                1 |
|rstn_rise       |                1 |
+----------------+------------------+

### ### EFX_FF CE enables (end) ### ### ###

### ### EFX_FF SR set/reset (begin) ### ### ###

Total number of set/reset signals: 2
Total number of FFs with set/reset signals: 637
+--------------------------------+------------------+
|SR Signal                       |Number of FF loads|
+--------------------------------+------------------+
|sys_rstn                        |              605 |
|generate_resetn_inst/equal_5/n63|               32 |
+--------------------------------+------------------+

### ### EFX_FF SR set/reset (end) ### ### ###

### ### Sequential Elements/Signals Trimming Report (begin) ### ### ### 
'wdata[143][0]' (pe_10_10_conv_top.v:11) (optimized to 0)
'wdata[143][1]' (pe_10_10_conv_top.v:11) (optimized to 0)
'wdata[143][2]' (pe_10_10_conv_top.v:11) (optimized to 0)
'wdata[143][3]' (pe_10_10_conv_top.v:11) (optimized to 0)
'wdata[143][5]' (pe_10_10_conv_top.v:11) (optimized to 0)
'wdata[143][6]' (pe_10_10_conv_top.v:11) (optimized to 0)
'wdata[143][8]' (pe_10_10_conv_top.v:11) (optimized to 0)
'wdata[143][9]' (pe_10_10_conv_top.v:11) (optimized to 0)
'wdata[143][10]' (pe_10_10_conv_top.v:11) (optimized to 0)
'wdata[143][11]' (pe_10_10_conv_top.v:11) (optimized to 0)
'wdata[143][12]' (pe_10_10_conv_top.v:11) (optimized to 0)
'wdata[143][13]' (pe_10_10_conv_top.v:11) (optimized to 0)
'wdata[143][14]' (pe_10_10_conv_top.v:11) (optimized to 0)
'wdata[143][15]' (pe_10_10_conv_top.v:11) (optimized to 0)
'wdata[143][16]' (pe_10_10_conv_top.v:11) (optimized to 0)
'wdata[143][17]' (pe_10_10_conv_top.v:11) (optimized to 0)
'wdata[142][4]' (pe_10_10_conv_top.v:11) (optimized to 0)
'wdata[142][5]' (pe_10_10_conv_top.v:11) (optimized to 0)
'wdata[142][6]' (pe_10_10_conv_top.v:11) (optimized to 0)
'wdata[142][8]' (pe_10_10_conv_top.v:11) (optimized to 0)
'wdata[142][9]' (pe_10_10_conv_top.v:11) (optimized to 0)
'wdata[142][10]' (pe_10_10_conv_top.v:11) (optimized to 0)
'wdata[142][11]' (pe_10_10_conv_top.v:11) (optimized to 0)
'wdata[142][12]' (pe_10_10_conv_top.v:11) (optimized to 0)
'wdata[142][13]' (pe_10_10_conv_top.v:11) (optimized to 0)
'wdata[142][14]' (pe_10_10_conv_top.v:11) (optimized to 0)
'wdata[142][15]' (pe_10_10_conv_top.v:11) (optimized to 0)
'wdata[142][16]' (pe_10_10_conv_top.v:11) (optimized to 0)
'wdata[142][17]' (pe_10_10_conv_top.v:11) (optimized to 0)
'wdata[141][0]' (pe_10_10_conv_top.v:11) (optimized to 0)
'wdata[141][4]' (pe_10_10_conv_top.v:11) (optimized to 0)
'wdata[141][5]' (pe_10_10_conv_top.v:11) (optimized to 0)
'wdata[141][6]' (pe_10_10_conv_top.v:11) (optimized to 0)
'wdata[141][8]' (pe_10_10_conv_top.v:11) (optimized to 0)
'wdata[141][9]' (pe_10_10_conv_top.v:11) (optimized to 0)
'wdata[141][10]' (pe_10_10_conv_top.v:11) (optimized to 0)
'wdata[141][11]' (pe_10_10_conv_top.v:11) (optimized to 0)
'wdata[141][12]' (pe_10_10_conv_top.v:11) (optimized to 0)
'wdata[141][13]' (pe_10_10_conv_top.v:11) (optimized to 0)
'wdata[141][14]' (pe_10_10_conv_top.v:11) (optimized to 0)
'wdata[141][15]' (pe_10_10_conv_top.v:11) (optimized to 0)
'wdata[141][16]' (pe_10_10_conv_top.v:11) (optimized to 0)
'wdata[141][17]' (pe_10_10_conv_top.v:11) (optimized to 0)
'wdata[140][1]' (pe_10_10_conv_top.v:11) (optimized to 0)
'wdata[140][4]' (pe_10_10_conv_top.v:11) (optimized to 0)
'wdata[140][5]' (pe_10_10_conv_top.v:11) (optimized to 0)
'wdata[140][6]' (pe_10_10_conv_top.v:11) (optimized to 0)
'wdata[140][8]' (pe_10_10_conv_top.v:11) (optimized to 0)
'wdata[140][9]' (pe_10_10_conv_top.v:11) (optimized to 0)
'wdata[140][10]' (pe_10_10_conv_top.v:11) (optimized to 0)
'wdata[140][11]' (pe_10_10_conv_top.v:11) (optimized to 0)
'wdata[140][12]' (pe_10_10_conv_top.v:11) (optimized to 0)
'wdata[140][13]' (pe_10_10_conv_top.v:11) (optimized to 0)
'wdata[140][14]' (pe_10_10_conv_top.v:11) (optimized to 0)
'wdata[140][15]' (pe_10_10_conv_top.v:11) (optimized to 0)
'wdata[140][16]' (pe_10_10_conv_top.v:11) (optimized to 0)
'wdata[140][17]' (pe_10_10_conv_top.v:11) (optimized to 0)
'wdata[139][0]' (pe_10_10_conv_top.v:11) (optimized to 0)
'wdata[139][1]' (pe_10_10_conv_top.v:11) (optimized to 0)
'wdata[139][4]' (pe_10_10_conv_top.v:11) (optimized to 0)
'wdata[139][5]' (pe_10_10_conv_top.v:11) (optimized to 0)
'wdata[139][6]' (pe_10_10_conv_top.v:11) (optimized to 0)
'wdata[139][8]' (pe_10_10_conv_top.v:11) (optimized to 0)
'wdata[139][9]' (pe_10_10_conv_top.v:11) (optimized to 0)
'wdata[139][10]' (pe_10_10_conv_top.v:11) (optimized to 0)
'wdata[139][11]' (pe_10_10_conv_top.v:11) (optimized to 0)
'wdata[139][12]' (pe_10_10_conv_top.v:11) (optimized to 0)
'wdata[139][13]' (pe_10_10_conv_top.v:11) (optimized to 0)
'wdata[139][14]' (pe_10_10_conv_top.v:11) (optimized to 0)
'wdata[139][15]' (pe_10_10_conv_top.v:11) (optimized to 0)
'wdata[139][16]' (pe_10_10_conv_top.v:11) (optimized to 0)
'wdata[139][17]' (pe_10_10_conv_top.v:11) (optimized to 0)
'wdata[138][2]' (pe_10_10_conv_top.v:11) (optimized to 0)
'wdata[138][4]' (pe_10_10_conv_top.v:11) (optimized to 0)
'wdata[138][5]' (pe_10_10_conv_top.v:11) (optimized to 0)
'wdata[138][6]' (pe_10_10_conv_top.v:11) (optimized to 0)
'wdata[138][8]' (pe_10_10_conv_top.v:11) (optimized to 0)
'wdata[138][9]' (pe_10_10_conv_top.v:11) (optimized to 0)
'wdata[138][10]' (pe_10_10_conv_top.v:11) (optimized to 0)
'wdata[138][11]' (pe_10_10_conv_top.v:11) (optimized to 0)
'wdata[138][12]' (pe_10_10_conv_top.v:11) (optimized to 0)
'wdata[138][13]' (pe_10_10_conv_top.v:11) (optimized to 0)
'wdata[138][14]' (pe_10_10_conv_top.v:11) (optimized to 0)
'wdata[138][15]' (pe_10_10_conv_top.v:11) (optimized to 0)
'wdata[138][16]' (pe_10_10_conv_top.v:11) (optimized to 0)
'wdata[138][17]' (pe_10_10_conv_top.v:11) (optimized to 0)
'wdata[137][0]' (pe_10_10_conv_top.v:11) (optimized to 0)
'wdata[137][2]' (pe_10_10_conv_top.v:11) (optimized to 0)
'wdata[137][4]' (pe_10_10_conv_top.v:11) (optimized to 0)
'wdata[137][5]' (pe_10_10_conv_top.v:11) (optimized to 0)
'wdata[137][6]' (pe_10_10_conv_top.v:11) (optimized to 0)
'wdata[137][8]' (pe_10_10_conv_top.v:11) (optimized to 0)
'wdata[137][9]' (pe_10_10_conv_top.v:11) (optimized to 0)
'wdata[137][10]' (pe_10_10_conv_top.v:11) (optimized to 0)
'wdata[137][11]' (pe_10_10_conv_top.v:11) (optimized to 0)
'wdata[137][12]' (pe_10_10_conv_top.v:11) (optimized to 0)
'wdata[137][13]' (pe_10_10_conv_top.v:11) (optimized to 0)
'wdata[137][14]' (pe_10_10_conv_top.v:11) (optimized to 0)
'wdata[137][15]' (pe_10_10_conv_top.v:11) (optimized to 0)
'wdata[137][16]' (pe_10_10_conv_top.v:11) (optimized to 0)
'wdata[137][17]' (pe_10_10_conv_top.v:11) (optimized to 0)
'wdata[136][1]' (pe_10_10_conv_top.v:11) (optimized to 0)
'wdata[136][2]' (pe_10_10_conv_top.v:11) (optimized to 0)
'wdata[136][4]' (pe_10_10_conv_top.v:11) (optimized to 0)
'wdata[136][5]' (pe_10_10_conv_top.v:11) (optimized to 0)
'wdata[136][6]' (pe_10_10_conv_top.v:11) (optimized to 0)
'wdata[136][8]' (pe_10_10_conv_top.v:11) (optimized to 0)
'wdata[136][9]' (pe_10_10_conv_top.v:11) (optimized to 0)
'wdata[136][10]' (pe_10_10_conv_top.v:11) (optimized to 0)
'wdata[136][11]' (pe_10_10_conv_top.v:11) (optimized to 0)
'wdata[136][12]' (pe_10_10_conv_top.v:11) (optimized to 0)
'wdata[136][13]' (pe_10_10_conv_top.v:11) (optimized to 0)
'wdata[136][14]' (pe_10_10_conv_top.v:11) (optimized to 0)
'wdata[136][15]' (pe_10_10_conv_top.v:11) (optimized to 0)
'wdata[136][16]' (pe_10_10_conv_top.v:11) (optimized to 0)
'wdata[136][17]' (pe_10_10_conv_top.v:11) (optimized to 0)
'wdata[135][0]' (pe_10_10_conv_top.v:11) (optimized to 0)
'wdata[135][1]' (pe_10_10_conv_top.v:11) (optimized to 0)
'wdata[135][2]' (pe_10_10_conv_top.v:11) (optimized to 0)
'wdata[135][4]' (pe_10_10_conv_top.v:11) (optimized to 0)
'wdata[135][5]' (pe_10_10_conv_top.v:11) (optimized to 0)
'wdata[135][6]' (pe_10_10_conv_top.v:11) (optimized to 0)
'wdata[135][8]' (pe_10_10_conv_top.v:11) (optimized to 0)
'wdata[135][9]' (pe_10_10_conv_top.v:11) (optimized to 0)
'wdata[135][10]' (pe_10_10_conv_top.v:11) (optimized to 0)
'wdata[135][11]' (pe_10_10_conv_top.v:11) (optimized to 0)
'wdata[135][12]' (pe_10_10_conv_top.v:11) (optimized to 0)
'wdata[135][13]' (pe_10_10_conv_top.v:11) (optimized to 0)
'wdata[135][14]' (pe_10_10_conv_top.v:11) (optimized to 0)
'wdata[135][15]' (pe_10_10_conv_top.v:11) (optimized to 0)
'wdata[135][16]' (pe_10_10_conv_top.v:11) (optimized to 0)
'wdata[135][17]' (pe_10_10_conv_top.v:11) (optimized to 0)
'wdata[134][3]' (pe_10_10_conv_top.v:11) (optimized to 0)
'wdata[134][4]' (pe_10_10_conv_top.v:11) (optimized to 0)
'wdata[134][5]' (pe_10_10_conv_top.v:11) (optimized to 0)
'wdata[134][6]' (pe_10_10_conv_top.v:11) (optimized to 0)
'wdata[134][8]' (pe_10_10_conv_top.v:11) (optimized to 0)
'wdata[134][9]' (pe_10_10_conv_top.v:11) (optimized to 0)
'wdata[134][10]' (pe_10_10_conv_top.v:11) (optimized to 0)
'wdata[134][11]' (pe_10_10_conv_top.v:11) (optimized to 0)
'wdata[134][12]' (pe_10_10_conv_top.v:11) (optimized to 0)
'wdata[134][13]' (pe_10_10_conv_top.v:11) (optimized to 0)
'wdata[134][14]' (pe_10_10_conv_top.v:11) (optimized to 0)
'wdata[134][15]' (pe_10_10_conv_top.v:11) (optimized to 0)
'wdata[134][16]' (pe_10_10_conv_top.v:11) (optimized to 0)
'wdata[134][17]' (pe_10_10_conv_top.v:11) (optimized to 0)
'wdata[133][0]' (pe_10_10_conv_top.v:11) (optimized to 0)
'wdata[133][3]' (pe_10_10_conv_top.v:11) (optimized to 0)
'wdata[133][4]' (pe_10_10_conv_top.v:11) (optimized to 0)
'wdata[133][5]' (pe_10_10_conv_top.v:11) (optimized to 0)
'wdata[133][6]' (pe_10_10_conv_top.v:11) (optimized to 0)
'wdata[133][8]' (pe_10_10_conv_top.v:11) (optimized to 0)
'wdata[133][9]' (pe_10_10_conv_top.v:11) (optimized to 0)
'wdata[133][10]' (pe_10_10_conv_top.v:11) (optimized to 0)
'wdata[133][11]' (pe_10_10_conv_top.v:11) (optimized to 0)
'wdata[133][12]' (pe_10_10_conv_top.v:11) (optimized to 0)
'wdata[133][13]' (pe_10_10_conv_top.v:11) (optimized to 0)
'wdata[133][14]' (pe_10_10_conv_top.v:11) (optimized to 0)
'wdata[133][15]' (pe_10_10_conv_top.v:11) (optimized to 0)
'wdata[133][16]' (pe_10_10_conv_top.v:11) (optimized to 0)
'wdata[133][17]' (pe_10_10_conv_top.v:11) (optimized to 0)
'wdata[132][1]' (pe_10_10_conv_top.v:11) (optimized to 0)
'wdata[132][3]' (pe_10_10_conv_top.v:11) (optimized to 0)
'wdata[132][4]' (pe_10_10_conv_top.v:11) (optimized to 0)
'wdata[132][5]' (pe_10_10_conv_top.v:11) (optimized to 0)
'wdata[132][6]' (pe_10_10_conv_top.v:11) (optimized to 0)
'wdata[132][8]' (pe_10_10_conv_top.v:11) (optimized to 0)
'wdata[132][9]' (pe_10_10_conv_top.v:11) (optimized to 0)
'wdata[132][10]' (pe_10_10_conv_top.v:11) (optimized to 0)
'wdata[132][11]' (pe_10_10_conv_top.v:11) (optimized to 0)
'wdata[132][12]' (pe_10_10_conv_top.v:11) (optimized to 0)
'wdata[132][13]' (pe_10_10_conv_top.v:11) (optimized to 0)
'wdata[132][14]' (pe_10_10_conv_top.v:11) (optimized to 0)
'wdata[132][15]' (pe_10_10_conv_top.v:11) (optimized to 0)
'wdata[132][16]' (pe_10_10_conv_top.v:11) (optimized to 0)
'wdata[132][17]' (pe_10_10_conv_top.v:11) (optimized to 0)
'wdata[131][0]' (pe_10_10_conv_top.v:11) (optimized to 0)
'wdata[131][1]' (pe_10_10_conv_top.v:11) (optimized to 0)
'wdata[131][3]' (pe_10_10_conv_top.v:11) (optimized to 0)
'wdata[131][4]' (pe_10_10_conv_top.v:11) (optimized to 0)
'wdata[131][5]' (pe_10_10_conv_top.v:11) (optimized to 0)
'wdata[131][6]' (pe_10_10_conv_top.v:11) (optimized to 0)
'wdata[131][8]' (pe_10_10_conv_top.v:11) (optimized to 0)
'wdata[131][9]' (pe_10_10_conv_top.v:11) (optimized to 0)
'wdata[131][10]' (pe_10_10_conv_top.v:11) (optimized to 0)
'wdata[131][11]' (pe_10_10_conv_top.v:11) (optimized to 0)
'wdata[131][12]' (pe_10_10_conv_top.v:11) (optimized to 0)
'wdata[131][13]' (pe_10_10_conv_top.v:11) (optimized to 0)
'wdata[131][14]' (pe_10_10_conv_top.v:11) (optimized to 0)
'wdata[131][15]' (pe_10_10_conv_top.v:11) (optimized to 0)
'wdata[131][16]' (pe_10_10_conv_top.v:11) (optimized to 0)
'wdata[131][17]' (pe_10_10_conv_top.v:11) (optimized to 0)
'wdata[130][2]' (pe_10_10_conv_top.v:11) (optimized to 0)
'wdata[130][3]' (pe_10_10_conv_top.v:11) (optimized to 0)
'wdata[130][4]' (pe_10_10_conv_top.v:11) (optimized to 0)
'wdata[130][5]' (pe_10_10_conv_top.v:11) (optimized to 0)
'wdata[130][6]' (pe_10_10_conv_top.v:11) (optimized to 0)
'wdata[130][8]' (pe_10_10_conv_top.v:11) (optimized to 0)
'wdata[130][9]' (pe_10_10_conv_top.v:11) (optimized to 0)
'wdata[130][10]' (pe_10_10_conv_top.v:11) (optimized to 0)
'wdata[130][11]' (pe_10_10_conv_top.v:11) (optimized to 0)
'wdata[130][12]' (pe_10_10_conv_top.v:11) (optimized to 0)
'wdata[130][13]' (pe_10_10_conv_top.v:11) (optimized to 0)
'wdata[130][14]' (pe_10_10_conv_top.v:11) (optimized to 0)
'wdata[130][15]' (pe_10_10_conv_top.v:11) (optimized to 0)
'wdata[130][16]' (pe_10_10_conv_top.v:11) (optimized to 0)
'wdata[130][17]' (pe_10_10_conv_top.v:11) (optimized to 0)
'wdata[129][0]' (pe_10_10_conv_top.v:11) (optimized to 0)
'wdata[129][2]' (pe_10_10_conv_top.v:11) (optimized to 0)
'wdata[129][3]' (pe_10_10_conv_top.v:11) (optimized to 0)
'wdata[129][4]' (pe_10_10_conv_top.v:11) (optimized to 0)
'wdata[129][5]' (pe_10_10_conv_top.v:11) (optimized to 0)
'wdata[129][6]' (pe_10_10_conv_top.v:11) (optimized to 0)
'wdata[129][8]' (pe_10_10_conv_top.v:11) (optimized to 0)
'wdata[129][9]' (pe_10_10_conv_top.v:11) (optimized to 0)
'wdata[129][10]' (pe_10_10_conv_top.v:11) (optimized to 0)
'wdata[129][11]' (pe_10_10_conv_top.v:11) (optimized to 0)
'wdata[129][12]' (pe_10_10_conv_top.v:11) (optimized to 0)
'wdata[129][13]' (pe_10_10_conv_top.v:11) (optimized to 0)
'wdata[129][14]' (pe_10_10_conv_top.v:11) (optimized to 0)
'wdata[129][15]' (pe_10_10_conv_top.v:11) (optimized to 0)
'wdata[129][16]' (pe_10_10_conv_top.v:11) (optimized to 0)
'wdata[129][17]' (pe_10_10_conv_top.v:11) (optimized to 0)
'wdata[128][1]' (pe_10_10_conv_top.v:11) (optimized to 0)
'wdata[128][2]' (pe_10_10_conv_top.v:11) (optimized to 0)
'wdata[128][3]' (pe_10_10_conv_top.v:11) (optimized to 0)
'wdata[128][4]' (pe_10_10_conv_top.v:11) (optimized to 0)
'wdata[128][5]' (pe_10_10_conv_top.v:11) (optimized to 0)
'wdata[128][6]' (pe_10_10_conv_top.v:11) (optimized to 0)
'wdata[128][8]' (pe_10_10_conv_top.v:11) (optimized to 0)
'wdata[128][9]' (pe_10_10_conv_top.v:11) (optimized to 0)
'wdata[128][10]' (pe_10_10_conv_top.v:11) (optimized to 0)
'wdata[128][11]' (pe_10_10_conv_top.v:11) (optimized to 0)
'wdata[128][12]' (pe_10_10_conv_top.v:11) (optimized to 0)
'wdata[128][13]' (pe_10_10_conv_top.v:11) (optimized to 0)
'wdata[128][14]' (pe_10_10_conv_top.v:11) (optimized to 0)
'wdata[128][15]' (pe_10_10_conv_top.v:11) (optimized to 0)
'wdata[128][16]' (pe_10_10_conv_top.v:11) (optimized to 0)
'wdata[128][17]' (pe_10_10_conv_top.v:11) (optimized to 0)
'wdata[127][0]' (pe_10_10_conv_top.v:11) (optimized to 0)
'wdata[127][1]' (pe_10_10_conv_top.v:11) (optimized to 0)
'wdata[127][2]' (pe_10_10_conv_top.v:11) (optimized to 0)
'wdata[127][3]' (pe_10_10_conv_top.v:11) (optimized to 0)
'wdata[127][4]' (pe_10_10_conv_top.v:11) (optimized to 0)
'wdata[127][5]' (pe_10_10_conv_top.v:11) (optimized to 0)
'wdata[127][6]' (pe_10_10_conv_top.v:11) (optimized to 0)
'wdata[127][8]' (pe_10_10_conv_top.v:11) (optimized to 0)
'wdata[127][9]' (pe_10_10_conv_top.v:11) (optimized to 0)
'wdata[127][10]' (pe_10_10_conv_top.v:11) (optimized to 0)
'wdata[127][11]' (pe_10_10_conv_top.v:11) (optimized to 0)
'wdata[127][12]' (pe_10_10_conv_top.v:11) (optimized to 0)
'wdata[127][13]' (pe_10_10_conv_top.v:11) (optimized to 0)
'wdata[127][14]' (pe_10_10_conv_top.v:11) (optimized to 0)
'wdata[127][15]' (pe_10_10_conv_top.v:11) (optimized to 0)
'wdata[127][16]' (pe_10_10_conv_top.v:11) (optimized to 0)
'wdata[127][17]' (pe_10_10_conv_top.v:11) (optimized to 0)
'wdata[126][7]' (pe_10_10_conv_top.v:11) (optimized to 0)
'wdata[126][8]' (pe_10_10_conv_top.v:11) (optimized to 0)
'wdata[126][9]' (pe_10_10_conv_top.v:11) (optimized to 0)
'wdata[126][10]' (pe_10_10_conv_top.v:11) (optimized to 0)
'wdata[126][11]' (pe_10_10_conv_top.v:11) (optimized to 0)
'wdata[126][12]' (pe_10_10_conv_top.v:11) (optimized to 0)
'wdata[126][13]' (pe_10_10_conv_top.v:11) (optimized to 0)
'wdata[126][14]' (pe_10_10_conv_top.v:11) (optimized to 0)
'wdata[126][15]' (pe_10_10_conv_top.v:11) (optimized to 0)
'wdata[126][16]' (pe_10_10_conv_top.v:11) (optimized to 0)
'wdata[126][17]' (pe_10_10_conv_top.v:11) (optimized to 0)
'wdata[125][0]' (pe_10_10_conv_top.v:11) (optimized to 0)
'wdata[125][7]' (pe_10_10_conv_top.v:11) (optimized to 0)
'wdata[125][8]' (pe_10_10_conv_top.v:11) (optimized to 0)
'wdata[125][9]' (pe_10_10_conv_top.v:11) (optimized to 0)
'wdata[125][10]' (pe_10_10_conv_top.v:11) (optimized to 0)
'wdata[125][11]' (pe_10_10_conv_top.v:11) (optimized to 0)
'wdata[125][12]' (pe_10_10_conv_top.v:11) (optimized to 0)
'wdata[125][13]' (pe_10_10_conv_top.v:11) (optimized to 0)
'wdata[125][14]' (pe_10_10_conv_top.v:11) (optimized to 0)
'wdata[125][15]' (pe_10_10_conv_top.v:11) (optimized to 0)
'wdata[125][16]' (pe_10_10_conv_top.v:11) (optimized to 0)
'wdata[125][17]' (pe_10_10_conv_top.v:11) (optimized to 0)
'wdata[124][1]' (pe_10_10_conv_top.v:11) (optimized to 0)
'wdata[124][7]' (pe_10_10_conv_top.v:11) (optimized to 0)
'wdata[124][8]' (pe_10_10_conv_top.v:11) (optimized to 0)
'wdata[124][9]' (pe_10_10_conv_top.v:11) (optimized to 0)
'wdata[124][10]' (pe_10_10_conv_top.v:11) (optimized to 0)
'wdata[124][11]' (pe_10_10_conv_top.v:11) (optimized to 0)
'wdata[124][12]' (pe_10_10_conv_top.v:11) (optimized to 0)
'wdata[124][13]' (pe_10_10_conv_top.v:11) (optimized to 0)
'wdata[124][14]' (pe_10_10_conv_top.v:11) (optimized to 0)
'wdata[124][15]' (pe_10_10_conv_top.v:11) (optimized to 0)
'wdata[124][16]' (pe_10_10_conv_top.v:11) (optimized to 0)
'wdata[124][17]' (pe_10_10_conv_top.v:11) (optimized to 0)
'wdata[123][0]' (pe_10_10_conv_top.v:11) (optimized to 0)
'wdata[123][1]' (pe_10_10_conv_top.v:11) (optimized to 0)
'wdata[123][7]' (pe_10_10_conv_top.v:11) (optimized to 0)
'wdata[123][8]' (pe_10_10_conv_top.v:11) (optimized to 0)
'wdata[123][9]' (pe_10_10_conv_top.v:11) (optimized to 0)
'wdata[123][10]' (pe_10_10_conv_top.v:11) (optimized to 0)
'wdata[123][11]' (pe_10_10_conv_top.v:11) (optimized to 0)
'wdata[123][12]' (pe_10_10_conv_top.v:11) (optimized to 0)
'wdata[123][13]' (pe_10_10_conv_top.v:11) (optimized to 0)
'wdata[123][14]' (pe_10_10_conv_top.v:11) (optimized to 0)
'wdata[123][15]' (pe_10_10_conv_top.v:11) (optimized to 0)
'wdata[123][16]' (pe_10_10_conv_top.v:11) (optimized to 0)
'wdata[123][17]' (pe_10_10_conv_top.v:11) (optimized to 0)
'wdata[122][2]' (pe_10_10_conv_top.v:11) (optimized to 0)
'wdata[122][7]' (pe_10_10_conv_top.v:11) (optimized to 0)
'wdata[122][8]' (pe_10_10_conv_top.v:11) (optimized to 0)
'wdata[122][9]' (pe_10_10_conv_top.v:11) (optimized to 0)
'wdata[122][10]' (pe_10_10_conv_top.v:11) (optimized to 0)
'wdata[122][11]' (pe_10_10_conv_top.v:11) (optimized to 0)
'wdata[122][12]' (pe_10_10_conv_top.v:11) (optimized to 0)
'wdata[122][13]' (pe_10_10_conv_top.v:11) (optimized to 0)
'wdata[122][14]' (pe_10_10_conv_top.v:11) (optimized to 0)
'wdata[122][15]' (pe_10_10_conv_top.v:11) (optimized to 0)
'wdata[122][16]' (pe_10_10_conv_top.v:11) (optimized to 0)
'wdata[122][17]' (pe_10_10_conv_top.v:11) (optimized to 0)
'wdata[121][0]' (pe_10_10_conv_top.v:11) (optimized to 0)
'wdata[121][2]' (pe_10_10_conv_top.v:11) (optimized to 0)
'wdata[121][7]' (pe_10_10_conv_top.v:11) (optimized to 0)
'wdata[121][8]' (pe_10_10_conv_top.v:11) (optimized to 0)
'wdata[121][9]' (pe_10_10_conv_top.v:11) (optimized to 0)
'wdata[121][10]' (pe_10_10_conv_top.v:11) (optimized to 0)
'wdata[121][11]' (pe_10_10_conv_top.v:11) (optimized to 0)
'wdata[121][12]' (pe_10_10_conv_top.v:11) (optimized to 0)
'wdata[121][13]' (pe_10_10_conv_top.v:11) (optimized to 0)
'wdata[121][14]' (pe_10_10_conv_top.v:11) (optimized to 0)
'wdata[121][15]' (pe_10_10_conv_top.v:11) (optimized to 0)
'wdata[121][16]' (pe_10_10_conv_top.v:11) (optimized to 0)
'wdata[121][17]' (pe_10_10_conv_top.v:11) (optimized to 0)
'wdata[120][1]' (pe_10_10_conv_top.v:11) (optimized to 0)
'wdata[120][2]' (pe_10_10_conv_top.v:11) (optimized to 0)
'wdata[120][7]' (pe_10_10_conv_top.v:11) (optimized to 0)
'wdata[120][8]' (pe_10_10_conv_top.v:11) (optimized to 0)
'wdata[120][9]' (pe_10_10_conv_top.v:11) (optimized to 0)
'wdata[120][10]' (pe_10_10_conv_top.v:11) (optimized to 0)
'wdata[120][11]' (pe_10_10_conv_top.v:11) (optimized to 0)
'wdata[120][12]' (pe_10_10_conv_top.v:11) (optimized to 0)
'wdata[120][13]' (pe_10_10_conv_top.v:11) (optimized to 0)
'wdata[120][14]' (pe_10_10_conv_top.v:11) (optimized to 0)
'wdata[120][15]' (pe_10_10_conv_top.v:11) (optimized to 0)
'wdata[120][16]' (pe_10_10_conv_top.v:11) (optimized to 0)
'wdata[120][17]' (pe_10_10_conv_top.v:11) (optimized to 0)
'wdata[119][0]' (pe_10_10_conv_top.v:11) (optimized to 0)
'wdata[119][1]' (pe_10_10_conv_top.v:11) (optimized to 0)
'wdata[119][2]' (pe_10_10_conv_top.v:11) (optimized to 0)
'wdata[119][7]' (pe_10_10_conv_top.v:11) (optimized to 0)
'wdata[119][8]' (pe_10_10_conv_top.v:11) (optimized to 0)
'wdata[119][9]' (pe_10_10_conv_top.v:11) (optimized to 0)
'wdata[119][10]' (pe_10_10_conv_top.v:11) (optimized to 0)
'wdata[119][11]' (pe_10_10_conv_top.v:11) (optimized to 0)
'wdata[119][12]' (pe_10_10_conv_top.v:11) (optimized to 0)
'wdata[119][13]' (pe_10_10_conv_top.v:11) (optimized to 0)
'wdata[119][14]' (pe_10_10_conv_top.v:11) (optimized to 0)
'wdata[119][15]' (pe_10_10_conv_top.v:11) (optimized to 0)
'wdata[119][16]' (pe_10_10_conv_top.v:11) (optimized to 0)
'wdata[119][17]' (pe_10_10_conv_top.v:11) (optimized to 0)
'wdata[118][3]' (pe_10_10_conv_top.v:11) (optimized to 0)
'wdata[118][7]' (pe_10_10_conv_top.v:11) (optimized to 0)
'wdata[118][8]' (pe_10_10_conv_top.v:11) (optimized to 0)
'wdata[118][9]' (pe_10_10_conv_top.v:11) (optimized to 0)
'wdata[118][10]' (pe_10_10_conv_top.v:11) (optimized to 0)
'wdata[118][11]' (pe_10_10_conv_top.v:11) (optimized to 0)
'wdata[118][12]' (pe_10_10_conv_top.v:11) (optimized to 0)
'wdata[118][13]' (pe_10_10_conv_top.v:11) (optimized to 0)
'wdata[118][14]' (pe_10_10_conv_top.v:11) (optimized to 0)
'wdata[118][15]' (pe_10_10_conv_top.v:11) (optimized to 0)
'wdata[118][16]' (pe_10_10_conv_top.v:11) (optimized to 0)
'wdata[118][17]' (pe_10_10_conv_top.v:11) (optimized to 0)
'wdata[117][0]' (pe_10_10_conv_top.v:11) (optimized to 0)
'wdata[117][3]' (pe_10_10_conv_top.v:11) (optimized to 0)
'wdata[117][7]' (pe_10_10_conv_top.v:11) (optimized to 0)
'wdata[117][8]' (pe_10_10_conv_top.v:11) (optimized to 0)
'wdata[117][9]' (pe_10_10_conv_top.v:11) (optimized to 0)
'wdata[117][10]' (pe_10_10_conv_top.v:11) (optimized to 0)
'wdata[117][11]' (pe_10_10_conv_top.v:11) (optimized to 0)
'wdata[117][12]' (pe_10_10_conv_top.v:11) (optimized to 0)
'wdata[117][13]' (pe_10_10_conv_top.v:11) (optimized to 0)
'wdata[117][14]' (pe_10_10_conv_top.v:11) (optimized to 0)
'wdata[117][15]' (pe_10_10_conv_top.v:11) (optimized to 0)
'wdata[117][16]' (pe_10_10_conv_top.v:11) (optimized to 0)
'wdata[117][17]' (pe_10_10_conv_top.v:11) (optimized to 0)
'wdata[116][1]' (pe_10_10_conv_top.v:11) (optimized to 0)
'wdata[116][3]' (pe_10_10_conv_top.v:11) (optimized to 0)
'wdata[116][7]' (pe_10_10_conv_top.v:11) (optimized to 0)
'wdata[116][8]' (pe_10_10_conv_top.v:11) (optimized to 0)
'wdata[116][9]' (pe_10_10_conv_top.v:11) (optimized to 0)
'wdata[116][10]' (pe_10_10_conv_top.v:11) (optimized to 0)
'wdata[116][11]' (pe_10_10_conv_top.v:11) (optimized to 0)
'wdata[116][12]' (pe_10_10_conv_top.v:11) (optimized to 0)
'wdata[116][13]' (pe_10_10_conv_top.v:11) (optimized to 0)
'wdata[116][14]' (pe_10_10_conv_top.v:11) (optimized to 0)
'wdata[116][15]' (pe_10_10_conv_top.v:11) (optimized to 0)
'wdata[116][16]' (pe_10_10_conv_top.v:11) (optimized to 0)
'wdata[116][17]' (pe_10_10_conv_top.v:11) (optimized to 0)
'wdata[115][0]' (pe_10_10_conv_top.v:11) (optimized to 0)
'wdata[115][1]' (pe_10_10_conv_top.v:11) (optimized to 0)
'wdata[115][3]' (pe_10_10_conv_top.v:11) (optimized to 0)
'wdata[115][7]' (pe_10_10_conv_top.v:11) (optimized to 0)
'wdata[115][8]' (pe_10_10_conv_top.v:11) (optimized to 0)
'wdata[115][9]' (pe_10_10_conv_top.v:11) (optimized to 0)
'wdata[115][10]' (pe_10_10_conv_top.v:11) (optimized to 0)
'wdata[115][11]' (pe_10_10_conv_top.v:11) (optimized to 0)
'wdata[115][12]' (pe_10_10_conv_top.v:11) (optimized to 0)
'wdata[115][13]' (pe_10_10_conv_top.v:11) (optimized to 0)
'wdata[115][14]' (pe_10_10_conv_top.v:11) (optimized to 0)
'wdata[115][15]' (pe_10_10_conv_top.v:11) (optimized to 0)
'wdata[115][16]' (pe_10_10_conv_top.v:11) (optimized to 0)
'wdata[115][17]' (pe_10_10_conv_top.v:11) (optimized to 0)
'wdata[114][2]' (pe_10_10_conv_top.v:11) (optimized to 0)
'wdata[114][3]' (pe_10_10_conv_top.v:11) (optimized to 0)
'wdata[114][7]' (pe_10_10_conv_top.v:11) (optimized to 0)
'wdata[114][8]' (pe_10_10_conv_top.v:11) (optimized to 0)
'wdata[114][9]' (pe_10_10_conv_top.v:11) (optimized to 0)
'wdata[114][10]' (pe_10_10_conv_top.v:11) (optimized to 0)
'wdata[114][11]' (pe_10_10_conv_top.v:11) (optimized to 0)
'wdata[114][12]' (pe_10_10_conv_top.v:11) (optimized to 0)
'wdata[114][13]' (pe_10_10_conv_top.v:11) (optimized to 0)
'wdata[114][14]' (pe_10_10_conv_top.v:11) (optimized to 0)
'wdata[114][15]' (pe_10_10_conv_top.v:11) (optimized to 0)
'wdata[114][16]' (pe_10_10_conv_top.v:11) (optimized to 0)
'wdata[114][17]' (pe_10_10_conv_top.v:11) (optimized to 0)
'wdata[113][0]' (pe_10_10_conv_top.v:11) (optimized to 0)
'wdata[113][2]' (pe_10_10_conv_top.v:11) (optimized to 0)
'wdata[113][3]' (pe_10_10_conv_top.v:11) (optimized to 0)
'wdata[113][7]' (pe_10_10_conv_top.v:11) (optimized to 0)
'wdata[113][8]' (pe_10_10_conv_top.v:11) (optimized to 0)
'wdata[113][9]' (pe_10_10_conv_top.v:11) (optimized to 0)
'wdata[113][10]' (pe_10_10_conv_top.v:11) (optimized to 0)
'wdata[113][11]' (pe_10_10_conv_top.v:11) (optimized to 0)
'wdata[113][12]' (pe_10_10_conv_top.v:11) (optimized to 0)
'wdata[113][13]' (pe_10_10_conv_top.v:11) (optimized to 0)
'wdata[113][14]' (pe_10_10_conv_top.v:11) (optimized to 0)
'wdata[113][15]' (pe_10_10_conv_top.v:11) (optimized to 0)
'wdata[113][16]' (pe_10_10_conv_top.v:11) (optimized to 0)
'wdata[113][17]' (pe_10_10_conv_top.v:11) (optimized to 0)
'wdata[112][1]' (pe_10_10_conv_top.v:11) (optimized to 0)
'wdata[112][2]' (pe_10_10_conv_top.v:11) (optimized to 0)
'wdata[112][3]' (pe_10_10_conv_top.v:11) (optimized to 0)
'wdata[112][7]' (pe_10_10_conv_top.v:11) (optimized to 0)
'wdata[112][8]' (pe_10_10_conv_top.v:11) (optimized to 0)
'wdata[112][9]' (pe_10_10_conv_top.v:11) (optimized to 0)
'wdata[112][10]' (pe_10_10_conv_top.v:11) (optimized to 0)
'wdata[112][11]' (pe_10_10_conv_top.v:11) (optimized to 0)
'wdata[112][12]' (pe_10_10_conv_top.v:11) (optimized to 0)
'wdata[112][13]' (pe_10_10_conv_top.v:11) (optimized to 0)
'wdata[112][14]' (pe_10_10_conv_top.v:11) (optimized to 0)
'wdata[112][15]' (pe_10_10_conv_top.v:11) (optimized to 0)
'wdata[112][16]' (pe_10_10_conv_top.v:11) (optimized to 0)
'wdata[112][17]' (pe_10_10_conv_top.v:11) (optimized to 0)
'wdata[111][0]' (pe_10_10_conv_top.v:11) (optimized to 0)
'wdata[111][1]' (pe_10_10_conv_top.v:11) (optimized to 0)
'wdata[111][2]' (pe_10_10_conv_top.v:11) (optimized to 0)
'wdata[111][3]' (pe_10_10_conv_top.v:11) (optimized to 0)
'wdata[111][7]' (pe_10_10_conv_top.v:11) (optimized to 0)
'wdata[111][8]' (pe_10_10_conv_top.v:11) (optimized to 0)
'wdata[111][9]' (pe_10_10_conv_top.v:11) (optimized to 0)
'wdata[111][10]' (pe_10_10_conv_top.v:11) (optimized to 0)
'wdata[111][11]' (pe_10_10_conv_top.v:11) (optimized to 0)
'wdata[111][12]' (pe_10_10_conv_top.v:11) (optimized to 0)
'wdata[111][13]' (pe_10_10_conv_top.v:11) (optimized to 0)
'wdata[111][14]' (pe_10_10_conv_top.v:11) (optimized to 0)
'wdata[111][15]' (pe_10_10_conv_top.v:11) (optimized to 0)
'wdata[111][16]' (pe_10_10_conv_top.v:11) (optimized to 0)
'wdata[111][17]' (pe_10_10_conv_top.v:11) (optimized to 0)
'wdata[110][4]' (pe_10_10_conv_top.v:11) (optimized to 0)
'wdata[110][7]' (pe_10_10_conv_top.v:11) (optimized to 0)
'wdata[110][8]' (pe_10_10_conv_top.v:11) (optimized to 0)
'wdata[110][9]' (pe_10_10_conv_top.v:11) (optimized to 0)
'wdata[110][10]' (pe_10_10_conv_top.v:11) (optimized to 0)
'wdata[110][11]' (pe_10_10_conv_top.v:11) (optimized to 0)
'wdata[110][12]' (pe_10_10_conv_top.v:11) (optimized to 0)
'wdata[110][13]' (pe_10_10_conv_top.v:11) (optimized to 0)
'wdata[110][14]' (pe_10_10_conv_top.v:11) (optimized to 0)
'wdata[110][15]' (pe_10_10_conv_top.v:11) (optimized to 0)
'wdata[110][16]' (pe_10_10_conv_top.v:11) (optimized to 0)
'wdata[110][17]' (pe_10_10_conv_top.v:11) (optimized to 0)
'wdata[109][0]' (pe_10_10_conv_top.v:11) (optimized to 0)
'wdata[109][4]' (pe_10_10_conv_top.v:11) (optimized to 0)
'wdata[109][7]' (pe_10_10_conv_top.v:11) (optimized to 0)
'wdata[109][8]' (pe_10_10_conv_top.v:11) (optimized to 0)
'wdata[109][9]' (pe_10_10_conv_top.v:11) (optimized to 0)
'wdata[109][10]' (pe_10_10_conv_top.v:11) (optimized to 0)
'wdata[109][11]' (pe_10_10_conv_top.v:11) (optimized to 0)
'wdata[109][12]' (pe_10_10_conv_top.v:11) (optimized to 0)
'wdata[109][13]' (pe_10_10_conv_top.v:11) (optimized to 0)
'wdata[109][14]' (pe_10_10_conv_top.v:11) (optimized to 0)
'wdata[109][15]' (pe_10_10_conv_top.v:11) (optimized to 0)
'wdata[109][16]' (pe_10_10_conv_top.v:11) (optimized to 0)
'wdata[109][17]' (pe_10_10_conv_top.v:11) (optimized to 0)
'wdata[108][1]' (pe_10_10_conv_top.v:11) (optimized to 0)
'wdata[108][4]' (pe_10_10_conv_top.v:11) (optimized to 0)
'wdata[108][7]' (pe_10_10_conv_top.v:11) (optimized to 0)
'wdata[108][8]' (pe_10_10_conv_top.v:11) (optimized to 0)
'wdata[108][9]' (pe_10_10_conv_top.v:11) (optimized to 0)
'wdata[108][10]' (pe_10_10_conv_top.v:11) (optimized to 0)
'wdata[108][11]' (pe_10_10_conv_top.v:11) (optimized to 0)
'wdata[108][12]' (pe_10_10_conv_top.v:11) (optimized to 0)
'wdata[108][13]' (pe_10_10_conv_top.v:11) (optimized to 0)
'wdata[108][14]' (pe_10_10_conv_top.v:11) (optimized to 0)
'wdata[108][15]' (pe_10_10_conv_top.v:11) (optimized to 0)
'wdata[108][16]' (pe_10_10_conv_top.v:11) (optimized to 0)
'wdata[108][17]' (pe_10_10_conv_top.v:11) (optimized to 0)
'wdata[107][0]' (pe_10_10_conv_top.v:11) (optimized to 0)
'wdata[107][1]' (pe_10_10_conv_top.v:11) (optimized to 0)
'wdata[107][4]' (pe_10_10_conv_top.v:11) (optimized to 0)
'wdata[107][7]' (pe_10_10_conv_top.v:11) (optimized to 0)
'wdata[107][8]' (pe_10_10_conv_top.v:11) (optimized to 0)
'wdata[107][9]' (pe_10_10_conv_top.v:11) (optimized to 0)
'wdata[107][10]' (pe_10_10_conv_top.v:11) (optimized to 0)
'wdata[107][11]' (pe_10_10_conv_top.v:11) (optimized to 0)
'wdata[107][12]' (pe_10_10_conv_top.v:11) (optimized to 0)
'wdata[107][13]' (pe_10_10_conv_top.v:11) (optimized to 0)
'wdata[107][14]' (pe_10_10_conv_top.v:11) (optimized to 0)
'wdata[107][15]' (pe_10_10_conv_top.v:11) (optimized to 0)
'wdata[107][16]' (pe_10_10_conv_top.v:11) (optimized to 0)
'wdata[107][17]' (pe_10_10_conv_top.v:11) (optimized to 0)
'wdata[106][2]' (pe_10_10_conv_top.v:11) (optimized to 0)
'wdata[106][4]' (pe_10_10_conv_top.v:11) (optimized to 0)
'wdata[106][7]' (pe_10_10_conv_top.v:11) (optimized to 0)
'wdata[106][8]' (pe_10_10_conv_top.v:11) (optimized to 0)
'wdata[106][9]' (pe_10_10_conv_top.v:11) (optimized to 0)
'wdata[106][10]' (pe_10_10_conv_top.v:11) (optimized to 0)
'wdata[106][11]' (pe_10_10_conv_top.v:11) (optimized to 0)
'wdata[106][12]' (pe_10_10_conv_top.v:11) (optimized to 0)
'wdata[106][13]' (pe_10_10_conv_top.v:11) (optimized to 0)
'wdata[106][14]' (pe_10_10_conv_top.v:11) (optimized to 0)
'wdata[106][15]' (pe_10_10_conv_top.v:11) (optimized to 0)
'wdata[106][16]' (pe_10_10_conv_top.v:11) (optimized to 0)
'wdata[106][17]' (pe_10_10_conv_top.v:11) (optimized to 0)
'wdata[105][0]' (pe_10_10_conv_top.v:11) (optimized to 0)
'wdata[105][2]' (pe_10_10_conv_top.v:11) (optimized to 0)
'wdata[105][4]' (pe_10_10_conv_top.v:11) (optimized to 0)
'wdata[105][7]' (pe_10_10_conv_top.v:11) (optimized to 0)
'wdata[105][8]' (pe_10_10_conv_top.v:11) (optimized to 0)
'wdata[105][9]' (pe_10_10_conv_top.v:11) (optimized to 0)
'wdata[105][10]' (pe_10_10_conv_top.v:11) (optimized to 0)
'wdata[105][11]' (pe_10_10_conv_top.v:11) (optimized to 0)
'wdata[105][12]' (pe_10_10_conv_top.v:11) (optimized to 0)
'wdata[105][13]' (pe_10_10_conv_top.v:11) (optimized to 0)
'wdata[105][14]' (pe_10_10_conv_top.v:11) (optimized to 0)
'wdata[105][15]' (pe_10_10_conv_top.v:11) (optimized to 0)
'wdata[105][16]' (pe_10_10_conv_top.v:11) (optimized to 0)
'wdata[105][17]' (pe_10_10_conv_top.v:11) (optimized to 0)
'wdata[104][1]' (pe_10_10_conv_top.v:11) (optimized to 0)
'wdata[104][2]' (pe_10_10_conv_top.v:11) (optimized to 0)
'wdata[104][4]' (pe_10_10_conv_top.v:11) (optimized to 0)
'wdata[104][7]' (pe_10_10_conv_top.v:11) (optimized to 0)
'wdata[104][8]' (pe_10_10_conv_top.v:11) (optimized to 0)
'wdata[104][9]' (pe_10_10_conv_top.v:11) (optimized to 0)
'wdata[104][10]' (pe_10_10_conv_top.v:11) (optimized to 0)
'wdata[104][11]' (pe_10_10_conv_top.v:11) (optimized to 0)
'wdata[104][12]' (pe_10_10_conv_top.v:11) (optimized to 0)
'wdata[104][13]' (pe_10_10_conv_top.v:11) (optimized to 0)
'wdata[104][14]' (pe_10_10_conv_top.v:11) (optimized to 0)
'wdata[104][15]' (pe_10_10_conv_top.v:11) (optimized to 0)
'wdata[104][16]' (pe_10_10_conv_top.v:11) (optimized to 0)
'wdata[104][17]' (pe_10_10_conv_top.v:11) (optimized to 0)
'wdata[103][0]' (pe_10_10_conv_top.v:11) (optimized to 0)
'wdata[103][1]' (pe_10_10_conv_top.v:11) (optimized to 0)
'wdata[103][2]' (pe_10_10_conv_top.v:11) (optimized to 0)
'wdata[103][4]' (pe_10_10_conv_top.v:11) (optimized to 0)
'wdata[103][7]' (pe_10_10_conv_top.v:11) (optimized to 0)
'wdata[103][8]' (pe_10_10_conv_top.v:11) (optimized to 0)
'wdata[103][9]' (pe_10_10_conv_top.v:11) (optimized to 0)
'wdata[103][10]' (pe_10_10_conv_top.v:11) (optimized to 0)
'wdata[103][11]' (pe_10_10_conv_top.v:11) (optimized to 0)
'wdata[103][12]' (pe_10_10_conv_top.v:11) (optimized to 0)
'wdata[103][13]' (pe_10_10_conv_top.v:11) (optimized to 0)
'wdata[103][14]' (pe_10_10_conv_top.v:11) (optimized to 0)
'wdata[103][15]' (pe_10_10_conv_top.v:11) (optimized to 0)
'wdata[103][16]' (pe_10_10_conv_top.v:11) (optimized to 0)
'wdata[103][17]' (pe_10_10_conv_top.v:11) (optimized to 0)
'wdata[102][3]' (pe_10_10_conv_top.v:11) (optimized to 0)
'wdata[102][4]' (pe_10_10_conv_top.v:11) (optimized to 0)
'wdata[102][7]' (pe_10_10_conv_top.v:11) (optimized to 0)
'wdata[102][8]' (pe_10_10_conv_top.v:11) (optimized to 0)
'wdata[102][9]' (pe_10_10_conv_top.v:11) (optimized to 0)
'wdata[102][10]' (pe_10_10_conv_top.v:11) (optimized to 0)
'wdata[102][11]' (pe_10_10_conv_top.v:11) (optimized to 0)
'wdata[102][12]' (pe_10_10_conv_top.v:11) (optimized to 0)
'wdata[102][13]' (pe_10_10_conv_top.v:11) (optimized to 0)
'wdata[102][14]' (pe_10_10_conv_top.v:11) (optimized to 0)
'wdata[102][15]' (pe_10_10_conv_top.v:11) (optimized to 0)
'wdata[102][16]' (pe_10_10_conv_top.v:11) (optimized to 0)
'wdata[102][17]' (pe_10_10_conv_top.v:11) (optimized to 0)
'wdata[101][0]' (pe_10_10_conv_top.v:11) (optimized to 0)
'wdata[101][3]' (pe_10_10_conv_top.v:11) (optimized to 0)
'wdata[101][4]' (pe_10_10_conv_top.v:11) (optimized to 0)
'wdata[101][7]' (pe_10_10_conv_top.v:11) (optimized to 0)
'wdata[101][8]' (pe_10_10_conv_top.v:11) (optimized to 0)
'wdata[101][9]' (pe_10_10_conv_top.v:11) (optimized to 0)
'wdata[101][10]' (pe_10_10_conv_top.v:11) (optimized to 0)
'wdata[101][11]' (pe_10_10_conv_top.v:11) (optimized to 0)
'wdata[101][12]' (pe_10_10_conv_top.v:11) (optimized to 0)
'wdata[101][13]' (pe_10_10_conv_top.v:11) (optimized to 0)
'wdata[101][14]' (pe_10_10_conv_top.v:11) (optimized to 0)
'wdata[101][15]' (pe_10_10_conv_top.v:11) (optimized to 0)
'wdata[101][16]' (pe_10_10_conv_top.v:11) (optimized to 0)
'wdata[101][17]' (pe_10_10_conv_top.v:11) (optimized to 0)
'wdata[100][1]' (pe_10_10_conv_top.v:11) (optimized to 0)
'wdata[100][3]' (pe_10_10_conv_top.v:11) (optimized to 0)
'wdata[100][4]' (pe_10_10_conv_top.v:11) (optimized to 0)
'wdata[100][7]' (pe_10_10_conv_top.v:11) (optimized to 0)
'wdata[100][8]' (pe_10_10_conv_top.v:11) (optimized to 0)
'wdata[100][9]' (pe_10_10_conv_top.v:11) (optimized to 0)
'wdata[100][10]' (pe_10_10_conv_top.v:11) (optimized to 0)
'wdata[100][11]' (pe_10_10_conv_top.v:11) (optimized to 0)
'wdata[100][12]' (pe_10_10_conv_top.v:11) (optimized to 0)
'wdata[100][13]' (pe_10_10_conv_top.v:11) (optimized to 0)
'wdata[100][14]' (pe_10_10_conv_top.v:11) (optimized to 0)
'wdata[100][15]' (pe_10_10_conv_top.v:11) (optimized to 0)
'wdata[100][16]' (pe_10_10_conv_top.v:11) (optimized to 0)
'wdata[100][17]' (pe_10_10_conv_top.v:11) (optimized to 0)
'wdata[99][0]' (pe_10_10_conv_top.v:11) (optimized to 0)
'wdata[99][1]' (pe_10_10_conv_top.v:11) (optimized to 0)
'wdata[99][3]' (pe_10_10_conv_top.v:11) (optimized to 0)
'wdata[99][4]' (pe_10_10_conv_top.v:11) (optimized to 0)
'wdata[99][7]' (pe_10_10_conv_top.v:11) (optimized to 0)
'wdata[99][8]' (pe_10_10_conv_top.v:11) (optimized to 0)
'wdata[99][9]' (pe_10_10_conv_top.v:11) (optimized to 0)
'wdata[99][10]' (pe_10_10_conv_top.v:11) (optimized to 0)
'wdata[99][11]' (pe_10_10_conv_top.v:11) (optimized to 0)
'wdata[99][12]' (pe_10_10_conv_top.v:11) (optimized to 0)
'wdata[99][13]' (pe_10_10_conv_top.v:11) (optimized to 0)
'wdata[99][14]' (pe_10_10_conv_top.v:11) (optimized to 0)
'wdata[99][15]' (pe_10_10_conv_top.v:11) (optimized to 0)
'wdata[99][16]' (pe_10_10_conv_top.v:11) (optimized to 0)
'wdata[99][17]' (pe_10_10_conv_top.v:11) (optimized to 0)
'wdata[98][2]' (pe_10_10_conv_top.v:11) (optimized to 0)
'wdata[98][3]' (pe_10_10_conv_top.v:11) (optimized to 0)
'wdata[98][4]' (pe_10_10_conv_top.v:11) (optimized to 0)
'wdata[98][7]' (pe_10_10_conv_top.v:11) (optimized to 0)
'wdata[98][8]' (pe_10_10_conv_top.v:11) (optimized to 0)
'wdata[98][9]' (pe_10_10_conv_top.v:11) (optimized to 0)
'wdata[98][10]' (pe_10_10_conv_top.v:11) (optimized to 0)
'wdata[98][11]' (pe_10_10_conv_top.v:11) (optimized to 0)
'wdata[98][12]' (pe_10_10_conv_top.v:11) (optimized to 0)
'wdata[98][13]' (pe_10_10_conv_top.v:11) (optimized to 0)
'wdata[98][14]' (pe_10_10_conv_top.v:11) (optimized to 0)
'wdata[98][15]' (pe_10_10_conv_top.v:11) (optimized to 0)
'wdata[98][16]' (pe_10_10_conv_top.v:11) (optimized to 0)
'wdata[98][17]' (pe_10_10_conv_top.v:11) (optimized to 0)
'wdata[97][0]' (pe_10_10_conv_top.v:11) (optimized to 0)
'wdata[97][2]' (pe_10_10_conv_top.v:11) (optimized to 0)
'wdata[97][3]' (pe_10_10_conv_top.v:11) (optimized to 0)
'wdata[97][4]' (pe_10_10_conv_top.v:11) (optimized to 0)
'wdata[97][7]' (pe_10_10_conv_top.v:11) (optimized to 0)
'wdata[97][8]' (pe_10_10_conv_top.v:11) (optimized to 0)
'wdata[97][9]' (pe_10_10_conv_top.v:11) (optimized to 0)
'wdata[97][10]' (pe_10_10_conv_top.v:11) (optimized to 0)
'wdata[97][11]' (pe_10_10_conv_top.v:11) (optimized to 0)
'wdata[97][12]' (pe_10_10_conv_top.v:11) (optimized to 0)
'wdata[97][13]' (pe_10_10_conv_top.v:11) (optimized to 0)
'wdata[97][14]' (pe_10_10_conv_top.v:11) (optimized to 0)
'wdata[97][15]' (pe_10_10_conv_top.v:11) (optimized to 0)
'wdata[97][16]' (pe_10_10_conv_top.v:11) (optimized to 0)
'wdata[97][17]' (pe_10_10_conv_top.v:11) (optimized to 0)
'wdata[96][1]' (pe_10_10_conv_top.v:11) (optimized to 0)
'wdata[96][2]' (pe_10_10_conv_top.v:11) (optimized to 0)
'wdata[96][3]' (pe_10_10_conv_top.v:11) (optimized to 0)
'wdata[96][4]' (pe_10_10_conv_top.v:11) (optimized to 0)
'wdata[96][7]' (pe_10_10_conv_top.v:11) (optimized to 0)
'wdata[96][8]' (pe_10_10_conv_top.v:11) (optimized to 0)
'wdata[96][9]' (pe_10_10_conv_top.v:11) (optimized to 0)
'wdata[96][10]' (pe_10_10_conv_top.v:11) (optimized to 0)
'wdata[96][11]' (pe_10_10_conv_top.v:11) (optimized to 0)
'wdata[96][12]' (pe_10_10_conv_top.v:11) (optimized to 0)
'wdata[96][13]' (pe_10_10_conv_top.v:11) (optimized to 0)
'wdata[96][14]' (pe_10_10_conv_top.v:11) (optimized to 0)
'wdata[96][15]' (pe_10_10_conv_top.v:11) (optimized to 0)
'wdata[96][16]' (pe_10_10_conv_top.v:11) (optimized to 0)
'wdata[96][17]' (pe_10_10_conv_top.v:11) (optimized to 0)
'wdata[95][0]' (pe_10_10_conv_top.v:11) (optimized to 0)
'wdata[95][1]' (pe_10_10_conv_top.v:11) (optimized to 0)
'wdata[95][2]' (pe_10_10_conv_top.v:11) (optimized to 0)
'wdata[95][3]' (pe_10_10_conv_top.v:11) (optimized to 0)
'wdata[95][4]' (pe_10_10_conv_top.v:11) (optimized to 0)
'wdata[95][7]' (pe_10_10_conv_top.v:11) (optimized to 0)
'wdata[95][8]' (pe_10_10_conv_top.v:11) (optimized to 0)
'wdata[95][9]' (pe_10_10_conv_top.v:11) (optimized to 0)
'wdata[95][10]' (pe_10_10_conv_top.v:11) (optimized to 0)
'wdata[95][11]' (pe_10_10_conv_top.v:11) (optimized to 0)
'wdata[95][12]' (pe_10_10_conv_top.v:11) (optimized to 0)
'wdata[95][13]' (pe_10_10_conv_top.v:11) (optimized to 0)
'wdata[95][14]' (pe_10_10_conv_top.v:11) (optimized to 0)
'wdata[95][15]' (pe_10_10_conv_top.v:11) (optimized to 0)
'wdata[95][16]' (pe_10_10_conv_top.v:11) (optimized to 0)
'wdata[95][17]' (pe_10_10_conv_top.v:11) (optimized to 0)
'wdata[94][5]' (pe_10_10_conv_top.v:11) (optimized to 0)
'wdata[94][7]' (pe_10_10_conv_top.v:11) (optimized to 0)
'wdata[94][8]' (pe_10_10_conv_top.v:11) (optimized to 0)
'wdata[94][9]' (pe_10_10_conv_top.v:11) (optimized to 0)
'wdata[94][10]' (pe_10_10_conv_top.v:11) (optimized to 0)
'wdata[94][11]' (pe_10_10_conv_top.v:11) (optimized to 0)
'wdata[94][12]' (pe_10_10_conv_top.v:11) (optimized to 0)
'wdata[94][13]' (pe_10_10_conv_top.v:11) (optimized to 0)
'wdata[94][14]' (pe_10_10_conv_top.v:11) (optimized to 0)
'wdata[94][15]' (pe_10_10_conv_top.v:11) (optimized to 0)
'wdata[94][16]' (pe_10_10_conv_top.v:11) (optimized to 0)
'wdata[94][17]' (pe_10_10_conv_top.v:11) (optimized to 0)
'wdata[93][0]' (pe_10_10_conv_top.v:11) (optimized to 0)
'wdata[93][5]' (pe_10_10_conv_top.v:11) (optimized to 0)
'wdata[93][7]' (pe_10_10_conv_top.v:11) (optimized to 0)
'wdata[93][8]' (pe_10_10_conv_top.v:11) (optimized to 0)
'wdata[93][9]' (pe_10_10_conv_top.v:11) (optimized to 0)
'wdata[93][10]' (pe_10_10_conv_top.v:11) (optimized to 0)
'wdata[93][11]' (pe_10_10_conv_top.v:11) (optimized to 0)
'wdata[93][12]' (pe_10_10_conv_top.v:11) (optimized to 0)
'wdata[93][13]' (pe_10_10_conv_top.v:11) (optimized to 0)
'wdata[93][14]' (pe_10_10_conv_top.v:11) (optimized to 0)
'wdata[93][15]' (pe_10_10_conv_top.v:11) (optimized to 0)
'wdata[93][16]' (pe_10_10_conv_top.v:11) (optimized to 0)
'wdata[93][17]' (pe_10_10_conv_top.v:11) (optimized to 0)
'wdata[92][1]' (pe_10_10_conv_top.v:11) (optimized to 0)
'wdata[92][5]' (pe_10_10_conv_top.v:11) (optimized to 0)
'wdata[92][7]' (pe_10_10_conv_top.v:11) (optimized to 0)
'wdata[92][8]' (pe_10_10_conv_top.v:11) (optimized to 0)
'wdata[92][9]' (pe_10_10_conv_top.v:11) (optimized to 0)
'wdata[92][10]' (pe_10_10_conv_top.v:11) (optimized to 0)
'wdata[92][11]' (pe_10_10_conv_top.v:11) (optimized to 0)
'wdata[92][12]' (pe_10_10_conv_top.v:11) (optimized to 0)
'wdata[92][13]' (pe_10_10_conv_top.v:11) (optimized to 0)
'wdata[92][14]' (pe_10_10_conv_top.v:11) (optimized to 0)
'wdata[92][15]' (pe_10_10_conv_top.v:11) (optimized to 0)
'wdata[92][16]' (pe_10_10_conv_top.v:11) (optimized to 0)
'wdata[92][17]' (pe_10_10_conv_top.v:11) (optimized to 0)
'wdata[91][0]' (pe_10_10_conv_top.v:11) (optimized to 0)
'wdata[91][1]' (pe_10_10_conv_top.v:11) (optimized to 0)
'wdata[91][5]' (pe_10_10_conv_top.v:11) (optimized to 0)
'wdata[91][7]' (pe_10_10_conv_top.v:11) (optimized to 0)
'wdata[91][8]' (pe_10_10_conv_top.v:11) (optimized to 0)
'wdata[91][9]' (pe_10_10_conv_top.v:11) (optimized to 0)
'wdata[91][10]' (pe_10_10_conv_top.v:11) (optimized to 0)
'wdata[91][11]' (pe_10_10_conv_top.v:11) (optimized to 0)
'wdata[91][12]' (pe_10_10_conv_top.v:11) (optimized to 0)
'wdata[91][13]' (pe_10_10_conv_top.v:11) (optimized to 0)
'wdata[91][14]' (pe_10_10_conv_top.v:11) (optimized to 0)
'wdata[91][15]' (pe_10_10_conv_top.v:11) (optimized to 0)
'wdata[91][16]' (pe_10_10_conv_top.v:11) (optimized to 0)
'wdata[91][17]' (pe_10_10_conv_top.v:11) (optimized to 0)
'wdata[90][2]' (pe_10_10_conv_top.v:11) (optimized to 0)
'wdata[90][5]' (pe_10_10_conv_top.v:11) (optimized to 0)
'wdata[90][7]' (pe_10_10_conv_top.v:11) (optimized to 0)
'wdata[90][8]' (pe_10_10_conv_top.v:11) (optimized to 0)
'wdata[90][9]' (pe_10_10_conv_top.v:11) (optimized to 0)
'wdata[90][10]' (pe_10_10_conv_top.v:11) (optimized to 0)
'wdata[90][11]' (pe_10_10_conv_top.v:11) (optimized to 0)
'wdata[90][12]' (pe_10_10_conv_top.v:11) (optimized to 0)
'wdata[90][13]' (pe_10_10_conv_top.v:11) (optimized to 0)
'wdata[90][14]' (pe_10_10_conv_top.v:11) (optimized to 0)
'wdata[90][15]' (pe_10_10_conv_top.v:11) (optimized to 0)
'wdata[90][16]' (pe_10_10_conv_top.v:11) (optimized to 0)
'wdata[90][17]' (pe_10_10_conv_top.v:11) (optimized to 0)
'wdata[89][0]' (pe_10_10_conv_top.v:11) (optimized to 0)
'wdata[89][2]' (pe_10_10_conv_top.v:11) (optimized to 0)
'wdata[89][5]' (pe_10_10_conv_top.v:11) (optimized to 0)
'wdata[89][7]' (pe_10_10_conv_top.v:11) (optimized to 0)
'wdata[89][8]' (pe_10_10_conv_top.v:11) (optimized to 0)
'wdata[89][9]' (pe_10_10_conv_top.v:11) (optimized to 0)
'wdata[89][10]' (pe_10_10_conv_top.v:11) (optimized to 0)
'wdata[89][11]' (pe_10_10_conv_top.v:11) (optimized to 0)
'wdata[89][12]' (pe_10_10_conv_top.v:11) (optimized to 0)
'wdata[89][13]' (pe_10_10_conv_top.v:11) (optimized to 0)
'wdata[89][14]' (pe_10_10_conv_top.v:11) (optimized to 0)
'wdata[89][15]' (pe_10_10_conv_top.v:11) (optimized to 0)
'wdata[89][16]' (pe_10_10_conv_top.v:11) (optimized to 0)
'wdata[89][17]' (pe_10_10_conv_top.v:11) (optimized to 0)
'wdata[88][1]' (pe_10_10_conv_top.v:11) (optimized to 0)
'wdata[88][2]' (pe_10_10_conv_top.v:11) (optimized to 0)
'wdata[88][5]' (pe_10_10_conv_top.v:11) (optimized to 0)
'wdata[88][7]' (pe_10_10_conv_top.v:11) (optimized to 0)
'wdata[88][8]' (pe_10_10_conv_top.v:11) (optimized to 0)
'wdata[88][9]' (pe_10_10_conv_top.v:11) (optimized to 0)
'wdata[88][10]' (pe_10_10_conv_top.v:11) (optimized to 0)
'wdata[88][11]' (pe_10_10_conv_top.v:11) (optimized to 0)
'wdata[88][12]' (pe_10_10_conv_top.v:11) (optimized to 0)
'wdata[88][13]' (pe_10_10_conv_top.v:11) (optimized to 0)
'wdata[88][14]' (pe_10_10_conv_top.v:11) (optimized to 0)
'wdata[88][15]' (pe_10_10_conv_top.v:11) (optimized to 0)
'wdata[88][16]' (pe_10_10_conv_top.v:11) (optimized to 0)
'wdata[88][17]' (pe_10_10_conv_top.v:11) (optimized to 0)
'wdata[87][0]' (pe_10_10_conv_top.v:11) (optimized to 0)
'wdata[87][1]' (pe_10_10_conv_top.v:11) (optimized to 0)
'wdata[87][2]' (pe_10_10_conv_top.v:11) (optimized to 0)
'wdata[87][5]' (pe_10_10_conv_top.v:11) (optimized to 0)
'wdata[87][7]' (pe_10_10_conv_top.v:11) (optimized to 0)
'wdata[87][8]' (pe_10_10_conv_top.v:11) (optimized to 0)
'wdata[87][9]' (pe_10_10_conv_top.v:11) (optimized to 0)
'wdata[87][10]' (pe_10_10_conv_top.v:11) (optimized to 0)
'wdata[87][11]' (pe_10_10_conv_top.v:11) (optimized to 0)
'wdata[87][12]' (pe_10_10_conv_top.v:11) (optimized to 0)
'wdata[87][13]' (pe_10_10_conv_top.v:11) (optimized to 0)
'wdata[87][14]' (pe_10_10_conv_top.v:11) (optimized to 0)
'wdata[87][15]' (pe_10_10_conv_top.v:11) (optimized to 0)
'wdata[87][16]' (pe_10_10_conv_top.v:11) (optimized to 0)
'wdata[87][17]' (pe_10_10_conv_top.v:11) (optimized to 0)
'wdata[86][3]' (pe_10_10_conv_top.v:11) (optimized to 0)
'wdata[86][5]' (pe_10_10_conv_top.v:11) (optimized to 0)
'wdata[86][7]' (pe_10_10_conv_top.v:11) (optimized to 0)
'wdata[86][8]' (pe_10_10_conv_top.v:11) (optimized to 0)
'wdata[86][9]' (pe_10_10_conv_top.v:11) (optimized to 0)
'wdata[86][10]' (pe_10_10_conv_top.v:11) (optimized to 0)
'wdata[86][11]' (pe_10_10_conv_top.v:11) (optimized to 0)
'wdata[86][12]' (pe_10_10_conv_top.v:11) (optimized to 0)
'wdata[86][13]' (pe_10_10_conv_top.v:11) (optimized to 0)
'wdata[86][14]' (pe_10_10_conv_top.v:11) (optimized to 0)
'wdata[86][15]' (pe_10_10_conv_top.v:11) (optimized to 0)
'wdata[86][16]' (pe_10_10_conv_top.v:11) (optimized to 0)
'wdata[86][17]' (pe_10_10_conv_top.v:11) (optimized to 0)
'wdata[85][0]' (pe_10_10_conv_top.v:11) (optimized to 0)
'wdata[85][3]' (pe_10_10_conv_top.v:11) (optimized to 0)
'wdata[85][5]' (pe_10_10_conv_top.v:11) (optimized to 0)
'wdata[85][7]' (pe_10_10_conv_top.v:11) (optimized to 0)
'wdata[85][8]' (pe_10_10_conv_top.v:11) (optimized to 0)
'wdata[85][9]' (pe_10_10_conv_top.v:11) (optimized to 0)
'wdata[85][10]' (pe_10_10_conv_top.v:11) (optimized to 0)
'wdata[85][11]' (pe_10_10_conv_top.v:11) (optimized to 0)
'wdata[85][12]' (pe_10_10_conv_top.v:11) (optimized to 0)
'wdata[85][13]' (pe_10_10_conv_top.v:11) (optimized to 0)
'wdata[85][14]' (pe_10_10_conv_top.v:11) (optimized to 0)
'wdata[85][15]' (pe_10_10_conv_top.v:11) (optimized to 0)
'wdata[85][16]' (pe_10_10_conv_top.v:11) (optimized to 0)
'wdata[85][17]' (pe_10_10_conv_top.v:11) (optimized to 0)
'wdata[84][1]' (pe_10_10_conv_top.v:11) (optimized to 0)
'wdata[84][3]' (pe_10_10_conv_top.v:11) (optimized to 0)
'wdata[84][5]' (pe_10_10_conv_top.v:11) (optimized to 0)
'wdata[84][7]' (pe_10_10_conv_top.v:11) (optimized to 0)
'wdata[84][8]' (pe_10_10_conv_top.v:11) (optimized to 0)
'wdata[84][9]' (pe_10_10_conv_top.v:11) (optimized to 0)
'wdata[84][10]' (pe_10_10_conv_top.v:11) (optimized to 0)
'wdata[84][11]' (pe_10_10_conv_top.v:11) (optimized to 0)
'wdata[84][12]' (pe_10_10_conv_top.v:11) (optimized to 0)
'wdata[84][13]' (pe_10_10_conv_top.v:11) (optimized to 0)
'wdata[84][14]' (pe_10_10_conv_top.v:11) (optimized to 0)
'wdata[84][15]' (pe_10_10_conv_top.v:11) (optimized to 0)
'wdata[84][16]' (pe_10_10_conv_top.v:11) (optimized to 0)
'wdata[84][17]' (pe_10_10_conv_top.v:11) (optimized to 0)
'wdata[83][0]' (pe_10_10_conv_top.v:11) (optimized to 0)
'wdata[83][1]' (pe_10_10_conv_top.v:11) (optimized to 0)
'wdata[83][3]' (pe_10_10_conv_top.v:11) (optimized to 0)
'wdata[83][5]' (pe_10_10_conv_top.v:11) (optimized to 0)
'wdata[83][7]' (pe_10_10_conv_top.v:11) (optimized to 0)
'wdata[83][8]' (pe_10_10_conv_top.v:11) (optimized to 0)
'wdata[83][9]' (pe_10_10_conv_top.v:11) (optimized to 0)
'wdata[83][10]' (pe_10_10_conv_top.v:11) (optimized to 0)
'wdata[83][11]' (pe_10_10_conv_top.v:11) (optimized to 0)
'wdata[83][12]' (pe_10_10_conv_top.v:11) (optimized to 0)
'wdata[83][13]' (pe_10_10_conv_top.v:11) (optimized to 0)
'wdata[83][14]' (pe_10_10_conv_top.v:11) (optimized to 0)
'wdata[83][15]' (pe_10_10_conv_top.v:11) (optimized to 0)
'wdata[83][16]' (pe_10_10_conv_top.v:11) (optimized to 0)
'wdata[83][17]' (pe_10_10_conv_top.v:11) (optimized to 0)
'wdata[82][2]' (pe_10_10_conv_top.v:11) (optimized to 0)
'wdata[82][3]' (pe_10_10_conv_top.v:11) (optimized to 0)
'wdata[82][5]' (pe_10_10_conv_top.v:11) (optimized to 0)
'wdata[82][7]' (pe_10_10_conv_top.v:11) (optimized to 0)
'wdata[82][8]' (pe_10_10_conv_top.v:11) (optimized to 0)
'wdata[82][9]' (pe_10_10_conv_top.v:11) (optimized to 0)
'wdata[82][10]' (pe_10_10_conv_top.v:11) (optimized to 0)
'wdata[82][11]' (pe_10_10_conv_top.v:11) (optimized to 0)
'wdata[82][12]' (pe_10_10_conv_top.v:11) (optimized to 0)
'wdata[82][13]' (pe_10_10_conv_top.v:11) (optimized to 0)
'wdata[82][14]' (pe_10_10_conv_top.v:11) (optimized to 0)
'wdata[82][15]' (pe_10_10_conv_top.v:11) (optimized to 0)
'wdata[82][16]' (pe_10_10_conv_top.v:11) (optimized to 0)
'wdata[82][17]' (pe_10_10_conv_top.v:11) (optimized to 0)
'wdata[81][0]' (pe_10_10_conv_top.v:11) (optimized to 0)
'wdata[81][2]' (pe_10_10_conv_top.v:11) (optimized to 0)
'wdata[81][3]' (pe_10_10_conv_top.v:11) (optimized to 0)
'wdata[81][5]' (pe_10_10_conv_top.v:11) (optimized to 0)
'wdata[81][7]' (pe_10_10_conv_top.v:11) (optimized to 0)
'wdata[81][8]' (pe_10_10_conv_top.v:11) (optimized to 0)
'wdata[81][9]' (pe_10_10_conv_top.v:11) (optimized to 0)
'wdata[81][10]' (pe_10_10_conv_top.v:11) (optimized to 0)
'wdata[81][11]' (pe_10_10_conv_top.v:11) (optimized to 0)
'wdata[81][12]' (pe_10_10_conv_top.v:11) (optimized to 0)
'wdata[81][13]' (pe_10_10_conv_top.v:11) (optimized to 0)
'wdata[81][14]' (pe_10_10_conv_top.v:11) (optimized to 0)
'wdata[81][15]' (pe_10_10_conv_top.v:11) (optimized to 0)
'wdata[81][16]' (pe_10_10_conv_top.v:11) (optimized to 0)
'wdata[81][17]' (pe_10_10_conv_top.v:11) (optimized to 0)
'wdata[80][1]' (pe_10_10_conv_top.v:11) (optimized to 0)
'wdata[80][2]' (pe_10_10_conv_top.v:11) (optimized to 0)
'wdata[80][3]' (pe_10_10_conv_top.v:11) (optimized to 0)
'wdata[80][5]' (pe_10_10_conv_top.v:11) (optimized to 0)
'wdata[80][7]' (pe_10_10_conv_top.v:11) (optimized to 0)
'wdata[80][8]' (pe_10_10_conv_top.v:11) (optimized to 0)
'wdata[80][9]' (pe_10_10_conv_top.v:11) (optimized to 0)
'wdata[80][10]' (pe_10_10_conv_top.v:11) (optimized to 0)
'wdata[80][11]' (pe_10_10_conv_top.v:11) (optimized to 0)
'wdata[80][12]' (pe_10_10_conv_top.v:11) (optimized to 0)
'wdata[80][13]' (pe_10_10_conv_top.v:11) (optimized to 0)
'wdata[80][14]' (pe_10_10_conv_top.v:11) (optimized to 0)
'wdata[80][15]' (pe_10_10_conv_top.v:11) (optimized to 0)
'wdata[80][16]' (pe_10_10_conv_top.v:11) (optimized to 0)
'wdata[80][17]' (pe_10_10_conv_top.v:11) (optimized to 0)
'wdata[79][0]' (pe_10_10_conv_top.v:11) (optimized to 0)
'wdata[79][1]' (pe_10_10_conv_top.v:11) (optimized to 0)
'wdata[79][2]' (pe_10_10_conv_top.v:11) (optimized to 0)
'wdata[79][3]' (pe_10_10_conv_top.v:11) (optimized to 0)
'wdata[79][5]' (pe_10_10_conv_top.v:11) (optimized to 0)
'wdata[79][7]' (pe_10_10_conv_top.v:11) (optimized to 0)
'wdata[79][8]' (pe_10_10_conv_top.v:11) (optimized to 0)
'wdata[79][9]' (pe_10_10_conv_top.v:11) (optimized to 0)
'wdata[79][10]' (pe_10_10_conv_top.v:11) (optimized to 0)
'wdata[79][11]' (pe_10_10_conv_top.v:11) (optimized to 0)
'wdata[79][12]' (pe_10_10_conv_top.v:11) (optimized to 0)
'wdata[79][13]' (pe_10_10_conv_top.v:11) (optimized to 0)
'wdata[79][14]' (pe_10_10_conv_top.v:11) (optimized to 0)
'wdata[79][15]' (pe_10_10_conv_top.v:11) (optimized to 0)
'wdata[79][16]' (pe_10_10_conv_top.v:11) (optimized to 0)
'wdata[79][17]' (pe_10_10_conv_top.v:11) (optimized to 0)
'wdata[78][4]' (pe_10_10_conv_top.v:11) (optimized to 0)
'wdata[78][5]' (pe_10_10_conv_top.v:11) (optimized to 0)
'wdata[78][7]' (pe_10_10_conv_top.v:11) (optimized to 0)
'wdata[78][8]' (pe_10_10_conv_top.v:11) (optimized to 0)
'wdata[78][9]' (pe_10_10_conv_top.v:11) (optimized to 0)
'wdata[78][10]' (pe_10_10_conv_top.v:11) (optimized to 0)
'wdata[78][11]' (pe_10_10_conv_top.v:11) (optimized to 0)
'wdata[78][12]' (pe_10_10_conv_top.v:11) (optimized to 0)
'wdata[78][13]' (pe_10_10_conv_top.v:11) (optimized to 0)
'wdata[78][14]' (pe_10_10_conv_top.v:11) (optimized to 0)
'wdata[78][15]' (pe_10_10_conv_top.v:11) (optimized to 0)
'wdata[78][16]' (pe_10_10_conv_top.v:11) (optimized to 0)
'wdata[78][17]' (pe_10_10_conv_top.v:11) (optimized to 0)
'wdata[77][0]' (pe_10_10_conv_top.v:11) (optimized to 0)
'wdata[77][4]' (pe_10_10_conv_top.v:11) (optimized to 0)
'wdata[77][5]' (pe_10_10_conv_top.v:11) (optimized to 0)
'wdata[77][7]' (pe_10_10_conv_top.v:11) (optimized to 0)
'wdata[77][8]' (pe_10_10_conv_top.v:11) (optimized to 0)
'wdata[77][9]' (pe_10_10_conv_top.v:11) (optimized to 0)
'wdata[77][10]' (pe_10_10_conv_top.v:11) (optimized to 0)
'wdata[77][11]' (pe_10_10_conv_top.v:11) (optimized to 0)
'wdata[77][12]' (pe_10_10_conv_top.v:11) (optimized to 0)
'wdata[77][13]' (pe_10_10_conv_top.v:11) (optimized to 0)
'wdata[77][14]' (pe_10_10_conv_top.v:11) (optimized to 0)
'wdata[77][15]' (pe_10_10_conv_top.v:11) (optimized to 0)
'wdata[77][16]' (pe_10_10_conv_top.v:11) (optimized to 0)
'wdata[77][17]' (pe_10_10_conv_top.v:11) (optimized to 0)
'wdata[76][1]' (pe_10_10_conv_top.v:11) (optimized to 0)
'wdata[76][4]' (pe_10_10_conv_top.v:11) (optimized to 0)
'wdata[76][5]' (pe_10_10_conv_top.v:11) (optimized to 0)
'wdata[76][7]' (pe_10_10_conv_top.v:11) (optimized to 0)
'wdata[76][8]' (pe_10_10_conv_top.v:11) (optimized to 0)
'wdata[76][9]' (pe_10_10_conv_top.v:11) (optimized to 0)
'wdata[76][10]' (pe_10_10_conv_top.v:11) (optimized to 0)
'wdata[76][11]' (pe_10_10_conv_top.v:11) (optimized to 0)
'wdata[76][12]' (pe_10_10_conv_top.v:11) (optimized to 0)
'wdata[76][13]' (pe_10_10_conv_top.v:11) (optimized to 0)
'wdata[76][14]' (pe_10_10_conv_top.v:11) (optimized to 0)
'wdata[76][15]' (pe_10_10_conv_top.v:11) (optimized to 0)
'wdata[76][16]' (pe_10_10_conv_top.v:11) (optimized to 0)
'wdata[76][17]' (pe_10_10_conv_top.v:11) (optimized to 0)
'wdata[75][0]' (pe_10_10_conv_top.v:11) (optimized to 0)
'wdata[75][1]' (pe_10_10_conv_top.v:11) (optimized to 0)
'wdata[75][4]' (pe_10_10_conv_top.v:11) (optimized to 0)
'wdata[75][5]' (pe_10_10_conv_top.v:11) (optimized to 0)
'wdata[75][7]' (pe_10_10_conv_top.v:11) (optimized to 0)
'wdata[75][8]' (pe_10_10_conv_top.v:11) (optimized to 0)
'wdata[75][9]' (pe_10_10_conv_top.v:11) (optimized to 0)
'wdata[75][10]' (pe_10_10_conv_top.v:11) (optimized to 0)
'wdata[75][11]' (pe_10_10_conv_top.v:11) (optimized to 0)
'wdata[75][12]' (pe_10_10_conv_top.v:11) (optimized to 0)
'wdata[75][13]' (pe_10_10_conv_top.v:11) (optimized to 0)
'wdata[75][14]' (pe_10_10_conv_top.v:11) (optimized to 0)
'wdata[75][15]' (pe_10_10_conv_top.v:11) (optimized to 0)
'wdata[75][16]' (pe_10_10_conv_top.v:11) (optimized to 0)
'wdata[75][17]' (pe_10_10_conv_top.v:11) (optimized to 0)
'wdata[74][2]' (pe_10_10_conv_top.v:11) (optimized to 0)
'wdata[74][4]' (pe_10_10_conv_top.v:11) (optimized to 0)
'wdata[74][5]' (pe_10_10_conv_top.v:11) (optimized to 0)
'wdata[74][7]' (pe_10_10_conv_top.v:11) (optimized to 0)
'wdata[74][8]' (pe_10_10_conv_top.v:11) (optimized to 0)
'wdata[74][9]' (pe_10_10_conv_top.v:11) (optimized to 0)
'wdata[74][10]' (pe_10_10_conv_top.v:11) (optimized to 0)
'wdata[74][11]' (pe_10_10_conv_top.v:11) (optimized to 0)
'wdata[74][12]' (pe_10_10_conv_top.v:11) (optimized to 0)
'wdata[74][13]' (pe_10_10_conv_top.v:11) (optimized to 0)
'wdata[74][14]' (pe_10_10_conv_top.v:11) (optimized to 0)
'wdata[74][15]' (pe_10_10_conv_top.v:11) (optimized to 0)
'wdata[74][16]' (pe_10_10_conv_top.v:11) (optimized to 0)
'wdata[74][17]' (pe_10_10_conv_top.v:11) (optimized to 0)
'wdata[73][0]' (pe_10_10_conv_top.v:11) (optimized to 0)
'wdata[73][2]' (pe_10_10_conv_top.v:11) (optimized to 0)
'wdata[73][4]' (pe_10_10_conv_top.v:11) (optimized to 0)
'wdata[73][5]' (pe_10_10_conv_top.v:11) (optimized to 0)
'wdata[73][7]' (pe_10_10_conv_top.v:11) (optimized to 0)
'wdata[73][8]' (pe_10_10_conv_top.v:11) (optimized to 0)
'wdata[73][9]' (pe_10_10_conv_top.v:11) (optimized to 0)
'wdata[73][10]' (pe_10_10_conv_top.v:11) (optimized to 0)
'wdata[73][11]' (pe_10_10_conv_top.v:11) (optimized to 0)
'wdata[73][12]' (pe_10_10_conv_top.v:11) (optimized to 0)
'wdata[73][13]' (pe_10_10_conv_top.v:11) (optimized to 0)
'wdata[73][14]' (pe_10_10_conv_top.v:11) (optimized to 0)
'wdata[73][15]' (pe_10_10_conv_top.v:11) (optimized to 0)
'wdata[73][16]' (pe_10_10_conv_top.v:11) (optimized to 0)
'wdata[73][17]' (pe_10_10_conv_top.v:11) (optimized to 0)
'wdata[72][1]' (pe_10_10_conv_top.v:11) (optimized to 0)
'wdata[72][2]' (pe_10_10_conv_top.v:11) (optimized to 0)
'wdata[72][4]' (pe_10_10_conv_top.v:11) (optimized to 0)
'wdata[72][5]' (pe_10_10_conv_top.v:11) (optimized to 0)
'wdata[72][7]' (pe_10_10_conv_top.v:11) (optimized to 0)
'wdata[72][8]' (pe_10_10_conv_top.v:11) (optimized to 0)
'wdata[72][9]' (pe_10_10_conv_top.v:11) (optimized to 0)
'wdata[72][10]' (pe_10_10_conv_top.v:11) (optimized to 0)
'wdata[72][11]' (pe_10_10_conv_top.v:11) (optimized to 0)
'wdata[72][12]' (pe_10_10_conv_top.v:11) (optimized to 0)
'wdata[72][13]' (pe_10_10_conv_top.v:11) (optimized to 0)
'wdata[72][14]' (pe_10_10_conv_top.v:11) (optimized to 0)
'wdata[72][15]' (pe_10_10_conv_top.v:11) (optimized to 0)
'wdata[72][16]' (pe_10_10_conv_top.v:11) (optimized to 0)
'wdata[72][17]' (pe_10_10_conv_top.v:11) (optimized to 0)
'wdata[71][0]' (pe_10_10_conv_top.v:11) (optimized to 0)
'wdata[71][1]' (pe_10_10_conv_top.v:11) (optimized to 0)
'wdata[71][2]' (pe_10_10_conv_top.v:11) (optimized to 0)
'wdata[71][4]' (pe_10_10_conv_top.v:11) (optimized to 0)
'wdata[71][5]' (pe_10_10_conv_top.v:11) (optimized to 0)
'wdata[71][7]' (pe_10_10_conv_top.v:11) (optimized to 0)
'wdata[71][8]' (pe_10_10_conv_top.v:11) (optimized to 0)
'wdata[71][9]' (pe_10_10_conv_top.v:11) (optimized to 0)
'wdata[71][10]' (pe_10_10_conv_top.v:11) (optimized to 0)
'wdata[71][11]' (pe_10_10_conv_top.v:11) (optimized to 0)
'wdata[71][12]' (pe_10_10_conv_top.v:11) (optimized to 0)
'wdata[71][13]' (pe_10_10_conv_top.v:11) (optimized to 0)
'wdata[71][14]' (pe_10_10_conv_top.v:11) (optimized to 0)
'wdata[71][15]' (pe_10_10_conv_top.v:11) (optimized to 0)
'wdata[71][16]' (pe_10_10_conv_top.v:11) (optimized to 0)
'wdata[71][17]' (pe_10_10_conv_top.v:11) (optimized to 0)
'wdata[70][3]' (pe_10_10_conv_top.v:11) (optimized to 0)
'wdata[70][4]' (pe_10_10_conv_top.v:11) (optimized to 0)
'wdata[70][5]' (pe_10_10_conv_top.v:11) (optimized to 0)
'wdata[70][7]' (pe_10_10_conv_top.v:11) (optimized to 0)
'wdata[70][8]' (pe_10_10_conv_top.v:11) (optimized to 0)
'wdata[70][9]' (pe_10_10_conv_top.v:11) (optimized to 0)
'wdata[70][10]' (pe_10_10_conv_top.v:11) (optimized to 0)
'wdata[70][11]' (pe_10_10_conv_top.v:11) (optimized to 0)
'wdata[70][12]' (pe_10_10_conv_top.v:11) (optimized to 0)
'wdata[70][13]' (pe_10_10_conv_top.v:11) (optimized to 0)
'wdata[70][14]' (pe_10_10_conv_top.v:11) (optimized to 0)
'wdata[70][15]' (pe_10_10_conv_top.v:11) (optimized to 0)
'wdata[70][16]' (pe_10_10_conv_top.v:11) (optimized to 0)
'wdata[70][17]' (pe_10_10_conv_top.v:11) (optimized to 0)
'wdata[69][0]' (pe_10_10_conv_top.v:11) (optimized to 0)
'wdata[69][3]' (pe_10_10_conv_top.v:11) (optimized to 0)
'wdata[69][4]' (pe_10_10_conv_top.v:11) (optimized to 0)
'wdata[69][5]' (pe_10_10_conv_top.v:11) (optimized to 0)
'wdata[69][7]' (pe_10_10_conv_top.v:11) (optimized to 0)
'wdata[69][8]' (pe_10_10_conv_top.v:11) (optimized to 0)
'wdata[69][9]' (pe_10_10_conv_top.v:11) (optimized to 0)
'wdata[69][10]' (pe_10_10_conv_top.v:11) (optimized to 0)
'wdata[69][11]' (pe_10_10_conv_top.v:11) (optimized to 0)
'wdata[69][12]' (pe_10_10_conv_top.v:11) (optimized to 0)
'wdata[69][13]' (pe_10_10_conv_top.v:11) (optimized to 0)
'wdata[69][14]' (pe_10_10_conv_top.v:11) (optimized to 0)
'wdata[69][15]' (pe_10_10_conv_top.v:11) (optimized to 0)
'wdata[69][16]' (pe_10_10_conv_top.v:11) (optimized to 0)
'wdata[69][17]' (pe_10_10_conv_top.v:11) (optimized to 0)
'wdata[68][1]' (pe_10_10_conv_top.v:11) (optimized to 0)
'wdata[68][3]' (pe_10_10_conv_top.v:11) (optimized to 0)
'wdata[68][4]' (pe_10_10_conv_top.v:11) (optimized to 0)
'wdata[68][5]' (pe_10_10_conv_top.v:11) (optimized to 0)
'wdata[68][7]' (pe_10_10_conv_top.v:11) (optimized to 0)
'wdata[68][8]' (pe_10_10_conv_top.v:11) (optimized to 0)
'wdata[68][9]' (pe_10_10_conv_top.v:11) (optimized to 0)
'wdata[68][10]' (pe_10_10_conv_top.v:11) (optimized to 0)
'wdata[68][11]' (pe_10_10_conv_top.v:11) (optimized to 0)
'wdata[68][12]' (pe_10_10_conv_top.v:11) (optimized to 0)
'wdata[68][13]' (pe_10_10_conv_top.v:11) (optimized to 0)
'wdata[68][14]' (pe_10_10_conv_top.v:11) (optimized to 0)
'wdata[68][15]' (pe_10_10_conv_top.v:11) (optimized to 0)
'wdata[68][16]' (pe_10_10_conv_top.v:11) (optimized to 0)
'wdata[68][17]' (pe_10_10_conv_top.v:11) (optimized to 0)
'wdata[67][0]' (pe_10_10_conv_top.v:11) (optimized to 0)
'wdata[67][1]' (pe_10_10_conv_top.v:11) (optimized to 0)
'wdata[67][3]' (pe_10_10_conv_top.v:11) (optimized to 0)
'wdata[67][4]' (pe_10_10_conv_top.v:11) (optimized to 0)
'wdata[67][5]' (pe_10_10_conv_top.v:11) (optimized to 0)
'wdata[67][7]' (pe_10_10_conv_top.v:11) (optimized to 0)
'wdata[67][8]' (pe_10_10_conv_top.v:11) (optimized to 0)
'wdata[67][9]' (pe_10_10_conv_top.v:11) (optimized to 0)
'wdata[67][10]' (pe_10_10_conv_top.v:11) (optimized to 0)
'wdata[67][11]' (pe_10_10_conv_top.v:11) (optimized to 0)
'wdata[67][12]' (pe_10_10_conv_top.v:11) (optimized to 0)
'wdata[67][13]' (pe_10_10_conv_top.v:11) (optimized to 0)
'wdata[67][14]' (pe_10_10_conv_top.v:11) (optimized to 0)
'wdata[67][15]' (pe_10_10_conv_top.v:11) (optimized to 0)
'wdata[67][16]' (pe_10_10_conv_top.v:11) (optimized to 0)
'wdata[67][17]' (pe_10_10_conv_top.v:11) (optimized to 0)
'wdata[66][2]' (pe_10_10_conv_top.v:11) (optimized to 0)
'wdata[66][3]' (pe_10_10_conv_top.v:11) (optimized to 0)
'wdata[66][4]' (pe_10_10_conv_top.v:11) (optimized to 0)
'wdata[66][5]' (pe_10_10_conv_top.v:11) (optimized to 0)
'wdata[66][7]' (pe_10_10_conv_top.v:11) (optimized to 0)
'wdata[66][8]' (pe_10_10_conv_top.v:11) (optimized to 0)
'wdata[66][9]' (pe_10_10_conv_top.v:11) (optimized to 0)
'wdata[66][10]' (pe_10_10_conv_top.v:11) (optimized to 0)
'wdata[66][11]' (pe_10_10_conv_top.v:11) (optimized to 0)
'wdata[66][12]' (pe_10_10_conv_top.v:11) (optimized to 0)
'wdata[66][13]' (pe_10_10_conv_top.v:11) (optimized to 0)
'wdata[66][14]' (pe_10_10_conv_top.v:11) (optimized to 0)
'wdata[66][15]' (pe_10_10_conv_top.v:11) (optimized to 0)
'wdata[66][16]' (pe_10_10_conv_top.v:11) (optimized to 0)
'wdata[66][17]' (pe_10_10_conv_top.v:11) (optimized to 0)
'wdata[65][0]' (pe_10_10_conv_top.v:11) (optimized to 0)
'wdata[65][2]' (pe_10_10_conv_top.v:11) (optimized to 0)
'wdata[65][3]' (pe_10_10_conv_top.v:11) (optimized to 0)
'wdata[65][4]' (pe_10_10_conv_top.v:11) (optimized to 0)
'wdata[65][5]' (pe_10_10_conv_top.v:11) (optimized to 0)
'wdata[65][7]' (pe_10_10_conv_top.v:11) (optimized to 0)
'wdata[65][8]' (pe_10_10_conv_top.v:11) (optimized to 0)
'wdata[65][9]' (pe_10_10_conv_top.v:11) (optimized to 0)
'wdata[65][10]' (pe_10_10_conv_top.v:11) (optimized to 0)
'wdata[65][11]' (pe_10_10_conv_top.v:11) (optimized to 0)
'wdata[65][12]' (pe_10_10_conv_top.v:11) (optimized to 0)
'wdata[65][13]' (pe_10_10_conv_top.v:11) (optimized to 0)
'wdata[65][14]' (pe_10_10_conv_top.v:11) (optimized to 0)
'wdata[65][15]' (pe_10_10_conv_top.v:11) (optimized to 0)
'wdata[65][16]' (pe_10_10_conv_top.v:11) (optimized to 0)
'wdata[65][17]' (pe_10_10_conv_top.v:11) (optimized to 0)
'wdata[64][1]' (pe_10_10_conv_top.v:11) (optimized to 0)
'wdata[64][2]' (pe_10_10_conv_top.v:11) (optimized to 0)
'wdata[64][3]' (pe_10_10_conv_top.v:11) (optimized to 0)
'wdata[64][4]' (pe_10_10_conv_top.v:11) (optimized to 0)
'wdata[64][5]' (pe_10_10_conv_top.v:11) (optimized to 0)
'wdata[64][7]' (pe_10_10_conv_top.v:11) (optimized to 0)
'wdata[64][8]' (pe_10_10_conv_top.v:11) (optimized to 0)
'wdata[64][9]' (pe_10_10_conv_top.v:11) (optimized to 0)
'wdata[64][10]' (pe_10_10_conv_top.v:11) (optimized to 0)
'wdata[64][11]' (pe_10_10_conv_top.v:11) (optimized to 0)
'wdata[64][12]' (pe_10_10_conv_top.v:11) (optimized to 0)
'wdata[64][13]' (pe_10_10_conv_top.v:11) (optimized to 0)
'wdata[64][14]' (pe_10_10_conv_top.v:11) (optimized to 0)
'wdata[64][15]' (pe_10_10_conv_top.v:11) (optimized to 0)
'wdata[64][16]' (pe_10_10_conv_top.v:11) (optimized to 0)
'wdata[64][17]' (pe_10_10_conv_top.v:11) (optimized to 0)
'wdata[63][0]' (pe_10_10_conv_top.v:11) (optimized to 0)
'wdata[63][1]' (pe_10_10_conv_top.v:11) (optimized to 0)
'wdata[63][2]' (pe_10_10_conv_top.v:11) (optimized to 0)
'wdata[63][3]' (pe_10_10_conv_top.v:11) (optimized to 0)
'wdata[63][4]' (pe_10_10_conv_top.v:11) (optimized to 0)
'wdata[63][5]' (pe_10_10_conv_top.v:11) (optimized to 0)
'wdata[63][7]' (pe_10_10_conv_top.v:11) (optimized to 0)
'wdata[63][8]' (pe_10_10_conv_top.v:11) (optimized to 0)
'wdata[63][9]' (pe_10_10_conv_top.v:11) (optimized to 0)
'wdata[63][10]' (pe_10_10_conv_top.v:11) (optimized to 0)
'wdata[63][11]' (pe_10_10_conv_top.v:11) (optimized to 0)
'wdata[63][12]' (pe_10_10_conv_top.v:11) (optimized to 0)
'wdata[63][13]' (pe_10_10_conv_top.v:11) (optimized to 0)
'wdata[63][14]' (pe_10_10_conv_top.v:11) (optimized to 0)
'wdata[63][15]' (pe_10_10_conv_top.v:11) (optimized to 0)
'wdata[63][16]' (pe_10_10_conv_top.v:11) (optimized to 0)
'wdata[63][17]' (pe_10_10_conv_top.v:11) (optimized to 0)
'wdata[62][6]' (pe_10_10_conv_top.v:11) (optimized to 0)
'wdata[62][7]' (pe_10_10_conv_top.v:11) (optimized to 0)
'wdata[62][8]' (pe_10_10_conv_top.v:11) (optimized to 0)
'wdata[62][9]' (pe_10_10_conv_top.v:11) (optimized to 0)
'wdata[62][10]' (pe_10_10_conv_top.v:11) (optimized to 0)
'wdata[62][11]' (pe_10_10_conv_top.v:11) (optimized to 0)
'wdata[62][12]' (pe_10_10_conv_top.v:11) (optimized to 0)
'wdata[62][13]' (pe_10_10_conv_top.v:11) (optimized to 0)
'wdata[62][14]' (pe_10_10_conv_top.v:11) (optimized to 0)
'wdata[62][15]' (pe_10_10_conv_top.v:11) (optimized to 0)
'wdata[62][16]' (pe_10_10_conv_top.v:11) (optimized to 0)
'wdata[62][17]' (pe_10_10_conv_top.v:11) (optimized to 0)
'wdata[61][0]' (pe_10_10_conv_top.v:11) (optimized to 0)
'wdata[61][6]' (pe_10_10_conv_top.v:11) (optimized to 0)
'wdata[61][7]' (pe_10_10_conv_top.v:11) (optimized to 0)
'wdata[61][8]' (pe_10_10_conv_top.v:11) (optimized to 0)
'wdata[61][9]' (pe_10_10_conv_top.v:11) (optimized to 0)
'wdata[61][10]' (pe_10_10_conv_top.v:11) (optimized to 0)
'wdata[61][11]' (pe_10_10_conv_top.v:11) (optimized to 0)
'wdata[61][12]' (pe_10_10_conv_top.v:11) (optimized to 0)
'wdata[61][13]' (pe_10_10_conv_top.v:11) (optimized to 0)
'wdata[61][14]' (pe_10_10_conv_top.v:11) (optimized to 0)
'wdata[61][15]' (pe_10_10_conv_top.v:11) (optimized to 0)
'wdata[61][16]' (pe_10_10_conv_top.v:11) (optimized to 0)
'wdata[61][17]' (pe_10_10_conv_top.v:11) (optimized to 0)
'wdata[60][1]' (pe_10_10_conv_top.v:11) (optimized to 0)
'wdata[60][6]' (pe_10_10_conv_top.v:11) (optimized to 0)
'wdata[60][7]' (pe_10_10_conv_top.v:11) (optimized to 0)
'wdata[60][8]' (pe_10_10_conv_top.v:11) (optimized to 0)
'wdata[60][9]' (pe_10_10_conv_top.v:11) (optimized to 0)
'wdata[60][10]' (pe_10_10_conv_top.v:11) (optimized to 0)
'wdata[60][11]' (pe_10_10_conv_top.v:11) (optimized to 0)
'wdata[60][12]' (pe_10_10_conv_top.v:11) (optimized to 0)
'wdata[60][13]' (pe_10_10_conv_top.v:11) (optimized to 0)
'wdata[60][14]' (pe_10_10_conv_top.v:11) (optimized to 0)
'wdata[60][15]' (pe_10_10_conv_top.v:11) (optimized to 0)
'wdata[60][16]' (pe_10_10_conv_top.v:11) (optimized to 0)
'wdata[60][17]' (pe_10_10_conv_top.v:11) (optimized to 0)
'wdata[59][0]' (pe_10_10_conv_top.v:11) (optimized to 0)
'wdata[59][1]' (pe_10_10_conv_top.v:11) (optimized to 0)
'wdata[59][6]' (pe_10_10_conv_top.v:11) (optimized to 0)
'wdata[59][7]' (pe_10_10_conv_top.v:11) (optimized to 0)
'wdata[59][8]' (pe_10_10_conv_top.v:11) (optimized to 0)
'wdata[59][9]' (pe_10_10_conv_top.v:11) (optimized to 0)
'wdata[59][10]' (pe_10_10_conv_top.v:11) (optimized to 0)
'wdata[59][11]' (pe_10_10_conv_top.v:11) (optimized to 0)
'wdata[59][12]' (pe_10_10_conv_top.v:11) (optimized to 0)
'wdata[59][13]' (pe_10_10_conv_top.v:11) (optimized to 0)
'wdata[59][14]' (pe_10_10_conv_top.v:11) (optimized to 0)
'wdata[59][15]' (pe_10_10_conv_top.v:11) (optimized to 0)
'wdata[59][16]' (pe_10_10_conv_top.v:11) (optimized to 0)
'wdata[59][17]' (pe_10_10_conv_top.v:11) (optimized to 0)
'wdata[58][2]' (pe_10_10_conv_top.v:11) (optimized to 0)
'wdata[58][6]' (pe_10_10_conv_top.v:11) (optimized to 0)
'wdata[58][7]' (pe_10_10_conv_top.v:11) (optimized to 0)
'wdata[58][8]' (pe_10_10_conv_top.v:11) (optimized to 0)
'wdata[58][9]' (pe_10_10_conv_top.v:11) (optimized to 0)
'wdata[58][10]' (pe_10_10_conv_top.v:11) (optimized to 0)
'wdata[58][11]' (pe_10_10_conv_top.v:11) (optimized to 0)
'wdata[58][12]' (pe_10_10_conv_top.v:11) (optimized to 0)
'wdata[58][13]' (pe_10_10_conv_top.v:11) (optimized to 0)
'wdata[58][14]' (pe_10_10_conv_top.v:11) (optimized to 0)
'wdata[58][15]' (pe_10_10_conv_top.v:11) (optimized to 0)
'wdata[58][16]' (pe_10_10_conv_top.v:11) (optimized to 0)
'wdata[58][17]' (pe_10_10_conv_top.v:11) (optimized to 0)
'wdata[57][0]' (pe_10_10_conv_top.v:11) (optimized to 0)
'wdata[57][2]' (pe_10_10_conv_top.v:11) (optimized to 0)
'wdata[57][6]' (pe_10_10_conv_top.v:11) (optimized to 0)
'wdata[57][7]' (pe_10_10_conv_top.v:11) (optimized to 0)
'wdata[57][8]' (pe_10_10_conv_top.v:11) (optimized to 0)
'wdata[57][9]' (pe_10_10_conv_top.v:11) (optimized to 0)
'wdata[57][10]' (pe_10_10_conv_top.v:11) (optimized to 0)
'wdata[57][11]' (pe_10_10_conv_top.v:11) (optimized to 0)
'wdata[57][12]' (pe_10_10_conv_top.v:11) (optimized to 0)
'wdata[57][13]' (pe_10_10_conv_top.v:11) (optimized to 0)
'wdata[57][14]' (pe_10_10_conv_top.v:11) (optimized to 0)
'wdata[57][15]' (pe_10_10_conv_top.v:11) (optimized to 0)
'wdata[57][16]' (pe_10_10_conv_top.v:11) (optimized to 0)
'wdata[57][17]' (pe_10_10_conv_top.v:11) (optimized to 0)
'wdata[56][1]' (pe_10_10_conv_top.v:11) (optimized to 0)
'wdata[56][2]' (pe_10_10_conv_top.v:11) (optimized to 0)
'wdata[56][6]' (pe_10_10_conv_top.v:11) (optimized to 0)
'wdata[56][7]' (pe_10_10_conv_top.v:11) (optimized to 0)
'wdata[56][8]' (pe_10_10_conv_top.v:11) (optimized to 0)
'wdata[56][9]' (pe_10_10_conv_top.v:11) (optimized to 0)
'wdata[56][10]' (pe_10_10_conv_top.v:11) (optimized to 0)
'wdata[56][11]' (pe_10_10_conv_top.v:11) (optimized to 0)
'wdata[56][12]' (pe_10_10_conv_top.v:11) (optimized to 0)
'wdata[56][13]' (pe_10_10_conv_top.v:11) (optimized to 0)
'wdata[56][14]' (pe_10_10_conv_top.v:11) (optimized to 0)
'wdata[56][15]' (pe_10_10_conv_top.v:11) (optimized to 0)
'wdata[56][16]' (pe_10_10_conv_top.v:11) (optimized to 0)
'wdata[56][17]' (pe_10_10_conv_top.v:11) (optimized to 0)
'wdata[55][0]' (pe_10_10_conv_top.v:11) (optimized to 0)
'wdata[55][1]' (pe_10_10_conv_top.v:11) (optimized to 0)
'wdata[55][2]' (pe_10_10_conv_top.v:11) (optimized to 0)
'wdata[55][6]' (pe_10_10_conv_top.v:11) (optimized to 0)
'wdata[55][7]' (pe_10_10_conv_top.v:11) (optimized to 0)
'wdata[55][8]' (pe_10_10_conv_top.v:11) (optimized to 0)
'wdata[55][9]' (pe_10_10_conv_top.v:11) (optimized to 0)
'wdata[55][10]' (pe_10_10_conv_top.v:11) (optimized to 0)
'wdata[55][11]' (pe_10_10_conv_top.v:11) (optimized to 0)
'wdata[55][12]' (pe_10_10_conv_top.v:11) (optimized to 0)
'wdata[55][13]' (pe_10_10_conv_top.v:11) (optimized to 0)
'wdata[55][14]' (pe_10_10_conv_top.v:11) (optimized to 0)
'wdata[55][15]' (pe_10_10_conv_top.v:11) (optimized to 0)
'wdata[55][16]' (pe_10_10_conv_top.v:11) (optimized to 0)
'wdata[55][17]' (pe_10_10_conv_top.v:11) (optimized to 0)
'wdata[54][3]' (pe_10_10_conv_top.v:11) (optimized to 0)
'wdata[54][6]' (pe_10_10_conv_top.v:11) (optimized to 0)
'wdata[54][7]' (pe_10_10_conv_top.v:11) (optimized to 0)
'wdata[54][8]' (pe_10_10_conv_top.v:11) (optimized to 0)
'wdata[54][9]' (pe_10_10_conv_top.v:11) (optimized to 0)
'wdata[54][10]' (pe_10_10_conv_top.v:11) (optimized to 0)
'wdata[54][11]' (pe_10_10_conv_top.v:11) (optimized to 0)
'wdata[54][12]' (pe_10_10_conv_top.v:11) (optimized to 0)
'wdata[54][13]' (pe_10_10_conv_top.v:11) (optimized to 0)
'wdata[54][14]' (pe_10_10_conv_top.v:11) (optimized to 0)
'wdata[54][15]' (pe_10_10_conv_top.v:11) (optimized to 0)
'wdata[54][16]' (pe_10_10_conv_top.v:11) (optimized to 0)
'wdata[54][17]' (pe_10_10_conv_top.v:11) (optimized to 0)
'wdata[53][0]' (pe_10_10_conv_top.v:11) (optimized to 0)
'wdata[53][3]' (pe_10_10_conv_top.v:11) (optimized to 0)
'wdata[53][6]' (pe_10_10_conv_top.v:11) (optimized to 0)
'wdata[53][7]' (pe_10_10_conv_top.v:11) (optimized to 0)
'wdata[53][8]' (pe_10_10_conv_top.v:11) (optimized to 0)
'wdata[53][9]' (pe_10_10_conv_top.v:11) (optimized to 0)
'wdata[53][10]' (pe_10_10_conv_top.v:11) (optimized to 0)
'wdata[53][11]' (pe_10_10_conv_top.v:11) (optimized to 0)
'wdata[53][12]' (pe_10_10_conv_top.v:11) (optimized to 0)
'wdata[53][13]' (pe_10_10_conv_top.v:11) (optimized to 0)
'wdata[53][14]' (pe_10_10_conv_top.v:11) (optimized to 0)
'wdata[53][15]' (pe_10_10_conv_top.v:11) (optimized to 0)
'wdata[53][16]' (pe_10_10_conv_top.v:11) (optimized to 0)
'wdata[53][17]' (pe_10_10_conv_top.v:11) (optimized to 0)
'wdata[52][1]' (pe_10_10_conv_top.v:11) (optimized to 0)
'wdata[52][3]' (pe_10_10_conv_top.v:11) (optimized to 0)
'wdata[52][6]' (pe_10_10_conv_top.v:11) (optimized to 0)
'wdata[52][7]' (pe_10_10_conv_top.v:11) (optimized to 0)
'wdata[52][8]' (pe_10_10_conv_top.v:11) (optimized to 0)
'wdata[52][9]' (pe_10_10_conv_top.v:11) (optimized to 0)
'wdata[52][10]' (pe_10_10_conv_top.v:11) (optimized to 0)
'wdata[52][11]' (pe_10_10_conv_top.v:11) (optimized to 0)
'wdata[52][12]' (pe_10_10_conv_top.v:11) (optimized to 0)
'wdata[52][13]' (pe_10_10_conv_top.v:11) (optimized to 0)
'wdata[52][14]' (pe_10_10_conv_top.v:11) (optimized to 0)
'wdata[52][15]' (pe_10_10_conv_top.v:11) (optimized to 0)
'wdata[52][16]' (pe_10_10_conv_top.v:11) (optimized to 0)
'wdata[52][17]' (pe_10_10_conv_top.v:11) (optimized to 0)
'wdata[51][0]' (pe_10_10_conv_top.v:11) (optimized to 0)
'wdata[51][1]' (pe_10_10_conv_top.v:11) (optimized to 0)
'wdata[51][3]' (pe_10_10_conv_top.v:11) (optimized to 0)
'wdata[51][6]' (pe_10_10_conv_top.v:11) (optimized to 0)
'wdata[51][7]' (pe_10_10_conv_top.v:11) (optimized to 0)
'wdata[51][8]' (pe_10_10_conv_top.v:11) (optimized to 0)
'wdata[51][9]' (pe_10_10_conv_top.v:11) (optimized to 0)
'wdata[51][10]' (pe_10_10_conv_top.v:11) (optimized to 0)
'wdata[51][11]' (pe_10_10_conv_top.v:11) (optimized to 0)
'wdata[51][12]' (pe_10_10_conv_top.v:11) (optimized to 0)
'wdata[51][13]' (pe_10_10_conv_top.v:11) (optimized to 0)
'wdata[51][14]' (pe_10_10_conv_top.v:11) (optimized to 0)
'wdata[51][15]' (pe_10_10_conv_top.v:11) (optimized to 0)
'wdata[51][16]' (pe_10_10_conv_top.v:11) (optimized to 0)
'wdata[51][17]' (pe_10_10_conv_top.v:11) (optimized to 0)
'wdata[50][2]' (pe_10_10_conv_top.v:11) (optimized to 0)
'wdata[50][3]' (pe_10_10_conv_top.v:11) (optimized to 0)
'wdata[50][6]' (pe_10_10_conv_top.v:11) (optimized to 0)
'wdata[50][7]' (pe_10_10_conv_top.v:11) (optimized to 0)
'wdata[50][8]' (pe_10_10_conv_top.v:11) (optimized to 0)
'wdata[50][9]' (pe_10_10_conv_top.v:11) (optimized to 0)
'wdata[50][10]' (pe_10_10_conv_top.v:11) (optimized to 0)
'wdata[50][11]' (pe_10_10_conv_top.v:11) (optimized to 0)
'wdata[50][12]' (pe_10_10_conv_top.v:11) (optimized to 0)
'wdata[50][13]' (pe_10_10_conv_top.v:11) (optimized to 0)
'wdata[50][14]' (pe_10_10_conv_top.v:11) (optimized to 0)
'wdata[50][15]' (pe_10_10_conv_top.v:11) (optimized to 0)
'wdata[50][16]' (pe_10_10_conv_top.v:11) (optimized to 0)
'wdata[50][17]' (pe_10_10_conv_top.v:11) (optimized to 0)
'wdata[49][0]' (pe_10_10_conv_top.v:11) (optimized to 0)
'wdata[49][2]' (pe_10_10_conv_top.v:11) (optimized to 0)
'wdata[49][3]' (pe_10_10_conv_top.v:11) (optimized to 0)
'wdata[49][6]' (pe_10_10_conv_top.v:11) (optimized to 0)
'wdata[49][7]' (pe_10_10_conv_top.v:11) (optimized to 0)
'wdata[49][8]' (pe_10_10_conv_top.v:11) (optimized to 0)
'wdata[49][9]' (pe_10_10_conv_top.v:11) (optimized to 0)
'wdata[49][10]' (pe_10_10_conv_top.v:11) (optimized to 0)
'wdata[49][11]' (pe_10_10_conv_top.v:11) (optimized to 0)
'wdata[49][12]' (pe_10_10_conv_top.v:11) (optimized to 0)
'wdata[49][13]' (pe_10_10_conv_top.v:11) (optimized to 0)
'wdata[49][14]' (pe_10_10_conv_top.v:11) (optimized to 0)
'wdata[49][15]' (pe_10_10_conv_top.v:11) (optimized to 0)
'wdata[49][16]' (pe_10_10_conv_top.v:11) (optimized to 0)
'wdata[49][17]' (pe_10_10_conv_top.v:11) (optimized to 0)
'wdata[48][1]' (pe_10_10_conv_top.v:11) (optimized to 0)
'wdata[48][2]' (pe_10_10_conv_top.v:11) (optimized to 0)
'wdata[48][3]' (pe_10_10_conv_top.v:11) (optimized to 0)
'wdata[48][6]' (pe_10_10_conv_top.v:11) (optimized to 0)
'wdata[48][7]' (pe_10_10_conv_top.v:11) (optimized to 0)
'wdata[48][8]' (pe_10_10_conv_top.v:11) (optimized to 0)
'wdata[48][9]' (pe_10_10_conv_top.v:11) (optimized to 0)
'wdata[48][10]' (pe_10_10_conv_top.v:11) (optimized to 0)
'wdata[48][11]' (pe_10_10_conv_top.v:11) (optimized to 0)
'wdata[48][12]' (pe_10_10_conv_top.v:11) (optimized to 0)
'wdata[48][13]' (pe_10_10_conv_top.v:11) (optimized to 0)
'wdata[48][14]' (pe_10_10_conv_top.v:11) (optimized to 0)
'wdata[48][15]' (pe_10_10_conv_top.v:11) (optimized to 0)
'wdata[48][16]' (pe_10_10_conv_top.v:11) (optimized to 0)
'wdata[48][17]' (pe_10_10_conv_top.v:11) (optimized to 0)
'wdata[47][0]' (pe_10_10_conv_top.v:11) (optimized to 0)
'wdata[47][1]' (pe_10_10_conv_top.v:11) (optimized to 0)
'wdata[47][2]' (pe_10_10_conv_top.v:11) (optimized to 0)
'wdata[47][3]' (pe_10_10_conv_top.v:11) (optimized to 0)
'wdata[47][6]' (pe_10_10_conv_top.v:11) (optimized to 0)
'wdata[47][7]' (pe_10_10_conv_top.v:11) (optimized to 0)
'wdata[47][8]' (pe_10_10_conv_top.v:11) (optimized to 0)
'wdata[47][9]' (pe_10_10_conv_top.v:11) (optimized to 0)
'wdata[47][10]' (pe_10_10_conv_top.v:11) (optimized to 0)
'wdata[47][11]' (pe_10_10_conv_top.v:11) (optimized to 0)
'wdata[47][12]' (pe_10_10_conv_top.v:11) (optimized to 0)
'wdata[47][13]' (pe_10_10_conv_top.v:11) (optimized to 0)
'wdata[47][14]' (pe_10_10_conv_top.v:11) (optimized to 0)
'wdata[47][15]' (pe_10_10_conv_top.v:11) (optimized to 0)
'wdata[47][16]' (pe_10_10_conv_top.v:11) (optimized to 0)
'wdata[47][17]' (pe_10_10_conv_top.v:11) (optimized to 0)
'wdata[46][4]' (pe_10_10_conv_top.v:11) (optimized to 0)
'wdata[46][6]' (pe_10_10_conv_top.v:11) (optimized to 0)
'wdata[46][7]' (pe_10_10_conv_top.v:11) (optimized to 0)
'wdata[46][8]' (pe_10_10_conv_top.v:11) (optimized to 0)
'wdata[46][9]' (pe_10_10_conv_top.v:11) (optimized to 0)
'wdata[46][10]' (pe_10_10_conv_top.v:11) (optimized to 0)
'wdata[46][11]' (pe_10_10_conv_top.v:11) (optimized to 0)
'wdata[46][12]' (pe_10_10_conv_top.v:11) (optimized to 0)
'wdata[46][13]' (pe_10_10_conv_top.v:11) (optimized to 0)
'wdata[46][14]' (pe_10_10_conv_top.v:11) (optimized to 0)
'wdata[46][15]' (pe_10_10_conv_top.v:11) (optimized to 0)
'wdata[46][16]' (pe_10_10_conv_top.v:11) (optimized to 0)
'wdata[46][17]' (pe_10_10_conv_top.v:11) (optimized to 0)
'wdata[45][0]' (pe_10_10_conv_top.v:11) (optimized to 0)
'wdata[45][4]' (pe_10_10_conv_top.v:11) (optimized to 0)
'wdata[45][6]' (pe_10_10_conv_top.v:11) (optimized to 0)
'wdata[45][7]' (pe_10_10_conv_top.v:11) (optimized to 0)
'wdata[45][8]' (pe_10_10_conv_top.v:11) (optimized to 0)
'wdata[45][9]' (pe_10_10_conv_top.v:11) (optimized to 0)
'wdata[45][10]' (pe_10_10_conv_top.v:11) (optimized to 0)
'wdata[45][11]' (pe_10_10_conv_top.v:11) (optimized to 0)
'wdata[45][12]' (pe_10_10_conv_top.v:11) (optimized to 0)
'wdata[45][13]' (pe_10_10_conv_top.v:11) (optimized to 0)
'wdata[45][14]' (pe_10_10_conv_top.v:11) (optimized to 0)
'wdata[45][15]' (pe_10_10_conv_top.v:11) (optimized to 0)
'wdata[45][16]' (pe_10_10_conv_top.v:11) (optimized to 0)
'wdata[45][17]' (pe_10_10_conv_top.v:11) (optimized to 0)
'wdata[44][1]' (pe_10_10_conv_top.v:11) (optimized to 0)
'wdata[44][4]' (pe_10_10_conv_top.v:11) (optimized to 0)
'wdata[44][6]' (pe_10_10_conv_top.v:11) (optimized to 0)
'wdata[44][7]' (pe_10_10_conv_top.v:11) (optimized to 0)
'wdata[44][8]' (pe_10_10_conv_top.v:11) (optimized to 0)
'wdata[44][9]' (pe_10_10_conv_top.v:11) (optimized to 0)
'wdata[44][10]' (pe_10_10_conv_top.v:11) (optimized to 0)
'wdata[44][11]' (pe_10_10_conv_top.v:11) (optimized to 0)
'wdata[44][12]' (pe_10_10_conv_top.v:11) (optimized to 0)
'wdata[44][13]' (pe_10_10_conv_top.v:11) (optimized to 0)
'wdata[44][14]' (pe_10_10_conv_top.v:11) (optimized to 0)
'wdata[44][15]' (pe_10_10_conv_top.v:11) (optimized to 0)
'wdata[44][16]' (pe_10_10_conv_top.v:11) (optimized to 0)
'wdata[44][17]' (pe_10_10_conv_top.v:11) (optimized to 0)
'wdata[43][0]' (pe_10_10_conv_top.v:11) (optimized to 0)
'wdata[43][1]' (pe_10_10_conv_top.v:11) (optimized to 0)
'wdata[43][4]' (pe_10_10_conv_top.v:11) (optimized to 0)
'wdata[43][6]' (pe_10_10_conv_top.v:11) (optimized to 0)
'wdata[43][7]' (pe_10_10_conv_top.v:11) (optimized to 0)
'wdata[43][8]' (pe_10_10_conv_top.v:11) (optimized to 0)
'wdata[43][9]' (pe_10_10_conv_top.v:11) (optimized to 0)
'wdata[43][10]' (pe_10_10_conv_top.v:11) (optimized to 0)
'wdata[43][11]' (pe_10_10_conv_top.v:11) (optimized to 0)
'wdata[43][12]' (pe_10_10_conv_top.v:11) (optimized to 0)
'wdata[43][13]' (pe_10_10_conv_top.v:11) (optimized to 0)
'wdata[43][14]' (pe_10_10_conv_top.v:11) (optimized to 0)
'wdata[43][15]' (pe_10_10_conv_top.v:11) (optimized to 0)
'wdata[43][16]' (pe_10_10_conv_top.v:11) (optimized to 0)
'wdata[43][17]' (pe_10_10_conv_top.v:11) (optimized to 0)
'wdata[42][2]' (pe_10_10_conv_top.v:11) (optimized to 0)
'wdata[42][4]' (pe_10_10_conv_top.v:11) (optimized to 0)
'wdata[42][6]' (pe_10_10_conv_top.v:11) (optimized to 0)
'wdata[42][7]' (pe_10_10_conv_top.v:11) (optimized to 0)
'wdata[42][8]' (pe_10_10_conv_top.v:11) (optimized to 0)
'wdata[42][9]' (pe_10_10_conv_top.v:11) (optimized to 0)
'wdata[42][10]' (pe_10_10_conv_top.v:11) (optimized to 0)
'wdata[42][11]' (pe_10_10_conv_top.v:11) (optimized to 0)
'wdata[42][12]' (pe_10_10_conv_top.v:11) (optimized to 0)
'wdata[42][13]' (pe_10_10_conv_top.v:11) (optimized to 0)
'wdata[42][14]' (pe_10_10_conv_top.v:11) (optimized to 0)
'wdata[42][15]' (pe_10_10_conv_top.v:11) (optimized to 0)
'wdata[42][16]' (pe_10_10_conv_top.v:11) (optimized to 0)
'wdata[42][17]' (pe_10_10_conv_top.v:11) (optimized to 0)
'wdata[41][0]' (pe_10_10_conv_top.v:11) (optimized to 0)
'wdata[41][2]' (pe_10_10_conv_top.v:11) (optimized to 0)
'wdata[41][4]' (pe_10_10_conv_top.v:11) (optimized to 0)
'wdata[41][6]' (pe_10_10_conv_top.v:11) (optimized to 0)
'wdata[41][7]' (pe_10_10_conv_top.v:11) (optimized to 0)
'wdata[41][8]' (pe_10_10_conv_top.v:11) (optimized to 0)
'wdata[41][9]' (pe_10_10_conv_top.v:11) (optimized to 0)
'wdata[41][10]' (pe_10_10_conv_top.v:11) (optimized to 0)
'wdata[41][11]' (pe_10_10_conv_top.v:11) (optimized to 0)
'wdata[41][12]' (pe_10_10_conv_top.v:11) (optimized to 0)
'wdata[41][13]' (pe_10_10_conv_top.v:11) (optimized to 0)
'wdata[41][14]' (pe_10_10_conv_top.v:11) (optimized to 0)
'wdata[41][15]' (pe_10_10_conv_top.v:11) (optimized to 0)
'wdata[41][16]' (pe_10_10_conv_top.v:11) (optimized to 0)
'wdata[41][17]' (pe_10_10_conv_top.v:11) (optimized to 0)
'wdata[40][1]' (pe_10_10_conv_top.v:11) (optimized to 0)
'wdata[40][2]' (pe_10_10_conv_top.v:11) (optimized to 0)
'wdata[40][4]' (pe_10_10_conv_top.v:11) (optimized to 0)
'wdata[40][6]' (pe_10_10_conv_top.v:11) (optimized to 0)
'wdata[40][7]' (pe_10_10_conv_top.v:11) (optimized to 0)
'wdata[40][8]' (pe_10_10_conv_top.v:11) (optimized to 0)
'wdata[40][9]' (pe_10_10_conv_top.v:11) (optimized to 0)
'wdata[40][10]' (pe_10_10_conv_top.v:11) (optimized to 0)
'wdata[40][11]' (pe_10_10_conv_top.v:11) (optimized to 0)
'wdata[40][12]' (pe_10_10_conv_top.v:11) (optimized to 0)
'wdata[40][13]' (pe_10_10_conv_top.v:11) (optimized to 0)
'wdata[40][14]' (pe_10_10_conv_top.v:11) (optimized to 0)
'wdata[40][15]' (pe_10_10_conv_top.v:11) (optimized to 0)
'wdata[40][16]' (pe_10_10_conv_top.v:11) (optimized to 0)
'wdata[40][17]' (pe_10_10_conv_top.v:11) (optimized to 0)
'wdata[39][0]' (pe_10_10_conv_top.v:11) (optimized to 0)
'wdata[39][1]' (pe_10_10_conv_top.v:11) (optimized to 0)
'wdata[39][2]' (pe_10_10_conv_top.v:11) (optimized to 0)
'wdata[39][4]' (pe_10_10_conv_top.v:11) (optimized to 0)
'wdata[39][6]' (pe_10_10_conv_top.v:11) (optimized to 0)
'wdata[39][7]' (pe_10_10_conv_top.v:11) (optimized to 0)
'wdata[39][8]' (pe_10_10_conv_top.v:11) (optimized to 0)
'wdata[39][9]' (pe_10_10_conv_top.v:11) (optimized to 0)
'wdata[39][10]' (pe_10_10_conv_top.v:11) (optimized to 0)
'wdata[39][11]' (pe_10_10_conv_top.v:11) (optimized to 0)
'wdata[39][12]' (pe_10_10_conv_top.v:11) (optimized to 0)
'wdata[39][13]' (pe_10_10_conv_top.v:11) (optimized to 0)
'wdata[39][14]' (pe_10_10_conv_top.v:11) (optimized to 0)
'wdata[39][15]' (pe_10_10_conv_top.v:11) (optimized to 0)
'wdata[39][16]' (pe_10_10_conv_top.v:11) (optimized to 0)
'wdata[39][17]' (pe_10_10_conv_top.v:11) (optimized to 0)
'wdata[38][3]' (pe_10_10_conv_top.v:11) (optimized to 0)
'wdata[38][4]' (pe_10_10_conv_top.v:11) (optimized to 0)
'wdata[38][6]' (pe_10_10_conv_top.v:11) (optimized to 0)
'wdata[38][7]' (pe_10_10_conv_top.v:11) (optimized to 0)
'wdata[38][8]' (pe_10_10_conv_top.v:11) (optimized to 0)
'wdata[38][9]' (pe_10_10_conv_top.v:11) (optimized to 0)
'wdata[38][10]' (pe_10_10_conv_top.v:11) (optimized to 0)
'wdata[38][11]' (pe_10_10_conv_top.v:11) (optimized to 0)
'wdata[38][12]' (pe_10_10_conv_top.v:11) (optimized to 0)
'wdata[38][13]' (pe_10_10_conv_top.v:11) (optimized to 0)
'wdata[38][14]' (pe_10_10_conv_top.v:11) (optimized to 0)
'wdata[38][15]' (pe_10_10_conv_top.v:11) (optimized to 0)
'wdata[38][16]' (pe_10_10_conv_top.v:11) (optimized to 0)
'wdata[38][17]' (pe_10_10_conv_top.v:11) (optimized to 0)
'wdata[37][0]' (pe_10_10_conv_top.v:11) (optimized to 0)
'wdata[37][3]' (pe_10_10_conv_top.v:11) (optimized to 0)
'wdata[37][4]' (pe_10_10_conv_top.v:11) (optimized to 0)
'wdata[37][6]' (pe_10_10_conv_top.v:11) (optimized to 0)
'wdata[37][7]' (pe_10_10_conv_top.v:11) (optimized to 0)
'wdata[37][8]' (pe_10_10_conv_top.v:11) (optimized to 0)
'wdata[37][9]' (pe_10_10_conv_top.v:11) (optimized to 0)
'wdata[37][10]' (pe_10_10_conv_top.v:11) (optimized to 0)
'wdata[37][11]' (pe_10_10_conv_top.v:11) (optimized to 0)
'wdata[37][12]' (pe_10_10_conv_top.v:11) (optimized to 0)
'wdata[37][13]' (pe_10_10_conv_top.v:11) (optimized to 0)
'wdata[37][14]' (pe_10_10_conv_top.v:11) (optimized to 0)
'wdata[37][15]' (pe_10_10_conv_top.v:11) (optimized to 0)
'wdata[37][16]' (pe_10_10_conv_top.v:11) (optimized to 0)
'wdata[37][17]' (pe_10_10_conv_top.v:11) (optimized to 0)
'wdata[36][1]' (pe_10_10_conv_top.v:11) (optimized to 0)
'wdata[36][3]' (pe_10_10_conv_top.v:11) (optimized to 0)
'wdata[36][4]' (pe_10_10_conv_top.v:11) (optimized to 0)
'wdata[36][6]' (pe_10_10_conv_top.v:11) (optimized to 0)
'wdata[36][7]' (pe_10_10_conv_top.v:11) (optimized to 0)
'wdata[36][8]' (pe_10_10_conv_top.v:11) (optimized to 0)
'wdata[36][9]' (pe_10_10_conv_top.v:11) (optimized to 0)
'wdata[36][10]' (pe_10_10_conv_top.v:11) (optimized to 0)
'wdata[36][11]' (pe_10_10_conv_top.v:11) (optimized to 0)
'wdata[36][12]' (pe_10_10_conv_top.v:11) (optimized to 0)
'wdata[36][13]' (pe_10_10_conv_top.v:11) (optimized to 0)
'wdata[36][14]' (pe_10_10_conv_top.v:11) (optimized to 0)
'wdata[36][15]' (pe_10_10_conv_top.v:11) (optimized to 0)
'wdata[36][16]' (pe_10_10_conv_top.v:11) (optimized to 0)
'wdata[36][17]' (pe_10_10_conv_top.v:11) (optimized to 0)
'wdata[35][0]' (pe_10_10_conv_top.v:11) (optimized to 0)
'wdata[35][1]' (pe_10_10_conv_top.v:11) (optimized to 0)
'wdata[35][3]' (pe_10_10_conv_top.v:11) (optimized to 0)
'wdata[35][4]' (pe_10_10_conv_top.v:11) (optimized to 0)
'wdata[35][6]' (pe_10_10_conv_top.v:11) (optimized to 0)
'wdata[35][7]' (pe_10_10_conv_top.v:11) (optimized to 0)
'wdata[35][8]' (pe_10_10_conv_top.v:11) (optimized to 0)
'wdata[35][9]' (pe_10_10_conv_top.v:11) (optimized to 0)
'wdata[35][10]' (pe_10_10_conv_top.v:11) (optimized to 0)
'wdata[35][11]' (pe_10_10_conv_top.v:11) (optimized to 0)
'wdata[35][12]' (pe_10_10_conv_top.v:11) (optimized to 0)
'wdata[35][13]' (pe_10_10_conv_top.v:11) (optimized to 0)
'wdata[35][14]' (pe_10_10_conv_top.v:11) (optimized to 0)
'wdata[35][15]' (pe_10_10_conv_top.v:11) (optimized to 0)
'wdata[35][16]' (pe_10_10_conv_top.v:11) (optimized to 0)
'wdata[35][17]' (pe_10_10_conv_top.v:11) (optimized to 0)
'wdata[34][2]' (pe_10_10_conv_top.v:11) (optimized to 0)
'wdata[34][3]' (pe_10_10_conv_top.v:11) (optimized to 0)
'wdata[34][4]' (pe_10_10_conv_top.v:11) (optimized to 0)
'wdata[34][6]' (pe_10_10_conv_top.v:11) (optimized to 0)
'wdata[34][7]' (pe_10_10_conv_top.v:11) (optimized to 0)
'wdata[34][8]' (pe_10_10_conv_top.v:11) (optimized to 0)
'wdata[34][9]' (pe_10_10_conv_top.v:11) (optimized to 0)
'wdata[34][10]' (pe_10_10_conv_top.v:11) (optimized to 0)
'wdata[34][11]' (pe_10_10_conv_top.v:11) (optimized to 0)
'wdata[34][12]' (pe_10_10_conv_top.v:11) (optimized to 0)
'wdata[34][13]' (pe_10_10_conv_top.v:11) (optimized to 0)
'wdata[34][14]' (pe_10_10_conv_top.v:11) (optimized to 0)
'wdata[34][15]' (pe_10_10_conv_top.v:11) (optimized to 0)
'wdata[34][16]' (pe_10_10_conv_top.v:11) (optimized to 0)
'wdata[34][17]' (pe_10_10_conv_top.v:11) (optimized to 0)
'wdata[33][0]' (pe_10_10_conv_top.v:11) (optimized to 0)
'wdata[33][2]' (pe_10_10_conv_top.v:11) (optimized to 0)
'wdata[33][3]' (pe_10_10_conv_top.v:11) (optimized to 0)
'wdata[33][4]' (pe_10_10_conv_top.v:11) (optimized to 0)
'wdata[33][6]' (pe_10_10_conv_top.v:11) (optimized to 0)
'wdata[33][7]' (pe_10_10_conv_top.v:11) (optimized to 0)
'wdata[33][8]' (pe_10_10_conv_top.v:11) (optimized to 0)
'wdata[33][9]' (pe_10_10_conv_top.v:11) (optimized to 0)
'wdata[33][10]' (pe_10_10_conv_top.v:11) (optimized to 0)
'wdata[33][11]' (pe_10_10_conv_top.v:11) (optimized to 0)
'wdata[33][12]' (pe_10_10_conv_top.v:11) (optimized to 0)
'wdata[33][13]' (pe_10_10_conv_top.v:11) (optimized to 0)
'wdata[33][14]' (pe_10_10_conv_top.v:11) (optimized to 0)
'wdata[33][15]' (pe_10_10_conv_top.v:11) (optimized to 0)
'wdata[33][16]' (pe_10_10_conv_top.v:11) (optimized to 0)
'wdata[33][17]' (pe_10_10_conv_top.v:11) (optimized to 0)
'wdata[32][1]' (pe_10_10_conv_top.v:11) (optimized to 0)
'wdata[32][2]' (pe_10_10_conv_top.v:11) (optimized to 0)
'wdata[32][3]' (pe_10_10_conv_top.v:11) (optimized to 0)
'wdata[32][4]' (pe_10_10_conv_top.v:11) (optimized to 0)
'wdata[32][6]' (pe_10_10_conv_top.v:11) (optimized to 0)
'wdata[32][7]' (pe_10_10_conv_top.v:11) (optimized to 0)
'wdata[32][8]' (pe_10_10_conv_top.v:11) (optimized to 0)
'wdata[32][9]' (pe_10_10_conv_top.v:11) (optimized to 0)
'wdata[32][10]' (pe_10_10_conv_top.v:11) (optimized to 0)
'wdata[32][11]' (pe_10_10_conv_top.v:11) (optimized to 0)
'wdata[32][12]' (pe_10_10_conv_top.v:11) (optimized to 0)
'wdata[32][13]' (pe_10_10_conv_top.v:11) (optimized to 0)
'wdata[32][14]' (pe_10_10_conv_top.v:11) (optimized to 0)
'wdata[32][15]' (pe_10_10_conv_top.v:11) (optimized to 0)
'wdata[32][16]' (pe_10_10_conv_top.v:11) (optimized to 0)
'wdata[32][17]' (pe_10_10_conv_top.v:11) (optimized to 0)
'wdata[31][0]' (pe_10_10_conv_top.v:11) (optimized to 0)
'wdata[31][1]' (pe_10_10_conv_top.v:11) (optimized to 0)
'wdata[31][2]' (pe_10_10_conv_top.v:11) (optimized to 0)
'wdata[31][3]' (pe_10_10_conv_top.v:11) (optimized to 0)
'wdata[31][4]' (pe_10_10_conv_top.v:11) (optimized to 0)
'wdata[31][6]' (pe_10_10_conv_top.v:11) (optimized to 0)
'wdata[31][7]' (pe_10_10_conv_top.v:11) (optimized to 0)
'wdata[31][8]' (pe_10_10_conv_top.v:11) (optimized to 0)
'wdata[31][9]' (pe_10_10_conv_top.v:11) (optimized to 0)
'wdata[31][10]' (pe_10_10_conv_top.v:11) (optimized to 0)
'wdata[31][11]' (pe_10_10_conv_top.v:11) (optimized to 0)
'wdata[31][12]' (pe_10_10_conv_top.v:11) (optimized to 0)
'wdata[31][13]' (pe_10_10_conv_top.v:11) (optimized to 0)
'wdata[31][14]' (pe_10_10_conv_top.v:11) (optimized to 0)
'wdata[31][15]' (pe_10_10_conv_top.v:11) (optimized to 0)
'wdata[31][16]' (pe_10_10_conv_top.v:11) (optimized to 0)
'wdata[31][17]' (pe_10_10_conv_top.v:11) (optimized to 0)
'wdata[30][5]' (pe_10_10_conv_top.v:11) (optimized to 0)
'wdata[30][6]' (pe_10_10_conv_top.v:11) (optimized to 0)
'wdata[30][7]' (pe_10_10_conv_top.v:11) (optimized to 0)
'wdata[30][8]' (pe_10_10_conv_top.v:11) (optimized to 0)
'wdata[30][9]' (pe_10_10_conv_top.v:11) (optimized to 0)
'wdata[30][10]' (pe_10_10_conv_top.v:11) (optimized to 0)
'wdata[30][11]' (pe_10_10_conv_top.v:11) (optimized to 0)
'wdata[30][12]' (pe_10_10_conv_top.v:11) (optimized to 0)
'wdata[30][13]' (pe_10_10_conv_top.v:11) (optimized to 0)
'wdata[30][14]' (pe_10_10_conv_top.v:11) (optimized to 0)
'wdata[30][15]' (pe_10_10_conv_top.v:11) (optimized to 0)
'wdata[30][16]' (pe_10_10_conv_top.v:11) (optimized to 0)
'wdata[30][17]' (pe_10_10_conv_top.v:11) (optimized to 0)
'wdata[29][0]' (pe_10_10_conv_top.v:11) (optimized to 0)
'wdata[29][5]' (pe_10_10_conv_top.v:11) (optimized to 0)
'wdata[29][6]' (pe_10_10_conv_top.v:11) (optimized to 0)
'wdata[29][7]' (pe_10_10_conv_top.v:11) (optimized to 0)
'wdata[29][8]' (pe_10_10_conv_top.v:11) (optimized to 0)
'wdata[29][9]' (pe_10_10_conv_top.v:11) (optimized to 0)
'wdata[29][10]' (pe_10_10_conv_top.v:11) (optimized to 0)
'wdata[29][11]' (pe_10_10_conv_top.v:11) (optimized to 0)
'wdata[29][12]' (pe_10_10_conv_top.v:11) (optimized to 0)
'wdata[29][13]' (pe_10_10_conv_top.v:11) (optimized to 0)
'wdata[29][14]' (pe_10_10_conv_top.v:11) (optimized to 0)
'wdata[29][15]' (pe_10_10_conv_top.v:11) (optimized to 0)
'wdata[29][16]' (pe_10_10_conv_top.v:11) (optimized to 0)
'wdata[29][17]' (pe_10_10_conv_top.v:11) (optimized to 0)
'wdata[28][1]' (pe_10_10_conv_top.v:11) (optimized to 0)
'wdata[28][5]' (pe_10_10_conv_top.v:11) (optimized to 0)
'wdata[28][6]' (pe_10_10_conv_top.v:11) (optimized to 0)
'wdata[28][7]' (pe_10_10_conv_top.v:11) (optimized to 0)
'wdata[28][8]' (pe_10_10_conv_top.v:11) (optimized to 0)
'wdata[28][9]' (pe_10_10_conv_top.v:11) (optimized to 0)
'wdata[28][10]' (pe_10_10_conv_top.v:11) (optimized to 0)
'wdata[28][11]' (pe_10_10_conv_top.v:11) (optimized to 0)
'wdata[28][12]' (pe_10_10_conv_top.v:11) (optimized to 0)
'wdata[28][13]' (pe_10_10_conv_top.v:11) (optimized to 0)
'wdata[28][14]' (pe_10_10_conv_top.v:11) (optimized to 0)
'wdata[28][15]' (pe_10_10_conv_top.v:11) (optimized to 0)
'wdata[28][16]' (pe_10_10_conv_top.v:11) (optimized to 0)
'wdata[28][17]' (pe_10_10_conv_top.v:11) (optimized to 0)
'wdata[27][0]' (pe_10_10_conv_top.v:11) (optimized to 0)
'wdata[27][1]' (pe_10_10_conv_top.v:11) (optimized to 0)
'wdata[27][5]' (pe_10_10_conv_top.v:11) (optimized to 0)
'wdata[27][6]' (pe_10_10_conv_top.v:11) (optimized to 0)
'wdata[27][7]' (pe_10_10_conv_top.v:11) (optimized to 0)
'wdata[27][8]' (pe_10_10_conv_top.v:11) (optimized to 0)
'wdata[27][9]' (pe_10_10_conv_top.v:11) (optimized to 0)
'wdata[27][10]' (pe_10_10_conv_top.v:11) (optimized to 0)
'wdata[27][11]' (pe_10_10_conv_top.v:11) (optimized to 0)
'wdata[27][12]' (pe_10_10_conv_top.v:11) (optimized to 0)
'wdata[27][13]' (pe_10_10_conv_top.v:11) (optimized to 0)
'wdata[27][14]' (pe_10_10_conv_top.v:11) (optimized to 0)
'wdata[27][15]' (pe_10_10_conv_top.v:11) (optimized to 0)
'wdata[27][16]' (pe_10_10_conv_top.v:11) (optimized to 0)
'wdata[27][17]' (pe_10_10_conv_top.v:11) (optimized to 0)
'wdata[26][2]' (pe_10_10_conv_top.v:11) (optimized to 0)
'wdata[26][5]' (pe_10_10_conv_top.v:11) (optimized to 0)
'wdata[26][6]' (pe_10_10_conv_top.v:11) (optimized to 0)
'wdata[26][7]' (pe_10_10_conv_top.v:11) (optimized to 0)
'wdata[26][8]' (pe_10_10_conv_top.v:11) (optimized to 0)
'wdata[26][9]' (pe_10_10_conv_top.v:11) (optimized to 0)
'wdata[26][10]' (pe_10_10_conv_top.v:11) (optimized to 0)
'wdata[26][11]' (pe_10_10_conv_top.v:11) (optimized to 0)
'wdata[26][12]' (pe_10_10_conv_top.v:11) (optimized to 0)
'wdata[26][13]' (pe_10_10_conv_top.v:11) (optimized to 0)
'wdata[26][14]' (pe_10_10_conv_top.v:11) (optimized to 0)
'wdata[26][15]' (pe_10_10_conv_top.v:11) (optimized to 0)
'wdata[26][16]' (pe_10_10_conv_top.v:11) (optimized to 0)
'wdata[26][17]' (pe_10_10_conv_top.v:11) (optimized to 0)
'wdata[25][0]' (pe_10_10_conv_top.v:11) (optimized to 0)
'wdata[25][2]' (pe_10_10_conv_top.v:11) (optimized to 0)
'wdata[25][5]' (pe_10_10_conv_top.v:11) (optimized to 0)
'wdata[25][6]' (pe_10_10_conv_top.v:11) (optimized to 0)
'wdata[25][7]' (pe_10_10_conv_top.v:11) (optimized to 0)
'wdata[25][8]' (pe_10_10_conv_top.v:11) (optimized to 0)
'wdata[25][9]' (pe_10_10_conv_top.v:11) (optimized to 0)
'wdata[25][10]' (pe_10_10_conv_top.v:11) (optimized to 0)
'wdata[25][11]' (pe_10_10_conv_top.v:11) (optimized to 0)
'wdata[25][12]' (pe_10_10_conv_top.v:11) (optimized to 0)
'wdata[25][13]' (pe_10_10_conv_top.v:11) (optimized to 0)
'wdata[25][14]' (pe_10_10_conv_top.v:11) (optimized to 0)
'wdata[25][15]' (pe_10_10_conv_top.v:11) (optimized to 0)
'wdata[25][16]' (pe_10_10_conv_top.v:11) (optimized to 0)
'wdata[25][17]' (pe_10_10_conv_top.v:11) (optimized to 0)
'wdata[24][1]' (pe_10_10_conv_top.v:11) (optimized to 0)
'wdata[24][2]' (pe_10_10_conv_top.v:11) (optimized to 0)
'wdata[24][5]' (pe_10_10_conv_top.v:11) (optimized to 0)
'wdata[24][6]' (pe_10_10_conv_top.v:11) (optimized to 0)
'wdata[24][7]' (pe_10_10_conv_top.v:11) (optimized to 0)
'wdata[24][8]' (pe_10_10_conv_top.v:11) (optimized to 0)
'wdata[24][9]' (pe_10_10_conv_top.v:11) (optimized to 0)
'wdata[24][10]' (pe_10_10_conv_top.v:11) (optimized to 0)
'wdata[24][11]' (pe_10_10_conv_top.v:11) (optimized to 0)
'wdata[24][12]' (pe_10_10_conv_top.v:11) (optimized to 0)
'wdata[24][13]' (pe_10_10_conv_top.v:11) (optimized to 0)
'wdata[24][14]' (pe_10_10_conv_top.v:11) (optimized to 0)
'wdata[24][15]' (pe_10_10_conv_top.v:11) (optimized to 0)
'wdata[24][16]' (pe_10_10_conv_top.v:11) (optimized to 0)
'wdata[24][17]' (pe_10_10_conv_top.v:11) (optimized to 0)
'wdata[23][0]' (pe_10_10_conv_top.v:11) (optimized to 0)
'wdata[23][1]' (pe_10_10_conv_top.v:11) (optimized to 0)
'wdata[23][2]' (pe_10_10_conv_top.v:11) (optimized to 0)
'wdata[23][5]' (pe_10_10_conv_top.v:11) (optimized to 0)
'wdata[23][6]' (pe_10_10_conv_top.v:11) (optimized to 0)
'wdata[23][7]' (pe_10_10_conv_top.v:11) (optimized to 0)
'wdata[23][8]' (pe_10_10_conv_top.v:11) (optimized to 0)
'wdata[23][9]' (pe_10_10_conv_top.v:11) (optimized to 0)
'wdata[23][10]' (pe_10_10_conv_top.v:11) (optimized to 0)
'wdata[23][11]' (pe_10_10_conv_top.v:11) (optimized to 0)
'wdata[23][12]' (pe_10_10_conv_top.v:11) (optimized to 0)
'wdata[23][13]' (pe_10_10_conv_top.v:11) (optimized to 0)
'wdata[23][14]' (pe_10_10_conv_top.v:11) (optimized to 0)
'wdata[23][15]' (pe_10_10_conv_top.v:11) (optimized to 0)
'wdata[23][16]' (pe_10_10_conv_top.v:11) (optimized to 0)
'wdata[23][17]' (pe_10_10_conv_top.v:11) (optimized to 0)
'wdata[22][3]' (pe_10_10_conv_top.v:11) (optimized to 0)
'wdata[22][5]' (pe_10_10_conv_top.v:11) (optimized to 0)
'wdata[22][6]' (pe_10_10_conv_top.v:11) (optimized to 0)
'wdata[22][7]' (pe_10_10_conv_top.v:11) (optimized to 0)
'wdata[22][8]' (pe_10_10_conv_top.v:11) (optimized to 0)
'wdata[22][9]' (pe_10_10_conv_top.v:11) (optimized to 0)
'wdata[22][10]' (pe_10_10_conv_top.v:11) (optimized to 0)
'wdata[22][11]' (pe_10_10_conv_top.v:11) (optimized to 0)
'wdata[22][12]' (pe_10_10_conv_top.v:11) (optimized to 0)
'wdata[22][13]' (pe_10_10_conv_top.v:11) (optimized to 0)
'wdata[22][14]' (pe_10_10_conv_top.v:11) (optimized to 0)
'wdata[22][15]' (pe_10_10_conv_top.v:11) (optimized to 0)
'wdata[22][16]' (pe_10_10_conv_top.v:11) (optimized to 0)
'wdata[22][17]' (pe_10_10_conv_top.v:11) (optimized to 0)
'wdata[21][0]' (pe_10_10_conv_top.v:11) (optimized to 0)
'wdata[21][3]' (pe_10_10_conv_top.v:11) (optimized to 0)
'wdata[21][5]' (pe_10_10_conv_top.v:11) (optimized to 0)
'wdata[21][6]' (pe_10_10_conv_top.v:11) (optimized to 0)
'wdata[21][7]' (pe_10_10_conv_top.v:11) (optimized to 0)
'wdata[21][8]' (pe_10_10_conv_top.v:11) (optimized to 0)
'wdata[21][9]' (pe_10_10_conv_top.v:11) (optimized to 0)
'wdata[21][10]' (pe_10_10_conv_top.v:11) (optimized to 0)
'wdata[21][11]' (pe_10_10_conv_top.v:11) (optimized to 0)
'wdata[21][12]' (pe_10_10_conv_top.v:11) (optimized to 0)
'wdata[21][13]' (pe_10_10_conv_top.v:11) (optimized to 0)
'wdata[21][14]' (pe_10_10_conv_top.v:11) (optimized to 0)
'wdata[21][15]' (pe_10_10_conv_top.v:11) (optimized to 0)
'wdata[21][16]' (pe_10_10_conv_top.v:11) (optimized to 0)
'wdata[21][17]' (pe_10_10_conv_top.v:11) (optimized to 0)
'wdata[20][1]' (pe_10_10_conv_top.v:11) (optimized to 0)
'wdata[20][3]' (pe_10_10_conv_top.v:11) (optimized to 0)
'wdata[20][5]' (pe_10_10_conv_top.v:11) (optimized to 0)
'wdata[20][6]' (pe_10_10_conv_top.v:11) (optimized to 0)
'wdata[20][7]' (pe_10_10_conv_top.v:11) (optimized to 0)
'wdata[20][8]' (pe_10_10_conv_top.v:11) (optimized to 0)
'wdata[20][9]' (pe_10_10_conv_top.v:11) (optimized to 0)
'wdata[20][10]' (pe_10_10_conv_top.v:11) (optimized to 0)
'wdata[20][11]' (pe_10_10_conv_top.v:11) (optimized to 0)
'wdata[20][12]' (pe_10_10_conv_top.v:11) (optimized to 0)
'wdata[20][13]' (pe_10_10_conv_top.v:11) (optimized to 0)
'wdata[20][14]' (pe_10_10_conv_top.v:11) (optimized to 0)
'wdata[20][15]' (pe_10_10_conv_top.v:11) (optimized to 0)
'wdata[20][16]' (pe_10_10_conv_top.v:11) (optimized to 0)
'wdata[20][17]' (pe_10_10_conv_top.v:11) (optimized to 0)
'wdata[19][0]' (pe_10_10_conv_top.v:11) (optimized to 0)
'wdata[19][1]' (pe_10_10_conv_top.v:11) (optimized to 0)
'wdata[19][3]' (pe_10_10_conv_top.v:11) (optimized to 0)
'wdata[19][5]' (pe_10_10_conv_top.v:11) (optimized to 0)
'wdata[19][6]' (pe_10_10_conv_top.v:11) (optimized to 0)
'wdata[19][7]' (pe_10_10_conv_top.v:11) (optimized to 0)
'wdata[19][8]' (pe_10_10_conv_top.v:11) (optimized to 0)
'wdata[19][9]' (pe_10_10_conv_top.v:11) (optimized to 0)
'wdata[19][10]' (pe_10_10_conv_top.v:11) (optimized to 0)
'wdata[19][11]' (pe_10_10_conv_top.v:11) (optimized to 0)
'wdata[19][12]' (pe_10_10_conv_top.v:11) (optimized to 0)
'wdata[19][13]' (pe_10_10_conv_top.v:11) (optimized to 0)
'wdata[19][14]' (pe_10_10_conv_top.v:11) (optimized to 0)
'wdata[19][15]' (pe_10_10_conv_top.v:11) (optimized to 0)
'wdata[19][16]' (pe_10_10_conv_top.v:11) (optimized to 0)
'wdata[19][17]' (pe_10_10_conv_top.v:11) (optimized to 0)
'wdata[18][2]' (pe_10_10_conv_top.v:11) (optimized to 0)
'wdata[18][3]' (pe_10_10_conv_top.v:11) (optimized to 0)
'wdata[18][5]' (pe_10_10_conv_top.v:11) (optimized to 0)
'wdata[18][6]' (pe_10_10_conv_top.v:11) (optimized to 0)
'wdata[18][7]' (pe_10_10_conv_top.v:11) (optimized to 0)
'wdata[18][8]' (pe_10_10_conv_top.v:11) (optimized to 0)
'wdata[18][9]' (pe_10_10_conv_top.v:11) (optimized to 0)
'wdata[18][10]' (pe_10_10_conv_top.v:11) (optimized to 0)
'wdata[18][11]' (pe_10_10_conv_top.v:11) (optimized to 0)
'wdata[18][12]' (pe_10_10_conv_top.v:11) (optimized to 0)
'wdata[18][13]' (pe_10_10_conv_top.v:11) (optimized to 0)
'wdata[18][14]' (pe_10_10_conv_top.v:11) (optimized to 0)
'wdata[18][15]' (pe_10_10_conv_top.v:11) (optimized to 0)
'wdata[18][16]' (pe_10_10_conv_top.v:11) (optimized to 0)
'wdata[18][17]' (pe_10_10_conv_top.v:11) (optimized to 0)
'wdata[17][0]' (pe_10_10_conv_top.v:11) (optimized to 0)
'wdata[17][2]' (pe_10_10_conv_top.v:11) (optimized to 0)
'wdata[17][3]' (pe_10_10_conv_top.v:11) (optimized to 0)
'wdata[17][5]' (pe_10_10_conv_top.v:11) (optimized to 0)
'wdata[17][6]' (pe_10_10_conv_top.v:11) (optimized to 0)
'wdata[17][7]' (pe_10_10_conv_top.v:11) (optimized to 0)
'wdata[17][8]' (pe_10_10_conv_top.v:11) (optimized to 0)
'wdata[17][9]' (pe_10_10_conv_top.v:11) (optimized to 0)
'wdata[17][10]' (pe_10_10_conv_top.v:11) (optimized to 0)
'wdata[17][11]' (pe_10_10_conv_top.v:11) (optimized to 0)
'wdata[17][12]' (pe_10_10_conv_top.v:11) (optimized to 0)
'wdata[17][13]' (pe_10_10_conv_top.v:11) (optimized to 0)
'wdata[17][14]' (pe_10_10_conv_top.v:11) (optimized to 0)
'wdata[17][15]' (pe_10_10_conv_top.v:11) (optimized to 0)
'wdata[17][16]' (pe_10_10_conv_top.v:11) (optimized to 0)
'wdata[17][17]' (pe_10_10_conv_top.v:11) (optimized to 0)
'wdata[16][1]' (pe_10_10_conv_top.v:11) (optimized to 0)
'wdata[16][2]' (pe_10_10_conv_top.v:11) (optimized to 0)
'wdata[16][3]' (pe_10_10_conv_top.v:11) (optimized to 0)
'wdata[16][5]' (pe_10_10_conv_top.v:11) (optimized to 0)
'wdata[16][6]' (pe_10_10_conv_top.v:11) (optimized to 0)
'wdata[16][7]' (pe_10_10_conv_top.v:11) (optimized to 0)
'wdata[16][8]' (pe_10_10_conv_top.v:11) (optimized to 0)
'wdata[16][9]' (pe_10_10_conv_top.v:11) (optimized to 0)
'wdata[16][10]' (pe_10_10_conv_top.v:11) (optimized to 0)
'wdata[16][11]' (pe_10_10_conv_top.v:11) (optimized to 0)
'wdata[16][12]' (pe_10_10_conv_top.v:11) (optimized to 0)
'wdata[16][13]' (pe_10_10_conv_top.v:11) (optimized to 0)
'wdata[16][14]' (pe_10_10_conv_top.v:11) (optimized to 0)
'wdata[16][15]' (pe_10_10_conv_top.v:11) (optimized to 0)
'wdata[16][16]' (pe_10_10_conv_top.v:11) (optimized to 0)
'wdata[16][17]' (pe_10_10_conv_top.v:11) (optimized to 0)
'wdata[15][0]' (pe_10_10_conv_top.v:11) (optimized to 0)
'wdata[15][1]' (pe_10_10_conv_top.v:11) (optimized to 0)
'wdata[15][2]' (pe_10_10_conv_top.v:11) (optimized to 0)
'wdata[15][3]' (pe_10_10_conv_top.v:11) (optimized to 0)
'wdata[15][5]' (pe_10_10_conv_top.v:11) (optimized to 0)
'wdata[15][6]' (pe_10_10_conv_top.v:11) (optimized to 0)
'wdata[15][7]' (pe_10_10_conv_top.v:11) (optimized to 0)
'wdata[15][8]' (pe_10_10_conv_top.v:11) (optimized to 0)
'wdata[15][9]' (pe_10_10_conv_top.v:11) (optimized to 0)
'wdata[15][10]' (pe_10_10_conv_top.v:11) (optimized to 0)
'wdata[15][11]' (pe_10_10_conv_top.v:11) (optimized to 0)
'wdata[15][12]' (pe_10_10_conv_top.v:11) (optimized to 0)
'wdata[15][13]' (pe_10_10_conv_top.v:11) (optimized to 0)
'wdata[15][14]' (pe_10_10_conv_top.v:11) (optimized to 0)
'wdata[15][15]' (pe_10_10_conv_top.v:11) (optimized to 0)
'wdata[15][16]' (pe_10_10_conv_top.v:11) (optimized to 0)
'wdata[15][17]' (pe_10_10_conv_top.v:11) (optimized to 0)
'wdata[14][4]' (pe_10_10_conv_top.v:11) (optimized to 0)
'wdata[14][5]' (pe_10_10_conv_top.v:11) (optimized to 0)
'wdata[14][6]' (pe_10_10_conv_top.v:11) (optimized to 0)
'wdata[14][7]' (pe_10_10_conv_top.v:11) (optimized to 0)
'wdata[14][8]' (pe_10_10_conv_top.v:11) (optimized to 0)
'wdata[14][9]' (pe_10_10_conv_top.v:11) (optimized to 0)
'wdata[14][10]' (pe_10_10_conv_top.v:11) (optimized to 0)
'wdata[14][11]' (pe_10_10_conv_top.v:11) (optimized to 0)
'wdata[14][12]' (pe_10_10_conv_top.v:11) (optimized to 0)
'wdata[14][13]' (pe_10_10_conv_top.v:11) (optimized to 0)
'wdata[14][14]' (pe_10_10_conv_top.v:11) (optimized to 0)
'wdata[14][15]' (pe_10_10_conv_top.v:11) (optimized to 0)
'wdata[14][16]' (pe_10_10_conv_top.v:11) (optimized to 0)
'wdata[14][17]' (pe_10_10_conv_top.v:11) (optimized to 0)
'wdata[13][0]' (pe_10_10_conv_top.v:11) (optimized to 0)
'wdata[13][4]' (pe_10_10_conv_top.v:11) (optimized to 0)
'wdata[13][5]' (pe_10_10_conv_top.v:11) (optimized to 0)
'wdata[13][6]' (pe_10_10_conv_top.v:11) (optimized to 0)
'wdata[13][7]' (pe_10_10_conv_top.v:11) (optimized to 0)
'wdata[13][8]' (pe_10_10_conv_top.v:11) (optimized to 0)
'wdata[13][9]' (pe_10_10_conv_top.v:11) (optimized to 0)
'wdata[13][10]' (pe_10_10_conv_top.v:11) (optimized to 0)
'wdata[13][11]' (pe_10_10_conv_top.v:11) (optimized to 0)
'wdata[13][12]' (pe_10_10_conv_top.v:11) (optimized to 0)
'wdata[13][13]' (pe_10_10_conv_top.v:11) (optimized to 0)
'wdata[13][14]' (pe_10_10_conv_top.v:11) (optimized to 0)
'wdata[13][15]' (pe_10_10_conv_top.v:11) (optimized to 0)
'wdata[13][16]' (pe_10_10_conv_top.v:11) (optimized to 0)
'wdata[13][17]' (pe_10_10_conv_top.v:11) (optimized to 0)
'wdata[12][1]' (pe_10_10_conv_top.v:11) (optimized to 0)
'wdata[12][4]' (pe_10_10_conv_top.v:11) (optimized to 0)
'wdata[12][5]' (pe_10_10_conv_top.v:11) (optimized to 0)
'wdata[12][6]' (pe_10_10_conv_top.v:11) (optimized to 0)
'wdata[12][7]' (pe_10_10_conv_top.v:11) (optimized to 0)
'wdata[12][8]' (pe_10_10_conv_top.v:11) (optimized to 0)
'wdata[12][9]' (pe_10_10_conv_top.v:11) (optimized to 0)
'wdata[12][10]' (pe_10_10_conv_top.v:11) (optimized to 0)
'wdata[12][11]' (pe_10_10_conv_top.v:11) (optimized to 0)
'wdata[12][12]' (pe_10_10_conv_top.v:11) (optimized to 0)
'wdata[12][13]' (pe_10_10_conv_top.v:11) (optimized to 0)
'wdata[12][14]' (pe_10_10_conv_top.v:11) (optimized to 0)
'wdata[12][15]' (pe_10_10_conv_top.v:11) (optimized to 0)
'wdata[12][16]' (pe_10_10_conv_top.v:11) (optimized to 0)
'wdata[12][17]' (pe_10_10_conv_top.v:11) (optimized to 0)
'wdata[11][0]' (pe_10_10_conv_top.v:11) (optimized to 0)
'wdata[11][1]' (pe_10_10_conv_top.v:11) (optimized to 0)
'wdata[11][4]' (pe_10_10_conv_top.v:11) (optimized to 0)
'wdata[11][5]' (pe_10_10_conv_top.v:11) (optimized to 0)
'wdata[11][6]' (pe_10_10_conv_top.v:11) (optimized to 0)
'wdata[11][7]' (pe_10_10_conv_top.v:11) (optimized to 0)
'wdata[11][8]' (pe_10_10_conv_top.v:11) (optimized to 0)
'wdata[11][9]' (pe_10_10_conv_top.v:11) (optimized to 0)
'wdata[11][10]' (pe_10_10_conv_top.v:11) (optimized to 0)
'wdata[11][11]' (pe_10_10_conv_top.v:11) (optimized to 0)
'wdata[11][12]' (pe_10_10_conv_top.v:11) (optimized to 0)
'wdata[11][13]' (pe_10_10_conv_top.v:11) (optimized to 0)
'wdata[11][14]' (pe_10_10_conv_top.v:11) (optimized to 0)
'wdata[11][15]' (pe_10_10_conv_top.v:11) (optimized to 0)
'wdata[11][16]' (pe_10_10_conv_top.v:11) (optimized to 0)
'wdata[11][17]' (pe_10_10_conv_top.v:11) (optimized to 0)
'wdata[10][2]' (pe_10_10_conv_top.v:11) (optimized to 0)
'wdata[10][4]' (pe_10_10_conv_top.v:11) (optimized to 0)
'wdata[10][5]' (pe_10_10_conv_top.v:11) (optimized to 0)
'wdata[10][6]' (pe_10_10_conv_top.v:11) (optimized to 0)
'wdata[10][7]' (pe_10_10_conv_top.v:11) (optimized to 0)
'wdata[10][8]' (pe_10_10_conv_top.v:11) (optimized to 0)
'wdata[10][9]' (pe_10_10_conv_top.v:11) (optimized to 0)
'wdata[10][10]' (pe_10_10_conv_top.v:11) (optimized to 0)
'wdata[10][11]' (pe_10_10_conv_top.v:11) (optimized to 0)
'wdata[10][12]' (pe_10_10_conv_top.v:11) (optimized to 0)
'wdata[10][13]' (pe_10_10_conv_top.v:11) (optimized to 0)
'wdata[10][14]' (pe_10_10_conv_top.v:11) (optimized to 0)
'wdata[10][15]' (pe_10_10_conv_top.v:11) (optimized to 0)
'wdata[10][16]' (pe_10_10_conv_top.v:11) (optimized to 0)
'wdata[10][17]' (pe_10_10_conv_top.v:11) (optimized to 0)
'wdata[9][0]' (pe_10_10_conv_top.v:11) (optimized to 0)
'wdata[9][2]' (pe_10_10_conv_top.v:11) (optimized to 0)
'wdata[9][4]' (pe_10_10_conv_top.v:11) (optimized to 0)
'wdata[9][5]' (pe_10_10_conv_top.v:11) (optimized to 0)
'wdata[9][6]' (pe_10_10_conv_top.v:11) (optimized to 0)
'wdata[9][7]' (pe_10_10_conv_top.v:11) (optimized to 0)
'wdata[9][8]' (pe_10_10_conv_top.v:11) (optimized to 0)
'wdata[9][9]' (pe_10_10_conv_top.v:11) (optimized to 0)
'wdata[9][10]' (pe_10_10_conv_top.v:11) (optimized to 0)
'wdata[9][11]' (pe_10_10_conv_top.v:11) (optimized to 0)
'wdata[9][12]' (pe_10_10_conv_top.v:11) (optimized to 0)
'wdata[9][13]' (pe_10_10_conv_top.v:11) (optimized to 0)
'wdata[9][14]' (pe_10_10_conv_top.v:11) (optimized to 0)
'wdata[9][15]' (pe_10_10_conv_top.v:11) (optimized to 0)
'wdata[9][16]' (pe_10_10_conv_top.v:11) (optimized to 0)
'wdata[9][17]' (pe_10_10_conv_top.v:11) (optimized to 0)
'wdata[8][1]' (pe_10_10_conv_top.v:11) (optimized to 0)
'wdata[8][2]' (pe_10_10_conv_top.v:11) (optimized to 0)
'wdata[8][4]' (pe_10_10_conv_top.v:11) (optimized to 0)
'wdata[8][5]' (pe_10_10_conv_top.v:11) (optimized to 0)
'wdata[8][6]' (pe_10_10_conv_top.v:11) (optimized to 0)
'wdata[8][7]' (pe_10_10_conv_top.v:11) (optimized to 0)
'wdata[8][8]' (pe_10_10_conv_top.v:11) (optimized to 0)
'wdata[8][9]' (pe_10_10_conv_top.v:11) (optimized to 0)
'wdata[8][10]' (pe_10_10_conv_top.v:11) (optimized to 0)
'wdata[8][11]' (pe_10_10_conv_top.v:11) (optimized to 0)
'wdata[8][12]' (pe_10_10_conv_top.v:11) (optimized to 0)
'wdata[8][13]' (pe_10_10_conv_top.v:11) (optimized to 0)
'wdata[8][14]' (pe_10_10_conv_top.v:11) (optimized to 0)
'wdata[8][15]' (pe_10_10_conv_top.v:11) (optimized to 0)
'wdata[8][16]' (pe_10_10_conv_top.v:11) (optimized to 0)
'wdata[8][17]' (pe_10_10_conv_top.v:11) (optimized to 0)
'wdata[7][0]' (pe_10_10_conv_top.v:11) (optimized to 0)
'wdata[7][1]' (pe_10_10_conv_top.v:11) (optimized to 0)
'wdata[7][2]' (pe_10_10_conv_top.v:11) (optimized to 0)
'wdata[7][4]' (pe_10_10_conv_top.v:11) (optimized to 0)
'wdata[7][5]' (pe_10_10_conv_top.v:11) (optimized to 0)
'wdata[7][6]' (pe_10_10_conv_top.v:11) (optimized to 0)
'wdata[7][7]' (pe_10_10_conv_top.v:11) (optimized to 0)
'wdata[7][8]' (pe_10_10_conv_top.v:11) (optimized to 0)
'wdata[7][9]' (pe_10_10_conv_top.v:11) (optimized to 0)
'wdata[7][10]' (pe_10_10_conv_top.v:11) (optimized to 0)
'wdata[7][11]' (pe_10_10_conv_top.v:11) (optimized to 0)
'wdata[7][12]' (pe_10_10_conv_top.v:11) (optimized to 0)
'wdata[7][13]' (pe_10_10_conv_top.v:11) (optimized to 0)
'wdata[7][14]' (pe_10_10_conv_top.v:11) (optimized to 0)
'wdata[7][15]' (pe_10_10_conv_top.v:11) (optimized to 0)
'wdata[7][16]' (pe_10_10_conv_top.v:11) (optimized to 0)
'wdata[7][17]' (pe_10_10_conv_top.v:11) (optimized to 0)
'wdata[6][3]' (pe_10_10_conv_top.v:11) (optimized to 0)
'wdata[6][4]' (pe_10_10_conv_top.v:11) (optimized to 0)
'wdata[6][5]' (pe_10_10_conv_top.v:11) (optimized to 0)
'wdata[6][6]' (pe_10_10_conv_top.v:11) (optimized to 0)
'wdata[6][7]' (pe_10_10_conv_top.v:11) (optimized to 0)
'wdata[6][8]' (pe_10_10_conv_top.v:11) (optimized to 0)
'wdata[6][9]' (pe_10_10_conv_top.v:11) (optimized to 0)
'wdata[6][10]' (pe_10_10_conv_top.v:11) (optimized to 0)
'wdata[6][11]' (pe_10_10_conv_top.v:11) (optimized to 0)
'wdata[6][12]' (pe_10_10_conv_top.v:11) (optimized to 0)
'wdata[6][13]' (pe_10_10_conv_top.v:11) (optimized to 0)
'wdata[6][14]' (pe_10_10_conv_top.v:11) (optimized to 0)
'wdata[6][15]' (pe_10_10_conv_top.v:11) (optimized to 0)
'wdata[6][16]' (pe_10_10_conv_top.v:11) (optimized to 0)
'wdata[6][17]' (pe_10_10_conv_top.v:11) (optimized to 0)
'wdata[5][0]' (pe_10_10_conv_top.v:11) (optimized to 0)
'wdata[5][3]' (pe_10_10_conv_top.v:11) (optimized to 0)
'wdata[5][4]' (pe_10_10_conv_top.v:11) (optimized to 0)
'wdata[5][5]' (pe_10_10_conv_top.v:11) (optimized to 0)
'wdata[5][6]' (pe_10_10_conv_top.v:11) (optimized to 0)
'wdata[5][7]' (pe_10_10_conv_top.v:11) (optimized to 0)
'wdata[5][8]' (pe_10_10_conv_top.v:11) (optimized to 0)
'wdata[5][9]' (pe_10_10_conv_top.v:11) (optimized to 0)
'wdata[5][10]' (pe_10_10_conv_top.v:11) (optimized to 0)
'wdata[5][11]' (pe_10_10_conv_top.v:11) (optimized to 0)
'wdata[5][12]' (pe_10_10_conv_top.v:11) (optimized to 0)
'wdata[5][13]' (pe_10_10_conv_top.v:11) (optimized to 0)
'wdata[5][14]' (pe_10_10_conv_top.v:11) (optimized to 0)
'wdata[5][15]' (pe_10_10_conv_top.v:11) (optimized to 0)
'wdata[5][16]' (pe_10_10_conv_top.v:11) (optimized to 0)
'wdata[5][17]' (pe_10_10_conv_top.v:11) (optimized to 0)
'wdata[4][1]' (pe_10_10_conv_top.v:11) (optimized to 0)
'wdata[4][3]' (pe_10_10_conv_top.v:11) (optimized to 0)
'wdata[4][4]' (pe_10_10_conv_top.v:11) (optimized to 0)
'wdata[4][5]' (pe_10_10_conv_top.v:11) (optimized to 0)
'wdata[4][6]' (pe_10_10_conv_top.v:11) (optimized to 0)
'wdata[4][7]' (pe_10_10_conv_top.v:11) (optimized to 0)
'wdata[4][8]' (pe_10_10_conv_top.v:11) (optimized to 0)
'wdata[4][9]' (pe_10_10_conv_top.v:11) (optimized to 0)
'wdata[4][10]' (pe_10_10_conv_top.v:11) (optimized to 0)
'wdata[4][11]' (pe_10_10_conv_top.v:11) (optimized to 0)
'wdata[4][12]' (pe_10_10_conv_top.v:11) (optimized to 0)
'wdata[4][13]' (pe_10_10_conv_top.v:11) (optimized to 0)
'wdata[4][14]' (pe_10_10_conv_top.v:11) (optimized to 0)
'wdata[4][15]' (pe_10_10_conv_top.v:11) (optimized to 0)
'wdata[4][16]' (pe_10_10_conv_top.v:11) (optimized to 0)
'wdata[4][17]' (pe_10_10_conv_top.v:11) (optimized to 0)
'wdata[3][0]' (pe_10_10_conv_top.v:11) (optimized to 0)
'wdata[3][1]' (pe_10_10_conv_top.v:11) (optimized to 0)
'wdata[3][3]' (pe_10_10_conv_top.v:11) (optimized to 0)
'wdata[3][4]' (pe_10_10_conv_top.v:11) (optimized to 0)
'wdata[3][5]' (pe_10_10_conv_top.v:11) (optimized to 0)
'wdata[3][6]' (pe_10_10_conv_top.v:11) (optimized to 0)
'wdata[3][7]' (pe_10_10_conv_top.v:11) (optimized to 0)
'wdata[3][8]' (pe_10_10_conv_top.v:11) (optimized to 0)
'wdata[3][9]' (pe_10_10_conv_top.v:11) (optimized to 0)
'wdata[3][10]' (pe_10_10_conv_top.v:11) (optimized to 0)
'wdata[3][11]' (pe_10_10_conv_top.v:11) (optimized to 0)
'wdata[3][12]' (pe_10_10_conv_top.v:11) (optimized to 0)
'wdata[3][13]' (pe_10_10_conv_top.v:11) (optimized to 0)
'wdata[3][14]' (pe_10_10_conv_top.v:11) (optimized to 0)
'wdata[3][15]' (pe_10_10_conv_top.v:11) (optimized to 0)
'wdata[3][16]' (pe_10_10_conv_top.v:11) (optimized to 0)
'wdata[3][17]' (pe_10_10_conv_top.v:11) (optimized to 0)
'wdata[2][2]' (pe_10_10_conv_top.v:11) (optimized to 0)
'wdata[2][3]' (pe_10_10_conv_top.v:11) (optimized to 0)
'wdata[2][4]' (pe_10_10_conv_top.v:11) (optimized to 0)
'wdata[2][5]' (pe_10_10_conv_top.v:11) (optimized to 0)
'wdata[2][6]' (pe_10_10_conv_top.v:11) (optimized to 0)
'wdata[2][7]' (pe_10_10_conv_top.v:11) (optimized to 0)
'wdata[2][8]' (pe_10_10_conv_top.v:11) (optimized to 0)
'wdata[2][9]' (pe_10_10_conv_top.v:11) (optimized to 0)
'wdata[2][10]' (pe_10_10_conv_top.v:11) (optimized to 0)
'wdata[2][11]' (pe_10_10_conv_top.v:11) (optimized to 0)
'wdata[2][12]' (pe_10_10_conv_top.v:11) (optimized to 0)
'wdata[2][13]' (pe_10_10_conv_top.v:11) (optimized to 0)
'wdata[2][14]' (pe_10_10_conv_top.v:11) (optimized to 0)
'wdata[2][15]' (pe_10_10_conv_top.v:11) (optimized to 0)
'wdata[2][16]' (pe_10_10_conv_top.v:11) (optimized to 0)
'wdata[2][17]' (pe_10_10_conv_top.v:11) (optimized to 0)
'wdata[1][0]' (pe_10_10_conv_top.v:11) (optimized to 0)
'wdata[1][2]' (pe_10_10_conv_top.v:11) (optimized to 0)
'wdata[1][3]' (pe_10_10_conv_top.v:11) (optimized to 0)
'wdata[1][4]' (pe_10_10_conv_top.v:11) (optimized to 0)
'wdata[1][5]' (pe_10_10_conv_top.v:11) (optimized to 0)
'wdata[1][6]' (pe_10_10_conv_top.v:11) (optimized to 0)
'wdata[1][7]' (pe_10_10_conv_top.v:11) (optimized to 0)
'wdata[1][8]' (pe_10_10_conv_top.v:11) (optimized to 0)
'wdata[1][9]' (pe_10_10_conv_top.v:11) (optimized to 0)
'wdata[1][10]' (pe_10_10_conv_top.v:11) (optimized to 0)
'wdata[1][11]' (pe_10_10_conv_top.v:11) (optimized to 0)
'wdata[1][12]' (pe_10_10_conv_top.v:11) (optimized to 0)
'wdata[1][13]' (pe_10_10_conv_top.v:11) (optimized to 0)
'wdata[1][14]' (pe_10_10_conv_top.v:11) (optimized to 0)
'wdata[1][15]' (pe_10_10_conv_top.v:11) (optimized to 0)
'wdata[1][16]' (pe_10_10_conv_top.v:11) (optimized to 0)
'wdata[1][17]' (pe_10_10_conv_top.v:11) (optimized to 0)
'wdata[0][1]' (pe_10_10_conv_top.v:11) (optimized to 0)
'wdata[0][2]' (pe_10_10_conv_top.v:11) (optimized to 0)
'wdata[0][3]' (pe_10_10_conv_top.v:11) (optimized to 0)
'wdata[0][4]' (pe_10_10_conv_top.v:11) (optimized to 0)
'wdata[0][5]' (pe_10_10_conv_top.v:11) (optimized to 0)
'wdata[0][6]' (pe_10_10_conv_top.v:11) (optimized to 0)
'wdata[0][7]' (pe_10_10_conv_top.v:11) (optimized to 0)
'wdata[0][8]' (pe_10_10_conv_top.v:11) (optimized to 0)
'wdata[0][9]' (pe_10_10_conv_top.v:11) (optimized to 0)
'wdata[0][10]' (pe_10_10_conv_top.v:11) (optimized to 0)
'wdata[0][11]' (pe_10_10_conv_top.v:11) (optimized to 0)
'wdata[0][12]' (pe_10_10_conv_top.v:11) (optimized to 0)
'wdata[0][13]' (pe_10_10_conv_top.v:11) (optimized to 0)
'wdata[0][14]' (pe_10_10_conv_top.v:11) (optimized to 0)
'wdata[0][15]' (pe_10_10_conv_top.v:11) (optimized to 0)
'wdata[0][16]' (pe_10_10_conv_top.v:11) (optimized to 0)
'wdata[0][17]' (pe_10_10_conv_top.v:11) (optimized to 0)
'feature_map_12_12_inst/start_reg[0]' (feature_map_12_12.v:17) (optimized to 0)
'feature_map_12_12_inst/start_reg[1]' (feature_map_12_12.v:17) (optimized to 0)
'feature_map_12_12_inst/start_reg[2]' (feature_map_12_12.v:17) (optimized to 0)
'feature_map_12_12_inst/start_reg[3]' (feature_map_12_12.v:17) (optimized to 0)
'feature_map_12_12_inst/start_reg[4]' (feature_map_12_12.v:17) (optimized to 0)
'feature_map_12_12_inst/start_reg[5]' (feature_map_12_12.v:17) (optimized to 0)
'feature_map_12_12_inst/start_reg[6]' (feature_map_12_12.v:17) (optimized to 0)
'feature_map_12_12_inst/start_reg[7]' (feature_map_12_12.v:17) (optimized to 0)
'feature_map_12_12_inst/start_reg[8]' (feature_map_12_12.v:17) (optimized to 0)
'loard_b_in[99][1]' (pe_10_10_conv_top.v:13) (optimized to 0)
'loard_b_in[99][2]' (pe_10_10_conv_top.v:13) (optimized to 0)
'loard_b_in[99][3]' (pe_10_10_conv_top.v:13) (optimized to 0)
'loard_b_in[99][4]' (pe_10_10_conv_top.v:13) (optimized to 0)
'loard_b_in[99][5]' (pe_10_10_conv_top.v:13) (optimized to 0)
'loard_b_in[99][6]' (pe_10_10_conv_top.v:13) (optimized to 0)
'loard_b_in[99][7]' (pe_10_10_conv_top.v:13) (optimized to 0)
'loard_b_in[99][8]' (pe_10_10_conv_top.v:13) (optimized to 0)
'loard_b_in[99][9]' (pe_10_10_conv_top.v:13) (optimized to 0)
'loard_b_in[99][10]' (pe_10_10_conv_top.v:13) (optimized to 0)
'loard_b_in[99][11]' (pe_10_10_conv_top.v:13) (optimized to 0)
'loard_b_in[99][12]' (pe_10_10_conv_top.v:13) (optimized to 0)
'loard_b_in[99][13]' (pe_10_10_conv_top.v:13) (optimized to 0)
'loard_b_in[99][14]' (pe_10_10_conv_top.v:13) (optimized to 0)
'loard_b_in[99][15]' (pe_10_10_conv_top.v:13) (optimized to 0)
'loard_b_in[99][16]' (pe_10_10_conv_top.v:13) (optimized to 0)
'loard_b_in[99][17]' (pe_10_10_conv_top.v:13) (optimized to 0)
'loard_b_in[98][1]' (pe_10_10_conv_top.v:13) (optimized to 0)
'loard_b_in[98][2]' (pe_10_10_conv_top.v:13) (optimized to 0)
'loard_b_in[98][3]' (pe_10_10_conv_top.v:13) (optimized to 0)
'loard_b_in[98][4]' (pe_10_10_conv_top.v:13) (optimized to 0)
'loard_b_in[98][5]' (pe_10_10_conv_top.v:13) (optimized to 0)
'loard_b_in[98][6]' (pe_10_10_conv_top.v:13) (optimized to 0)
'loard_b_in[98][7]' (pe_10_10_conv_top.v:13) (optimized to 0)
'loard_b_in[98][8]' (pe_10_10_conv_top.v:13) (optimized to 0)
'loard_b_in[98][9]' (pe_10_10_conv_top.v:13) (optimized to 0)
'loard_b_in[98][10]' (pe_10_10_conv_top.v:13) (optimized to 0)
'loard_b_in[98][11]' (pe_10_10_conv_top.v:13) (optimized to 0)
'loard_b_in[98][12]' (pe_10_10_conv_top.v:13) (optimized to 0)
'loard_b_in[98][13]' (pe_10_10_conv_top.v:13) (optimized to 0)
'loard_b_in[98][14]' (pe_10_10_conv_top.v:13) (optimized to 0)
'loard_b_in[98][15]' (pe_10_10_conv_top.v:13) (optimized to 0)
'loard_b_in[98][16]' (pe_10_10_conv_top.v:13) (optimized to 0)
'loard_b_in[98][17]' (pe_10_10_conv_top.v:13) (optimized to 0)
'loard_b_in[97][1]' (pe_10_10_conv_top.v:13) (optimized to 0)
'loard_b_in[97][2]' (pe_10_10_conv_top.v:13) (optimized to 0)
'loard_b_in[97][3]' (pe_10_10_conv_top.v:13) (optimized to 0)
'loard_b_in[97][4]' (pe_10_10_conv_top.v:13) (optimized to 0)
'loard_b_in[97][5]' (pe_10_10_conv_top.v:13) (optimized to 0)
'loard_b_in[97][6]' (pe_10_10_conv_top.v:13) (optimized to 0)
'loard_b_in[97][7]' (pe_10_10_conv_top.v:13) (optimized to 0)
'loard_b_in[97][8]' (pe_10_10_conv_top.v:13) (optimized to 0)
'loard_b_in[97][9]' (pe_10_10_conv_top.v:13) (optimized to 0)
'loard_b_in[97][10]' (pe_10_10_conv_top.v:13) (optimized to 0)
'loard_b_in[97][11]' (pe_10_10_conv_top.v:13) (optimized to 0)
'loard_b_in[97][12]' (pe_10_10_conv_top.v:13) (optimized to 0)
'loard_b_in[97][13]' (pe_10_10_conv_top.v:13) (optimized to 0)
'loard_b_in[97][14]' (pe_10_10_conv_top.v:13) (optimized to 0)
'loard_b_in[97][15]' (pe_10_10_conv_top.v:13) (optimized to 0)
'loard_b_in[97][16]' (pe_10_10_conv_top.v:13) (optimized to 0)
'loard_b_in[97][17]' (pe_10_10_conv_top.v:13) (optimized to 0)
'loard_b_in[96][1]' (pe_10_10_conv_top.v:13) (optimized to 0)
'loard_b_in[96][2]' (pe_10_10_conv_top.v:13) (optimized to 0)
'loard_b_in[96][3]' (pe_10_10_conv_top.v:13) (optimized to 0)
'loard_b_in[96][4]' (pe_10_10_conv_top.v:13) (optimized to 0)
'loard_b_in[96][5]' (pe_10_10_conv_top.v:13) (optimized to 0)
'loard_b_in[96][6]' (pe_10_10_conv_top.v:13) (optimized to 0)
'loard_b_in[96][7]' (pe_10_10_conv_top.v:13) (optimized to 0)
'loard_b_in[96][8]' (pe_10_10_conv_top.v:13) (optimized to 0)
'loard_b_in[96][9]' (pe_10_10_conv_top.v:13) (optimized to 0)
'loard_b_in[96][10]' (pe_10_10_conv_top.v:13) (optimized to 0)
'loard_b_in[96][11]' (pe_10_10_conv_top.v:13) (optimized to 0)
'loard_b_in[96][12]' (pe_10_10_conv_top.v:13) (optimized to 0)
'loard_b_in[96][13]' (pe_10_10_conv_top.v:13) (optimized to 0)
'loard_b_in[96][14]' (pe_10_10_conv_top.v:13) (optimized to 0)
'loard_b_in[96][15]' (pe_10_10_conv_top.v:13) (optimized to 0)
'loard_b_in[96][16]' (pe_10_10_conv_top.v:13) (optimized to 0)
'loard_b_in[96][17]' (pe_10_10_conv_top.v:13) (optimized to 0)
'loard_b_in[95][1]' (pe_10_10_conv_top.v:13) (optimized to 0)
'loard_b_in[95][2]' (pe_10_10_conv_top.v:13) (optimized to 0)
'loard_b_in[95][3]' (pe_10_10_conv_top.v:13) (optimized to 0)
'loard_b_in[95][4]' (pe_10_10_conv_top.v:13) (optimized to 0)
'loard_b_in[95][5]' (pe_10_10_conv_top.v:13) (optimized to 0)
'loard_b_in[95][6]' (pe_10_10_conv_top.v:13) (optimized to 0)
'loard_b_in[95][7]' (pe_10_10_conv_top.v:13) (optimized to 0)
'loard_b_in[95][8]' (pe_10_10_conv_top.v:13) (optimized to 0)
'loard_b_in[95][9]' (pe_10_10_conv_top.v:13) (optimized to 0)
'loard_b_in[95][10]' (pe_10_10_conv_top.v:13) (optimized to 0)
'loard_b_in[95][11]' (pe_10_10_conv_top.v:13) (optimized to 0)
'loard_b_in[95][12]' (pe_10_10_conv_top.v:13) (optimized to 0)
'loard_b_in[95][13]' (pe_10_10_conv_top.v:13) (optimized to 0)
'loard_b_in[95][14]' (pe_10_10_conv_top.v:13) (optimized to 0)
'loard_b_in[95][15]' (pe_10_10_conv_top.v:13) (optimized to 0)
'loard_b_in[95][16]' (pe_10_10_conv_top.v:13) (optimized to 0)
'loard_b_in[95][17]' (pe_10_10_conv_top.v:13) (optimized to 0)
'loard_b_in[94][1]' (pe_10_10_conv_top.v:13) (optimized to 0)
'loard_b_in[94][2]' (pe_10_10_conv_top.v:13) (optimized to 0)
'loard_b_in[94][3]' (pe_10_10_conv_top.v:13) (optimized to 0)
'loard_b_in[94][4]' (pe_10_10_conv_top.v:13) (optimized to 0)
'loard_b_in[94][5]' (pe_10_10_conv_top.v:13) (optimized to 0)
'loard_b_in[94][6]' (pe_10_10_conv_top.v:13) (optimized to 0)
'loard_b_in[94][7]' (pe_10_10_conv_top.v:13) (optimized to 0)
'loard_b_in[94][8]' (pe_10_10_conv_top.v:13) (optimized to 0)
'loard_b_in[94][9]' (pe_10_10_conv_top.v:13) (optimized to 0)
'loard_b_in[94][10]' (pe_10_10_conv_top.v:13) (optimized to 0)
'loard_b_in[94][11]' (pe_10_10_conv_top.v:13) (optimized to 0)
'loard_b_in[94][12]' (pe_10_10_conv_top.v:13) (optimized to 0)
'loard_b_in[94][13]' (pe_10_10_conv_top.v:13) (optimized to 0)
'loard_b_in[94][14]' (pe_10_10_conv_top.v:13) (optimized to 0)
'loard_b_in[94][15]' (pe_10_10_conv_top.v:13) (optimized to 0)
'loard_b_in[94][16]' (pe_10_10_conv_top.v:13) (optimized to 0)
'loard_b_in[94][17]' (pe_10_10_conv_top.v:13) (optimized to 0)
'loard_b_in[93][1]' (pe_10_10_conv_top.v:13) (optimized to 0)
'loard_b_in[93][2]' (pe_10_10_conv_top.v:13) (optimized to 0)
'loard_b_in[93][3]' (pe_10_10_conv_top.v:13) (optimized to 0)
'loard_b_in[93][4]' (pe_10_10_conv_top.v:13) (optimized to 0)
'loard_b_in[93][5]' (pe_10_10_conv_top.v:13) (optimized to 0)
'loard_b_in[93][6]' (pe_10_10_conv_top.v:13) (optimized to 0)
'loard_b_in[93][7]' (pe_10_10_conv_top.v:13) (optimized to 0)
'loard_b_in[93][8]' (pe_10_10_conv_top.v:13) (optimized to 0)
'loard_b_in[93][9]' (pe_10_10_conv_top.v:13) (optimized to 0)
'loard_b_in[93][10]' (pe_10_10_conv_top.v:13) (optimized to 0)
'loard_b_in[93][11]' (pe_10_10_conv_top.v:13) (optimized to 0)
'loard_b_in[93][12]' (pe_10_10_conv_top.v:13) (optimized to 0)
'loard_b_in[93][13]' (pe_10_10_conv_top.v:13) (optimized to 0)
'loard_b_in[93][14]' (pe_10_10_conv_top.v:13) (optimized to 0)
'loard_b_in[93][15]' (pe_10_10_conv_top.v:13) (optimized to 0)
'loard_b_in[93][16]' (pe_10_10_conv_top.v:13) (optimized to 0)
'loard_b_in[93][17]' (pe_10_10_conv_top.v:13) (optimized to 0)
'loard_b_in[92][1]' (pe_10_10_conv_top.v:13) (optimized to 0)
'loard_b_in[92][2]' (pe_10_10_conv_top.v:13) (optimized to 0)
'loard_b_in[92][3]' (pe_10_10_conv_top.v:13) (optimized to 0)
'loard_b_in[92][4]' (pe_10_10_conv_top.v:13) (optimized to 0)
'loard_b_in[92][5]' (pe_10_10_conv_top.v:13) (optimized to 0)
'loard_b_in[92][6]' (pe_10_10_conv_top.v:13) (optimized to 0)
'loard_b_in[92][7]' (pe_10_10_conv_top.v:13) (optimized to 0)
'loard_b_in[92][8]' (pe_10_10_conv_top.v:13) (optimized to 0)
'loard_b_in[92][9]' (pe_10_10_conv_top.v:13) (optimized to 0)
'loard_b_in[92][10]' (pe_10_10_conv_top.v:13) (optimized to 0)
'loard_b_in[92][11]' (pe_10_10_conv_top.v:13) (optimized to 0)
'loard_b_in[92][12]' (pe_10_10_conv_top.v:13) (optimized to 0)
'loard_b_in[92][13]' (pe_10_10_conv_top.v:13) (optimized to 0)
'loard_b_in[92][14]' (pe_10_10_conv_top.v:13) (optimized to 0)
'loard_b_in[92][15]' (pe_10_10_conv_top.v:13) (optimized to 0)
'loard_b_in[92][16]' (pe_10_10_conv_top.v:13) (optimized to 0)
'loard_b_in[92][17]' (pe_10_10_conv_top.v:13) (optimized to 0)
'loard_b_in[91][1]' (pe_10_10_conv_top.v:13) (optimized to 0)
'loard_b_in[91][2]' (pe_10_10_conv_top.v:13) (optimized to 0)
'loard_b_in[91][3]' (pe_10_10_conv_top.v:13) (optimized to 0)
'loard_b_in[91][4]' (pe_10_10_conv_top.v:13) (optimized to 0)
'loard_b_in[91][5]' (pe_10_10_conv_top.v:13) (optimized to 0)
'loard_b_in[91][6]' (pe_10_10_conv_top.v:13) (optimized to 0)
'loard_b_in[91][7]' (pe_10_10_conv_top.v:13) (optimized to 0)
'loard_b_in[91][8]' (pe_10_10_conv_top.v:13) (optimized to 0)
'loard_b_in[91][9]' (pe_10_10_conv_top.v:13) (optimized to 0)
'loard_b_in[91][10]' (pe_10_10_conv_top.v:13) (optimized to 0)
'loard_b_in[91][11]' (pe_10_10_conv_top.v:13) (optimized to 0)
'loard_b_in[91][12]' (pe_10_10_conv_top.v:13) (optimized to 0)
'loard_b_in[91][13]' (pe_10_10_conv_top.v:13) (optimized to 0)
'loard_b_in[91][14]' (pe_10_10_conv_top.v:13) (optimized to 0)
'loard_b_in[91][15]' (pe_10_10_conv_top.v:13) (optimized to 0)
'loard_b_in[91][16]' (pe_10_10_conv_top.v:13) (optimized to 0)
'loard_b_in[91][17]' (pe_10_10_conv_top.v:13) (optimized to 0)
'loard_b_in[90][1]' (pe_10_10_conv_top.v:13) (optimized to 0)
'loard_b_in[90][2]' (pe_10_10_conv_top.v:13) (optimized to 0)
'loard_b_in[90][3]' (pe_10_10_conv_top.v:13) (optimized to 0)
'loard_b_in[90][4]' (pe_10_10_conv_top.v:13) (optimized to 0)
'loard_b_in[90][5]' (pe_10_10_conv_top.v:13) (optimized to 0)
'loard_b_in[90][6]' (pe_10_10_conv_top.v:13) (optimized to 0)
'loard_b_in[90][7]' (pe_10_10_conv_top.v:13) (optimized to 0)
'loard_b_in[90][8]' (pe_10_10_conv_top.v:13) (optimized to 0)
'loard_b_in[90][9]' (pe_10_10_conv_top.v:13) (optimized to 0)
'loard_b_in[90][10]' (pe_10_10_conv_top.v:13) (optimized to 0)
'loard_b_in[90][11]' (pe_10_10_conv_top.v:13) (optimized to 0)
'loard_b_in[90][12]' (pe_10_10_conv_top.v:13) (optimized to 0)
'loard_b_in[90][13]' (pe_10_10_conv_top.v:13) (optimized to 0)
'loard_b_in[90][14]' (pe_10_10_conv_top.v:13) (optimized to 0)
'loard_b_in[90][15]' (pe_10_10_conv_top.v:13) (optimized to 0)
'loard_b_in[90][16]' (pe_10_10_conv_top.v:13) (optimized to 0)
'loard_b_in[90][17]' (pe_10_10_conv_top.v:13) (optimized to 0)
'loard_b_in[89][1]' (pe_10_10_conv_top.v:13) (optimized to 0)
'loard_b_in[89][2]' (pe_10_10_conv_top.v:13) (optimized to 0)
'loard_b_in[89][3]' (pe_10_10_conv_top.v:13) (optimized to 0)
'loard_b_in[89][4]' (pe_10_10_conv_top.v:13) (optimized to 0)
'loard_b_in[89][5]' (pe_10_10_conv_top.v:13) (optimized to 0)
'loard_b_in[89][6]' (pe_10_10_conv_top.v:13) (optimized to 0)
'loard_b_in[89][7]' (pe_10_10_conv_top.v:13) (optimized to 0)
'loard_b_in[89][8]' (pe_10_10_conv_top.v:13) (optimized to 0)
'loard_b_in[89][9]' (pe_10_10_conv_top.v:13) (optimized to 0)
'loard_b_in[89][10]' (pe_10_10_conv_top.v:13) (optimized to 0)
'loard_b_in[89][11]' (pe_10_10_conv_top.v:13) (optimized to 0)
'loard_b_in[89][12]' (pe_10_10_conv_top.v:13) (optimized to 0)
'loard_b_in[89][13]' (pe_10_10_conv_top.v:13) (optimized to 0)
'loard_b_in[89][14]' (pe_10_10_conv_top.v:13) (optimized to 0)
'loard_b_in[89][15]' (pe_10_10_conv_top.v:13) (optimized to 0)
'loard_b_in[89][16]' (pe_10_10_conv_top.v:13) (optimized to 0)
'loard_b_in[89][17]' (pe_10_10_conv_top.v:13) (optimized to 0)
'loard_b_in[88][1]' (pe_10_10_conv_top.v:13) (optimized to 0)
'loard_b_in[88][2]' (pe_10_10_conv_top.v:13) (optimized to 0)
'loard_b_in[88][3]' (pe_10_10_conv_top.v:13) (optimized to 0)
'loard_b_in[88][4]' (pe_10_10_conv_top.v:13) (optimized to 0)
'loard_b_in[88][5]' (pe_10_10_conv_top.v:13) (optimized to 0)
'loard_b_in[88][6]' (pe_10_10_conv_top.v:13) (optimized to 0)
'loard_b_in[88][7]' (pe_10_10_conv_top.v:13) (optimized to 0)
'loard_b_in[88][8]' (pe_10_10_conv_top.v:13) (optimized to 0)
'loard_b_in[88][9]' (pe_10_10_conv_top.v:13) (optimized to 0)
'loard_b_in[88][10]' (pe_10_10_conv_top.v:13) (optimized to 0)
'loard_b_in[88][11]' (pe_10_10_conv_top.v:13) (optimized to 0)
'loard_b_in[88][12]' (pe_10_10_conv_top.v:13) (optimized to 0)
'loard_b_in[88][13]' (pe_10_10_conv_top.v:13) (optimized to 0)
'loard_b_in[88][14]' (pe_10_10_conv_top.v:13) (optimized to 0)
'loard_b_in[88][15]' (pe_10_10_conv_top.v:13) (optimized to 0)
'loard_b_in[88][16]' (pe_10_10_conv_top.v:13) (optimized to 0)
'loard_b_in[88][17]' (pe_10_10_conv_top.v:13) (optimized to 0)
'loard_b_in[87][1]' (pe_10_10_conv_top.v:13) (optimized to 0)
'loard_b_in[87][2]' (pe_10_10_conv_top.v:13) (optimized to 0)
'loard_b_in[87][3]' (pe_10_10_conv_top.v:13) (optimized to 0)
'loard_b_in[87][4]' (pe_10_10_conv_top.v:13) (optimized to 0)
'loard_b_in[87][5]' (pe_10_10_conv_top.v:13) (optimized to 0)
'loard_b_in[87][6]' (pe_10_10_conv_top.v:13) (optimized to 0)
'loard_b_in[87][7]' (pe_10_10_conv_top.v:13) (optimized to 0)
'loard_b_in[87][8]' (pe_10_10_conv_top.v:13) (optimized to 0)
'loard_b_in[87][9]' (pe_10_10_conv_top.v:13) (optimized to 0)
'loard_b_in[87][10]' (pe_10_10_conv_top.v:13) (optimized to 0)
'loard_b_in[87][11]' (pe_10_10_conv_top.v:13) (optimized to 0)
'loard_b_in[87][12]' (pe_10_10_conv_top.v:13) (optimized to 0)
'loard_b_in[87][13]' (pe_10_10_conv_top.v:13) (optimized to 0)
'loard_b_in[87][14]' (pe_10_10_conv_top.v:13) (optimized to 0)
'loard_b_in[87][15]' (pe_10_10_conv_top.v:13) (optimized to 0)
'loard_b_in[87][16]' (pe_10_10_conv_top.v:13) (optimized to 0)
'loard_b_in[87][17]' (pe_10_10_conv_top.v:13) (optimized to 0)
'loard_b_in[86][1]' (pe_10_10_conv_top.v:13) (optimized to 0)
'loard_b_in[86][2]' (pe_10_10_conv_top.v:13) (optimized to 0)
'loard_b_in[86][3]' (pe_10_10_conv_top.v:13) (optimized to 0)
'loard_b_in[86][4]' (pe_10_10_conv_top.v:13) (optimized to 0)
'loard_b_in[86][5]' (pe_10_10_conv_top.v:13) (optimized to 0)
'loard_b_in[86][6]' (pe_10_10_conv_top.v:13) (optimized to 0)
'loard_b_in[86][7]' (pe_10_10_conv_top.v:13) (optimized to 0)
'loard_b_in[86][8]' (pe_10_10_conv_top.v:13) (optimized to 0)
'loard_b_in[86][9]' (pe_10_10_conv_top.v:13) (optimized to 0)
'loard_b_in[86][10]' (pe_10_10_conv_top.v:13) (optimized to 0)
'loard_b_in[86][11]' (pe_10_10_conv_top.v:13) (optimized to 0)
'loard_b_in[86][12]' (pe_10_10_conv_top.v:13) (optimized to 0)
'loard_b_in[86][13]' (pe_10_10_conv_top.v:13) (optimized to 0)
'loard_b_in[86][14]' (pe_10_10_conv_top.v:13) (optimized to 0)
'loard_b_in[86][15]' (pe_10_10_conv_top.v:13) (optimized to 0)
'loard_b_in[86][16]' (pe_10_10_conv_top.v:13) (optimized to 0)
'loard_b_in[86][17]' (pe_10_10_conv_top.v:13) (optimized to 0)
'loard_b_in[85][1]' (pe_10_10_conv_top.v:13) (optimized to 0)
'loard_b_in[85][2]' (pe_10_10_conv_top.v:13) (optimized to 0)
'loard_b_in[85][3]' (pe_10_10_conv_top.v:13) (optimized to 0)
'loard_b_in[85][4]' (pe_10_10_conv_top.v:13) (optimized to 0)
'loard_b_in[85][5]' (pe_10_10_conv_top.v:13) (optimized to 0)
'loard_b_in[85][6]' (pe_10_10_conv_top.v:13) (optimized to 0)
'loard_b_in[85][7]' (pe_10_10_conv_top.v:13) (optimized to 0)
'loard_b_in[85][8]' (pe_10_10_conv_top.v:13) (optimized to 0)
'loard_b_in[85][9]' (pe_10_10_conv_top.v:13) (optimized to 0)
'loard_b_in[85][10]' (pe_10_10_conv_top.v:13) (optimized to 0)
'loard_b_in[85][11]' (pe_10_10_conv_top.v:13) (optimized to 0)
'loard_b_in[85][12]' (pe_10_10_conv_top.v:13) (optimized to 0)
'loard_b_in[85][13]' (pe_10_10_conv_top.v:13) (optimized to 0)
'loard_b_in[85][14]' (pe_10_10_conv_top.v:13) (optimized to 0)
'loard_b_in[85][15]' (pe_10_10_conv_top.v:13) (optimized to 0)
'loard_b_in[85][16]' (pe_10_10_conv_top.v:13) (optimized to 0)
'loard_b_in[85][17]' (pe_10_10_conv_top.v:13) (optimized to 0)
'loard_b_in[84][1]' (pe_10_10_conv_top.v:13) (optimized to 0)
'loard_b_in[84][2]' (pe_10_10_conv_top.v:13) (optimized to 0)
'loard_b_in[84][3]' (pe_10_10_conv_top.v:13) (optimized to 0)
'loard_b_in[84][4]' (pe_10_10_conv_top.v:13) (optimized to 0)
'loard_b_in[84][5]' (pe_10_10_conv_top.v:13) (optimized to 0)
'loard_b_in[84][6]' (pe_10_10_conv_top.v:13) (optimized to 0)
'loard_b_in[84][7]' (pe_10_10_conv_top.v:13) (optimized to 0)
'loard_b_in[84][8]' (pe_10_10_conv_top.v:13) (optimized to 0)
'loard_b_in[84][9]' (pe_10_10_conv_top.v:13) (optimized to 0)
'loard_b_in[84][10]' (pe_10_10_conv_top.v:13) (optimized to 0)
'loard_b_in[84][11]' (pe_10_10_conv_top.v:13) (optimized to 0)
'loard_b_in[84][12]' (pe_10_10_conv_top.v:13) (optimized to 0)
'loard_b_in[84][13]' (pe_10_10_conv_top.v:13) (optimized to 0)
'loard_b_in[84][14]' (pe_10_10_conv_top.v:13) (optimized to 0)
'loard_b_in[84][15]' (pe_10_10_conv_top.v:13) (optimized to 0)
'loard_b_in[84][16]' (pe_10_10_conv_top.v:13) (optimized to 0)
'loard_b_in[84][17]' (pe_10_10_conv_top.v:13) (optimized to 0)
'loard_b_in[83][1]' (pe_10_10_conv_top.v:13) (optimized to 0)
'loard_b_in[83][2]' (pe_10_10_conv_top.v:13) (optimized to 0)
'loard_b_in[83][3]' (pe_10_10_conv_top.v:13) (optimized to 0)
'loard_b_in[83][4]' (pe_10_10_conv_top.v:13) (optimized to 0)
'loard_b_in[83][5]' (pe_10_10_conv_top.v:13) (optimized to 0)
'loard_b_in[83][6]' (pe_10_10_conv_top.v:13) (optimized to 0)
'loard_b_in[83][7]' (pe_10_10_conv_top.v:13) (optimized to 0)
'loard_b_in[83][8]' (pe_10_10_conv_top.v:13) (optimized to 0)
'loard_b_in[83][9]' (pe_10_10_conv_top.v:13) (optimized to 0)
'loard_b_in[83][10]' (pe_10_10_conv_top.v:13) (optimized to 0)
'loard_b_in[83][11]' (pe_10_10_conv_top.v:13) (optimized to 0)
'loard_b_in[83][12]' (pe_10_10_conv_top.v:13) (optimized to 0)
'loard_b_in[83][13]' (pe_10_10_conv_top.v:13) (optimized to 0)
'loard_b_in[83][14]' (pe_10_10_conv_top.v:13) (optimized to 0)
'loard_b_in[83][15]' (pe_10_10_conv_top.v:13) (optimized to 0)
'loard_b_in[83][16]' (pe_10_10_conv_top.v:13) (optimized to 0)
'loard_b_in[83][17]' (pe_10_10_conv_top.v:13) (optimized to 0)
'loard_b_in[82][1]' (pe_10_10_conv_top.v:13) (optimized to 0)
'loard_b_in[82][2]' (pe_10_10_conv_top.v:13) (optimized to 0)
'loard_b_in[82][3]' (pe_10_10_conv_top.v:13) (optimized to 0)
'loard_b_in[82][4]' (pe_10_10_conv_top.v:13) (optimized to 0)
'loard_b_in[82][5]' (pe_10_10_conv_top.v:13) (optimized to 0)
'loard_b_in[82][6]' (pe_10_10_conv_top.v:13) (optimized to 0)
'loard_b_in[82][7]' (pe_10_10_conv_top.v:13) (optimized to 0)
'loard_b_in[82][8]' (pe_10_10_conv_top.v:13) (optimized to 0)
'loard_b_in[82][9]' (pe_10_10_conv_top.v:13) (optimized to 0)
'loard_b_in[82][10]' (pe_10_10_conv_top.v:13) (optimized to 0)
'loard_b_in[82][11]' (pe_10_10_conv_top.v:13) (optimized to 0)
'loard_b_in[82][12]' (pe_10_10_conv_top.v:13) (optimized to 0)
'loard_b_in[82][13]' (pe_10_10_conv_top.v:13) (optimized to 0)
'loard_b_in[82][14]' (pe_10_10_conv_top.v:13) (optimized to 0)
'loard_b_in[82][15]' (pe_10_10_conv_top.v:13) (optimized to 0)
'loard_b_in[82][16]' (pe_10_10_conv_top.v:13) (optimized to 0)
'loard_b_in[82][17]' (pe_10_10_conv_top.v:13) (optimized to 0)
'loard_b_in[81][1]' (pe_10_10_conv_top.v:13) (optimized to 0)
'loard_b_in[81][2]' (pe_10_10_conv_top.v:13) (optimized to 0)
'loard_b_in[81][3]' (pe_10_10_conv_top.v:13) (optimized to 0)
'loard_b_in[81][4]' (pe_10_10_conv_top.v:13) (optimized to 0)
'loard_b_in[81][5]' (pe_10_10_conv_top.v:13) (optimized to 0)
'loard_b_in[81][6]' (pe_10_10_conv_top.v:13) (optimized to 0)
'loard_b_in[81][7]' (pe_10_10_conv_top.v:13) (optimized to 0)
'loard_b_in[81][8]' (pe_10_10_conv_top.v:13) (optimized to 0)
'loard_b_in[81][9]' (pe_10_10_conv_top.v:13) (optimized to 0)
'loard_b_in[81][10]' (pe_10_10_conv_top.v:13) (optimized to 0)
'loard_b_in[81][11]' (pe_10_10_conv_top.v:13) (optimized to 0)
'loard_b_in[81][12]' (pe_10_10_conv_top.v:13) (optimized to 0)
'loard_b_in[81][13]' (pe_10_10_conv_top.v:13) (optimized to 0)
'loard_b_in[81][14]' (pe_10_10_conv_top.v:13) (optimized to 0)
'loard_b_in[81][15]' (pe_10_10_conv_top.v:13) (optimized to 0)
'loard_b_in[81][16]' (pe_10_10_conv_top.v:13) (optimized to 0)
'loard_b_in[81][17]' (pe_10_10_conv_top.v:13) (optimized to 0)
'loard_b_in[80][1]' (pe_10_10_conv_top.v:13) (optimized to 0)
'loard_b_in[80][2]' (pe_10_10_conv_top.v:13) (optimized to 0)
'loard_b_in[80][3]' (pe_10_10_conv_top.v:13) (optimized to 0)
'loard_b_in[80][4]' (pe_10_10_conv_top.v:13) (optimized to 0)
'loard_b_in[80][5]' (pe_10_10_conv_top.v:13) (optimized to 0)
'loard_b_in[80][6]' (pe_10_10_conv_top.v:13) (optimized to 0)
'loard_b_in[80][7]' (pe_10_10_conv_top.v:13) (optimized to 0)
'loard_b_in[80][8]' (pe_10_10_conv_top.v:13) (optimized to 0)
'loard_b_in[80][9]' (pe_10_10_conv_top.v:13) (optimized to 0)
'loard_b_in[80][10]' (pe_10_10_conv_top.v:13) (optimized to 0)
'loard_b_in[80][11]' (pe_10_10_conv_top.v:13) (optimized to 0)
'loard_b_in[80][12]' (pe_10_10_conv_top.v:13) (optimized to 0)
'loard_b_in[80][13]' (pe_10_10_conv_top.v:13) (optimized to 0)
'loard_b_in[80][14]' (pe_10_10_conv_top.v:13) (optimized to 0)
'loard_b_in[80][15]' (pe_10_10_conv_top.v:13) (optimized to 0)
'loard_b_in[80][16]' (pe_10_10_conv_top.v:13) (optimized to 0)
'loard_b_in[80][17]' (pe_10_10_conv_top.v:13) (optimized to 0)
'loard_b_in[79][1]' (pe_10_10_conv_top.v:13) (optimized to 0)
'loard_b_in[79][2]' (pe_10_10_conv_top.v:13) (optimized to 0)
'loard_b_in[79][3]' (pe_10_10_conv_top.v:13) (optimized to 0)
'loard_b_in[79][4]' (pe_10_10_conv_top.v:13) (optimized to 0)
'loard_b_in[79][5]' (pe_10_10_conv_top.v:13) (optimized to 0)
'loard_b_in[79][6]' (pe_10_10_conv_top.v:13) (optimized to 0)
'loard_b_in[79][7]' (pe_10_10_conv_top.v:13) (optimized to 0)
'loard_b_in[79][8]' (pe_10_10_conv_top.v:13) (optimized to 0)
'loard_b_in[79][9]' (pe_10_10_conv_top.v:13) (optimized to 0)
'loard_b_in[79][10]' (pe_10_10_conv_top.v:13) (optimized to 0)
'loard_b_in[79][11]' (pe_10_10_conv_top.v:13) (optimized to 0)
'loard_b_in[79][12]' (pe_10_10_conv_top.v:13) (optimized to 0)
'loard_b_in[79][13]' (pe_10_10_conv_top.v:13) (optimized to 0)
'loard_b_in[79][14]' (pe_10_10_conv_top.v:13) (optimized to 0)
'loard_b_in[79][15]' (pe_10_10_conv_top.v:13) (optimized to 0)
'loard_b_in[79][16]' (pe_10_10_conv_top.v:13) (optimized to 0)
'loard_b_in[79][17]' (pe_10_10_conv_top.v:13) (optimized to 0)
'loard_b_in[78][1]' (pe_10_10_conv_top.v:13) (optimized to 0)
'loard_b_in[78][2]' (pe_10_10_conv_top.v:13) (optimized to 0)
'loard_b_in[78][3]' (pe_10_10_conv_top.v:13) (optimized to 0)
'loard_b_in[78][4]' (pe_10_10_conv_top.v:13) (optimized to 0)
'loard_b_in[78][5]' (pe_10_10_conv_top.v:13) (optimized to 0)
'loard_b_in[78][6]' (pe_10_10_conv_top.v:13) (optimized to 0)
'loard_b_in[78][7]' (pe_10_10_conv_top.v:13) (optimized to 0)
'loard_b_in[78][8]' (pe_10_10_conv_top.v:13) (optimized to 0)
'loard_b_in[78][9]' (pe_10_10_conv_top.v:13) (optimized to 0)
'loard_b_in[78][10]' (pe_10_10_conv_top.v:13) (optimized to 0)
'loard_b_in[78][11]' (pe_10_10_conv_top.v:13) (optimized to 0)
'loard_b_in[78][12]' (pe_10_10_conv_top.v:13) (optimized to 0)
'loard_b_in[78][13]' (pe_10_10_conv_top.v:13) (optimized to 0)
'loard_b_in[78][14]' (pe_10_10_conv_top.v:13) (optimized to 0)
'loard_b_in[78][15]' (pe_10_10_conv_top.v:13) (optimized to 0)
'loard_b_in[78][16]' (pe_10_10_conv_top.v:13) (optimized to 0)
'loard_b_in[78][17]' (pe_10_10_conv_top.v:13) (optimized to 0)
'loard_b_in[77][1]' (pe_10_10_conv_top.v:13) (optimized to 0)
'loard_b_in[77][2]' (pe_10_10_conv_top.v:13) (optimized to 0)
'loard_b_in[77][3]' (pe_10_10_conv_top.v:13) (optimized to 0)
'loard_b_in[77][4]' (pe_10_10_conv_top.v:13) (optimized to 0)
'loard_b_in[77][5]' (pe_10_10_conv_top.v:13) (optimized to 0)
'loard_b_in[77][6]' (pe_10_10_conv_top.v:13) (optimized to 0)
'loard_b_in[77][7]' (pe_10_10_conv_top.v:13) (optimized to 0)
'loard_b_in[77][8]' (pe_10_10_conv_top.v:13) (optimized to 0)
'loard_b_in[77][9]' (pe_10_10_conv_top.v:13) (optimized to 0)
'loard_b_in[77][10]' (pe_10_10_conv_top.v:13) (optimized to 0)
'loard_b_in[77][11]' (pe_10_10_conv_top.v:13) (optimized to 0)
'loard_b_in[77][12]' (pe_10_10_conv_top.v:13) (optimized to 0)
'loard_b_in[77][13]' (pe_10_10_conv_top.v:13) (optimized to 0)
'loard_b_in[77][14]' (pe_10_10_conv_top.v:13) (optimized to 0)
'loard_b_in[77][15]' (pe_10_10_conv_top.v:13) (optimized to 0)
'loard_b_in[77][16]' (pe_10_10_conv_top.v:13) (optimized to 0)
'loard_b_in[77][17]' (pe_10_10_conv_top.v:13) (optimized to 0)
'loard_b_in[76][1]' (pe_10_10_conv_top.v:13) (optimized to 0)
'loard_b_in[76][2]' (pe_10_10_conv_top.v:13) (optimized to 0)
'loard_b_in[76][3]' (pe_10_10_conv_top.v:13) (optimized to 0)
'loard_b_in[76][4]' (pe_10_10_conv_top.v:13) (optimized to 0)
'loard_b_in[76][5]' (pe_10_10_conv_top.v:13) (optimized to 0)
'loard_b_in[76][6]' (pe_10_10_conv_top.v:13) (optimized to 0)
'loard_b_in[76][7]' (pe_10_10_conv_top.v:13) (optimized to 0)
'loard_b_in[76][8]' (pe_10_10_conv_top.v:13) (optimized to 0)
'loard_b_in[76][9]' (pe_10_10_conv_top.v:13) (optimized to 0)
'loard_b_in[76][10]' (pe_10_10_conv_top.v:13) (optimized to 0)
'loard_b_in[76][11]' (pe_10_10_conv_top.v:13) (optimized to 0)
'loard_b_in[76][12]' (pe_10_10_conv_top.v:13) (optimized to 0)
'loard_b_in[76][13]' (pe_10_10_conv_top.v:13) (optimized to 0)
'loard_b_in[76][14]' (pe_10_10_conv_top.v:13) (optimized to 0)
'loard_b_in[76][15]' (pe_10_10_conv_top.v:13) (optimized to 0)
'loard_b_in[76][16]' (pe_10_10_conv_top.v:13) (optimized to 0)
'loard_b_in[76][17]' (pe_10_10_conv_top.v:13) (optimized to 0)
'loard_b_in[75][1]' (pe_10_10_conv_top.v:13) (optimized to 0)
'loard_b_in[75][2]' (pe_10_10_conv_top.v:13) (optimized to 0)
'loard_b_in[75][3]' (pe_10_10_conv_top.v:13) (optimized to 0)
'loard_b_in[75][4]' (pe_10_10_conv_top.v:13) (optimized to 0)
'loard_b_in[75][5]' (pe_10_10_conv_top.v:13) (optimized to 0)
'loard_b_in[75][6]' (pe_10_10_conv_top.v:13) (optimized to 0)
'loard_b_in[75][7]' (pe_10_10_conv_top.v:13) (optimized to 0)
'loard_b_in[75][8]' (pe_10_10_conv_top.v:13) (optimized to 0)
'loard_b_in[75][9]' (pe_10_10_conv_top.v:13) (optimized to 0)
'loard_b_in[75][10]' (pe_10_10_conv_top.v:13) (optimized to 0)
'loard_b_in[75][11]' (pe_10_10_conv_top.v:13) (optimized to 0)
'loard_b_in[75][12]' (pe_10_10_conv_top.v:13) (optimized to 0)
'loard_b_in[75][13]' (pe_10_10_conv_top.v:13) (optimized to 0)
'loard_b_in[75][14]' (pe_10_10_conv_top.v:13) (optimized to 0)
'loard_b_in[75][15]' (pe_10_10_conv_top.v:13) (optimized to 0)
'loard_b_in[75][16]' (pe_10_10_conv_top.v:13) (optimized to 0)
'loard_b_in[75][17]' (pe_10_10_conv_top.v:13) (optimized to 0)
'loard_b_in[74][1]' (pe_10_10_conv_top.v:13) (optimized to 0)
'loard_b_in[74][2]' (pe_10_10_conv_top.v:13) (optimized to 0)
'loard_b_in[74][3]' (pe_10_10_conv_top.v:13) (optimized to 0)
'loard_b_in[74][4]' (pe_10_10_conv_top.v:13) (optimized to 0)
'loard_b_in[74][5]' (pe_10_10_conv_top.v:13) (optimized to 0)
'loard_b_in[74][6]' (pe_10_10_conv_top.v:13) (optimized to 0)
'loard_b_in[74][7]' (pe_10_10_conv_top.v:13) (optimized to 0)
'loard_b_in[74][8]' (pe_10_10_conv_top.v:13) (optimized to 0)
'loard_b_in[74][9]' (pe_10_10_conv_top.v:13) (optimized to 0)
'loard_b_in[74][10]' (pe_10_10_conv_top.v:13) (optimized to 0)
'loard_b_in[74][11]' (pe_10_10_conv_top.v:13) (optimized to 0)
'loard_b_in[74][12]' (pe_10_10_conv_top.v:13) (optimized to 0)
'loard_b_in[74][13]' (pe_10_10_conv_top.v:13) (optimized to 0)
'loard_b_in[74][14]' (pe_10_10_conv_top.v:13) (optimized to 0)
'loard_b_in[74][15]' (pe_10_10_conv_top.v:13) (optimized to 0)
'loard_b_in[74][16]' (pe_10_10_conv_top.v:13) (optimized to 0)
'loard_b_in[74][17]' (pe_10_10_conv_top.v:13) (optimized to 0)
'loard_b_in[73][1]' (pe_10_10_conv_top.v:13) (optimized to 0)
'loard_b_in[73][2]' (pe_10_10_conv_top.v:13) (optimized to 0)
'loard_b_in[73][3]' (pe_10_10_conv_top.v:13) (optimized to 0)
'loard_b_in[73][4]' (pe_10_10_conv_top.v:13) (optimized to 0)
'loard_b_in[73][5]' (pe_10_10_conv_top.v:13) (optimized to 0)
'loard_b_in[73][6]' (pe_10_10_conv_top.v:13) (optimized to 0)
'loard_b_in[73][7]' (pe_10_10_conv_top.v:13) (optimized to 0)
'loard_b_in[73][8]' (pe_10_10_conv_top.v:13) (optimized to 0)
'loard_b_in[73][9]' (pe_10_10_conv_top.v:13) (optimized to 0)
'loard_b_in[73][10]' (pe_10_10_conv_top.v:13) (optimized to 0)
'loard_b_in[73][11]' (pe_10_10_conv_top.v:13) (optimized to 0)
'loard_b_in[73][12]' (pe_10_10_conv_top.v:13) (optimized to 0)
'loard_b_in[73][13]' (pe_10_10_conv_top.v:13) (optimized to 0)
'loard_b_in[73][14]' (pe_10_10_conv_top.v:13) (optimized to 0)
'loard_b_in[73][15]' (pe_10_10_conv_top.v:13) (optimized to 0)
'loard_b_in[73][16]' (pe_10_10_conv_top.v:13) (optimized to 0)
'loard_b_in[73][17]' (pe_10_10_conv_top.v:13) (optimized to 0)
'loard_b_in[72][1]' (pe_10_10_conv_top.v:13) (optimized to 0)
'loard_b_in[72][2]' (pe_10_10_conv_top.v:13) (optimized to 0)
'loard_b_in[72][3]' (pe_10_10_conv_top.v:13) (optimized to 0)
'loard_b_in[72][4]' (pe_10_10_conv_top.v:13) (optimized to 0)
'loard_b_in[72][5]' (pe_10_10_conv_top.v:13) (optimized to 0)
'loard_b_in[72][6]' (pe_10_10_conv_top.v:13) (optimized to 0)
'loard_b_in[72][7]' (pe_10_10_conv_top.v:13) (optimized to 0)
'loard_b_in[72][8]' (pe_10_10_conv_top.v:13) (optimized to 0)
'loard_b_in[72][9]' (pe_10_10_conv_top.v:13) (optimized to 0)
'loard_b_in[72][10]' (pe_10_10_conv_top.v:13) (optimized to 0)
'loard_b_in[72][11]' (pe_10_10_conv_top.v:13) (optimized to 0)
'loard_b_in[72][12]' (pe_10_10_conv_top.v:13) (optimized to 0)
'loard_b_in[72][13]' (pe_10_10_conv_top.v:13) (optimized to 0)
'loard_b_in[72][14]' (pe_10_10_conv_top.v:13) (optimized to 0)
'loard_b_in[72][15]' (pe_10_10_conv_top.v:13) (optimized to 0)
'loard_b_in[72][16]' (pe_10_10_conv_top.v:13) (optimized to 0)
'loard_b_in[72][17]' (pe_10_10_conv_top.v:13) (optimized to 0)
'loard_b_in[71][1]' (pe_10_10_conv_top.v:13) (optimized to 0)
'loard_b_in[71][2]' (pe_10_10_conv_top.v:13) (optimized to 0)
'loard_b_in[71][3]' (pe_10_10_conv_top.v:13) (optimized to 0)
'loard_b_in[71][4]' (pe_10_10_conv_top.v:13) (optimized to 0)
'loard_b_in[71][5]' (pe_10_10_conv_top.v:13) (optimized to 0)
'loard_b_in[71][6]' (pe_10_10_conv_top.v:13) (optimized to 0)
'loard_b_in[71][7]' (pe_10_10_conv_top.v:13) (optimized to 0)
'loard_b_in[71][8]' (pe_10_10_conv_top.v:13) (optimized to 0)
'loard_b_in[71][9]' (pe_10_10_conv_top.v:13) (optimized to 0)
'loard_b_in[71][10]' (pe_10_10_conv_top.v:13) (optimized to 0)
'loard_b_in[71][11]' (pe_10_10_conv_top.v:13) (optimized to 0)
'loard_b_in[71][12]' (pe_10_10_conv_top.v:13) (optimized to 0)
'loard_b_in[71][13]' (pe_10_10_conv_top.v:13) (optimized to 0)
'loard_b_in[71][14]' (pe_10_10_conv_top.v:13) (optimized to 0)
'loard_b_in[71][15]' (pe_10_10_conv_top.v:13) (optimized to 0)
'loard_b_in[71][16]' (pe_10_10_conv_top.v:13) (optimized to 0)
'loard_b_in[71][17]' (pe_10_10_conv_top.v:13) (optimized to 0)
'loard_b_in[70][1]' (pe_10_10_conv_top.v:13) (optimized to 0)
'loard_b_in[70][2]' (pe_10_10_conv_top.v:13) (optimized to 0)
'loard_b_in[70][3]' (pe_10_10_conv_top.v:13) (optimized to 0)
'loard_b_in[70][4]' (pe_10_10_conv_top.v:13) (optimized to 0)
'loard_b_in[70][5]' (pe_10_10_conv_top.v:13) (optimized to 0)
'loard_b_in[70][6]' (pe_10_10_conv_top.v:13) (optimized to 0)
'loard_b_in[70][7]' (pe_10_10_conv_top.v:13) (optimized to 0)
'loard_b_in[70][8]' (pe_10_10_conv_top.v:13) (optimized to 0)
'loard_b_in[70][9]' (pe_10_10_conv_top.v:13) (optimized to 0)
'loard_b_in[70][10]' (pe_10_10_conv_top.v:13) (optimized to 0)
'loard_b_in[70][11]' (pe_10_10_conv_top.v:13) (optimized to 0)
'loard_b_in[70][12]' (pe_10_10_conv_top.v:13) (optimized to 0)
'loard_b_in[70][13]' (pe_10_10_conv_top.v:13) (optimized to 0)
'loard_b_in[70][14]' (pe_10_10_conv_top.v:13) (optimized to 0)
'loard_b_in[70][15]' (pe_10_10_conv_top.v:13) (optimized to 0)
'loard_b_in[70][16]' (pe_10_10_conv_top.v:13) (optimized to 0)
'loard_b_in[70][17]' (pe_10_10_conv_top.v:13) (optimized to 0)
'loard_b_in[69][1]' (pe_10_10_conv_top.v:13) (optimized to 0)
'loard_b_in[69][2]' (pe_10_10_conv_top.v:13) (optimized to 0)
'loard_b_in[69][3]' (pe_10_10_conv_top.v:13) (optimized to 0)
'loard_b_in[69][4]' (pe_10_10_conv_top.v:13) (optimized to 0)
'loard_b_in[69][5]' (pe_10_10_conv_top.v:13) (optimized to 0)
'loard_b_in[69][6]' (pe_10_10_conv_top.v:13) (optimized to 0)
'loard_b_in[69][7]' (pe_10_10_conv_top.v:13) (optimized to 0)
'loard_b_in[69][8]' (pe_10_10_conv_top.v:13) (optimized to 0)
'loard_b_in[69][9]' (pe_10_10_conv_top.v:13) (optimized to 0)
'loard_b_in[69][10]' (pe_10_10_conv_top.v:13) (optimized to 0)
'loard_b_in[69][11]' (pe_10_10_conv_top.v:13) (optimized to 0)
'loard_b_in[69][12]' (pe_10_10_conv_top.v:13) (optimized to 0)
'loard_b_in[69][13]' (pe_10_10_conv_top.v:13) (optimized to 0)
'loard_b_in[69][14]' (pe_10_10_conv_top.v:13) (optimized to 0)
'loard_b_in[69][15]' (pe_10_10_conv_top.v:13) (optimized to 0)
'loard_b_in[69][16]' (pe_10_10_conv_top.v:13) (optimized to 0)
'loard_b_in[69][17]' (pe_10_10_conv_top.v:13) (optimized to 0)
'loard_b_in[68][1]' (pe_10_10_conv_top.v:13) (optimized to 0)
'loard_b_in[68][2]' (pe_10_10_conv_top.v:13) (optimized to 0)
'loard_b_in[68][3]' (pe_10_10_conv_top.v:13) (optimized to 0)
'loard_b_in[68][4]' (pe_10_10_conv_top.v:13) (optimized to 0)
'loard_b_in[68][5]' (pe_10_10_conv_top.v:13) (optimized to 0)
'loard_b_in[68][6]' (pe_10_10_conv_top.v:13) (optimized to 0)
'loard_b_in[68][7]' (pe_10_10_conv_top.v:13) (optimized to 0)
'loard_b_in[68][8]' (pe_10_10_conv_top.v:13) (optimized to 0)
'loard_b_in[68][9]' (pe_10_10_conv_top.v:13) (optimized to 0)
'loard_b_in[68][10]' (pe_10_10_conv_top.v:13) (optimized to 0)
'loard_b_in[68][11]' (pe_10_10_conv_top.v:13) (optimized to 0)
'loard_b_in[68][12]' (pe_10_10_conv_top.v:13) (optimized to 0)
'loard_b_in[68][13]' (pe_10_10_conv_top.v:13) (optimized to 0)
'loard_b_in[68][14]' (pe_10_10_conv_top.v:13) (optimized to 0)
'loard_b_in[68][15]' (pe_10_10_conv_top.v:13) (optimized to 0)
'loard_b_in[68][16]' (pe_10_10_conv_top.v:13) (optimized to 0)
'loard_b_in[68][17]' (pe_10_10_conv_top.v:13) (optimized to 0)
'loard_b_in[67][1]' (pe_10_10_conv_top.v:13) (optimized to 0)
'loard_b_in[67][2]' (pe_10_10_conv_top.v:13) (optimized to 0)
'loard_b_in[67][3]' (pe_10_10_conv_top.v:13) (optimized to 0)
'loard_b_in[67][4]' (pe_10_10_conv_top.v:13) (optimized to 0)
'loard_b_in[67][5]' (pe_10_10_conv_top.v:13) (optimized to 0)
'loard_b_in[67][6]' (pe_10_10_conv_top.v:13) (optimized to 0)
'loard_b_in[67][7]' (pe_10_10_conv_top.v:13) (optimized to 0)
'loard_b_in[67][8]' (pe_10_10_conv_top.v:13) (optimized to 0)
'loard_b_in[67][9]' (pe_10_10_conv_top.v:13) (optimized to 0)
'loard_b_in[67][10]' (pe_10_10_conv_top.v:13) (optimized to 0)
'loard_b_in[67][11]' (pe_10_10_conv_top.v:13) (optimized to 0)
'loard_b_in[67][12]' (pe_10_10_conv_top.v:13) (optimized to 0)
'loard_b_in[67][13]' (pe_10_10_conv_top.v:13) (optimized to 0)
'loard_b_in[67][14]' (pe_10_10_conv_top.v:13) (optimized to 0)
'loard_b_in[67][15]' (pe_10_10_conv_top.v:13) (optimized to 0)
'loard_b_in[67][16]' (pe_10_10_conv_top.v:13) (optimized to 0)
'loard_b_in[67][17]' (pe_10_10_conv_top.v:13) (optimized to 0)
'loard_b_in[66][1]' (pe_10_10_conv_top.v:13) (optimized to 0)
'loard_b_in[66][2]' (pe_10_10_conv_top.v:13) (optimized to 0)
'loard_b_in[66][3]' (pe_10_10_conv_top.v:13) (optimized to 0)
'loard_b_in[66][4]' (pe_10_10_conv_top.v:13) (optimized to 0)
'loard_b_in[66][5]' (pe_10_10_conv_top.v:13) (optimized to 0)
'loard_b_in[66][6]' (pe_10_10_conv_top.v:13) (optimized to 0)
'loard_b_in[66][7]' (pe_10_10_conv_top.v:13) (optimized to 0)
'loard_b_in[66][8]' (pe_10_10_conv_top.v:13) (optimized to 0)
'loard_b_in[66][9]' (pe_10_10_conv_top.v:13) (optimized to 0)
'loard_b_in[66][10]' (pe_10_10_conv_top.v:13) (optimized to 0)
'loard_b_in[66][11]' (pe_10_10_conv_top.v:13) (optimized to 0)
'loard_b_in[66][12]' (pe_10_10_conv_top.v:13) (optimized to 0)
'loard_b_in[66][13]' (pe_10_10_conv_top.v:13) (optimized to 0)
'loard_b_in[66][14]' (pe_10_10_conv_top.v:13) (optimized to 0)
'loard_b_in[66][15]' (pe_10_10_conv_top.v:13) (optimized to 0)
'loard_b_in[66][16]' (pe_10_10_conv_top.v:13) (optimized to 0)
'loard_b_in[66][17]' (pe_10_10_conv_top.v:13) (optimized to 0)
'loard_b_in[65][1]' (pe_10_10_conv_top.v:13) (optimized to 0)
'loard_b_in[65][2]' (pe_10_10_conv_top.v:13) (optimized to 0)
'loard_b_in[65][3]' (pe_10_10_conv_top.v:13) (optimized to 0)
'loard_b_in[65][4]' (pe_10_10_conv_top.v:13) (optimized to 0)
'loard_b_in[65][5]' (pe_10_10_conv_top.v:13) (optimized to 0)
'loard_b_in[65][6]' (pe_10_10_conv_top.v:13) (optimized to 0)
'loard_b_in[65][7]' (pe_10_10_conv_top.v:13) (optimized to 0)
'loard_b_in[65][8]' (pe_10_10_conv_top.v:13) (optimized to 0)
'loard_b_in[65][9]' (pe_10_10_conv_top.v:13) (optimized to 0)
'loard_b_in[65][10]' (pe_10_10_conv_top.v:13) (optimized to 0)
'loard_b_in[65][11]' (pe_10_10_conv_top.v:13) (optimized to 0)
'loard_b_in[65][12]' (pe_10_10_conv_top.v:13) (optimized to 0)
'loard_b_in[65][13]' (pe_10_10_conv_top.v:13) (optimized to 0)
'loard_b_in[65][14]' (pe_10_10_conv_top.v:13) (optimized to 0)
'loard_b_in[65][15]' (pe_10_10_conv_top.v:13) (optimized to 0)
'loard_b_in[65][16]' (pe_10_10_conv_top.v:13) (optimized to 0)
'loard_b_in[65][17]' (pe_10_10_conv_top.v:13) (optimized to 0)
'loard_b_in[64][1]' (pe_10_10_conv_top.v:13) (optimized to 0)
'loard_b_in[64][2]' (pe_10_10_conv_top.v:13) (optimized to 0)
'loard_b_in[64][3]' (pe_10_10_conv_top.v:13) (optimized to 0)
'loard_b_in[64][4]' (pe_10_10_conv_top.v:13) (optimized to 0)
'loard_b_in[64][5]' (pe_10_10_conv_top.v:13) (optimized to 0)
'loard_b_in[64][6]' (pe_10_10_conv_top.v:13) (optimized to 0)
'loard_b_in[64][7]' (pe_10_10_conv_top.v:13) (optimized to 0)
'loard_b_in[64][8]' (pe_10_10_conv_top.v:13) (optimized to 0)
'loard_b_in[64][9]' (pe_10_10_conv_top.v:13) (optimized to 0)
'loard_b_in[64][10]' (pe_10_10_conv_top.v:13) (optimized to 0)
'loard_b_in[64][11]' (pe_10_10_conv_top.v:13) (optimized to 0)
'loard_b_in[64][12]' (pe_10_10_conv_top.v:13) (optimized to 0)
'loard_b_in[64][13]' (pe_10_10_conv_top.v:13) (optimized to 0)
'loard_b_in[64][14]' (pe_10_10_conv_top.v:13) (optimized to 0)
'loard_b_in[64][15]' (pe_10_10_conv_top.v:13) (optimized to 0)
'loard_b_in[64][16]' (pe_10_10_conv_top.v:13) (optimized to 0)
'loard_b_in[64][17]' (pe_10_10_conv_top.v:13) (optimized to 0)
'loard_b_in[63][1]' (pe_10_10_conv_top.v:13) (optimized to 0)
'loard_b_in[63][2]' (pe_10_10_conv_top.v:13) (optimized to 0)
'loard_b_in[63][3]' (pe_10_10_conv_top.v:13) (optimized to 0)
'loard_b_in[63][4]' (pe_10_10_conv_top.v:13) (optimized to 0)
'loard_b_in[63][5]' (pe_10_10_conv_top.v:13) (optimized to 0)
'loard_b_in[63][6]' (pe_10_10_conv_top.v:13) (optimized to 0)
'loard_b_in[63][7]' (pe_10_10_conv_top.v:13) (optimized to 0)
'loard_b_in[63][8]' (pe_10_10_conv_top.v:13) (optimized to 0)
'loard_b_in[63][9]' (pe_10_10_conv_top.v:13) (optimized to 0)
'loard_b_in[63][10]' (pe_10_10_conv_top.v:13) (optimized to 0)
'loard_b_in[63][11]' (pe_10_10_conv_top.v:13) (optimized to 0)
'loard_b_in[63][12]' (pe_10_10_conv_top.v:13) (optimized to 0)
'loard_b_in[63][13]' (pe_10_10_conv_top.v:13) (optimized to 0)
'loard_b_in[63][14]' (pe_10_10_conv_top.v:13) (optimized to 0)
'loard_b_in[63][15]' (pe_10_10_conv_top.v:13) (optimized to 0)
'loard_b_in[63][16]' (pe_10_10_conv_top.v:13) (optimized to 0)
'loard_b_in[63][17]' (pe_10_10_conv_top.v:13) (optimized to 0)
'loard_b_in[62][1]' (pe_10_10_conv_top.v:13) (optimized to 0)
'loard_b_in[62][2]' (pe_10_10_conv_top.v:13) (optimized to 0)
'loard_b_in[62][3]' (pe_10_10_conv_top.v:13) (optimized to 0)
'loard_b_in[62][4]' (pe_10_10_conv_top.v:13) (optimized to 0)
'loard_b_in[62][5]' (pe_10_10_conv_top.v:13) (optimized to 0)
'loard_b_in[62][6]' (pe_10_10_conv_top.v:13) (optimized to 0)
'loard_b_in[62][7]' (pe_10_10_conv_top.v:13) (optimized to 0)
'loard_b_in[62][8]' (pe_10_10_conv_top.v:13) (optimized to 0)
'loard_b_in[62][9]' (pe_10_10_conv_top.v:13) (optimized to 0)
'loard_b_in[62][10]' (pe_10_10_conv_top.v:13) (optimized to 0)
'loard_b_in[62][11]' (pe_10_10_conv_top.v:13) (optimized to 0)
'loard_b_in[62][12]' (pe_10_10_conv_top.v:13) (optimized to 0)
'loard_b_in[62][13]' (pe_10_10_conv_top.v:13) (optimized to 0)
'loard_b_in[62][14]' (pe_10_10_conv_top.v:13) (optimized to 0)
'loard_b_in[62][15]' (pe_10_10_conv_top.v:13) (optimized to 0)
'loard_b_in[62][16]' (pe_10_10_conv_top.v:13) (optimized to 0)
'loard_b_in[62][17]' (pe_10_10_conv_top.v:13) (optimized to 0)
'loard_b_in[61][1]' (pe_10_10_conv_top.v:13) (optimized to 0)
'loard_b_in[61][2]' (pe_10_10_conv_top.v:13) (optimized to 0)
'loard_b_in[61][3]' (pe_10_10_conv_top.v:13) (optimized to 0)
'loard_b_in[61][4]' (pe_10_10_conv_top.v:13) (optimized to 0)
'loard_b_in[61][5]' (pe_10_10_conv_top.v:13) (optimized to 0)
'loard_b_in[61][6]' (pe_10_10_conv_top.v:13) (optimized to 0)
'loard_b_in[61][7]' (pe_10_10_conv_top.v:13) (optimized to 0)
'loard_b_in[61][8]' (pe_10_10_conv_top.v:13) (optimized to 0)
'loard_b_in[61][9]' (pe_10_10_conv_top.v:13) (optimized to 0)
'loard_b_in[61][10]' (pe_10_10_conv_top.v:13) (optimized to 0)
'loard_b_in[61][11]' (pe_10_10_conv_top.v:13) (optimized to 0)
'loard_b_in[61][12]' (pe_10_10_conv_top.v:13) (optimized to 0)
'loard_b_in[61][13]' (pe_10_10_conv_top.v:13) (optimized to 0)
'loard_b_in[61][14]' (pe_10_10_conv_top.v:13) (optimized to 0)
'loard_b_in[61][15]' (pe_10_10_conv_top.v:13) (optimized to 0)
'loard_b_in[61][16]' (pe_10_10_conv_top.v:13) (optimized to 0)
'loard_b_in[61][17]' (pe_10_10_conv_top.v:13) (optimized to 0)
'loard_b_in[60][1]' (pe_10_10_conv_top.v:13) (optimized to 0)
'loard_b_in[60][2]' (pe_10_10_conv_top.v:13) (optimized to 0)
'loard_b_in[60][3]' (pe_10_10_conv_top.v:13) (optimized to 0)
'loard_b_in[60][4]' (pe_10_10_conv_top.v:13) (optimized to 0)
'loard_b_in[60][5]' (pe_10_10_conv_top.v:13) (optimized to 0)
'loard_b_in[60][6]' (pe_10_10_conv_top.v:13) (optimized to 0)
'loard_b_in[60][7]' (pe_10_10_conv_top.v:13) (optimized to 0)
'loard_b_in[60][8]' (pe_10_10_conv_top.v:13) (optimized to 0)
'loard_b_in[60][9]' (pe_10_10_conv_top.v:13) (optimized to 0)
'loard_b_in[60][10]' (pe_10_10_conv_top.v:13) (optimized to 0)
'loard_b_in[60][11]' (pe_10_10_conv_top.v:13) (optimized to 0)
'loard_b_in[60][12]' (pe_10_10_conv_top.v:13) (optimized to 0)
'loard_b_in[60][13]' (pe_10_10_conv_top.v:13) (optimized to 0)
'loard_b_in[60][14]' (pe_10_10_conv_top.v:13) (optimized to 0)
'loard_b_in[60][15]' (pe_10_10_conv_top.v:13) (optimized to 0)
'loard_b_in[60][16]' (pe_10_10_conv_top.v:13) (optimized to 0)
'loard_b_in[60][17]' (pe_10_10_conv_top.v:13) (optimized to 0)
'loard_b_in[59][1]' (pe_10_10_conv_top.v:13) (optimized to 0)
'loard_b_in[59][2]' (pe_10_10_conv_top.v:13) (optimized to 0)
'loard_b_in[59][3]' (pe_10_10_conv_top.v:13) (optimized to 0)
'loard_b_in[59][4]' (pe_10_10_conv_top.v:13) (optimized to 0)
'loard_b_in[59][5]' (pe_10_10_conv_top.v:13) (optimized to 0)
'loard_b_in[59][6]' (pe_10_10_conv_top.v:13) (optimized to 0)
'loard_b_in[59][7]' (pe_10_10_conv_top.v:13) (optimized to 0)
'loard_b_in[59][8]' (pe_10_10_conv_top.v:13) (optimized to 0)
'loard_b_in[59][9]' (pe_10_10_conv_top.v:13) (optimized to 0)
'loard_b_in[59][10]' (pe_10_10_conv_top.v:13) (optimized to 0)
'loard_b_in[59][11]' (pe_10_10_conv_top.v:13) (optimized to 0)
'loard_b_in[59][12]' (pe_10_10_conv_top.v:13) (optimized to 0)
'loard_b_in[59][13]' (pe_10_10_conv_top.v:13) (optimized to 0)
'loard_b_in[59][14]' (pe_10_10_conv_top.v:13) (optimized to 0)
'loard_b_in[59][15]' (pe_10_10_conv_top.v:13) (optimized to 0)
'loard_b_in[59][16]' (pe_10_10_conv_top.v:13) (optimized to 0)
'loard_b_in[59][17]' (pe_10_10_conv_top.v:13) (optimized to 0)
'loard_b_in[58][1]' (pe_10_10_conv_top.v:13) (optimized to 0)
'loard_b_in[58][2]' (pe_10_10_conv_top.v:13) (optimized to 0)
'loard_b_in[58][3]' (pe_10_10_conv_top.v:13) (optimized to 0)
'loard_b_in[58][4]' (pe_10_10_conv_top.v:13) (optimized to 0)
'loard_b_in[58][5]' (pe_10_10_conv_top.v:13) (optimized to 0)
'loard_b_in[58][6]' (pe_10_10_conv_top.v:13) (optimized to 0)
'loard_b_in[58][7]' (pe_10_10_conv_top.v:13) (optimized to 0)
'loard_b_in[58][8]' (pe_10_10_conv_top.v:13) (optimized to 0)
'loard_b_in[58][9]' (pe_10_10_conv_top.v:13) (optimized to 0)
'loard_b_in[58][10]' (pe_10_10_conv_top.v:13) (optimized to 0)
'loard_b_in[58][11]' (pe_10_10_conv_top.v:13) (optimized to 0)
'loard_b_in[58][12]' (pe_10_10_conv_top.v:13) (optimized to 0)
'loard_b_in[58][13]' (pe_10_10_conv_top.v:13) (optimized to 0)
'loard_b_in[58][14]' (pe_10_10_conv_top.v:13) (optimized to 0)
'loard_b_in[58][15]' (pe_10_10_conv_top.v:13) (optimized to 0)
'loard_b_in[58][16]' (pe_10_10_conv_top.v:13) (optimized to 0)
'loard_b_in[58][17]' (pe_10_10_conv_top.v:13) (optimized to 0)
'loard_b_in[57][1]' (pe_10_10_conv_top.v:13) (optimized to 0)
'loard_b_in[57][2]' (pe_10_10_conv_top.v:13) (optimized to 0)
'loard_b_in[57][3]' (pe_10_10_conv_top.v:13) (optimized to 0)
'loard_b_in[57][4]' (pe_10_10_conv_top.v:13) (optimized to 0)
'loard_b_in[57][5]' (pe_10_10_conv_top.v:13) (optimized to 0)
'loard_b_in[57][6]' (pe_10_10_conv_top.v:13) (optimized to 0)
'loard_b_in[57][7]' (pe_10_10_conv_top.v:13) (optimized to 0)
'loard_b_in[57][8]' (pe_10_10_conv_top.v:13) (optimized to 0)
'loard_b_in[57][9]' (pe_10_10_conv_top.v:13) (optimized to 0)
'loard_b_in[57][10]' (pe_10_10_conv_top.v:13) (optimized to 0)
'loard_b_in[57][11]' (pe_10_10_conv_top.v:13) (optimized to 0)
'loard_b_in[57][12]' (pe_10_10_conv_top.v:13) (optimized to 0)
'loard_b_in[57][13]' (pe_10_10_conv_top.v:13) (optimized to 0)
'loard_b_in[57][14]' (pe_10_10_conv_top.v:13) (optimized to 0)
'loard_b_in[57][15]' (pe_10_10_conv_top.v:13) (optimized to 0)
'loard_b_in[57][16]' (pe_10_10_conv_top.v:13) (optimized to 0)
'loard_b_in[57][17]' (pe_10_10_conv_top.v:13) (optimized to 0)
'loard_b_in[56][1]' (pe_10_10_conv_top.v:13) (optimized to 0)
'loard_b_in[56][2]' (pe_10_10_conv_top.v:13) (optimized to 0)
'loard_b_in[56][3]' (pe_10_10_conv_top.v:13) (optimized to 0)
'loard_b_in[56][4]' (pe_10_10_conv_top.v:13) (optimized to 0)
'loard_b_in[56][5]' (pe_10_10_conv_top.v:13) (optimized to 0)
'loard_b_in[56][6]' (pe_10_10_conv_top.v:13) (optimized to 0)
'loard_b_in[56][7]' (pe_10_10_conv_top.v:13) (optimized to 0)
'loard_b_in[56][8]' (pe_10_10_conv_top.v:13) (optimized to 0)
'loard_b_in[56][9]' (pe_10_10_conv_top.v:13) (optimized to 0)
'loard_b_in[56][10]' (pe_10_10_conv_top.v:13) (optimized to 0)
'loard_b_in[56][11]' (pe_10_10_conv_top.v:13) (optimized to 0)
'loard_b_in[56][12]' (pe_10_10_conv_top.v:13) (optimized to 0)
'loard_b_in[56][13]' (pe_10_10_conv_top.v:13) (optimized to 0)
'loard_b_in[56][14]' (pe_10_10_conv_top.v:13) (optimized to 0)
'loard_b_in[56][15]' (pe_10_10_conv_top.v:13) (optimized to 0)
'loard_b_in[56][16]' (pe_10_10_conv_top.v:13) (optimized to 0)
'loard_b_in[56][17]' (pe_10_10_conv_top.v:13) (optimized to 0)
'loard_b_in[55][1]' (pe_10_10_conv_top.v:13) (optimized to 0)
'loard_b_in[55][2]' (pe_10_10_conv_top.v:13) (optimized to 0)
'loard_b_in[55][3]' (pe_10_10_conv_top.v:13) (optimized to 0)
'loard_b_in[55][4]' (pe_10_10_conv_top.v:13) (optimized to 0)
'loard_b_in[55][5]' (pe_10_10_conv_top.v:13) (optimized to 0)
'loard_b_in[55][6]' (pe_10_10_conv_top.v:13) (optimized to 0)
'loard_b_in[55][7]' (pe_10_10_conv_top.v:13) (optimized to 0)
'loard_b_in[55][8]' (pe_10_10_conv_top.v:13) (optimized to 0)
'loard_b_in[55][9]' (pe_10_10_conv_top.v:13) (optimized to 0)
'loard_b_in[55][10]' (pe_10_10_conv_top.v:13) (optimized to 0)
'loard_b_in[55][11]' (pe_10_10_conv_top.v:13) (optimized to 0)
'loard_b_in[55][12]' (pe_10_10_conv_top.v:13) (optimized to 0)
'loard_b_in[55][13]' (pe_10_10_conv_top.v:13) (optimized to 0)
'loard_b_in[55][14]' (pe_10_10_conv_top.v:13) (optimized to 0)
'loard_b_in[55][15]' (pe_10_10_conv_top.v:13) (optimized to 0)
'loard_b_in[55][16]' (pe_10_10_conv_top.v:13) (optimized to 0)
'loard_b_in[55][17]' (pe_10_10_conv_top.v:13) (optimized to 0)
'loard_b_in[54][1]' (pe_10_10_conv_top.v:13) (optimized to 0)
'loard_b_in[54][2]' (pe_10_10_conv_top.v:13) (optimized to 0)
'loard_b_in[54][3]' (pe_10_10_conv_top.v:13) (optimized to 0)
'loard_b_in[54][4]' (pe_10_10_conv_top.v:13) (optimized to 0)
'loard_b_in[54][5]' (pe_10_10_conv_top.v:13) (optimized to 0)
'loard_b_in[54][6]' (pe_10_10_conv_top.v:13) (optimized to 0)
'loard_b_in[54][7]' (pe_10_10_conv_top.v:13) (optimized to 0)
'loard_b_in[54][8]' (pe_10_10_conv_top.v:13) (optimized to 0)
'loard_b_in[54][9]' (pe_10_10_conv_top.v:13) (optimized to 0)
'loard_b_in[54][10]' (pe_10_10_conv_top.v:13) (optimized to 0)
'loard_b_in[54][11]' (pe_10_10_conv_top.v:13) (optimized to 0)
'loard_b_in[54][12]' (pe_10_10_conv_top.v:13) (optimized to 0)
'loard_b_in[54][13]' (pe_10_10_conv_top.v:13) (optimized to 0)
'loard_b_in[54][14]' (pe_10_10_conv_top.v:13) (optimized to 0)
'loard_b_in[54][15]' (pe_10_10_conv_top.v:13) (optimized to 0)
'loard_b_in[54][16]' (pe_10_10_conv_top.v:13) (optimized to 0)
'loard_b_in[54][17]' (pe_10_10_conv_top.v:13) (optimized to 0)
'loard_b_in[53][1]' (pe_10_10_conv_top.v:13) (optimized to 0)
'loard_b_in[53][2]' (pe_10_10_conv_top.v:13) (optimized to 0)
'loard_b_in[53][3]' (pe_10_10_conv_top.v:13) (optimized to 0)
'loard_b_in[53][4]' (pe_10_10_conv_top.v:13) (optimized to 0)
'loard_b_in[53][5]' (pe_10_10_conv_top.v:13) (optimized to 0)
'loard_b_in[53][6]' (pe_10_10_conv_top.v:13) (optimized to 0)
'loard_b_in[53][7]' (pe_10_10_conv_top.v:13) (optimized to 0)
'loard_b_in[53][8]' (pe_10_10_conv_top.v:13) (optimized to 0)
'loard_b_in[53][9]' (pe_10_10_conv_top.v:13) (optimized to 0)
'loard_b_in[53][10]' (pe_10_10_conv_top.v:13) (optimized to 0)
'loard_b_in[53][11]' (pe_10_10_conv_top.v:13) (optimized to 0)
'loard_b_in[53][12]' (pe_10_10_conv_top.v:13) (optimized to 0)
'loard_b_in[53][13]' (pe_10_10_conv_top.v:13) (optimized to 0)
'loard_b_in[53][14]' (pe_10_10_conv_top.v:13) (optimized to 0)
'loard_b_in[53][15]' (pe_10_10_conv_top.v:13) (optimized to 0)
'loard_b_in[53][16]' (pe_10_10_conv_top.v:13) (optimized to 0)
'loard_b_in[53][17]' (pe_10_10_conv_top.v:13) (optimized to 0)
'loard_b_in[52][1]' (pe_10_10_conv_top.v:13) (optimized to 0)
'loard_b_in[52][2]' (pe_10_10_conv_top.v:13) (optimized to 0)
'loard_b_in[52][3]' (pe_10_10_conv_top.v:13) (optimized to 0)
'loard_b_in[52][4]' (pe_10_10_conv_top.v:13) (optimized to 0)
'loard_b_in[52][5]' (pe_10_10_conv_top.v:13) (optimized to 0)
'loard_b_in[52][6]' (pe_10_10_conv_top.v:13) (optimized to 0)
'loard_b_in[52][7]' (pe_10_10_conv_top.v:13) (optimized to 0)
'loard_b_in[52][8]' (pe_10_10_conv_top.v:13) (optimized to 0)
'loard_b_in[52][9]' (pe_10_10_conv_top.v:13) (optimized to 0)
'loard_b_in[52][10]' (pe_10_10_conv_top.v:13) (optimized to 0)
'loard_b_in[52][11]' (pe_10_10_conv_top.v:13) (optimized to 0)
'loard_b_in[52][12]' (pe_10_10_conv_top.v:13) (optimized to 0)
'loard_b_in[52][13]' (pe_10_10_conv_top.v:13) (optimized to 0)
'loard_b_in[52][14]' (pe_10_10_conv_top.v:13) (optimized to 0)
'loard_b_in[52][15]' (pe_10_10_conv_top.v:13) (optimized to 0)
'loard_b_in[52][16]' (pe_10_10_conv_top.v:13) (optimized to 0)
'loard_b_in[52][17]' (pe_10_10_conv_top.v:13) (optimized to 0)
'loard_b_in[51][1]' (pe_10_10_conv_top.v:13) (optimized to 0)
'loard_b_in[51][2]' (pe_10_10_conv_top.v:13) (optimized to 0)
'loard_b_in[51][3]' (pe_10_10_conv_top.v:13) (optimized to 0)
'loard_b_in[51][4]' (pe_10_10_conv_top.v:13) (optimized to 0)
'loard_b_in[51][5]' (pe_10_10_conv_top.v:13) (optimized to 0)
'loard_b_in[51][6]' (pe_10_10_conv_top.v:13) (optimized to 0)
'loard_b_in[51][7]' (pe_10_10_conv_top.v:13) (optimized to 0)
'loard_b_in[51][8]' (pe_10_10_conv_top.v:13) (optimized to 0)
'loard_b_in[51][9]' (pe_10_10_conv_top.v:13) (optimized to 0)
'loard_b_in[51][10]' (pe_10_10_conv_top.v:13) (optimized to 0)
'loard_b_in[51][11]' (pe_10_10_conv_top.v:13) (optimized to 0)
'loard_b_in[51][12]' (pe_10_10_conv_top.v:13) (optimized to 0)
'loard_b_in[51][13]' (pe_10_10_conv_top.v:13) (optimized to 0)
'loard_b_in[51][14]' (pe_10_10_conv_top.v:13) (optimized to 0)
'loard_b_in[51][15]' (pe_10_10_conv_top.v:13) (optimized to 0)
'loard_b_in[51][16]' (pe_10_10_conv_top.v:13) (optimized to 0)
'loard_b_in[51][17]' (pe_10_10_conv_top.v:13) (optimized to 0)
'loard_b_in[50][1]' (pe_10_10_conv_top.v:13) (optimized to 0)
'loard_b_in[50][2]' (pe_10_10_conv_top.v:13) (optimized to 0)
'loard_b_in[50][3]' (pe_10_10_conv_top.v:13) (optimized to 0)
'loard_b_in[50][4]' (pe_10_10_conv_top.v:13) (optimized to 0)
'loard_b_in[50][5]' (pe_10_10_conv_top.v:13) (optimized to 0)
'loard_b_in[50][6]' (pe_10_10_conv_top.v:13) (optimized to 0)
'loard_b_in[50][7]' (pe_10_10_conv_top.v:13) (optimized to 0)
'loard_b_in[50][8]' (pe_10_10_conv_top.v:13) (optimized to 0)
'loard_b_in[50][9]' (pe_10_10_conv_top.v:13) (optimized to 0)
'loard_b_in[50][10]' (pe_10_10_conv_top.v:13) (optimized to 0)
'loard_b_in[50][11]' (pe_10_10_conv_top.v:13) (optimized to 0)
'loard_b_in[50][12]' (pe_10_10_conv_top.v:13) (optimized to 0)
'loard_b_in[50][13]' (pe_10_10_conv_top.v:13) (optimized to 0)
'loard_b_in[50][14]' (pe_10_10_conv_top.v:13) (optimized to 0)
'loard_b_in[50][15]' (pe_10_10_conv_top.v:13) (optimized to 0)
'loard_b_in[50][16]' (pe_10_10_conv_top.v:13) (optimized to 0)
'loard_b_in[50][17]' (pe_10_10_conv_top.v:13) (optimized to 0)
'loard_b_in[49][1]' (pe_10_10_conv_top.v:13) (optimized to 0)
'loard_b_in[49][2]' (pe_10_10_conv_top.v:13) (optimized to 0)
'loard_b_in[49][3]' (pe_10_10_conv_top.v:13) (optimized to 0)
'loard_b_in[49][4]' (pe_10_10_conv_top.v:13) (optimized to 0)
'loard_b_in[49][5]' (pe_10_10_conv_top.v:13) (optimized to 0)
'loard_b_in[49][6]' (pe_10_10_conv_top.v:13) (optimized to 0)
'loard_b_in[49][7]' (pe_10_10_conv_top.v:13) (optimized to 0)
'loard_b_in[49][8]' (pe_10_10_conv_top.v:13) (optimized to 0)
'loard_b_in[49][9]' (pe_10_10_conv_top.v:13) (optimized to 0)
'loard_b_in[49][10]' (pe_10_10_conv_top.v:13) (optimized to 0)
'loard_b_in[49][11]' (pe_10_10_conv_top.v:13) (optimized to 0)
'loard_b_in[49][12]' (pe_10_10_conv_top.v:13) (optimized to 0)
'loard_b_in[49][13]' (pe_10_10_conv_top.v:13) (optimized to 0)
'loard_b_in[49][14]' (pe_10_10_conv_top.v:13) (optimized to 0)
'loard_b_in[49][15]' (pe_10_10_conv_top.v:13) (optimized to 0)
'loard_b_in[49][16]' (pe_10_10_conv_top.v:13) (optimized to 0)
'loard_b_in[49][17]' (pe_10_10_conv_top.v:13) (optimized to 0)
'loard_b_in[48][1]' (pe_10_10_conv_top.v:13) (optimized to 0)
'loard_b_in[48][2]' (pe_10_10_conv_top.v:13) (optimized to 0)
'loard_b_in[48][3]' (pe_10_10_conv_top.v:13) (optimized to 0)
'loard_b_in[48][4]' (pe_10_10_conv_top.v:13) (optimized to 0)
'loard_b_in[48][5]' (pe_10_10_conv_top.v:13) (optimized to 0)
'loard_b_in[48][6]' (pe_10_10_conv_top.v:13) (optimized to 0)
'loard_b_in[48][7]' (pe_10_10_conv_top.v:13) (optimized to 0)
'loard_b_in[48][8]' (pe_10_10_conv_top.v:13) (optimized to 0)
'loard_b_in[48][9]' (pe_10_10_conv_top.v:13) (optimized to 0)
'loard_b_in[48][10]' (pe_10_10_conv_top.v:13) (optimized to 0)
'loard_b_in[48][11]' (pe_10_10_conv_top.v:13) (optimized to 0)
'loard_b_in[48][12]' (pe_10_10_conv_top.v:13) (optimized to 0)
'loard_b_in[48][13]' (pe_10_10_conv_top.v:13) (optimized to 0)
'loard_b_in[48][14]' (pe_10_10_conv_top.v:13) (optimized to 0)
'loard_b_in[48][15]' (pe_10_10_conv_top.v:13) (optimized to 0)
'loard_b_in[48][16]' (pe_10_10_conv_top.v:13) (optimized to 0)
'loard_b_in[48][17]' (pe_10_10_conv_top.v:13) (optimized to 0)
'loard_b_in[47][1]' (pe_10_10_conv_top.v:13) (optimized to 0)
'loard_b_in[47][2]' (pe_10_10_conv_top.v:13) (optimized to 0)
'loard_b_in[47][3]' (pe_10_10_conv_top.v:13) (optimized to 0)
'loard_b_in[47][4]' (pe_10_10_conv_top.v:13) (optimized to 0)
'loard_b_in[47][5]' (pe_10_10_conv_top.v:13) (optimized to 0)
'loard_b_in[47][6]' (pe_10_10_conv_top.v:13) (optimized to 0)
'loard_b_in[47][7]' (pe_10_10_conv_top.v:13) (optimized to 0)
'loard_b_in[47][8]' (pe_10_10_conv_top.v:13) (optimized to 0)
'loard_b_in[47][9]' (pe_10_10_conv_top.v:13) (optimized to 0)
'loard_b_in[47][10]' (pe_10_10_conv_top.v:13) (optimized to 0)
'loard_b_in[47][11]' (pe_10_10_conv_top.v:13) (optimized to 0)
'loard_b_in[47][12]' (pe_10_10_conv_top.v:13) (optimized to 0)
'loard_b_in[47][13]' (pe_10_10_conv_top.v:13) (optimized to 0)
'loard_b_in[47][14]' (pe_10_10_conv_top.v:13) (optimized to 0)
'loard_b_in[47][15]' (pe_10_10_conv_top.v:13) (optimized to 0)
'loard_b_in[47][16]' (pe_10_10_conv_top.v:13) (optimized to 0)
'loard_b_in[47][17]' (pe_10_10_conv_top.v:13) (optimized to 0)
'loard_b_in[46][1]' (pe_10_10_conv_top.v:13) (optimized to 0)
'loard_b_in[46][2]' (pe_10_10_conv_top.v:13) (optimized to 0)
'loard_b_in[46][3]' (pe_10_10_conv_top.v:13) (optimized to 0)
'loard_b_in[46][4]' (pe_10_10_conv_top.v:13) (optimized to 0)
'loard_b_in[46][5]' (pe_10_10_conv_top.v:13) (optimized to 0)
'loard_b_in[46][6]' (pe_10_10_conv_top.v:13) (optimized to 0)
'loard_b_in[46][7]' (pe_10_10_conv_top.v:13) (optimized to 0)
'loard_b_in[46][8]' (pe_10_10_conv_top.v:13) (optimized to 0)
'loard_b_in[46][9]' (pe_10_10_conv_top.v:13) (optimized to 0)
'loard_b_in[46][10]' (pe_10_10_conv_top.v:13) (optimized to 0)
'loard_b_in[46][11]' (pe_10_10_conv_top.v:13) (optimized to 0)
'loard_b_in[46][12]' (pe_10_10_conv_top.v:13) (optimized to 0)
'loard_b_in[46][13]' (pe_10_10_conv_top.v:13) (optimized to 0)
'loard_b_in[46][14]' (pe_10_10_conv_top.v:13) (optimized to 0)
'loard_b_in[46][15]' (pe_10_10_conv_top.v:13) (optimized to 0)
'loard_b_in[46][16]' (pe_10_10_conv_top.v:13) (optimized to 0)
'loard_b_in[46][17]' (pe_10_10_conv_top.v:13) (optimized to 0)
'loard_b_in[45][1]' (pe_10_10_conv_top.v:13) (optimized to 0)
'loard_b_in[45][2]' (pe_10_10_conv_top.v:13) (optimized to 0)
'loard_b_in[45][3]' (pe_10_10_conv_top.v:13) (optimized to 0)
'loard_b_in[45][4]' (pe_10_10_conv_top.v:13) (optimized to 0)
'loard_b_in[45][5]' (pe_10_10_conv_top.v:13) (optimized to 0)
'loard_b_in[45][6]' (pe_10_10_conv_top.v:13) (optimized to 0)
'loard_b_in[45][7]' (pe_10_10_conv_top.v:13) (optimized to 0)
'loard_b_in[45][8]' (pe_10_10_conv_top.v:13) (optimized to 0)
'loard_b_in[45][9]' (pe_10_10_conv_top.v:13) (optimized to 0)
'loard_b_in[45][10]' (pe_10_10_conv_top.v:13) (optimized to 0)
'loard_b_in[45][11]' (pe_10_10_conv_top.v:13) (optimized to 0)
'loard_b_in[45][12]' (pe_10_10_conv_top.v:13) (optimized to 0)
'loard_b_in[45][13]' (pe_10_10_conv_top.v:13) (optimized to 0)
'loard_b_in[45][14]' (pe_10_10_conv_top.v:13) (optimized to 0)
'loard_b_in[45][15]' (pe_10_10_conv_top.v:13) (optimized to 0)
'loard_b_in[45][16]' (pe_10_10_conv_top.v:13) (optimized to 0)
'loard_b_in[45][17]' (pe_10_10_conv_top.v:13) (optimized to 0)
'loard_b_in[44][1]' (pe_10_10_conv_top.v:13) (optimized to 0)
'loard_b_in[44][2]' (pe_10_10_conv_top.v:13) (optimized to 0)
'loard_b_in[44][3]' (pe_10_10_conv_top.v:13) (optimized to 0)
'loard_b_in[44][4]' (pe_10_10_conv_top.v:13) (optimized to 0)
'loard_b_in[44][5]' (pe_10_10_conv_top.v:13) (optimized to 0)
'loard_b_in[44][6]' (pe_10_10_conv_top.v:13) (optimized to 0)
'loard_b_in[44][7]' (pe_10_10_conv_top.v:13) (optimized to 0)
'loard_b_in[44][8]' (pe_10_10_conv_top.v:13) (optimized to 0)
'loard_b_in[44][9]' (pe_10_10_conv_top.v:13) (optimized to 0)
'loard_b_in[44][10]' (pe_10_10_conv_top.v:13) (optimized to 0)
'loard_b_in[44][11]' (pe_10_10_conv_top.v:13) (optimized to 0)
'loard_b_in[44][12]' (pe_10_10_conv_top.v:13) (optimized to 0)
'loard_b_in[44][13]' (pe_10_10_conv_top.v:13) (optimized to 0)
'loard_b_in[44][14]' (pe_10_10_conv_top.v:13) (optimized to 0)
'loard_b_in[44][15]' (pe_10_10_conv_top.v:13) (optimized to 0)
'loard_b_in[44][16]' (pe_10_10_conv_top.v:13) (optimized to 0)
'loard_b_in[44][17]' (pe_10_10_conv_top.v:13) (optimized to 0)
'loard_b_in[43][1]' (pe_10_10_conv_top.v:13) (optimized to 0)
'loard_b_in[43][2]' (pe_10_10_conv_top.v:13) (optimized to 0)
'loard_b_in[43][3]' (pe_10_10_conv_top.v:13) (optimized to 0)
'loard_b_in[43][4]' (pe_10_10_conv_top.v:13) (optimized to 0)
'loard_b_in[43][5]' (pe_10_10_conv_top.v:13) (optimized to 0)
'loard_b_in[43][6]' (pe_10_10_conv_top.v:13) (optimized to 0)
'loard_b_in[43][7]' (pe_10_10_conv_top.v:13) (optimized to 0)
'loard_b_in[43][8]' (pe_10_10_conv_top.v:13) (optimized to 0)
'loard_b_in[43][9]' (pe_10_10_conv_top.v:13) (optimized to 0)
'loard_b_in[43][10]' (pe_10_10_conv_top.v:13) (optimized to 0)
'loard_b_in[43][11]' (pe_10_10_conv_top.v:13) (optimized to 0)
'loard_b_in[43][12]' (pe_10_10_conv_top.v:13) (optimized to 0)
'loard_b_in[43][13]' (pe_10_10_conv_top.v:13) (optimized to 0)
'loard_b_in[43][14]' (pe_10_10_conv_top.v:13) (optimized to 0)
'loard_b_in[43][15]' (pe_10_10_conv_top.v:13) (optimized to 0)
'loard_b_in[43][16]' (pe_10_10_conv_top.v:13) (optimized to 0)
'loard_b_in[43][17]' (pe_10_10_conv_top.v:13) (optimized to 0)
'loard_b_in[42][1]' (pe_10_10_conv_top.v:13) (optimized to 0)
'loard_b_in[42][2]' (pe_10_10_conv_top.v:13) (optimized to 0)
'loard_b_in[42][3]' (pe_10_10_conv_top.v:13) (optimized to 0)
'loard_b_in[42][4]' (pe_10_10_conv_top.v:13) (optimized to 0)
'loard_b_in[42][5]' (pe_10_10_conv_top.v:13) (optimized to 0)
'loard_b_in[42][6]' (pe_10_10_conv_top.v:13) (optimized to 0)
'loard_b_in[42][7]' (pe_10_10_conv_top.v:13) (optimized to 0)
'loard_b_in[42][8]' (pe_10_10_conv_top.v:13) (optimized to 0)
'loard_b_in[42][9]' (pe_10_10_conv_top.v:13) (optimized to 0)
'loard_b_in[42][10]' (pe_10_10_conv_top.v:13) (optimized to 0)
'loard_b_in[42][11]' (pe_10_10_conv_top.v:13) (optimized to 0)
'loard_b_in[42][12]' (pe_10_10_conv_top.v:13) (optimized to 0)
'loard_b_in[42][13]' (pe_10_10_conv_top.v:13) (optimized to 0)
'loard_b_in[42][14]' (pe_10_10_conv_top.v:13) (optimized to 0)
'loard_b_in[42][15]' (pe_10_10_conv_top.v:13) (optimized to 0)
'loard_b_in[42][16]' (pe_10_10_conv_top.v:13) (optimized to 0)
'loard_b_in[42][17]' (pe_10_10_conv_top.v:13) (optimized to 0)
'loard_b_in[41][1]' (pe_10_10_conv_top.v:13) (optimized to 0)
'loard_b_in[41][2]' (pe_10_10_conv_top.v:13) (optimized to 0)
'loard_b_in[41][3]' (pe_10_10_conv_top.v:13) (optimized to 0)
'loard_b_in[41][4]' (pe_10_10_conv_top.v:13) (optimized to 0)
'loard_b_in[41][5]' (pe_10_10_conv_top.v:13) (optimized to 0)
'loard_b_in[41][6]' (pe_10_10_conv_top.v:13) (optimized to 0)
'loard_b_in[41][7]' (pe_10_10_conv_top.v:13) (optimized to 0)
'loard_b_in[41][8]' (pe_10_10_conv_top.v:13) (optimized to 0)
'loard_b_in[41][9]' (pe_10_10_conv_top.v:13) (optimized to 0)
'loard_b_in[41][10]' (pe_10_10_conv_top.v:13) (optimized to 0)
'loard_b_in[41][11]' (pe_10_10_conv_top.v:13) (optimized to 0)
'loard_b_in[41][12]' (pe_10_10_conv_top.v:13) (optimized to 0)
'loard_b_in[41][13]' (pe_10_10_conv_top.v:13) (optimized to 0)
'loard_b_in[41][14]' (pe_10_10_conv_top.v:13) (optimized to 0)
'loard_b_in[41][15]' (pe_10_10_conv_top.v:13) (optimized to 0)
'loard_b_in[41][16]' (pe_10_10_conv_top.v:13) (optimized to 0)
'loard_b_in[41][17]' (pe_10_10_conv_top.v:13) (optimized to 0)
'loard_b_in[40][1]' (pe_10_10_conv_top.v:13) (optimized to 0)
'loard_b_in[40][2]' (pe_10_10_conv_top.v:13) (optimized to 0)
'loard_b_in[40][3]' (pe_10_10_conv_top.v:13) (optimized to 0)
'loard_b_in[40][4]' (pe_10_10_conv_top.v:13) (optimized to 0)
'loard_b_in[40][5]' (pe_10_10_conv_top.v:13) (optimized to 0)
'loard_b_in[40][6]' (pe_10_10_conv_top.v:13) (optimized to 0)
'loard_b_in[40][7]' (pe_10_10_conv_top.v:13) (optimized to 0)
'loard_b_in[40][8]' (pe_10_10_conv_top.v:13) (optimized to 0)
'loard_b_in[40][9]' (pe_10_10_conv_top.v:13) (optimized to 0)
'loard_b_in[40][10]' (pe_10_10_conv_top.v:13) (optimized to 0)
'loard_b_in[40][11]' (pe_10_10_conv_top.v:13) (optimized to 0)
'loard_b_in[40][12]' (pe_10_10_conv_top.v:13) (optimized to 0)
'loard_b_in[40][13]' (pe_10_10_conv_top.v:13) (optimized to 0)
'loard_b_in[40][14]' (pe_10_10_conv_top.v:13) (optimized to 0)
'loard_b_in[40][15]' (pe_10_10_conv_top.v:13) (optimized to 0)
'loard_b_in[40][16]' (pe_10_10_conv_top.v:13) (optimized to 0)
'loard_b_in[40][17]' (pe_10_10_conv_top.v:13) (optimized to 0)
'loard_b_in[39][1]' (pe_10_10_conv_top.v:13) (optimized to 0)
'loard_b_in[39][2]' (pe_10_10_conv_top.v:13) (optimized to 0)
'loard_b_in[39][3]' (pe_10_10_conv_top.v:13) (optimized to 0)
'loard_b_in[39][4]' (pe_10_10_conv_top.v:13) (optimized to 0)
'loard_b_in[39][5]' (pe_10_10_conv_top.v:13) (optimized to 0)
'loard_b_in[39][6]' (pe_10_10_conv_top.v:13) (optimized to 0)
'loard_b_in[39][7]' (pe_10_10_conv_top.v:13) (optimized to 0)
'loard_b_in[39][8]' (pe_10_10_conv_top.v:13) (optimized to 0)
'loard_b_in[39][9]' (pe_10_10_conv_top.v:13) (optimized to 0)
'loard_b_in[39][10]' (pe_10_10_conv_top.v:13) (optimized to 0)
'loard_b_in[39][11]' (pe_10_10_conv_top.v:13) (optimized to 0)
'loard_b_in[39][12]' (pe_10_10_conv_top.v:13) (optimized to 0)
'loard_b_in[39][13]' (pe_10_10_conv_top.v:13) (optimized to 0)
'loard_b_in[39][14]' (pe_10_10_conv_top.v:13) (optimized to 0)
'loard_b_in[39][15]' (pe_10_10_conv_top.v:13) (optimized to 0)
'loard_b_in[39][16]' (pe_10_10_conv_top.v:13) (optimized to 0)
'loard_b_in[39][17]' (pe_10_10_conv_top.v:13) (optimized to 0)
'loard_b_in[38][1]' (pe_10_10_conv_top.v:13) (optimized to 0)
'loard_b_in[38][2]' (pe_10_10_conv_top.v:13) (optimized to 0)
'loard_b_in[38][3]' (pe_10_10_conv_top.v:13) (optimized to 0)
'loard_b_in[38][4]' (pe_10_10_conv_top.v:13) (optimized to 0)
'loard_b_in[38][5]' (pe_10_10_conv_top.v:13) (optimized to 0)
'loard_b_in[38][6]' (pe_10_10_conv_top.v:13) (optimized to 0)
'loard_b_in[38][7]' (pe_10_10_conv_top.v:13) (optimized to 0)
'loard_b_in[38][8]' (pe_10_10_conv_top.v:13) (optimized to 0)
'loard_b_in[38][9]' (pe_10_10_conv_top.v:13) (optimized to 0)
'loard_b_in[38][10]' (pe_10_10_conv_top.v:13) (optimized to 0)
'loard_b_in[38][11]' (pe_10_10_conv_top.v:13) (optimized to 0)
'loard_b_in[38][12]' (pe_10_10_conv_top.v:13) (optimized to 0)
'loard_b_in[38][13]' (pe_10_10_conv_top.v:13) (optimized to 0)
'loard_b_in[38][14]' (pe_10_10_conv_top.v:13) (optimized to 0)
'loard_b_in[38][15]' (pe_10_10_conv_top.v:13) (optimized to 0)
'loard_b_in[38][16]' (pe_10_10_conv_top.v:13) (optimized to 0)
'loard_b_in[38][17]' (pe_10_10_conv_top.v:13) (optimized to 0)
'loard_b_in[37][1]' (pe_10_10_conv_top.v:13) (optimized to 0)
'loard_b_in[37][2]' (pe_10_10_conv_top.v:13) (optimized to 0)
'loard_b_in[37][3]' (pe_10_10_conv_top.v:13) (optimized to 0)
'loard_b_in[37][4]' (pe_10_10_conv_top.v:13) (optimized to 0)
'loard_b_in[37][5]' (pe_10_10_conv_top.v:13) (optimized to 0)
'loard_b_in[37][6]' (pe_10_10_conv_top.v:13) (optimized to 0)
'loard_b_in[37][7]' (pe_10_10_conv_top.v:13) (optimized to 0)
'loard_b_in[37][8]' (pe_10_10_conv_top.v:13) (optimized to 0)
'loard_b_in[37][9]' (pe_10_10_conv_top.v:13) (optimized to 0)
'loard_b_in[37][10]' (pe_10_10_conv_top.v:13) (optimized to 0)
'loard_b_in[37][11]' (pe_10_10_conv_top.v:13) (optimized to 0)
'loard_b_in[37][12]' (pe_10_10_conv_top.v:13) (optimized to 0)
'loard_b_in[37][13]' (pe_10_10_conv_top.v:13) (optimized to 0)
'loard_b_in[37][14]' (pe_10_10_conv_top.v:13) (optimized to 0)
'loard_b_in[37][15]' (pe_10_10_conv_top.v:13) (optimized to 0)
'loard_b_in[37][16]' (pe_10_10_conv_top.v:13) (optimized to 0)
'loard_b_in[37][17]' (pe_10_10_conv_top.v:13) (optimized to 0)
'loard_b_in[36][1]' (pe_10_10_conv_top.v:13) (optimized to 0)
'loard_b_in[36][2]' (pe_10_10_conv_top.v:13) (optimized to 0)
'loard_b_in[36][3]' (pe_10_10_conv_top.v:13) (optimized to 0)
'loard_b_in[36][4]' (pe_10_10_conv_top.v:13) (optimized to 0)
'loard_b_in[36][5]' (pe_10_10_conv_top.v:13) (optimized to 0)
'loard_b_in[36][6]' (pe_10_10_conv_top.v:13) (optimized to 0)
'loard_b_in[36][7]' (pe_10_10_conv_top.v:13) (optimized to 0)
'loard_b_in[36][8]' (pe_10_10_conv_top.v:13) (optimized to 0)
'loard_b_in[36][9]' (pe_10_10_conv_top.v:13) (optimized to 0)
'loard_b_in[36][10]' (pe_10_10_conv_top.v:13) (optimized to 0)
'loard_b_in[36][11]' (pe_10_10_conv_top.v:13) (optimized to 0)
'loard_b_in[36][12]' (pe_10_10_conv_top.v:13) (optimized to 0)
'loard_b_in[36][13]' (pe_10_10_conv_top.v:13) (optimized to 0)
'loard_b_in[36][14]' (pe_10_10_conv_top.v:13) (optimized to 0)
'loard_b_in[36][15]' (pe_10_10_conv_top.v:13) (optimized to 0)
'loard_b_in[36][16]' (pe_10_10_conv_top.v:13) (optimized to 0)
'loard_b_in[36][17]' (pe_10_10_conv_top.v:13) (optimized to 0)
'loard_b_in[35][1]' (pe_10_10_conv_top.v:13) (optimized to 0)
'loard_b_in[35][2]' (pe_10_10_conv_top.v:13) (optimized to 0)
'loard_b_in[35][3]' (pe_10_10_conv_top.v:13) (optimized to 0)
'loard_b_in[35][4]' (pe_10_10_conv_top.v:13) (optimized to 0)
'loard_b_in[35][5]' (pe_10_10_conv_top.v:13) (optimized to 0)
'loard_b_in[35][6]' (pe_10_10_conv_top.v:13) (optimized to 0)
'loard_b_in[35][7]' (pe_10_10_conv_top.v:13) (optimized to 0)
'loard_b_in[35][8]' (pe_10_10_conv_top.v:13) (optimized to 0)
'loard_b_in[35][9]' (pe_10_10_conv_top.v:13) (optimized to 0)
'loard_b_in[35][10]' (pe_10_10_conv_top.v:13) (optimized to 0)
'loard_b_in[35][11]' (pe_10_10_conv_top.v:13) (optimized to 0)
'loard_b_in[35][12]' (pe_10_10_conv_top.v:13) (optimized to 0)
'loard_b_in[35][13]' (pe_10_10_conv_top.v:13) (optimized to 0)
'loard_b_in[35][14]' (pe_10_10_conv_top.v:13) (optimized to 0)
'loard_b_in[35][15]' (pe_10_10_conv_top.v:13) (optimized to 0)
'loard_b_in[35][16]' (pe_10_10_conv_top.v:13) (optimized to 0)
'loard_b_in[35][17]' (pe_10_10_conv_top.v:13) (optimized to 0)
'loard_b_in[34][1]' (pe_10_10_conv_top.v:13) (optimized to 0)
'loard_b_in[34][2]' (pe_10_10_conv_top.v:13) (optimized to 0)
'loard_b_in[34][3]' (pe_10_10_conv_top.v:13) (optimized to 0)
'loard_b_in[34][4]' (pe_10_10_conv_top.v:13) (optimized to 0)
'loard_b_in[34][5]' (pe_10_10_conv_top.v:13) (optimized to 0)
'loard_b_in[34][6]' (pe_10_10_conv_top.v:13) (optimized to 0)
'loard_b_in[34][7]' (pe_10_10_conv_top.v:13) (optimized to 0)
'loard_b_in[34][8]' (pe_10_10_conv_top.v:13) (optimized to 0)
'loard_b_in[34][9]' (pe_10_10_conv_top.v:13) (optimized to 0)
'loard_b_in[34][10]' (pe_10_10_conv_top.v:13) (optimized to 0)
'loard_b_in[34][11]' (pe_10_10_conv_top.v:13) (optimized to 0)
'loard_b_in[34][12]' (pe_10_10_conv_top.v:13) (optimized to 0)
'loard_b_in[34][13]' (pe_10_10_conv_top.v:13) (optimized to 0)
'loard_b_in[34][14]' (pe_10_10_conv_top.v:13) (optimized to 0)
'loard_b_in[34][15]' (pe_10_10_conv_top.v:13) (optimized to 0)
'loard_b_in[34][16]' (pe_10_10_conv_top.v:13) (optimized to 0)
'loard_b_in[34][17]' (pe_10_10_conv_top.v:13) (optimized to 0)
'loard_b_in[33][1]' (pe_10_10_conv_top.v:13) (optimized to 0)
'loard_b_in[33][2]' (pe_10_10_conv_top.v:13) (optimized to 0)
'loard_b_in[33][3]' (pe_10_10_conv_top.v:13) (optimized to 0)
'loard_b_in[33][4]' (pe_10_10_conv_top.v:13) (optimized to 0)
'loard_b_in[33][5]' (pe_10_10_conv_top.v:13) (optimized to 0)
'loard_b_in[33][6]' (pe_10_10_conv_top.v:13) (optimized to 0)
'loard_b_in[33][7]' (pe_10_10_conv_top.v:13) (optimized to 0)
'loard_b_in[33][8]' (pe_10_10_conv_top.v:13) (optimized to 0)
'loard_b_in[33][9]' (pe_10_10_conv_top.v:13) (optimized to 0)
'loard_b_in[33][10]' (pe_10_10_conv_top.v:13) (optimized to 0)
'loard_b_in[33][11]' (pe_10_10_conv_top.v:13) (optimized to 0)
'loard_b_in[33][12]' (pe_10_10_conv_top.v:13) (optimized to 0)
'loard_b_in[33][13]' (pe_10_10_conv_top.v:13) (optimized to 0)
'loard_b_in[33][14]' (pe_10_10_conv_top.v:13) (optimized to 0)
'loard_b_in[33][15]' (pe_10_10_conv_top.v:13) (optimized to 0)
'loard_b_in[33][16]' (pe_10_10_conv_top.v:13) (optimized to 0)
'loard_b_in[33][17]' (pe_10_10_conv_top.v:13) (optimized to 0)
'loard_b_in[32][1]' (pe_10_10_conv_top.v:13) (optimized to 0)
'loard_b_in[32][2]' (pe_10_10_conv_top.v:13) (optimized to 0)
'loard_b_in[32][3]' (pe_10_10_conv_top.v:13) (optimized to 0)
'loard_b_in[32][4]' (pe_10_10_conv_top.v:13) (optimized to 0)
'loard_b_in[32][5]' (pe_10_10_conv_top.v:13) (optimized to 0)
'loard_b_in[32][6]' (pe_10_10_conv_top.v:13) (optimized to 0)
'loard_b_in[32][7]' (pe_10_10_conv_top.v:13) (optimized to 0)
'loard_b_in[32][8]' (pe_10_10_conv_top.v:13) (optimized to 0)
'loard_b_in[32][9]' (pe_10_10_conv_top.v:13) (optimized to 0)
'loard_b_in[32][10]' (pe_10_10_conv_top.v:13) (optimized to 0)
'loard_b_in[32][11]' (pe_10_10_conv_top.v:13) (optimized to 0)
'loard_b_in[32][12]' (pe_10_10_conv_top.v:13) (optimized to 0)
'loard_b_in[32][13]' (pe_10_10_conv_top.v:13) (optimized to 0)
'loard_b_in[32][14]' (pe_10_10_conv_top.v:13) (optimized to 0)
'loard_b_in[32][15]' (pe_10_10_conv_top.v:13) (optimized to 0)
'loard_b_in[32][16]' (pe_10_10_conv_top.v:13) (optimized to 0)
'loard_b_in[32][17]' (pe_10_10_conv_top.v:13) (optimized to 0)
'loard_b_in[31][1]' (pe_10_10_conv_top.v:13) (optimized to 0)
'loard_b_in[31][2]' (pe_10_10_conv_top.v:13) (optimized to 0)
'loard_b_in[31][3]' (pe_10_10_conv_top.v:13) (optimized to 0)
'loard_b_in[31][4]' (pe_10_10_conv_top.v:13) (optimized to 0)
'loard_b_in[31][5]' (pe_10_10_conv_top.v:13) (optimized to 0)
'loard_b_in[31][6]' (pe_10_10_conv_top.v:13) (optimized to 0)
'loard_b_in[31][7]' (pe_10_10_conv_top.v:13) (optimized to 0)
'loard_b_in[31][8]' (pe_10_10_conv_top.v:13) (optimized to 0)
'loard_b_in[31][9]' (pe_10_10_conv_top.v:13) (optimized to 0)
'loard_b_in[31][10]' (pe_10_10_conv_top.v:13) (optimized to 0)
'loard_b_in[31][11]' (pe_10_10_conv_top.v:13) (optimized to 0)
'loard_b_in[31][12]' (pe_10_10_conv_top.v:13) (optimized to 0)
'loard_b_in[31][13]' (pe_10_10_conv_top.v:13) (optimized to 0)
'loard_b_in[31][14]' (pe_10_10_conv_top.v:13) (optimized to 0)
'loard_b_in[31][15]' (pe_10_10_conv_top.v:13) (optimized to 0)
'loard_b_in[31][16]' (pe_10_10_conv_top.v:13) (optimized to 0)
'loard_b_in[31][17]' (pe_10_10_conv_top.v:13) (optimized to 0)
'loard_b_in[30][1]' (pe_10_10_conv_top.v:13) (optimized to 0)
'loard_b_in[30][2]' (pe_10_10_conv_top.v:13) (optimized to 0)
'loard_b_in[30][3]' (pe_10_10_conv_top.v:13) (optimized to 0)
'loard_b_in[30][4]' (pe_10_10_conv_top.v:13) (optimized to 0)
'loard_b_in[30][5]' (pe_10_10_conv_top.v:13) (optimized to 0)
'loard_b_in[30][6]' (pe_10_10_conv_top.v:13) (optimized to 0)
'loard_b_in[30][7]' (pe_10_10_conv_top.v:13) (optimized to 0)
'loard_b_in[30][8]' (pe_10_10_conv_top.v:13) (optimized to 0)
'loard_b_in[30][9]' (pe_10_10_conv_top.v:13) (optimized to 0)
'loard_b_in[30][10]' (pe_10_10_conv_top.v:13) (optimized to 0)
'loard_b_in[30][11]' (pe_10_10_conv_top.v:13) (optimized to 0)
'loard_b_in[30][12]' (pe_10_10_conv_top.v:13) (optimized to 0)
'loard_b_in[30][13]' (pe_10_10_conv_top.v:13) (optimized to 0)
'loard_b_in[30][14]' (pe_10_10_conv_top.v:13) (optimized to 0)
'loard_b_in[30][15]' (pe_10_10_conv_top.v:13) (optimized to 0)
'loard_b_in[30][16]' (pe_10_10_conv_top.v:13) (optimized to 0)
'loard_b_in[30][17]' (pe_10_10_conv_top.v:13) (optimized to 0)
'loard_b_in[29][1]' (pe_10_10_conv_top.v:13) (optimized to 0)
'loard_b_in[29][2]' (pe_10_10_conv_top.v:13) (optimized to 0)
'loard_b_in[29][3]' (pe_10_10_conv_top.v:13) (optimized to 0)
'loard_b_in[29][4]' (pe_10_10_conv_top.v:13) (optimized to 0)
'loard_b_in[29][5]' (pe_10_10_conv_top.v:13) (optimized to 0)
'loard_b_in[29][6]' (pe_10_10_conv_top.v:13) (optimized to 0)
'loard_b_in[29][7]' (pe_10_10_conv_top.v:13) (optimized to 0)
'loard_b_in[29][8]' (pe_10_10_conv_top.v:13) (optimized to 0)
'loard_b_in[29][9]' (pe_10_10_conv_top.v:13) (optimized to 0)
'loard_b_in[29][10]' (pe_10_10_conv_top.v:13) (optimized to 0)
'loard_b_in[29][11]' (pe_10_10_conv_top.v:13) (optimized to 0)
'loard_b_in[29][12]' (pe_10_10_conv_top.v:13) (optimized to 0)
'loard_b_in[29][13]' (pe_10_10_conv_top.v:13) (optimized to 0)
'loard_b_in[29][14]' (pe_10_10_conv_top.v:13) (optimized to 0)
'loard_b_in[29][15]' (pe_10_10_conv_top.v:13) (optimized to 0)
'loard_b_in[29][16]' (pe_10_10_conv_top.v:13) (optimized to 0)
'loard_b_in[29][17]' (pe_10_10_conv_top.v:13) (optimized to 0)
'loard_b_in[28][1]' (pe_10_10_conv_top.v:13) (optimized to 0)
'loard_b_in[28][2]' (pe_10_10_conv_top.v:13) (optimized to 0)
'loard_b_in[28][3]' (pe_10_10_conv_top.v:13) (optimized to 0)
'loard_b_in[28][4]' (pe_10_10_conv_top.v:13) (optimized to 0)
'loard_b_in[28][5]' (pe_10_10_conv_top.v:13) (optimized to 0)
'loard_b_in[28][6]' (pe_10_10_conv_top.v:13) (optimized to 0)
'loard_b_in[28][7]' (pe_10_10_conv_top.v:13) (optimized to 0)
'loard_b_in[28][8]' (pe_10_10_conv_top.v:13) (optimized to 0)
'loard_b_in[28][9]' (pe_10_10_conv_top.v:13) (optimized to 0)
'loard_b_in[28][10]' (pe_10_10_conv_top.v:13) (optimized to 0)
'loard_b_in[28][11]' (pe_10_10_conv_top.v:13) (optimized to 0)
'loard_b_in[28][12]' (pe_10_10_conv_top.v:13) (optimized to 0)
'loard_b_in[28][13]' (pe_10_10_conv_top.v:13) (optimized to 0)
'loard_b_in[28][14]' (pe_10_10_conv_top.v:13) (optimized to 0)
'loard_b_in[28][15]' (pe_10_10_conv_top.v:13) (optimized to 0)
'loard_b_in[28][16]' (pe_10_10_conv_top.v:13) (optimized to 0)
'loard_b_in[28][17]' (pe_10_10_conv_top.v:13) (optimized to 0)
'loard_b_in[27][1]' (pe_10_10_conv_top.v:13) (optimized to 0)
'loard_b_in[27][2]' (pe_10_10_conv_top.v:13) (optimized to 0)
'loard_b_in[27][3]' (pe_10_10_conv_top.v:13) (optimized to 0)
'loard_b_in[27][4]' (pe_10_10_conv_top.v:13) (optimized to 0)
'loard_b_in[27][5]' (pe_10_10_conv_top.v:13) (optimized to 0)
'loard_b_in[27][6]' (pe_10_10_conv_top.v:13) (optimized to 0)
'loard_b_in[27][7]' (pe_10_10_conv_top.v:13) (optimized to 0)
'loard_b_in[27][8]' (pe_10_10_conv_top.v:13) (optimized to 0)
'loard_b_in[27][9]' (pe_10_10_conv_top.v:13) (optimized to 0)
'loard_b_in[27][10]' (pe_10_10_conv_top.v:13) (optimized to 0)
'loard_b_in[27][11]' (pe_10_10_conv_top.v:13) (optimized to 0)
'loard_b_in[27][12]' (pe_10_10_conv_top.v:13) (optimized to 0)
'loard_b_in[27][13]' (pe_10_10_conv_top.v:13) (optimized to 0)
'loard_b_in[27][14]' (pe_10_10_conv_top.v:13) (optimized to 0)
'loard_b_in[27][15]' (pe_10_10_conv_top.v:13) (optimized to 0)
'loard_b_in[27][16]' (pe_10_10_conv_top.v:13) (optimized to 0)
'loard_b_in[27][17]' (pe_10_10_conv_top.v:13) (optimized to 0)
'loard_b_in[26][1]' (pe_10_10_conv_top.v:13) (optimized to 0)
'loard_b_in[26][2]' (pe_10_10_conv_top.v:13) (optimized to 0)
'loard_b_in[26][3]' (pe_10_10_conv_top.v:13) (optimized to 0)
'loard_b_in[26][4]' (pe_10_10_conv_top.v:13) (optimized to 0)
'loard_b_in[26][5]' (pe_10_10_conv_top.v:13) (optimized to 0)
'loard_b_in[26][6]' (pe_10_10_conv_top.v:13) (optimized to 0)
'loard_b_in[26][7]' (pe_10_10_conv_top.v:13) (optimized to 0)
'loard_b_in[26][8]' (pe_10_10_conv_top.v:13) (optimized to 0)
'loard_b_in[26][9]' (pe_10_10_conv_top.v:13) (optimized to 0)
'loard_b_in[26][10]' (pe_10_10_conv_top.v:13) (optimized to 0)
'loard_b_in[26][11]' (pe_10_10_conv_top.v:13) (optimized to 0)
'loard_b_in[26][12]' (pe_10_10_conv_top.v:13) (optimized to 0)
'loard_b_in[26][13]' (pe_10_10_conv_top.v:13) (optimized to 0)
'loard_b_in[26][14]' (pe_10_10_conv_top.v:13) (optimized to 0)
'loard_b_in[26][15]' (pe_10_10_conv_top.v:13) (optimized to 0)
'loard_b_in[26][16]' (pe_10_10_conv_top.v:13) (optimized to 0)
'loard_b_in[26][17]' (pe_10_10_conv_top.v:13) (optimized to 0)
'loard_b_in[25][1]' (pe_10_10_conv_top.v:13) (optimized to 0)
'loard_b_in[25][2]' (pe_10_10_conv_top.v:13) (optimized to 0)
'loard_b_in[25][3]' (pe_10_10_conv_top.v:13) (optimized to 0)
'loard_b_in[25][4]' (pe_10_10_conv_top.v:13) (optimized to 0)
'loard_b_in[25][5]' (pe_10_10_conv_top.v:13) (optimized to 0)
'loard_b_in[25][6]' (pe_10_10_conv_top.v:13) (optimized to 0)
'loard_b_in[25][7]' (pe_10_10_conv_top.v:13) (optimized to 0)
'loard_b_in[25][8]' (pe_10_10_conv_top.v:13) (optimized to 0)
'loard_b_in[25][9]' (pe_10_10_conv_top.v:13) (optimized to 0)
'loard_b_in[25][10]' (pe_10_10_conv_top.v:13) (optimized to 0)
'loard_b_in[25][11]' (pe_10_10_conv_top.v:13) (optimized to 0)
'loard_b_in[25][12]' (pe_10_10_conv_top.v:13) (optimized to 0)
'loard_b_in[25][13]' (pe_10_10_conv_top.v:13) (optimized to 0)
'loard_b_in[25][14]' (pe_10_10_conv_top.v:13) (optimized to 0)
'loard_b_in[25][15]' (pe_10_10_conv_top.v:13) (optimized to 0)
'loard_b_in[25][16]' (pe_10_10_conv_top.v:13) (optimized to 0)
'loard_b_in[25][17]' (pe_10_10_conv_top.v:13) (optimized to 0)
'loard_b_in[24][1]' (pe_10_10_conv_top.v:13) (optimized to 0)
'loard_b_in[24][2]' (pe_10_10_conv_top.v:13) (optimized to 0)
'loard_b_in[24][3]' (pe_10_10_conv_top.v:13) (optimized to 0)
'loard_b_in[24][4]' (pe_10_10_conv_top.v:13) (optimized to 0)
'loard_b_in[24][5]' (pe_10_10_conv_top.v:13) (optimized to 0)
'loard_b_in[24][6]' (pe_10_10_conv_top.v:13) (optimized to 0)
'loard_b_in[24][7]' (pe_10_10_conv_top.v:13) (optimized to 0)
'loard_b_in[24][8]' (pe_10_10_conv_top.v:13) (optimized to 0)
'loard_b_in[24][9]' (pe_10_10_conv_top.v:13) (optimized to 0)
'loard_b_in[24][10]' (pe_10_10_conv_top.v:13) (optimized to 0)
'loard_b_in[24][11]' (pe_10_10_conv_top.v:13) (optimized to 0)
'loard_b_in[24][12]' (pe_10_10_conv_top.v:13) (optimized to 0)
'loard_b_in[24][13]' (pe_10_10_conv_top.v:13) (optimized to 0)
'loard_b_in[24][14]' (pe_10_10_conv_top.v:13) (optimized to 0)
'loard_b_in[24][15]' (pe_10_10_conv_top.v:13) (optimized to 0)
'loard_b_in[24][16]' (pe_10_10_conv_top.v:13) (optimized to 0)
'loard_b_in[24][17]' (pe_10_10_conv_top.v:13) (optimized to 0)
'loard_b_in[23][1]' (pe_10_10_conv_top.v:13) (optimized to 0)
'loard_b_in[23][2]' (pe_10_10_conv_top.v:13) (optimized to 0)
'loard_b_in[23][3]' (pe_10_10_conv_top.v:13) (optimized to 0)
'loard_b_in[23][4]' (pe_10_10_conv_top.v:13) (optimized to 0)
'loard_b_in[23][5]' (pe_10_10_conv_top.v:13) (optimized to 0)
'loard_b_in[23][6]' (pe_10_10_conv_top.v:13) (optimized to 0)
'loard_b_in[23][7]' (pe_10_10_conv_top.v:13) (optimized to 0)
'loard_b_in[23][8]' (pe_10_10_conv_top.v:13) (optimized to 0)
'loard_b_in[23][9]' (pe_10_10_conv_top.v:13) (optimized to 0)
'loard_b_in[23][10]' (pe_10_10_conv_top.v:13) (optimized to 0)
'loard_b_in[23][11]' (pe_10_10_conv_top.v:13) (optimized to 0)
'loard_b_in[23][12]' (pe_10_10_conv_top.v:13) (optimized to 0)
'loard_b_in[23][13]' (pe_10_10_conv_top.v:13) (optimized to 0)
'loard_b_in[23][14]' (pe_10_10_conv_top.v:13) (optimized to 0)
'loard_b_in[23][15]' (pe_10_10_conv_top.v:13) (optimized to 0)
'loard_b_in[23][16]' (pe_10_10_conv_top.v:13) (optimized to 0)
'loard_b_in[23][17]' (pe_10_10_conv_top.v:13) (optimized to 0)
'loard_b_in[22][1]' (pe_10_10_conv_top.v:13) (optimized to 0)
'loard_b_in[22][2]' (pe_10_10_conv_top.v:13) (optimized to 0)
'loard_b_in[22][3]' (pe_10_10_conv_top.v:13) (optimized to 0)
'loard_b_in[22][4]' (pe_10_10_conv_top.v:13) (optimized to 0)
'loard_b_in[22][5]' (pe_10_10_conv_top.v:13) (optimized to 0)
'loard_b_in[22][6]' (pe_10_10_conv_top.v:13) (optimized to 0)
'loard_b_in[22][7]' (pe_10_10_conv_top.v:13) (optimized to 0)
'loard_b_in[22][8]' (pe_10_10_conv_top.v:13) (optimized to 0)
'loard_b_in[22][9]' (pe_10_10_conv_top.v:13) (optimized to 0)
'loard_b_in[22][10]' (pe_10_10_conv_top.v:13) (optimized to 0)
'loard_b_in[22][11]' (pe_10_10_conv_top.v:13) (optimized to 0)
'loard_b_in[22][12]' (pe_10_10_conv_top.v:13) (optimized to 0)
'loard_b_in[22][13]' (pe_10_10_conv_top.v:13) (optimized to 0)
'loard_b_in[22][14]' (pe_10_10_conv_top.v:13) (optimized to 0)
'loard_b_in[22][15]' (pe_10_10_conv_top.v:13) (optimized to 0)
'loard_b_in[22][16]' (pe_10_10_conv_top.v:13) (optimized to 0)
'loard_b_in[22][17]' (pe_10_10_conv_top.v:13) (optimized to 0)
'loard_b_in[21][1]' (pe_10_10_conv_top.v:13) (optimized to 0)
'loard_b_in[21][2]' (pe_10_10_conv_top.v:13) (optimized to 0)
'loard_b_in[21][3]' (pe_10_10_conv_top.v:13) (optimized to 0)
'loard_b_in[21][4]' (pe_10_10_conv_top.v:13) (optimized to 0)
'loard_b_in[21][5]' (pe_10_10_conv_top.v:13) (optimized to 0)
'loard_b_in[21][6]' (pe_10_10_conv_top.v:13) (optimized to 0)
'loard_b_in[21][7]' (pe_10_10_conv_top.v:13) (optimized to 0)
'loard_b_in[21][8]' (pe_10_10_conv_top.v:13) (optimized to 0)
'loard_b_in[21][9]' (pe_10_10_conv_top.v:13) (optimized to 0)
'loard_b_in[21][10]' (pe_10_10_conv_top.v:13) (optimized to 0)
'loard_b_in[21][11]' (pe_10_10_conv_top.v:13) (optimized to 0)
'loard_b_in[21][12]' (pe_10_10_conv_top.v:13) (optimized to 0)
'loard_b_in[21][13]' (pe_10_10_conv_top.v:13) (optimized to 0)
'loard_b_in[21][14]' (pe_10_10_conv_top.v:13) (optimized to 0)
'loard_b_in[21][15]' (pe_10_10_conv_top.v:13) (optimized to 0)
'loard_b_in[21][16]' (pe_10_10_conv_top.v:13) (optimized to 0)
'loard_b_in[21][17]' (pe_10_10_conv_top.v:13) (optimized to 0)
'loard_b_in[20][1]' (pe_10_10_conv_top.v:13) (optimized to 0)
'loard_b_in[20][2]' (pe_10_10_conv_top.v:13) (optimized to 0)
'loard_b_in[20][3]' (pe_10_10_conv_top.v:13) (optimized to 0)
'loard_b_in[20][4]' (pe_10_10_conv_top.v:13) (optimized to 0)
'loard_b_in[20][5]' (pe_10_10_conv_top.v:13) (optimized to 0)
'loard_b_in[20][6]' (pe_10_10_conv_top.v:13) (optimized to 0)
'loard_b_in[20][7]' (pe_10_10_conv_top.v:13) (optimized to 0)
'loard_b_in[20][8]' (pe_10_10_conv_top.v:13) (optimized to 0)
'loard_b_in[20][9]' (pe_10_10_conv_top.v:13) (optimized to 0)
'loard_b_in[20][10]' (pe_10_10_conv_top.v:13) (optimized to 0)
'loard_b_in[20][11]' (pe_10_10_conv_top.v:13) (optimized to 0)
'loard_b_in[20][12]' (pe_10_10_conv_top.v:13) (optimized to 0)
'loard_b_in[20][13]' (pe_10_10_conv_top.v:13) (optimized to 0)
'loard_b_in[20][14]' (pe_10_10_conv_top.v:13) (optimized to 0)
'loard_b_in[20][15]' (pe_10_10_conv_top.v:13) (optimized to 0)
'loard_b_in[20][16]' (pe_10_10_conv_top.v:13) (optimized to 0)
'loard_b_in[20][17]' (pe_10_10_conv_top.v:13) (optimized to 0)
'loard_b_in[19][1]' (pe_10_10_conv_top.v:13) (optimized to 0)
'loard_b_in[19][2]' (pe_10_10_conv_top.v:13) (optimized to 0)
'loard_b_in[19][3]' (pe_10_10_conv_top.v:13) (optimized to 0)
'loard_b_in[19][4]' (pe_10_10_conv_top.v:13) (optimized to 0)
'loard_b_in[19][5]' (pe_10_10_conv_top.v:13) (optimized to 0)
'loard_b_in[19][6]' (pe_10_10_conv_top.v:13) (optimized to 0)
'loard_b_in[19][7]' (pe_10_10_conv_top.v:13) (optimized to 0)
'loard_b_in[19][8]' (pe_10_10_conv_top.v:13) (optimized to 0)
'loard_b_in[19][9]' (pe_10_10_conv_top.v:13) (optimized to 0)
'loard_b_in[19][10]' (pe_10_10_conv_top.v:13) (optimized to 0)
'loard_b_in[19][11]' (pe_10_10_conv_top.v:13) (optimized to 0)
'loard_b_in[19][12]' (pe_10_10_conv_top.v:13) (optimized to 0)
'loard_b_in[19][13]' (pe_10_10_conv_top.v:13) (optimized to 0)
'loard_b_in[19][14]' (pe_10_10_conv_top.v:13) (optimized to 0)
'loard_b_in[19][15]' (pe_10_10_conv_top.v:13) (optimized to 0)
'loard_b_in[19][16]' (pe_10_10_conv_top.v:13) (optimized to 0)
'loard_b_in[19][17]' (pe_10_10_conv_top.v:13) (optimized to 0)
'loard_b_in[18][1]' (pe_10_10_conv_top.v:13) (optimized to 0)
'loard_b_in[18][2]' (pe_10_10_conv_top.v:13) (optimized to 0)
'loard_b_in[18][3]' (pe_10_10_conv_top.v:13) (optimized to 0)
'loard_b_in[18][4]' (pe_10_10_conv_top.v:13) (optimized to 0)
'loard_b_in[18][5]' (pe_10_10_conv_top.v:13) (optimized to 0)
'loard_b_in[18][6]' (pe_10_10_conv_top.v:13) (optimized to 0)
'loard_b_in[18][7]' (pe_10_10_conv_top.v:13) (optimized to 0)
'loard_b_in[18][8]' (pe_10_10_conv_top.v:13) (optimized to 0)
'loard_b_in[18][9]' (pe_10_10_conv_top.v:13) (optimized to 0)
'loard_b_in[18][10]' (pe_10_10_conv_top.v:13) (optimized to 0)
'loard_b_in[18][11]' (pe_10_10_conv_top.v:13) (optimized to 0)
'loard_b_in[18][12]' (pe_10_10_conv_top.v:13) (optimized to 0)
'loard_b_in[18][13]' (pe_10_10_conv_top.v:13) (optimized to 0)
'loard_b_in[18][14]' (pe_10_10_conv_top.v:13) (optimized to 0)
'loard_b_in[18][15]' (pe_10_10_conv_top.v:13) (optimized to 0)
'loard_b_in[18][16]' (pe_10_10_conv_top.v:13) (optimized to 0)
'loard_b_in[18][17]' (pe_10_10_conv_top.v:13) (optimized to 0)
'loard_b_in[17][1]' (pe_10_10_conv_top.v:13) (optimized to 0)
'loard_b_in[17][2]' (pe_10_10_conv_top.v:13) (optimized to 0)
'loard_b_in[17][3]' (pe_10_10_conv_top.v:13) (optimized to 0)
'loard_b_in[17][4]' (pe_10_10_conv_top.v:13) (optimized to 0)
'loard_b_in[17][5]' (pe_10_10_conv_top.v:13) (optimized to 0)
'loard_b_in[17][6]' (pe_10_10_conv_top.v:13) (optimized to 0)
'loard_b_in[17][7]' (pe_10_10_conv_top.v:13) (optimized to 0)
'loard_b_in[17][8]' (pe_10_10_conv_top.v:13) (optimized to 0)
'loard_b_in[17][9]' (pe_10_10_conv_top.v:13) (optimized to 0)
'loard_b_in[17][10]' (pe_10_10_conv_top.v:13) (optimized to 0)
'loard_b_in[17][11]' (pe_10_10_conv_top.v:13) (optimized to 0)
'loard_b_in[17][12]' (pe_10_10_conv_top.v:13) (optimized to 0)
'loard_b_in[17][13]' (pe_10_10_conv_top.v:13) (optimized to 0)
'loard_b_in[17][14]' (pe_10_10_conv_top.v:13) (optimized to 0)
'loard_b_in[17][15]' (pe_10_10_conv_top.v:13) (optimized to 0)
'loard_b_in[17][16]' (pe_10_10_conv_top.v:13) (optimized to 0)
'loard_b_in[17][17]' (pe_10_10_conv_top.v:13) (optimized to 0)
'loard_b_in[16][1]' (pe_10_10_conv_top.v:13) (optimized to 0)
'loard_b_in[16][2]' (pe_10_10_conv_top.v:13) (optimized to 0)
'loard_b_in[16][3]' (pe_10_10_conv_top.v:13) (optimized to 0)
'loard_b_in[16][4]' (pe_10_10_conv_top.v:13) (optimized to 0)
'loard_b_in[16][5]' (pe_10_10_conv_top.v:13) (optimized to 0)
'loard_b_in[16][6]' (pe_10_10_conv_top.v:13) (optimized to 0)
'loard_b_in[16][7]' (pe_10_10_conv_top.v:13) (optimized to 0)
'loard_b_in[16][8]' (pe_10_10_conv_top.v:13) (optimized to 0)
'loard_b_in[16][9]' (pe_10_10_conv_top.v:13) (optimized to 0)
'loard_b_in[16][10]' (pe_10_10_conv_top.v:13) (optimized to 0)
'loard_b_in[16][11]' (pe_10_10_conv_top.v:13) (optimized to 0)
'loard_b_in[16][12]' (pe_10_10_conv_top.v:13) (optimized to 0)
'loard_b_in[16][13]' (pe_10_10_conv_top.v:13) (optimized to 0)
'loard_b_in[16][14]' (pe_10_10_conv_top.v:13) (optimized to 0)
'loard_b_in[16][15]' (pe_10_10_conv_top.v:13) (optimized to 0)
'loard_b_in[16][16]' (pe_10_10_conv_top.v:13) (optimized to 0)
'loard_b_in[16][17]' (pe_10_10_conv_top.v:13) (optimized to 0)
'loard_b_in[15][1]' (pe_10_10_conv_top.v:13) (optimized to 0)
'loard_b_in[15][2]' (pe_10_10_conv_top.v:13) (optimized to 0)
'loard_b_in[15][3]' (pe_10_10_conv_top.v:13) (optimized to 0)
'loard_b_in[15][4]' (pe_10_10_conv_top.v:13) (optimized to 0)
'loard_b_in[15][5]' (pe_10_10_conv_top.v:13) (optimized to 0)
'loard_b_in[15][6]' (pe_10_10_conv_top.v:13) (optimized to 0)
'loard_b_in[15][7]' (pe_10_10_conv_top.v:13) (optimized to 0)
'loard_b_in[15][8]' (pe_10_10_conv_top.v:13) (optimized to 0)
'loard_b_in[15][9]' (pe_10_10_conv_top.v:13) (optimized to 0)
'loard_b_in[15][10]' (pe_10_10_conv_top.v:13) (optimized to 0)
'loard_b_in[15][11]' (pe_10_10_conv_top.v:13) (optimized to 0)
'loard_b_in[15][12]' (pe_10_10_conv_top.v:13) (optimized to 0)
'loard_b_in[15][13]' (pe_10_10_conv_top.v:13) (optimized to 0)
'loard_b_in[15][14]' (pe_10_10_conv_top.v:13) (optimized to 0)
'loard_b_in[15][15]' (pe_10_10_conv_top.v:13) (optimized to 0)
'loard_b_in[15][16]' (pe_10_10_conv_top.v:13) (optimized to 0)
'loard_b_in[15][17]' (pe_10_10_conv_top.v:13) (optimized to 0)
'loard_b_in[14][1]' (pe_10_10_conv_top.v:13) (optimized to 0)
'loard_b_in[14][2]' (pe_10_10_conv_top.v:13) (optimized to 0)
'loard_b_in[14][3]' (pe_10_10_conv_top.v:13) (optimized to 0)
'loard_b_in[14][4]' (pe_10_10_conv_top.v:13) (optimized to 0)
'loard_b_in[14][5]' (pe_10_10_conv_top.v:13) (optimized to 0)
'loard_b_in[14][6]' (pe_10_10_conv_top.v:13) (optimized to 0)
'loard_b_in[14][7]' (pe_10_10_conv_top.v:13) (optimized to 0)
'loard_b_in[14][8]' (pe_10_10_conv_top.v:13) (optimized to 0)
'loard_b_in[14][9]' (pe_10_10_conv_top.v:13) (optimized to 0)
'loard_b_in[14][10]' (pe_10_10_conv_top.v:13) (optimized to 0)
'loard_b_in[14][11]' (pe_10_10_conv_top.v:13) (optimized to 0)
'loard_b_in[14][12]' (pe_10_10_conv_top.v:13) (optimized to 0)
'loard_b_in[14][13]' (pe_10_10_conv_top.v:13) (optimized to 0)
'loard_b_in[14][14]' (pe_10_10_conv_top.v:13) (optimized to 0)
'loard_b_in[14][15]' (pe_10_10_conv_top.v:13) (optimized to 0)
'loard_b_in[14][16]' (pe_10_10_conv_top.v:13) (optimized to 0)
'loard_b_in[14][17]' (pe_10_10_conv_top.v:13) (optimized to 0)
'loard_b_in[13][1]' (pe_10_10_conv_top.v:13) (optimized to 0)
'loard_b_in[13][2]' (pe_10_10_conv_top.v:13) (optimized to 0)
'loard_b_in[13][3]' (pe_10_10_conv_top.v:13) (optimized to 0)
'loard_b_in[13][4]' (pe_10_10_conv_top.v:13) (optimized to 0)
'loard_b_in[13][5]' (pe_10_10_conv_top.v:13) (optimized to 0)
'loard_b_in[13][6]' (pe_10_10_conv_top.v:13) (optimized to 0)
'loard_b_in[13][7]' (pe_10_10_conv_top.v:13) (optimized to 0)
'loard_b_in[13][8]' (pe_10_10_conv_top.v:13) (optimized to 0)
'loard_b_in[13][9]' (pe_10_10_conv_top.v:13) (optimized to 0)
'loard_b_in[13][10]' (pe_10_10_conv_top.v:13) (optimized to 0)
'loard_b_in[13][11]' (pe_10_10_conv_top.v:13) (optimized to 0)
'loard_b_in[13][12]' (pe_10_10_conv_top.v:13) (optimized to 0)
'loard_b_in[13][13]' (pe_10_10_conv_top.v:13) (optimized to 0)
'loard_b_in[13][14]' (pe_10_10_conv_top.v:13) (optimized to 0)
'loard_b_in[13][15]' (pe_10_10_conv_top.v:13) (optimized to 0)
'loard_b_in[13][16]' (pe_10_10_conv_top.v:13) (optimized to 0)
'loard_b_in[13][17]' (pe_10_10_conv_top.v:13) (optimized to 0)
'loard_b_in[12][1]' (pe_10_10_conv_top.v:13) (optimized to 0)
'loard_b_in[12][2]' (pe_10_10_conv_top.v:13) (optimized to 0)
'loard_b_in[12][3]' (pe_10_10_conv_top.v:13) (optimized to 0)
'loard_b_in[12][4]' (pe_10_10_conv_top.v:13) (optimized to 0)
'loard_b_in[12][5]' (pe_10_10_conv_top.v:13) (optimized to 0)
'loard_b_in[12][6]' (pe_10_10_conv_top.v:13) (optimized to 0)
'loard_b_in[12][7]' (pe_10_10_conv_top.v:13) (optimized to 0)
'loard_b_in[12][8]' (pe_10_10_conv_top.v:13) (optimized to 0)
'loard_b_in[12][9]' (pe_10_10_conv_top.v:13) (optimized to 0)
'loard_b_in[12][10]' (pe_10_10_conv_top.v:13) (optimized to 0)
'loard_b_in[12][11]' (pe_10_10_conv_top.v:13) (optimized to 0)
'loard_b_in[12][12]' (pe_10_10_conv_top.v:13) (optimized to 0)
'loard_b_in[12][13]' (pe_10_10_conv_top.v:13) (optimized to 0)
'loard_b_in[12][14]' (pe_10_10_conv_top.v:13) (optimized to 0)
'loard_b_in[12][15]' (pe_10_10_conv_top.v:13) (optimized to 0)
'loard_b_in[12][16]' (pe_10_10_conv_top.v:13) (optimized to 0)
'loard_b_in[12][17]' (pe_10_10_conv_top.v:13) (optimized to 0)
'loard_b_in[11][1]' (pe_10_10_conv_top.v:13) (optimized to 0)
'loard_b_in[11][2]' (pe_10_10_conv_top.v:13) (optimized to 0)
'loard_b_in[11][3]' (pe_10_10_conv_top.v:13) (optimized to 0)
'loard_b_in[11][4]' (pe_10_10_conv_top.v:13) (optimized to 0)
'loard_b_in[11][5]' (pe_10_10_conv_top.v:13) (optimized to 0)
'loard_b_in[11][6]' (pe_10_10_conv_top.v:13) (optimized to 0)
'loard_b_in[11][7]' (pe_10_10_conv_top.v:13) (optimized to 0)
'loard_b_in[11][8]' (pe_10_10_conv_top.v:13) (optimized to 0)
'loard_b_in[11][9]' (pe_10_10_conv_top.v:13) (optimized to 0)
'loard_b_in[11][10]' (pe_10_10_conv_top.v:13) (optimized to 0)
'loard_b_in[11][11]' (pe_10_10_conv_top.v:13) (optimized to 0)
'loard_b_in[11][12]' (pe_10_10_conv_top.v:13) (optimized to 0)
'loard_b_in[11][13]' (pe_10_10_conv_top.v:13) (optimized to 0)
'loard_b_in[11][14]' (pe_10_10_conv_top.v:13) (optimized to 0)
'loard_b_in[11][15]' (pe_10_10_conv_top.v:13) (optimized to 0)
'loard_b_in[11][16]' (pe_10_10_conv_top.v:13) (optimized to 0)
'loard_b_in[11][17]' (pe_10_10_conv_top.v:13) (optimized to 0)
'loard_b_in[10][1]' (pe_10_10_conv_top.v:13) (optimized to 0)
'loard_b_in[10][2]' (pe_10_10_conv_top.v:13) (optimized to 0)
'loard_b_in[10][3]' (pe_10_10_conv_top.v:13) (optimized to 0)
'loard_b_in[10][4]' (pe_10_10_conv_top.v:13) (optimized to 0)
'loard_b_in[10][5]' (pe_10_10_conv_top.v:13) (optimized to 0)
'loard_b_in[10][6]' (pe_10_10_conv_top.v:13) (optimized to 0)
'loard_b_in[10][7]' (pe_10_10_conv_top.v:13) (optimized to 0)
'loard_b_in[10][8]' (pe_10_10_conv_top.v:13) (optimized to 0)
'loard_b_in[10][9]' (pe_10_10_conv_top.v:13) (optimized to 0)
'loard_b_in[10][10]' (pe_10_10_conv_top.v:13) (optimized to 0)
'loard_b_in[10][11]' (pe_10_10_conv_top.v:13) (optimized to 0)
'loard_b_in[10][12]' (pe_10_10_conv_top.v:13) (optimized to 0)
'loard_b_in[10][13]' (pe_10_10_conv_top.v:13) (optimized to 0)
'loard_b_in[10][14]' (pe_10_10_conv_top.v:13) (optimized to 0)
'loard_b_in[10][15]' (pe_10_10_conv_top.v:13) (optimized to 0)
'loard_b_in[10][16]' (pe_10_10_conv_top.v:13) (optimized to 0)
'loard_b_in[10][17]' (pe_10_10_conv_top.v:13) (optimized to 0)
'loard_b_in[9][1]' (pe_10_10_conv_top.v:13) (optimized to 0)
'loard_b_in[9][2]' (pe_10_10_conv_top.v:13) (optimized to 0)
'loard_b_in[9][3]' (pe_10_10_conv_top.v:13) (optimized to 0)
'loard_b_in[9][4]' (pe_10_10_conv_top.v:13) (optimized to 0)
'loard_b_in[9][5]' (pe_10_10_conv_top.v:13) (optimized to 0)
'loard_b_in[9][6]' (pe_10_10_conv_top.v:13) (optimized to 0)
'loard_b_in[9][7]' (pe_10_10_conv_top.v:13) (optimized to 0)
'loard_b_in[9][8]' (pe_10_10_conv_top.v:13) (optimized to 0)
'loard_b_in[9][9]' (pe_10_10_conv_top.v:13) (optimized to 0)
'loard_b_in[9][10]' (pe_10_10_conv_top.v:13) (optimized to 0)
'loard_b_in[9][11]' (pe_10_10_conv_top.v:13) (optimized to 0)
'loard_b_in[9][12]' (pe_10_10_conv_top.v:13) (optimized to 0)
'loard_b_in[9][13]' (pe_10_10_conv_top.v:13) (optimized to 0)
'loard_b_in[9][14]' (pe_10_10_conv_top.v:13) (optimized to 0)
'loard_b_in[9][15]' (pe_10_10_conv_top.v:13) (optimized to 0)
'loard_b_in[9][16]' (pe_10_10_conv_top.v:13) (optimized to 0)
'loard_b_in[9][17]' (pe_10_10_conv_top.v:13) (optimized to 0)
'loard_b_in[8][1]' (pe_10_10_conv_top.v:13) (optimized to 0)
'loard_b_in[8][2]' (pe_10_10_conv_top.v:13) (optimized to 0)
'loard_b_in[8][3]' (pe_10_10_conv_top.v:13) (optimized to 0)
'loard_b_in[8][4]' (pe_10_10_conv_top.v:13) (optimized to 0)
'loard_b_in[8][5]' (pe_10_10_conv_top.v:13) (optimized to 0)
'loard_b_in[8][6]' (pe_10_10_conv_top.v:13) (optimized to 0)
'loard_b_in[8][7]' (pe_10_10_conv_top.v:13) (optimized to 0)
'loard_b_in[8][8]' (pe_10_10_conv_top.v:13) (optimized to 0)
'loard_b_in[8][9]' (pe_10_10_conv_top.v:13) (optimized to 0)
'loard_b_in[8][10]' (pe_10_10_conv_top.v:13) (optimized to 0)
'loard_b_in[8][11]' (pe_10_10_conv_top.v:13) (optimized to 0)
'loard_b_in[8][12]' (pe_10_10_conv_top.v:13) (optimized to 0)
'loard_b_in[8][13]' (pe_10_10_conv_top.v:13) (optimized to 0)
'loard_b_in[8][14]' (pe_10_10_conv_top.v:13) (optimized to 0)
'loard_b_in[8][15]' (pe_10_10_conv_top.v:13) (optimized to 0)
'loard_b_in[8][16]' (pe_10_10_conv_top.v:13) (optimized to 0)
'loard_b_in[8][17]' (pe_10_10_conv_top.v:13) (optimized to 0)
'loard_b_in[7][1]' (pe_10_10_conv_top.v:13) (optimized to 0)
'loard_b_in[7][2]' (pe_10_10_conv_top.v:13) (optimized to 0)
'loard_b_in[7][3]' (pe_10_10_conv_top.v:13) (optimized to 0)
'loard_b_in[7][4]' (pe_10_10_conv_top.v:13) (optimized to 0)
'loard_b_in[7][5]' (pe_10_10_conv_top.v:13) (optimized to 0)
'loard_b_in[7][6]' (pe_10_10_conv_top.v:13) (optimized to 0)
'loard_b_in[7][7]' (pe_10_10_conv_top.v:13) (optimized to 0)
'loard_b_in[7][8]' (pe_10_10_conv_top.v:13) (optimized to 0)
'loard_b_in[7][9]' (pe_10_10_conv_top.v:13) (optimized to 0)
'loard_b_in[7][10]' (pe_10_10_conv_top.v:13) (optimized to 0)
'loard_b_in[7][11]' (pe_10_10_conv_top.v:13) (optimized to 0)
'loard_b_in[7][12]' (pe_10_10_conv_top.v:13) (optimized to 0)
'loard_b_in[7][13]' (pe_10_10_conv_top.v:13) (optimized to 0)
'loard_b_in[7][14]' (pe_10_10_conv_top.v:13) (optimized to 0)
'loard_b_in[7][15]' (pe_10_10_conv_top.v:13) (optimized to 0)
'loard_b_in[7][16]' (pe_10_10_conv_top.v:13) (optimized to 0)
'loard_b_in[7][17]' (pe_10_10_conv_top.v:13) (optimized to 0)
'loard_b_in[6][1]' (pe_10_10_conv_top.v:13) (optimized to 0)
'loard_b_in[6][2]' (pe_10_10_conv_top.v:13) (optimized to 0)
'loard_b_in[6][3]' (pe_10_10_conv_top.v:13) (optimized to 0)
'loard_b_in[6][4]' (pe_10_10_conv_top.v:13) (optimized to 0)
'loard_b_in[6][5]' (pe_10_10_conv_top.v:13) (optimized to 0)
'loard_b_in[6][6]' (pe_10_10_conv_top.v:13) (optimized to 0)
'loard_b_in[6][7]' (pe_10_10_conv_top.v:13) (optimized to 0)
'loard_b_in[6][8]' (pe_10_10_conv_top.v:13) (optimized to 0)
'loard_b_in[6][9]' (pe_10_10_conv_top.v:13) (optimized to 0)
'loard_b_in[6][10]' (pe_10_10_conv_top.v:13) (optimized to 0)
'loard_b_in[6][11]' (pe_10_10_conv_top.v:13) (optimized to 0)
'loard_b_in[6][12]' (pe_10_10_conv_top.v:13) (optimized to 0)
'loard_b_in[6][13]' (pe_10_10_conv_top.v:13) (optimized to 0)
'loard_b_in[6][14]' (pe_10_10_conv_top.v:13) (optimized to 0)
'loard_b_in[6][15]' (pe_10_10_conv_top.v:13) (optimized to 0)
'loard_b_in[6][16]' (pe_10_10_conv_top.v:13) (optimized to 0)
'loard_b_in[6][17]' (pe_10_10_conv_top.v:13) (optimized to 0)
'loard_b_in[5][1]' (pe_10_10_conv_top.v:13) (optimized to 0)
'loard_b_in[5][2]' (pe_10_10_conv_top.v:13) (optimized to 0)
'loard_b_in[5][3]' (pe_10_10_conv_top.v:13) (optimized to 0)
'loard_b_in[5][4]' (pe_10_10_conv_top.v:13) (optimized to 0)
'loard_b_in[5][5]' (pe_10_10_conv_top.v:13) (optimized to 0)
'loard_b_in[5][6]' (pe_10_10_conv_top.v:13) (optimized to 0)
'loard_b_in[5][7]' (pe_10_10_conv_top.v:13) (optimized to 0)
'loard_b_in[5][8]' (pe_10_10_conv_top.v:13) (optimized to 0)
'loard_b_in[5][9]' (pe_10_10_conv_top.v:13) (optimized to 0)
'loard_b_in[5][10]' (pe_10_10_conv_top.v:13) (optimized to 0)
'loard_b_in[5][11]' (pe_10_10_conv_top.v:13) (optimized to 0)
'loard_b_in[5][12]' (pe_10_10_conv_top.v:13) (optimized to 0)
'loard_b_in[5][13]' (pe_10_10_conv_top.v:13) (optimized to 0)
'loard_b_in[5][14]' (pe_10_10_conv_top.v:13) (optimized to 0)
'loard_b_in[5][15]' (pe_10_10_conv_top.v:13) (optimized to 0)
'loard_b_in[5][16]' (pe_10_10_conv_top.v:13) (optimized to 0)
'loard_b_in[5][17]' (pe_10_10_conv_top.v:13) (optimized to 0)
'loard_b_in[4][1]' (pe_10_10_conv_top.v:13) (optimized to 0)
'loard_b_in[4][2]' (pe_10_10_conv_top.v:13) (optimized to 0)
'loard_b_in[4][3]' (pe_10_10_conv_top.v:13) (optimized to 0)
'loard_b_in[4][4]' (pe_10_10_conv_top.v:13) (optimized to 0)
'loard_b_in[4][5]' (pe_10_10_conv_top.v:13) (optimized to 0)
'loard_b_in[4][6]' (pe_10_10_conv_top.v:13) (optimized to 0)
'loard_b_in[4][7]' (pe_10_10_conv_top.v:13) (optimized to 0)
'loard_b_in[4][8]' (pe_10_10_conv_top.v:13) (optimized to 0)
'loard_b_in[4][9]' (pe_10_10_conv_top.v:13) (optimized to 0)
'loard_b_in[4][10]' (pe_10_10_conv_top.v:13) (optimized to 0)
'loard_b_in[4][11]' (pe_10_10_conv_top.v:13) (optimized to 0)
'loard_b_in[4][12]' (pe_10_10_conv_top.v:13) (optimized to 0)
'loard_b_in[4][13]' (pe_10_10_conv_top.v:13) (optimized to 0)
'loard_b_in[4][14]' (pe_10_10_conv_top.v:13) (optimized to 0)
'loard_b_in[4][15]' (pe_10_10_conv_top.v:13) (optimized to 0)
'loard_b_in[4][16]' (pe_10_10_conv_top.v:13) (optimized to 0)
'loard_b_in[4][17]' (pe_10_10_conv_top.v:13) (optimized to 0)
'loard_b_in[3][1]' (pe_10_10_conv_top.v:13) (optimized to 0)
'loard_b_in[3][2]' (pe_10_10_conv_top.v:13) (optimized to 0)
'loard_b_in[3][3]' (pe_10_10_conv_top.v:13) (optimized to 0)
'loard_b_in[3][4]' (pe_10_10_conv_top.v:13) (optimized to 0)
'loard_b_in[3][5]' (pe_10_10_conv_top.v:13) (optimized to 0)
'loard_b_in[3][6]' (pe_10_10_conv_top.v:13) (optimized to 0)
'loard_b_in[3][7]' (pe_10_10_conv_top.v:13) (optimized to 0)
'loard_b_in[3][8]' (pe_10_10_conv_top.v:13) (optimized to 0)
'loard_b_in[3][9]' (pe_10_10_conv_top.v:13) (optimized to 0)
'loard_b_in[3][10]' (pe_10_10_conv_top.v:13) (optimized to 0)
'loard_b_in[3][11]' (pe_10_10_conv_top.v:13) (optimized to 0)
'loard_b_in[3][12]' (pe_10_10_conv_top.v:13) (optimized to 0)
'loard_b_in[3][13]' (pe_10_10_conv_top.v:13) (optimized to 0)
'loard_b_in[3][14]' (pe_10_10_conv_top.v:13) (optimized to 0)
'loard_b_in[3][15]' (pe_10_10_conv_top.v:13) (optimized to 0)
'loard_b_in[3][16]' (pe_10_10_conv_top.v:13) (optimized to 0)
'loard_b_in[3][17]' (pe_10_10_conv_top.v:13) (optimized to 0)
'loard_b_in[2][1]' (pe_10_10_conv_top.v:13) (optimized to 0)
'loard_b_in[2][2]' (pe_10_10_conv_top.v:13) (optimized to 0)
'loard_b_in[2][3]' (pe_10_10_conv_top.v:13) (optimized to 0)
'loard_b_in[2][4]' (pe_10_10_conv_top.v:13) (optimized to 0)
'loard_b_in[2][5]' (pe_10_10_conv_top.v:13) (optimized to 0)
'loard_b_in[2][6]' (pe_10_10_conv_top.v:13) (optimized to 0)
'loard_b_in[2][7]' (pe_10_10_conv_top.v:13) (optimized to 0)
'loard_b_in[2][8]' (pe_10_10_conv_top.v:13) (optimized to 0)
'loard_b_in[2][9]' (pe_10_10_conv_top.v:13) (optimized to 0)
'loard_b_in[2][10]' (pe_10_10_conv_top.v:13) (optimized to 0)
'loard_b_in[2][11]' (pe_10_10_conv_top.v:13) (optimized to 0)
'loard_b_in[2][12]' (pe_10_10_conv_top.v:13) (optimized to 0)
'loard_b_in[2][13]' (pe_10_10_conv_top.v:13) (optimized to 0)
'loard_b_in[2][14]' (pe_10_10_conv_top.v:13) (optimized to 0)
'loard_b_in[2][15]' (pe_10_10_conv_top.v:13) (optimized to 0)
'loard_b_in[2][16]' (pe_10_10_conv_top.v:13) (optimized to 0)
'loard_b_in[2][17]' (pe_10_10_conv_top.v:13) (optimized to 0)
'loard_b_in[1][1]' (pe_10_10_conv_top.v:13) (optimized to 0)
'loard_b_in[1][2]' (pe_10_10_conv_top.v:13) (optimized to 0)
'loard_b_in[1][3]' (pe_10_10_conv_top.v:13) (optimized to 0)
'loard_b_in[1][4]' (pe_10_10_conv_top.v:13) (optimized to 0)
'loard_b_in[1][5]' (pe_10_10_conv_top.v:13) (optimized to 0)
'loard_b_in[1][6]' (pe_10_10_conv_top.v:13) (optimized to 0)
'loard_b_in[1][7]' (pe_10_10_conv_top.v:13) (optimized to 0)
'loard_b_in[1][8]' (pe_10_10_conv_top.v:13) (optimized to 0)
'loard_b_in[1][9]' (pe_10_10_conv_top.v:13) (optimized to 0)
'loard_b_in[1][10]' (pe_10_10_conv_top.v:13) (optimized to 0)
'loard_b_in[1][11]' (pe_10_10_conv_top.v:13) (optimized to 0)
'loard_b_in[1][12]' (pe_10_10_conv_top.v:13) (optimized to 0)
'loard_b_in[1][13]' (pe_10_10_conv_top.v:13) (optimized to 0)
'loard_b_in[1][14]' (pe_10_10_conv_top.v:13) (optimized to 0)
'loard_b_in[1][15]' (pe_10_10_conv_top.v:13) (optimized to 0)
'loard_b_in[1][16]' (pe_10_10_conv_top.v:13) (optimized to 0)
'loard_b_in[1][17]' (pe_10_10_conv_top.v:13) (optimized to 0)
'loard_b_in[0][1]' (pe_10_10_conv_top.v:13) (optimized to 0)
'loard_b_in[0][2]' (pe_10_10_conv_top.v:13) (optimized to 0)
'loard_b_in[0][3]' (pe_10_10_conv_top.v:13) (optimized to 0)
'loard_b_in[0][4]' (pe_10_10_conv_top.v:13) (optimized to 0)
'loard_b_in[0][5]' (pe_10_10_conv_top.v:13) (optimized to 0)
'loard_b_in[0][6]' (pe_10_10_conv_top.v:13) (optimized to 0)
'loard_b_in[0][7]' (pe_10_10_conv_top.v:13) (optimized to 0)
'loard_b_in[0][8]' (pe_10_10_conv_top.v:13) (optimized to 0)
'loard_b_in[0][9]' (pe_10_10_conv_top.v:13) (optimized to 0)
'loard_b_in[0][10]' (pe_10_10_conv_top.v:13) (optimized to 0)
'loard_b_in[0][11]' (pe_10_10_conv_top.v:13) (optimized to 0)
'loard_b_in[0][12]' (pe_10_10_conv_top.v:13) (optimized to 0)
'loard_b_in[0][13]' (pe_10_10_conv_top.v:13) (optimized to 0)
'loard_b_in[0][14]' (pe_10_10_conv_top.v:13) (optimized to 0)
'loard_b_in[0][15]' (pe_10_10_conv_top.v:13) (optimized to 0)
'loard_b_in[0][16]' (pe_10_10_conv_top.v:13) (optimized to 0)
'loard_b_in[0][17]' (pe_10_10_conv_top.v:13) (optimized to 0)
'pe_10_10_inst/pe_gen[0].pe_inst/input_reg_b[17]' (pe.v:22) (optimized to 0)
'pe_10_10_inst/pe_gen[0].pe_inst/input_reg_b[16]' (pe.v:22) (optimized to 0)
'pe_10_10_inst/pe_gen[0].pe_inst/input_reg_b[15]' (pe.v:22) (optimized to 0)
'pe_10_10_inst/pe_gen[0].pe_inst/input_reg_b[14]' (pe.v:22) (optimized to 0)
'pe_10_10_inst/pe_gen[0].pe_inst/input_reg_b[13]' (pe.v:22) (optimized to 0)
'pe_10_10_inst/pe_gen[0].pe_inst/input_reg_b[12]' (pe.v:22) (optimized to 0)
'pe_10_10_inst/pe_gen[0].pe_inst/input_reg_b[11]' (pe.v:22) (optimized to 0)
'pe_10_10_inst/pe_gen[0].pe_inst/input_reg_b[10]' (pe.v:22) (optimized to 0)
'pe_10_10_inst/pe_gen[0].pe_inst/input_reg_b[9]' (pe.v:22) (optimized to 0)
'pe_10_10_inst/pe_gen[0].pe_inst/input_reg_b[8]' (pe.v:22) (optimized to 0)
'pe_10_10_inst/pe_gen[0].pe_inst/input_reg_b[7]' (pe.v:22) (optimized to 0)
'pe_10_10_inst/pe_gen[0].pe_inst/input_reg_b[6]' (pe.v:22) (optimized to 0)
'pe_10_10_inst/pe_gen[0].pe_inst/input_reg_b[5]' (pe.v:22) (optimized to 0)
'pe_10_10_inst/pe_gen[0].pe_inst/input_reg_b[4]' (pe.v:22) (optimized to 0)
'pe_10_10_inst/pe_gen[0].pe_inst/input_reg_b[3]' (pe.v:22) (optimized to 0)
'pe_10_10_inst/pe_gen[0].pe_inst/input_reg_b[2]' (pe.v:22) (optimized to 0)
'pe_10_10_inst/pe_gen[0].pe_inst/input_reg_b[1]' (pe.v:22) (optimized to 0)
'pe_10_10_inst/pe_gen[1].pe_inst/input_reg_b[1]' (pe.v:22) (optimized to 0)
'pe_10_10_inst/pe_gen[1].pe_inst/input_reg_b[2]' (pe.v:22) (optimized to 0)
'pe_10_10_inst/pe_gen[1].pe_inst/input_reg_b[3]' (pe.v:22) (optimized to 0)
'pe_10_10_inst/pe_gen[1].pe_inst/input_reg_b[4]' (pe.v:22) (optimized to 0)
'pe_10_10_inst/pe_gen[1].pe_inst/input_reg_b[5]' (pe.v:22) (optimized to 0)
'pe_10_10_inst/pe_gen[1].pe_inst/input_reg_b[6]' (pe.v:22) (optimized to 0)
'pe_10_10_inst/pe_gen[1].pe_inst/input_reg_b[7]' (pe.v:22) (optimized to 0)
'pe_10_10_inst/pe_gen[1].pe_inst/input_reg_b[8]' (pe.v:22) (optimized to 0)
'pe_10_10_inst/pe_gen[1].pe_inst/input_reg_b[9]' (pe.v:22) (optimized to 0)
'pe_10_10_inst/pe_gen[1].pe_inst/input_reg_b[10]' (pe.v:22) (optimized to 0)
'pe_10_10_inst/pe_gen[1].pe_inst/input_reg_b[11]' (pe.v:22) (optimized to 0)
'pe_10_10_inst/pe_gen[1].pe_inst/input_reg_b[12]' (pe.v:22) (optimized to 0)
'pe_10_10_inst/pe_gen[1].pe_inst/input_reg_b[13]' (pe.v:22) (optimized to 0)
'pe_10_10_inst/pe_gen[1].pe_inst/input_reg_b[14]' (pe.v:22) (optimized to 0)
'pe_10_10_inst/pe_gen[1].pe_inst/input_reg_b[15]' (pe.v:22) (optimized to 0)
'pe_10_10_inst/pe_gen[1].pe_inst/input_reg_b[16]' (pe.v:22) (optimized to 0)
'pe_10_10_inst/pe_gen[1].pe_inst/input_reg_b[17]' (pe.v:22) (optimized to 0)
'pe_10_10_inst/pe_gen[2].pe_inst/input_reg_b[1]' (pe.v:22) (optimized to 0)
'pe_10_10_inst/pe_gen[2].pe_inst/input_reg_b[2]' (pe.v:22) (optimized to 0)
'pe_10_10_inst/pe_gen[2].pe_inst/input_reg_b[3]' (pe.v:22) (optimized to 0)
'pe_10_10_inst/pe_gen[2].pe_inst/input_reg_b[4]' (pe.v:22) (optimized to 0)
'pe_10_10_inst/pe_gen[2].pe_inst/input_reg_b[5]' (pe.v:22) (optimized to 0)
'pe_10_10_inst/pe_gen[2].pe_inst/input_reg_b[6]' (pe.v:22) (optimized to 0)
'pe_10_10_inst/pe_gen[2].pe_inst/input_reg_b[7]' (pe.v:22) (optimized to 0)
'pe_10_10_inst/pe_gen[2].pe_inst/input_reg_b[8]' (pe.v:22) (optimized to 0)
'pe_10_10_inst/pe_gen[2].pe_inst/input_reg_b[9]' (pe.v:22) (optimized to 0)
'pe_10_10_inst/pe_gen[2].pe_inst/input_reg_b[10]' (pe.v:22) (optimized to 0)
'pe_10_10_inst/pe_gen[2].pe_inst/input_reg_b[11]' (pe.v:22) (optimized to 0)
'pe_10_10_inst/pe_gen[2].pe_inst/input_reg_b[12]' (pe.v:22) (optimized to 0)
'pe_10_10_inst/pe_gen[2].pe_inst/input_reg_b[13]' (pe.v:22) (optimized to 0)
'pe_10_10_inst/pe_gen[2].pe_inst/input_reg_b[14]' (pe.v:22) (optimized to 0)
'pe_10_10_inst/pe_gen[2].pe_inst/input_reg_b[15]' (pe.v:22) (optimized to 0)
'pe_10_10_inst/pe_gen[2].pe_inst/input_reg_b[16]' (pe.v:22) (optimized to 0)
'pe_10_10_inst/pe_gen[2].pe_inst/input_reg_b[17]' (pe.v:22) (optimized to 0)
'pe_10_10_inst/pe_gen[3].pe_inst/input_reg_b[1]' (pe.v:22) (optimized to 0)
'pe_10_10_inst/pe_gen[3].pe_inst/input_reg_b[2]' (pe.v:22) (optimized to 0)
'pe_10_10_inst/pe_gen[3].pe_inst/input_reg_b[3]' (pe.v:22) (optimized to 0)
'pe_10_10_inst/pe_gen[3].pe_inst/input_reg_b[4]' (pe.v:22) (optimized to 0)
'pe_10_10_inst/pe_gen[3].pe_inst/input_reg_b[5]' (pe.v:22) (optimized to 0)
'pe_10_10_inst/pe_gen[3].pe_inst/input_reg_b[6]' (pe.v:22) (optimized to 0)
'pe_10_10_inst/pe_gen[3].pe_inst/input_reg_b[7]' (pe.v:22) (optimized to 0)
'pe_10_10_inst/pe_gen[3].pe_inst/input_reg_b[8]' (pe.v:22) (optimized to 0)
'pe_10_10_inst/pe_gen[3].pe_inst/input_reg_b[9]' (pe.v:22) (optimized to 0)
'pe_10_10_inst/pe_gen[3].pe_inst/input_reg_b[10]' (pe.v:22) (optimized to 0)
'pe_10_10_inst/pe_gen[3].pe_inst/input_reg_b[11]' (pe.v:22) (optimized to 0)
'pe_10_10_inst/pe_gen[3].pe_inst/input_reg_b[12]' (pe.v:22) (optimized to 0)
'pe_10_10_inst/pe_gen[3].pe_inst/input_reg_b[13]' (pe.v:22) (optimized to 0)
'pe_10_10_inst/pe_gen[3].pe_inst/input_reg_b[14]' (pe.v:22) (optimized to 0)
'pe_10_10_inst/pe_gen[3].pe_inst/input_reg_b[15]' (pe.v:22) (optimized to 0)
'pe_10_10_inst/pe_gen[3].pe_inst/input_reg_b[16]' (pe.v:22) (optimized to 0)
'pe_10_10_inst/pe_gen[3].pe_inst/input_reg_b[17]' (pe.v:22) (optimized to 0)
'pe_10_10_inst/pe_gen[4].pe_inst/input_reg_b[1]' (pe.v:22) (optimized to 0)
'pe_10_10_inst/pe_gen[4].pe_inst/input_reg_b[2]' (pe.v:22) (optimized to 0)
'pe_10_10_inst/pe_gen[4].pe_inst/input_reg_b[3]' (pe.v:22) (optimized to 0)
'pe_10_10_inst/pe_gen[4].pe_inst/input_reg_b[4]' (pe.v:22) (optimized to 0)
'pe_10_10_inst/pe_gen[4].pe_inst/input_reg_b[5]' (pe.v:22) (optimized to 0)
'pe_10_10_inst/pe_gen[4].pe_inst/input_reg_b[6]' (pe.v:22) (optimized to 0)
'pe_10_10_inst/pe_gen[4].pe_inst/input_reg_b[7]' (pe.v:22) (optimized to 0)
'pe_10_10_inst/pe_gen[4].pe_inst/input_reg_b[8]' (pe.v:22) (optimized to 0)
'pe_10_10_inst/pe_gen[4].pe_inst/input_reg_b[9]' (pe.v:22) (optimized to 0)
'pe_10_10_inst/pe_gen[4].pe_inst/input_reg_b[10]' (pe.v:22) (optimized to 0)
'pe_10_10_inst/pe_gen[4].pe_inst/input_reg_b[11]' (pe.v:22) (optimized to 0)
'pe_10_10_inst/pe_gen[4].pe_inst/input_reg_b[12]' (pe.v:22) (optimized to 0)
'pe_10_10_inst/pe_gen[4].pe_inst/input_reg_b[13]' (pe.v:22) (optimized to 0)
'pe_10_10_inst/pe_gen[4].pe_inst/input_reg_b[14]' (pe.v:22) (optimized to 0)
'pe_10_10_inst/pe_gen[4].pe_inst/input_reg_b[15]' (pe.v:22) (optimized to 0)
'pe_10_10_inst/pe_gen[4].pe_inst/input_reg_b[16]' (pe.v:22) (optimized to 0)
'pe_10_10_inst/pe_gen[4].pe_inst/input_reg_b[17]' (pe.v:22) (optimized to 0)
'pe_10_10_inst/pe_gen[5].pe_inst/input_reg_b[1]' (pe.v:22) (optimized to 0)
'pe_10_10_inst/pe_gen[5].pe_inst/input_reg_b[2]' (pe.v:22) (optimized to 0)
'pe_10_10_inst/pe_gen[5].pe_inst/input_reg_b[3]' (pe.v:22) (optimized to 0)
'pe_10_10_inst/pe_gen[5].pe_inst/input_reg_b[4]' (pe.v:22) (optimized to 0)
'pe_10_10_inst/pe_gen[5].pe_inst/input_reg_b[5]' (pe.v:22) (optimized to 0)
'pe_10_10_inst/pe_gen[5].pe_inst/input_reg_b[6]' (pe.v:22) (optimized to 0)
'pe_10_10_inst/pe_gen[5].pe_inst/input_reg_b[7]' (pe.v:22) (optimized to 0)
'pe_10_10_inst/pe_gen[5].pe_inst/input_reg_b[8]' (pe.v:22) (optimized to 0)
'pe_10_10_inst/pe_gen[5].pe_inst/input_reg_b[9]' (pe.v:22) (optimized to 0)
'pe_10_10_inst/pe_gen[5].pe_inst/input_reg_b[10]' (pe.v:22) (optimized to 0)
'pe_10_10_inst/pe_gen[5].pe_inst/input_reg_b[11]' (pe.v:22) (optimized to 0)
'pe_10_10_inst/pe_gen[5].pe_inst/input_reg_b[12]' (pe.v:22) (optimized to 0)
'pe_10_10_inst/pe_gen[5].pe_inst/input_reg_b[13]' (pe.v:22) (optimized to 0)
'pe_10_10_inst/pe_gen[5].pe_inst/input_reg_b[14]' (pe.v:22) (optimized to 0)
'pe_10_10_inst/pe_gen[5].pe_inst/input_reg_b[15]' (pe.v:22) (optimized to 0)
'pe_10_10_inst/pe_gen[5].pe_inst/input_reg_b[16]' (pe.v:22) (optimized to 0)
'pe_10_10_inst/pe_gen[5].pe_inst/input_reg_b[17]' (pe.v:22) (optimized to 0)
'pe_10_10_inst/pe_gen[6].pe_inst/input_reg_b[1]' (pe.v:22) (optimized to 0)
'pe_10_10_inst/pe_gen[6].pe_inst/input_reg_b[2]' (pe.v:22) (optimized to 0)
'pe_10_10_inst/pe_gen[6].pe_inst/input_reg_b[3]' (pe.v:22) (optimized to 0)
'pe_10_10_inst/pe_gen[6].pe_inst/input_reg_b[4]' (pe.v:22) (optimized to 0)
'pe_10_10_inst/pe_gen[6].pe_inst/input_reg_b[5]' (pe.v:22) (optimized to 0)
'pe_10_10_inst/pe_gen[6].pe_inst/input_reg_b[6]' (pe.v:22) (optimized to 0)
'pe_10_10_inst/pe_gen[6].pe_inst/input_reg_b[7]' (pe.v:22) (optimized to 0)
'pe_10_10_inst/pe_gen[6].pe_inst/input_reg_b[8]' (pe.v:22) (optimized to 0)
'pe_10_10_inst/pe_gen[6].pe_inst/input_reg_b[9]' (pe.v:22) (optimized to 0)
'pe_10_10_inst/pe_gen[6].pe_inst/input_reg_b[10]' (pe.v:22) (optimized to 0)
'pe_10_10_inst/pe_gen[6].pe_inst/input_reg_b[11]' (pe.v:22) (optimized to 0)
'pe_10_10_inst/pe_gen[6].pe_inst/input_reg_b[12]' (pe.v:22) (optimized to 0)
'pe_10_10_inst/pe_gen[6].pe_inst/input_reg_b[13]' (pe.v:22) (optimized to 0)
'pe_10_10_inst/pe_gen[6].pe_inst/input_reg_b[14]' (pe.v:22) (optimized to 0)
'pe_10_10_inst/pe_gen[6].pe_inst/input_reg_b[15]' (pe.v:22) (optimized to 0)
'pe_10_10_inst/pe_gen[6].pe_inst/input_reg_b[16]' (pe.v:22) (optimized to 0)
'pe_10_10_inst/pe_gen[6].pe_inst/input_reg_b[17]' (pe.v:22) (optimized to 0)
'pe_10_10_inst/pe_gen[7].pe_inst/input_reg_b[1]' (pe.v:22) (optimized to 0)
'pe_10_10_inst/pe_gen[7].pe_inst/input_reg_b[2]' (pe.v:22) (optimized to 0)
'pe_10_10_inst/pe_gen[7].pe_inst/input_reg_b[3]' (pe.v:22) (optimized to 0)
'pe_10_10_inst/pe_gen[7].pe_inst/input_reg_b[4]' (pe.v:22) (optimized to 0)
'pe_10_10_inst/pe_gen[7].pe_inst/input_reg_b[5]' (pe.v:22) (optimized to 0)
'pe_10_10_inst/pe_gen[7].pe_inst/input_reg_b[6]' (pe.v:22) (optimized to 0)
'pe_10_10_inst/pe_gen[7].pe_inst/input_reg_b[7]' (pe.v:22) (optimized to 0)
'pe_10_10_inst/pe_gen[7].pe_inst/input_reg_b[8]' (pe.v:22) (optimized to 0)
'pe_10_10_inst/pe_gen[7].pe_inst/input_reg_b[9]' (pe.v:22) (optimized to 0)
'pe_10_10_inst/pe_gen[7].pe_inst/input_reg_b[10]' (pe.v:22) (optimized to 0)
'pe_10_10_inst/pe_gen[7].pe_inst/input_reg_b[11]' (pe.v:22) (optimized to 0)
'pe_10_10_inst/pe_gen[7].pe_inst/input_reg_b[12]' (pe.v:22) (optimized to 0)
'pe_10_10_inst/pe_gen[7].pe_inst/input_reg_b[13]' (pe.v:22) (optimized to 0)
'pe_10_10_inst/pe_gen[7].pe_inst/input_reg_b[14]' (pe.v:22) (optimized to 0)
'pe_10_10_inst/pe_gen[7].pe_inst/input_reg_b[15]' (pe.v:22) (optimized to 0)
'pe_10_10_inst/pe_gen[7].pe_inst/input_reg_b[16]' (pe.v:22) (optimized to 0)
'pe_10_10_inst/pe_gen[7].pe_inst/input_reg_b[17]' (pe.v:22) (optimized to 0)
'pe_10_10_inst/pe_gen[8].pe_inst/input_reg_b[1]' (pe.v:22) (optimized to 0)
'pe_10_10_inst/pe_gen[8].pe_inst/input_reg_b[2]' (pe.v:22) (optimized to 0)
'pe_10_10_inst/pe_gen[8].pe_inst/input_reg_b[3]' (pe.v:22) (optimized to 0)
'pe_10_10_inst/pe_gen[8].pe_inst/input_reg_b[4]' (pe.v:22) (optimized to 0)
'pe_10_10_inst/pe_gen[8].pe_inst/input_reg_b[5]' (pe.v:22) (optimized to 0)
'pe_10_10_inst/pe_gen[8].pe_inst/input_reg_b[6]' (pe.v:22) (optimized to 0)
'pe_10_10_inst/pe_gen[8].pe_inst/input_reg_b[7]' (pe.v:22) (optimized to 0)
'pe_10_10_inst/pe_gen[8].pe_inst/input_reg_b[8]' (pe.v:22) (optimized to 0)
'pe_10_10_inst/pe_gen[8].pe_inst/input_reg_b[9]' (pe.v:22) (optimized to 0)
'pe_10_10_inst/pe_gen[8].pe_inst/input_reg_b[10]' (pe.v:22) (optimized to 0)
'pe_10_10_inst/pe_gen[8].pe_inst/input_reg_b[11]' (pe.v:22) (optimized to 0)
'pe_10_10_inst/pe_gen[8].pe_inst/input_reg_b[12]' (pe.v:22) (optimized to 0)
'pe_10_10_inst/pe_gen[8].pe_inst/input_reg_b[13]' (pe.v:22) (optimized to 0)
'pe_10_10_inst/pe_gen[8].pe_inst/input_reg_b[14]' (pe.v:22) (optimized to 0)
'pe_10_10_inst/pe_gen[8].pe_inst/input_reg_b[15]' (pe.v:22) (optimized to 0)
'pe_10_10_inst/pe_gen[8].pe_inst/input_reg_b[16]' (pe.v:22) (optimized to 0)
'pe_10_10_inst/pe_gen[8].pe_inst/input_reg_b[17]' (pe.v:22) (optimized to 0)
'pe_10_10_inst/pe_gen[9].pe_inst/input_reg_b[1]' (pe.v:22) (optimized to 0)
'pe_10_10_inst/pe_gen[9].pe_inst/input_reg_b[2]' (pe.v:22) (optimized to 0)
'pe_10_10_inst/pe_gen[9].pe_inst/input_reg_b[3]' (pe.v:22) (optimized to 0)
'pe_10_10_inst/pe_gen[9].pe_inst/input_reg_b[4]' (pe.v:22) (optimized to 0)
'pe_10_10_inst/pe_gen[9].pe_inst/input_reg_b[5]' (pe.v:22) (optimized to 0)
'pe_10_10_inst/pe_gen[9].pe_inst/input_reg_b[6]' (pe.v:22) (optimized to 0)
'pe_10_10_inst/pe_gen[9].pe_inst/input_reg_b[7]' (pe.v:22) (optimized to 0)
'pe_10_10_inst/pe_gen[9].pe_inst/input_reg_b[8]' (pe.v:22) (optimized to 0)
'pe_10_10_inst/pe_gen[9].pe_inst/input_reg_b[9]' (pe.v:22) (optimized to 0)
'pe_10_10_inst/pe_gen[9].pe_inst/input_reg_b[10]' (pe.v:22) (optimized to 0)
'pe_10_10_inst/pe_gen[9].pe_inst/input_reg_b[11]' (pe.v:22) (optimized to 0)
'pe_10_10_inst/pe_gen[9].pe_inst/input_reg_b[12]' (pe.v:22) (optimized to 0)
'pe_10_10_inst/pe_gen[9].pe_inst/input_reg_b[13]' (pe.v:22) (optimized to 0)
'pe_10_10_inst/pe_gen[9].pe_inst/input_reg_b[14]' (pe.v:22) (optimized to 0)
'pe_10_10_inst/pe_gen[9].pe_inst/input_reg_b[15]' (pe.v:22) (optimized to 0)
'pe_10_10_inst/pe_gen[9].pe_inst/input_reg_b[16]' (pe.v:22) (optimized to 0)
'pe_10_10_inst/pe_gen[9].pe_inst/input_reg_b[17]' (pe.v:22) (optimized to 0)
'pe_10_10_inst/pe_gen[10].pe_inst/input_reg_b[1]' (pe.v:22) (optimized to 0)
'pe_10_10_inst/pe_gen[10].pe_inst/input_reg_b[2]' (pe.v:22) (optimized to 0)
'pe_10_10_inst/pe_gen[10].pe_inst/input_reg_b[3]' (pe.v:22) (optimized to 0)
'pe_10_10_inst/pe_gen[10].pe_inst/input_reg_b[4]' (pe.v:22) (optimized to 0)
'pe_10_10_inst/pe_gen[10].pe_inst/input_reg_b[5]' (pe.v:22) (optimized to 0)
'pe_10_10_inst/pe_gen[10].pe_inst/input_reg_b[6]' (pe.v:22) (optimized to 0)
'pe_10_10_inst/pe_gen[10].pe_inst/input_reg_b[7]' (pe.v:22) (optimized to 0)
'pe_10_10_inst/pe_gen[10].pe_inst/input_reg_b[8]' (pe.v:22) (optimized to 0)
'pe_10_10_inst/pe_gen[10].pe_inst/input_reg_b[9]' (pe.v:22) (optimized to 0)
'pe_10_10_inst/pe_gen[10].pe_inst/input_reg_b[10]' (pe.v:22) (optimized to 0)
'pe_10_10_inst/pe_gen[10].pe_inst/input_reg_b[11]' (pe.v:22) (optimized to 0)
'pe_10_10_inst/pe_gen[10].pe_inst/input_reg_b[12]' (pe.v:22) (optimized to 0)
'pe_10_10_inst/pe_gen[10].pe_inst/input_reg_b[13]' (pe.v:22) (optimized to 0)
'pe_10_10_inst/pe_gen[10].pe_inst/input_reg_b[14]' (pe.v:22) (optimized to 0)
'pe_10_10_inst/pe_gen[10].pe_inst/input_reg_b[15]' (pe.v:22) (optimized to 0)
'pe_10_10_inst/pe_gen[10].pe_inst/input_reg_b[16]' (pe.v:22) (optimized to 0)
'pe_10_10_inst/pe_gen[10].pe_inst/input_reg_b[17]' (pe.v:22) (optimized to 0)
'pe_10_10_inst/pe_gen[11].pe_inst/input_reg_b[1]' (pe.v:22) (optimized to 0)
'pe_10_10_inst/pe_gen[11].pe_inst/input_reg_b[2]' (pe.v:22) (optimized to 0)
'pe_10_10_inst/pe_gen[11].pe_inst/input_reg_b[3]' (pe.v:22) (optimized to 0)
'pe_10_10_inst/pe_gen[11].pe_inst/input_reg_b[4]' (pe.v:22) (optimized to 0)
'pe_10_10_inst/pe_gen[11].pe_inst/input_reg_b[5]' (pe.v:22) (optimized to 0)
'pe_10_10_inst/pe_gen[11].pe_inst/input_reg_b[6]' (pe.v:22) (optimized to 0)
'pe_10_10_inst/pe_gen[11].pe_inst/input_reg_b[7]' (pe.v:22) (optimized to 0)
'pe_10_10_inst/pe_gen[11].pe_inst/input_reg_b[8]' (pe.v:22) (optimized to 0)
'pe_10_10_inst/pe_gen[11].pe_inst/input_reg_b[9]' (pe.v:22) (optimized to 0)
'pe_10_10_inst/pe_gen[11].pe_inst/input_reg_b[10]' (pe.v:22) (optimized to 0)
'pe_10_10_inst/pe_gen[11].pe_inst/input_reg_b[11]' (pe.v:22) (optimized to 0)
'pe_10_10_inst/pe_gen[11].pe_inst/input_reg_b[12]' (pe.v:22) (optimized to 0)
'pe_10_10_inst/pe_gen[11].pe_inst/input_reg_b[13]' (pe.v:22) (optimized to 0)
'pe_10_10_inst/pe_gen[11].pe_inst/input_reg_b[14]' (pe.v:22) (optimized to 0)
'pe_10_10_inst/pe_gen[11].pe_inst/input_reg_b[15]' (pe.v:22) (optimized to 0)
'pe_10_10_inst/pe_gen[11].pe_inst/input_reg_b[16]' (pe.v:22) (optimized to 0)
'pe_10_10_inst/pe_gen[11].pe_inst/input_reg_b[17]' (pe.v:22) (optimized to 0)
'pe_10_10_inst/pe_gen[12].pe_inst/input_reg_b[1]' (pe.v:22) (optimized to 0)
'pe_10_10_inst/pe_gen[12].pe_inst/input_reg_b[2]' (pe.v:22) (optimized to 0)
'pe_10_10_inst/pe_gen[12].pe_inst/input_reg_b[3]' (pe.v:22) (optimized to 0)
'pe_10_10_inst/pe_gen[12].pe_inst/input_reg_b[4]' (pe.v:22) (optimized to 0)
'pe_10_10_inst/pe_gen[12].pe_inst/input_reg_b[5]' (pe.v:22) (optimized to 0)
'pe_10_10_inst/pe_gen[12].pe_inst/input_reg_b[6]' (pe.v:22) (optimized to 0)
'pe_10_10_inst/pe_gen[12].pe_inst/input_reg_b[7]' (pe.v:22) (optimized to 0)
'pe_10_10_inst/pe_gen[12].pe_inst/input_reg_b[8]' (pe.v:22) (optimized to 0)
'pe_10_10_inst/pe_gen[12].pe_inst/input_reg_b[9]' (pe.v:22) (optimized to 0)
'pe_10_10_inst/pe_gen[12].pe_inst/input_reg_b[10]' (pe.v:22) (optimized to 0)
'pe_10_10_inst/pe_gen[12].pe_inst/input_reg_b[11]' (pe.v:22) (optimized to 0)
'pe_10_10_inst/pe_gen[12].pe_inst/input_reg_b[12]' (pe.v:22) (optimized to 0)
'pe_10_10_inst/pe_gen[12].pe_inst/input_reg_b[13]' (pe.v:22) (optimized to 0)
'pe_10_10_inst/pe_gen[12].pe_inst/input_reg_b[14]' (pe.v:22) (optimized to 0)
'pe_10_10_inst/pe_gen[12].pe_inst/input_reg_b[15]' (pe.v:22) (optimized to 0)
'pe_10_10_inst/pe_gen[12].pe_inst/input_reg_b[16]' (pe.v:22) (optimized to 0)
'pe_10_10_inst/pe_gen[12].pe_inst/input_reg_b[17]' (pe.v:22) (optimized to 0)
'pe_10_10_inst/pe_gen[13].pe_inst/input_reg_b[1]' (pe.v:22) (optimized to 0)
'pe_10_10_inst/pe_gen[13].pe_inst/input_reg_b[2]' (pe.v:22) (optimized to 0)
'pe_10_10_inst/pe_gen[13].pe_inst/input_reg_b[3]' (pe.v:22) (optimized to 0)
'pe_10_10_inst/pe_gen[13].pe_inst/input_reg_b[4]' (pe.v:22) (optimized to 0)
'pe_10_10_inst/pe_gen[13].pe_inst/input_reg_b[5]' (pe.v:22) (optimized to 0)
'pe_10_10_inst/pe_gen[13].pe_inst/input_reg_b[6]' (pe.v:22) (optimized to 0)
'pe_10_10_inst/pe_gen[13].pe_inst/input_reg_b[7]' (pe.v:22) (optimized to 0)
'pe_10_10_inst/pe_gen[13].pe_inst/input_reg_b[8]' (pe.v:22) (optimized to 0)
'pe_10_10_inst/pe_gen[13].pe_inst/input_reg_b[9]' (pe.v:22) (optimized to 0)
'pe_10_10_inst/pe_gen[13].pe_inst/input_reg_b[10]' (pe.v:22) (optimized to 0)
'pe_10_10_inst/pe_gen[13].pe_inst/input_reg_b[11]' (pe.v:22) (optimized to 0)
'pe_10_10_inst/pe_gen[13].pe_inst/input_reg_b[12]' (pe.v:22) (optimized to 0)
'pe_10_10_inst/pe_gen[13].pe_inst/input_reg_b[13]' (pe.v:22) (optimized to 0)
'pe_10_10_inst/pe_gen[13].pe_inst/input_reg_b[14]' (pe.v:22) (optimized to 0)
'pe_10_10_inst/pe_gen[13].pe_inst/input_reg_b[15]' (pe.v:22) (optimized to 0)
'pe_10_10_inst/pe_gen[13].pe_inst/input_reg_b[16]' (pe.v:22) (optimized to 0)
'pe_10_10_inst/pe_gen[13].pe_inst/input_reg_b[17]' (pe.v:22) (optimized to 0)
'pe_10_10_inst/pe_gen[14].pe_inst/input_reg_b[1]' (pe.v:22) (optimized to 0)
'pe_10_10_inst/pe_gen[14].pe_inst/input_reg_b[2]' (pe.v:22) (optimized to 0)
'pe_10_10_inst/pe_gen[14].pe_inst/input_reg_b[3]' (pe.v:22) (optimized to 0)
'pe_10_10_inst/pe_gen[14].pe_inst/input_reg_b[4]' (pe.v:22) (optimized to 0)
'pe_10_10_inst/pe_gen[14].pe_inst/input_reg_b[5]' (pe.v:22) (optimized to 0)
'pe_10_10_inst/pe_gen[14].pe_inst/input_reg_b[6]' (pe.v:22) (optimized to 0)
'pe_10_10_inst/pe_gen[14].pe_inst/input_reg_b[7]' (pe.v:22) (optimized to 0)
'pe_10_10_inst/pe_gen[14].pe_inst/input_reg_b[8]' (pe.v:22) (optimized to 0)
'pe_10_10_inst/pe_gen[14].pe_inst/input_reg_b[9]' (pe.v:22) (optimized to 0)
'pe_10_10_inst/pe_gen[14].pe_inst/input_reg_b[10]' (pe.v:22) (optimized to 0)
'pe_10_10_inst/pe_gen[14].pe_inst/input_reg_b[11]' (pe.v:22) (optimized to 0)
'pe_10_10_inst/pe_gen[14].pe_inst/input_reg_b[12]' (pe.v:22) (optimized to 0)
'pe_10_10_inst/pe_gen[14].pe_inst/input_reg_b[13]' (pe.v:22) (optimized to 0)
'pe_10_10_inst/pe_gen[14].pe_inst/input_reg_b[14]' (pe.v:22) (optimized to 0)
'pe_10_10_inst/pe_gen[14].pe_inst/input_reg_b[15]' (pe.v:22) (optimized to 0)
'pe_10_10_inst/pe_gen[14].pe_inst/input_reg_b[16]' (pe.v:22) (optimized to 0)
'pe_10_10_inst/pe_gen[14].pe_inst/input_reg_b[17]' (pe.v:22) (optimized to 0)
'pe_10_10_inst/pe_gen[15].pe_inst/input_reg_b[1]' (pe.v:22) (optimized to 0)
'pe_10_10_inst/pe_gen[15].pe_inst/input_reg_b[2]' (pe.v:22) (optimized to 0)
'pe_10_10_inst/pe_gen[15].pe_inst/input_reg_b[3]' (pe.v:22) (optimized to 0)
'pe_10_10_inst/pe_gen[15].pe_inst/input_reg_b[4]' (pe.v:22) (optimized to 0)
'pe_10_10_inst/pe_gen[15].pe_inst/input_reg_b[5]' (pe.v:22) (optimized to 0)
'pe_10_10_inst/pe_gen[15].pe_inst/input_reg_b[6]' (pe.v:22) (optimized to 0)
'pe_10_10_inst/pe_gen[15].pe_inst/input_reg_b[7]' (pe.v:22) (optimized to 0)
'pe_10_10_inst/pe_gen[15].pe_inst/input_reg_b[8]' (pe.v:22) (optimized to 0)
'pe_10_10_inst/pe_gen[15].pe_inst/input_reg_b[9]' (pe.v:22) (optimized to 0)
'pe_10_10_inst/pe_gen[15].pe_inst/input_reg_b[10]' (pe.v:22) (optimized to 0)
'pe_10_10_inst/pe_gen[15].pe_inst/input_reg_b[11]' (pe.v:22) (optimized to 0)
'pe_10_10_inst/pe_gen[15].pe_inst/input_reg_b[12]' (pe.v:22) (optimized to 0)
'pe_10_10_inst/pe_gen[15].pe_inst/input_reg_b[13]' (pe.v:22) (optimized to 0)
'pe_10_10_inst/pe_gen[15].pe_inst/input_reg_b[14]' (pe.v:22) (optimized to 0)
'pe_10_10_inst/pe_gen[15].pe_inst/input_reg_b[15]' (pe.v:22) (optimized to 0)
'pe_10_10_inst/pe_gen[15].pe_inst/input_reg_b[16]' (pe.v:22) (optimized to 0)
'pe_10_10_inst/pe_gen[15].pe_inst/input_reg_b[17]' (pe.v:22) (optimized to 0)
'pe_10_10_inst/pe_gen[16].pe_inst/input_reg_b[1]' (pe.v:22) (optimized to 0)
'pe_10_10_inst/pe_gen[16].pe_inst/input_reg_b[2]' (pe.v:22) (optimized to 0)
'pe_10_10_inst/pe_gen[16].pe_inst/input_reg_b[3]' (pe.v:22) (optimized to 0)
'pe_10_10_inst/pe_gen[16].pe_inst/input_reg_b[4]' (pe.v:22) (optimized to 0)
'pe_10_10_inst/pe_gen[16].pe_inst/input_reg_b[5]' (pe.v:22) (optimized to 0)
'pe_10_10_inst/pe_gen[16].pe_inst/input_reg_b[6]' (pe.v:22) (optimized to 0)
'pe_10_10_inst/pe_gen[16].pe_inst/input_reg_b[7]' (pe.v:22) (optimized to 0)
'pe_10_10_inst/pe_gen[16].pe_inst/input_reg_b[8]' (pe.v:22) (optimized to 0)
'pe_10_10_inst/pe_gen[16].pe_inst/input_reg_b[9]' (pe.v:22) (optimized to 0)
'pe_10_10_inst/pe_gen[16].pe_inst/input_reg_b[10]' (pe.v:22) (optimized to 0)
'pe_10_10_inst/pe_gen[16].pe_inst/input_reg_b[11]' (pe.v:22) (optimized to 0)
'pe_10_10_inst/pe_gen[16].pe_inst/input_reg_b[12]' (pe.v:22) (optimized to 0)
'pe_10_10_inst/pe_gen[16].pe_inst/input_reg_b[13]' (pe.v:22) (optimized to 0)
'pe_10_10_inst/pe_gen[16].pe_inst/input_reg_b[14]' (pe.v:22) (optimized to 0)
'pe_10_10_inst/pe_gen[16].pe_inst/input_reg_b[15]' (pe.v:22) (optimized to 0)
'pe_10_10_inst/pe_gen[16].pe_inst/input_reg_b[16]' (pe.v:22) (optimized to 0)
'pe_10_10_inst/pe_gen[16].pe_inst/input_reg_b[17]' (pe.v:22) (optimized to 0)
'pe_10_10_inst/pe_gen[17].pe_inst/input_reg_b[1]' (pe.v:22) (optimized to 0)
'pe_10_10_inst/pe_gen[17].pe_inst/input_reg_b[2]' (pe.v:22) (optimized to 0)
'pe_10_10_inst/pe_gen[17].pe_inst/input_reg_b[3]' (pe.v:22) (optimized to 0)
'pe_10_10_inst/pe_gen[17].pe_inst/input_reg_b[4]' (pe.v:22) (optimized to 0)
'pe_10_10_inst/pe_gen[17].pe_inst/input_reg_b[5]' (pe.v:22) (optimized to 0)
'pe_10_10_inst/pe_gen[17].pe_inst/input_reg_b[6]' (pe.v:22) (optimized to 0)
'pe_10_10_inst/pe_gen[17].pe_inst/input_reg_b[7]' (pe.v:22) (optimized to 0)
'pe_10_10_inst/pe_gen[17].pe_inst/input_reg_b[8]' (pe.v:22) (optimized to 0)
'pe_10_10_inst/pe_gen[17].pe_inst/input_reg_b[9]' (pe.v:22) (optimized to 0)
'pe_10_10_inst/pe_gen[17].pe_inst/input_reg_b[10]' (pe.v:22) (optimized to 0)
'pe_10_10_inst/pe_gen[17].pe_inst/input_reg_b[11]' (pe.v:22) (optimized to 0)
'pe_10_10_inst/pe_gen[17].pe_inst/input_reg_b[12]' (pe.v:22) (optimized to 0)
'pe_10_10_inst/pe_gen[17].pe_inst/input_reg_b[13]' (pe.v:22) (optimized to 0)
'pe_10_10_inst/pe_gen[17].pe_inst/input_reg_b[14]' (pe.v:22) (optimized to 0)
'pe_10_10_inst/pe_gen[17].pe_inst/input_reg_b[15]' (pe.v:22) (optimized to 0)
'pe_10_10_inst/pe_gen[17].pe_inst/input_reg_b[16]' (pe.v:22) (optimized to 0)
'pe_10_10_inst/pe_gen[17].pe_inst/input_reg_b[17]' (pe.v:22) (optimized to 0)
'pe_10_10_inst/pe_gen[18].pe_inst/input_reg_b[1]' (pe.v:22) (optimized to 0)
'pe_10_10_inst/pe_gen[18].pe_inst/input_reg_b[2]' (pe.v:22) (optimized to 0)
'pe_10_10_inst/pe_gen[18].pe_inst/input_reg_b[3]' (pe.v:22) (optimized to 0)
'pe_10_10_inst/pe_gen[18].pe_inst/input_reg_b[4]' (pe.v:22) (optimized to 0)
'pe_10_10_inst/pe_gen[18].pe_inst/input_reg_b[5]' (pe.v:22) (optimized to 0)
'pe_10_10_inst/pe_gen[18].pe_inst/input_reg_b[6]' (pe.v:22) (optimized to 0)
'pe_10_10_inst/pe_gen[18].pe_inst/input_reg_b[7]' (pe.v:22) (optimized to 0)
'pe_10_10_inst/pe_gen[18].pe_inst/input_reg_b[8]' (pe.v:22) (optimized to 0)
'pe_10_10_inst/pe_gen[18].pe_inst/input_reg_b[9]' (pe.v:22) (optimized to 0)
'pe_10_10_inst/pe_gen[18].pe_inst/input_reg_b[10]' (pe.v:22) (optimized to 0)
'pe_10_10_inst/pe_gen[18].pe_inst/input_reg_b[11]' (pe.v:22) (optimized to 0)
'pe_10_10_inst/pe_gen[18].pe_inst/input_reg_b[12]' (pe.v:22) (optimized to 0)
'pe_10_10_inst/pe_gen[18].pe_inst/input_reg_b[13]' (pe.v:22) (optimized to 0)
'pe_10_10_inst/pe_gen[18].pe_inst/input_reg_b[14]' (pe.v:22) (optimized to 0)
'pe_10_10_inst/pe_gen[18].pe_inst/input_reg_b[15]' (pe.v:22) (optimized to 0)
'pe_10_10_inst/pe_gen[18].pe_inst/input_reg_b[16]' (pe.v:22) (optimized to 0)
'pe_10_10_inst/pe_gen[18].pe_inst/input_reg_b[17]' (pe.v:22) (optimized to 0)
'pe_10_10_inst/pe_gen[19].pe_inst/input_reg_b[1]' (pe.v:22) (optimized to 0)
'pe_10_10_inst/pe_gen[19].pe_inst/input_reg_b[2]' (pe.v:22) (optimized to 0)
'pe_10_10_inst/pe_gen[19].pe_inst/input_reg_b[3]' (pe.v:22) (optimized to 0)
'pe_10_10_inst/pe_gen[19].pe_inst/input_reg_b[4]' (pe.v:22) (optimized to 0)
'pe_10_10_inst/pe_gen[19].pe_inst/input_reg_b[5]' (pe.v:22) (optimized to 0)
'pe_10_10_inst/pe_gen[19].pe_inst/input_reg_b[6]' (pe.v:22) (optimized to 0)
'pe_10_10_inst/pe_gen[19].pe_inst/input_reg_b[7]' (pe.v:22) (optimized to 0)
'pe_10_10_inst/pe_gen[19].pe_inst/input_reg_b[8]' (pe.v:22) (optimized to 0)
'pe_10_10_inst/pe_gen[19].pe_inst/input_reg_b[9]' (pe.v:22) (optimized to 0)
'pe_10_10_inst/pe_gen[19].pe_inst/input_reg_b[10]' (pe.v:22) (optimized to 0)
'pe_10_10_inst/pe_gen[19].pe_inst/input_reg_b[11]' (pe.v:22) (optimized to 0)
'pe_10_10_inst/pe_gen[19].pe_inst/input_reg_b[12]' (pe.v:22) (optimized to 0)
'pe_10_10_inst/pe_gen[19].pe_inst/input_reg_b[13]' (pe.v:22) (optimized to 0)
'pe_10_10_inst/pe_gen[19].pe_inst/input_reg_b[14]' (pe.v:22) (optimized to 0)
'pe_10_10_inst/pe_gen[19].pe_inst/input_reg_b[15]' (pe.v:22) (optimized to 0)
'pe_10_10_inst/pe_gen[19].pe_inst/input_reg_b[16]' (pe.v:22) (optimized to 0)
'pe_10_10_inst/pe_gen[19].pe_inst/input_reg_b[17]' (pe.v:22) (optimized to 0)
'pe_10_10_inst/pe_gen[20].pe_inst/input_reg_b[1]' (pe.v:22) (optimized to 0)
'pe_10_10_inst/pe_gen[20].pe_inst/input_reg_b[2]' (pe.v:22) (optimized to 0)
'pe_10_10_inst/pe_gen[20].pe_inst/input_reg_b[3]' (pe.v:22) (optimized to 0)
'pe_10_10_inst/pe_gen[20].pe_inst/input_reg_b[4]' (pe.v:22) (optimized to 0)
'pe_10_10_inst/pe_gen[20].pe_inst/input_reg_b[5]' (pe.v:22) (optimized to 0)
'pe_10_10_inst/pe_gen[20].pe_inst/input_reg_b[6]' (pe.v:22) (optimized to 0)
'pe_10_10_inst/pe_gen[20].pe_inst/input_reg_b[7]' (pe.v:22) (optimized to 0)
'pe_10_10_inst/pe_gen[20].pe_inst/input_reg_b[8]' (pe.v:22) (optimized to 0)
'pe_10_10_inst/pe_gen[20].pe_inst/input_reg_b[9]' (pe.v:22) (optimized to 0)
'pe_10_10_inst/pe_gen[20].pe_inst/input_reg_b[10]' (pe.v:22) (optimized to 0)
'pe_10_10_inst/pe_gen[20].pe_inst/input_reg_b[11]' (pe.v:22) (optimized to 0)
'pe_10_10_inst/pe_gen[20].pe_inst/input_reg_b[12]' (pe.v:22) (optimized to 0)
'pe_10_10_inst/pe_gen[20].pe_inst/input_reg_b[13]' (pe.v:22) (optimized to 0)
'pe_10_10_inst/pe_gen[20].pe_inst/input_reg_b[14]' (pe.v:22) (optimized to 0)
'pe_10_10_inst/pe_gen[20].pe_inst/input_reg_b[15]' (pe.v:22) (optimized to 0)
'pe_10_10_inst/pe_gen[20].pe_inst/input_reg_b[16]' (pe.v:22) (optimized to 0)
'pe_10_10_inst/pe_gen[20].pe_inst/input_reg_b[17]' (pe.v:22) (optimized to 0)
'pe_10_10_inst/pe_gen[21].pe_inst/input_reg_b[1]' (pe.v:22) (optimized to 0)
'pe_10_10_inst/pe_gen[21].pe_inst/input_reg_b[2]' (pe.v:22) (optimized to 0)
'pe_10_10_inst/pe_gen[21].pe_inst/input_reg_b[3]' (pe.v:22) (optimized to 0)
'pe_10_10_inst/pe_gen[21].pe_inst/input_reg_b[4]' (pe.v:22) (optimized to 0)
'pe_10_10_inst/pe_gen[21].pe_inst/input_reg_b[5]' (pe.v:22) (optimized to 0)
'pe_10_10_inst/pe_gen[21].pe_inst/input_reg_b[6]' (pe.v:22) (optimized to 0)
'pe_10_10_inst/pe_gen[21].pe_inst/input_reg_b[7]' (pe.v:22) (optimized to 0)
'pe_10_10_inst/pe_gen[21].pe_inst/input_reg_b[8]' (pe.v:22) (optimized to 0)
'pe_10_10_inst/pe_gen[21].pe_inst/input_reg_b[9]' (pe.v:22) (optimized to 0)
'pe_10_10_inst/pe_gen[21].pe_inst/input_reg_b[10]' (pe.v:22) (optimized to 0)
'pe_10_10_inst/pe_gen[21].pe_inst/input_reg_b[11]' (pe.v:22) (optimized to 0)
'pe_10_10_inst/pe_gen[21].pe_inst/input_reg_b[12]' (pe.v:22) (optimized to 0)
'pe_10_10_inst/pe_gen[21].pe_inst/input_reg_b[13]' (pe.v:22) (optimized to 0)
'pe_10_10_inst/pe_gen[21].pe_inst/input_reg_b[14]' (pe.v:22) (optimized to 0)
'pe_10_10_inst/pe_gen[21].pe_inst/input_reg_b[15]' (pe.v:22) (optimized to 0)
'pe_10_10_inst/pe_gen[21].pe_inst/input_reg_b[16]' (pe.v:22) (optimized to 0)
'pe_10_10_inst/pe_gen[21].pe_inst/input_reg_b[17]' (pe.v:22) (optimized to 0)
'pe_10_10_inst/pe_gen[22].pe_inst/input_reg_b[1]' (pe.v:22) (optimized to 0)
'pe_10_10_inst/pe_gen[22].pe_inst/input_reg_b[2]' (pe.v:22) (optimized to 0)
'pe_10_10_inst/pe_gen[22].pe_inst/input_reg_b[3]' (pe.v:22) (optimized to 0)
'pe_10_10_inst/pe_gen[22].pe_inst/input_reg_b[4]' (pe.v:22) (optimized to 0)
'pe_10_10_inst/pe_gen[22].pe_inst/input_reg_b[5]' (pe.v:22) (optimized to 0)
'pe_10_10_inst/pe_gen[22].pe_inst/input_reg_b[6]' (pe.v:22) (optimized to 0)
'pe_10_10_inst/pe_gen[22].pe_inst/input_reg_b[7]' (pe.v:22) (optimized to 0)
'pe_10_10_inst/pe_gen[22].pe_inst/input_reg_b[8]' (pe.v:22) (optimized to 0)
'pe_10_10_inst/pe_gen[22].pe_inst/input_reg_b[9]' (pe.v:22) (optimized to 0)
'pe_10_10_inst/pe_gen[22].pe_inst/input_reg_b[10]' (pe.v:22) (optimized to 0)
'pe_10_10_inst/pe_gen[22].pe_inst/input_reg_b[11]' (pe.v:22) (optimized to 0)
'pe_10_10_inst/pe_gen[22].pe_inst/input_reg_b[12]' (pe.v:22) (optimized to 0)
'pe_10_10_inst/pe_gen[22].pe_inst/input_reg_b[13]' (pe.v:22) (optimized to 0)
'pe_10_10_inst/pe_gen[22].pe_inst/input_reg_b[14]' (pe.v:22) (optimized to 0)
'pe_10_10_inst/pe_gen[22].pe_inst/input_reg_b[15]' (pe.v:22) (optimized to 0)
'pe_10_10_inst/pe_gen[22].pe_inst/input_reg_b[16]' (pe.v:22) (optimized to 0)
'pe_10_10_inst/pe_gen[22].pe_inst/input_reg_b[17]' (pe.v:22) (optimized to 0)
'pe_10_10_inst/pe_gen[23].pe_inst/input_reg_b[1]' (pe.v:22) (optimized to 0)
'pe_10_10_inst/pe_gen[23].pe_inst/input_reg_b[2]' (pe.v:22) (optimized to 0)
'pe_10_10_inst/pe_gen[23].pe_inst/input_reg_b[3]' (pe.v:22) (optimized to 0)
'pe_10_10_inst/pe_gen[23].pe_inst/input_reg_b[4]' (pe.v:22) (optimized to 0)
'pe_10_10_inst/pe_gen[23].pe_inst/input_reg_b[5]' (pe.v:22) (optimized to 0)
'pe_10_10_inst/pe_gen[23].pe_inst/input_reg_b[6]' (pe.v:22) (optimized to 0)
'pe_10_10_inst/pe_gen[23].pe_inst/input_reg_b[7]' (pe.v:22) (optimized to 0)
'pe_10_10_inst/pe_gen[23].pe_inst/input_reg_b[8]' (pe.v:22) (optimized to 0)
'pe_10_10_inst/pe_gen[23].pe_inst/input_reg_b[9]' (pe.v:22) (optimized to 0)
'pe_10_10_inst/pe_gen[23].pe_inst/input_reg_b[10]' (pe.v:22) (optimized to 0)
'pe_10_10_inst/pe_gen[23].pe_inst/input_reg_b[11]' (pe.v:22) (optimized to 0)
'pe_10_10_inst/pe_gen[23].pe_inst/input_reg_b[12]' (pe.v:22) (optimized to 0)
'pe_10_10_inst/pe_gen[23].pe_inst/input_reg_b[13]' (pe.v:22) (optimized to 0)
'pe_10_10_inst/pe_gen[23].pe_inst/input_reg_b[14]' (pe.v:22) (optimized to 0)
'pe_10_10_inst/pe_gen[23].pe_inst/input_reg_b[15]' (pe.v:22) (optimized to 0)
'pe_10_10_inst/pe_gen[23].pe_inst/input_reg_b[16]' (pe.v:22) (optimized to 0)
'pe_10_10_inst/pe_gen[23].pe_inst/input_reg_b[17]' (pe.v:22) (optimized to 0)
'pe_10_10_inst/pe_gen[24].pe_inst/input_reg_b[1]' (pe.v:22) (optimized to 0)
'pe_10_10_inst/pe_gen[24].pe_inst/input_reg_b[2]' (pe.v:22) (optimized to 0)
'pe_10_10_inst/pe_gen[24].pe_inst/input_reg_b[3]' (pe.v:22) (optimized to 0)
'pe_10_10_inst/pe_gen[24].pe_inst/input_reg_b[4]' (pe.v:22) (optimized to 0)
'pe_10_10_inst/pe_gen[24].pe_inst/input_reg_b[5]' (pe.v:22) (optimized to 0)
'pe_10_10_inst/pe_gen[24].pe_inst/input_reg_b[6]' (pe.v:22) (optimized to 0)
'pe_10_10_inst/pe_gen[24].pe_inst/input_reg_b[7]' (pe.v:22) (optimized to 0)
'pe_10_10_inst/pe_gen[24].pe_inst/input_reg_b[8]' (pe.v:22) (optimized to 0)
'pe_10_10_inst/pe_gen[24].pe_inst/input_reg_b[9]' (pe.v:22) (optimized to 0)
'pe_10_10_inst/pe_gen[24].pe_inst/input_reg_b[10]' (pe.v:22) (optimized to 0)
'pe_10_10_inst/pe_gen[24].pe_inst/input_reg_b[11]' (pe.v:22) (optimized to 0)
'pe_10_10_inst/pe_gen[24].pe_inst/input_reg_b[12]' (pe.v:22) (optimized to 0)
'pe_10_10_inst/pe_gen[24].pe_inst/input_reg_b[13]' (pe.v:22) (optimized to 0)
'pe_10_10_inst/pe_gen[24].pe_inst/input_reg_b[14]' (pe.v:22) (optimized to 0)
'pe_10_10_inst/pe_gen[24].pe_inst/input_reg_b[15]' (pe.v:22) (optimized to 0)
'pe_10_10_inst/pe_gen[24].pe_inst/input_reg_b[16]' (pe.v:22) (optimized to 0)
'pe_10_10_inst/pe_gen[24].pe_inst/input_reg_b[17]' (pe.v:22) (optimized to 0)
'pe_10_10_inst/pe_gen[25].pe_inst/input_reg_b[1]' (pe.v:22) (optimized to 0)
'pe_10_10_inst/pe_gen[25].pe_inst/input_reg_b[2]' (pe.v:22) (optimized to 0)
'pe_10_10_inst/pe_gen[25].pe_inst/input_reg_b[3]' (pe.v:22) (optimized to 0)
'pe_10_10_inst/pe_gen[25].pe_inst/input_reg_b[4]' (pe.v:22) (optimized to 0)
'pe_10_10_inst/pe_gen[25].pe_inst/input_reg_b[5]' (pe.v:22) (optimized to 0)
'pe_10_10_inst/pe_gen[25].pe_inst/input_reg_b[6]' (pe.v:22) (optimized to 0)
'pe_10_10_inst/pe_gen[25].pe_inst/input_reg_b[7]' (pe.v:22) (optimized to 0)
'pe_10_10_inst/pe_gen[25].pe_inst/input_reg_b[8]' (pe.v:22) (optimized to 0)
'pe_10_10_inst/pe_gen[25].pe_inst/input_reg_b[9]' (pe.v:22) (optimized to 0)
'pe_10_10_inst/pe_gen[25].pe_inst/input_reg_b[10]' (pe.v:22) (optimized to 0)
'pe_10_10_inst/pe_gen[25].pe_inst/input_reg_b[11]' (pe.v:22) (optimized to 0)
'pe_10_10_inst/pe_gen[25].pe_inst/input_reg_b[12]' (pe.v:22) (optimized to 0)
'pe_10_10_inst/pe_gen[25].pe_inst/input_reg_b[13]' (pe.v:22) (optimized to 0)
'pe_10_10_inst/pe_gen[25].pe_inst/input_reg_b[14]' (pe.v:22) (optimized to 0)
'pe_10_10_inst/pe_gen[25].pe_inst/input_reg_b[15]' (pe.v:22) (optimized to 0)
'pe_10_10_inst/pe_gen[25].pe_inst/input_reg_b[16]' (pe.v:22) (optimized to 0)
'pe_10_10_inst/pe_gen[25].pe_inst/input_reg_b[17]' (pe.v:22) (optimized to 0)
'pe_10_10_inst/pe_gen[26].pe_inst/input_reg_b[1]' (pe.v:22) (optimized to 0)
'pe_10_10_inst/pe_gen[26].pe_inst/input_reg_b[2]' (pe.v:22) (optimized to 0)
'pe_10_10_inst/pe_gen[26].pe_inst/input_reg_b[3]' (pe.v:22) (optimized to 0)
'pe_10_10_inst/pe_gen[26].pe_inst/input_reg_b[4]' (pe.v:22) (optimized to 0)
'pe_10_10_inst/pe_gen[26].pe_inst/input_reg_b[5]' (pe.v:22) (optimized to 0)
'pe_10_10_inst/pe_gen[26].pe_inst/input_reg_b[6]' (pe.v:22) (optimized to 0)
'pe_10_10_inst/pe_gen[26].pe_inst/input_reg_b[7]' (pe.v:22) (optimized to 0)
'pe_10_10_inst/pe_gen[26].pe_inst/input_reg_b[8]' (pe.v:22) (optimized to 0)
'pe_10_10_inst/pe_gen[26].pe_inst/input_reg_b[9]' (pe.v:22) (optimized to 0)
'pe_10_10_inst/pe_gen[26].pe_inst/input_reg_b[10]' (pe.v:22) (optimized to 0)
'pe_10_10_inst/pe_gen[26].pe_inst/input_reg_b[11]' (pe.v:22) (optimized to 0)
'pe_10_10_inst/pe_gen[26].pe_inst/input_reg_b[12]' (pe.v:22) (optimized to 0)
'pe_10_10_inst/pe_gen[26].pe_inst/input_reg_b[13]' (pe.v:22) (optimized to 0)
'pe_10_10_inst/pe_gen[26].pe_inst/input_reg_b[14]' (pe.v:22) (optimized to 0)
'pe_10_10_inst/pe_gen[26].pe_inst/input_reg_b[15]' (pe.v:22) (optimized to 0)
'pe_10_10_inst/pe_gen[26].pe_inst/input_reg_b[16]' (pe.v:22) (optimized to 0)
'pe_10_10_inst/pe_gen[26].pe_inst/input_reg_b[17]' (pe.v:22) (optimized to 0)
'pe_10_10_inst/pe_gen[27].pe_inst/input_reg_b[1]' (pe.v:22) (optimized to 0)
'pe_10_10_inst/pe_gen[27].pe_inst/input_reg_b[2]' (pe.v:22) (optimized to 0)
'pe_10_10_inst/pe_gen[27].pe_inst/input_reg_b[3]' (pe.v:22) (optimized to 0)
'pe_10_10_inst/pe_gen[27].pe_inst/input_reg_b[4]' (pe.v:22) (optimized to 0)
'pe_10_10_inst/pe_gen[27].pe_inst/input_reg_b[5]' (pe.v:22) (optimized to 0)
'pe_10_10_inst/pe_gen[27].pe_inst/input_reg_b[6]' (pe.v:22) (optimized to 0)
'pe_10_10_inst/pe_gen[27].pe_inst/input_reg_b[7]' (pe.v:22) (optimized to 0)
'pe_10_10_inst/pe_gen[27].pe_inst/input_reg_b[8]' (pe.v:22) (optimized to 0)
'pe_10_10_inst/pe_gen[27].pe_inst/input_reg_b[9]' (pe.v:22) (optimized to 0)
'pe_10_10_inst/pe_gen[27].pe_inst/input_reg_b[10]' (pe.v:22) (optimized to 0)
'pe_10_10_inst/pe_gen[27].pe_inst/input_reg_b[11]' (pe.v:22) (optimized to 0)
'pe_10_10_inst/pe_gen[27].pe_inst/input_reg_b[12]' (pe.v:22) (optimized to 0)
'pe_10_10_inst/pe_gen[27].pe_inst/input_reg_b[13]' (pe.v:22) (optimized to 0)
'pe_10_10_inst/pe_gen[27].pe_inst/input_reg_b[14]' (pe.v:22) (optimized to 0)
'pe_10_10_inst/pe_gen[27].pe_inst/input_reg_b[15]' (pe.v:22) (optimized to 0)
'pe_10_10_inst/pe_gen[27].pe_inst/input_reg_b[16]' (pe.v:22) (optimized to 0)
'pe_10_10_inst/pe_gen[27].pe_inst/input_reg_b[17]' (pe.v:22) (optimized to 0)
'pe_10_10_inst/pe_gen[28].pe_inst/input_reg_b[1]' (pe.v:22) (optimized to 0)
'pe_10_10_inst/pe_gen[28].pe_inst/input_reg_b[2]' (pe.v:22) (optimized to 0)
'pe_10_10_inst/pe_gen[28].pe_inst/input_reg_b[3]' (pe.v:22) (optimized to 0)
'pe_10_10_inst/pe_gen[28].pe_inst/input_reg_b[4]' (pe.v:22) (optimized to 0)
'pe_10_10_inst/pe_gen[28].pe_inst/input_reg_b[5]' (pe.v:22) (optimized to 0)
'pe_10_10_inst/pe_gen[28].pe_inst/input_reg_b[6]' (pe.v:22) (optimized to 0)
'pe_10_10_inst/pe_gen[28].pe_inst/input_reg_b[7]' (pe.v:22) (optimized to 0)
'pe_10_10_inst/pe_gen[28].pe_inst/input_reg_b[8]' (pe.v:22) (optimized to 0)
'pe_10_10_inst/pe_gen[28].pe_inst/input_reg_b[9]' (pe.v:22) (optimized to 0)
'pe_10_10_inst/pe_gen[28].pe_inst/input_reg_b[10]' (pe.v:22) (optimized to 0)
'pe_10_10_inst/pe_gen[28].pe_inst/input_reg_b[11]' (pe.v:22) (optimized to 0)
'pe_10_10_inst/pe_gen[28].pe_inst/input_reg_b[12]' (pe.v:22) (optimized to 0)
'pe_10_10_inst/pe_gen[28].pe_inst/input_reg_b[13]' (pe.v:22) (optimized to 0)
'pe_10_10_inst/pe_gen[28].pe_inst/input_reg_b[14]' (pe.v:22) (optimized to 0)
'pe_10_10_inst/pe_gen[28].pe_inst/input_reg_b[15]' (pe.v:22) (optimized to 0)
'pe_10_10_inst/pe_gen[28].pe_inst/input_reg_b[16]' (pe.v:22) (optimized to 0)
'pe_10_10_inst/pe_gen[28].pe_inst/input_reg_b[17]' (pe.v:22) (optimized to 0)
'pe_10_10_inst/pe_gen[29].pe_inst/input_reg_b[1]' (pe.v:22) (optimized to 0)
'pe_10_10_inst/pe_gen[29].pe_inst/input_reg_b[2]' (pe.v:22) (optimized to 0)
'pe_10_10_inst/pe_gen[29].pe_inst/input_reg_b[3]' (pe.v:22) (optimized to 0)
'pe_10_10_inst/pe_gen[29].pe_inst/input_reg_b[4]' (pe.v:22) (optimized to 0)
'pe_10_10_inst/pe_gen[29].pe_inst/input_reg_b[5]' (pe.v:22) (optimized to 0)
'pe_10_10_inst/pe_gen[29].pe_inst/input_reg_b[6]' (pe.v:22) (optimized to 0)
'pe_10_10_inst/pe_gen[29].pe_inst/input_reg_b[7]' (pe.v:22) (optimized to 0)
'pe_10_10_inst/pe_gen[29].pe_inst/input_reg_b[8]' (pe.v:22) (optimized to 0)
'pe_10_10_inst/pe_gen[29].pe_inst/input_reg_b[9]' (pe.v:22) (optimized to 0)
'pe_10_10_inst/pe_gen[29].pe_inst/input_reg_b[10]' (pe.v:22) (optimized to 0)
'pe_10_10_inst/pe_gen[29].pe_inst/input_reg_b[11]' (pe.v:22) (optimized to 0)
'pe_10_10_inst/pe_gen[29].pe_inst/input_reg_b[12]' (pe.v:22) (optimized to 0)
'pe_10_10_inst/pe_gen[29].pe_inst/input_reg_b[13]' (pe.v:22) (optimized to 0)
'pe_10_10_inst/pe_gen[29].pe_inst/input_reg_b[14]' (pe.v:22) (optimized to 0)
'pe_10_10_inst/pe_gen[29].pe_inst/input_reg_b[15]' (pe.v:22) (optimized to 0)
'pe_10_10_inst/pe_gen[29].pe_inst/input_reg_b[16]' (pe.v:22) (optimized to 0)
'pe_10_10_inst/pe_gen[29].pe_inst/input_reg_b[17]' (pe.v:22) (optimized to 0)
'pe_10_10_inst/pe_gen[30].pe_inst/input_reg_b[1]' (pe.v:22) (optimized to 0)
'pe_10_10_inst/pe_gen[30].pe_inst/input_reg_b[2]' (pe.v:22) (optimized to 0)
'pe_10_10_inst/pe_gen[30].pe_inst/input_reg_b[3]' (pe.v:22) (optimized to 0)
'pe_10_10_inst/pe_gen[30].pe_inst/input_reg_b[4]' (pe.v:22) (optimized to 0)
'pe_10_10_inst/pe_gen[30].pe_inst/input_reg_b[5]' (pe.v:22) (optimized to 0)
'pe_10_10_inst/pe_gen[30].pe_inst/input_reg_b[6]' (pe.v:22) (optimized to 0)
'pe_10_10_inst/pe_gen[30].pe_inst/input_reg_b[7]' (pe.v:22) (optimized to 0)
'pe_10_10_inst/pe_gen[30].pe_inst/input_reg_b[8]' (pe.v:22) (optimized to 0)
'pe_10_10_inst/pe_gen[30].pe_inst/input_reg_b[9]' (pe.v:22) (optimized to 0)
'pe_10_10_inst/pe_gen[30].pe_inst/input_reg_b[10]' (pe.v:22) (optimized to 0)
'pe_10_10_inst/pe_gen[30].pe_inst/input_reg_b[11]' (pe.v:22) (optimized to 0)
'pe_10_10_inst/pe_gen[30].pe_inst/input_reg_b[12]' (pe.v:22) (optimized to 0)
'pe_10_10_inst/pe_gen[30].pe_inst/input_reg_b[13]' (pe.v:22) (optimized to 0)
'pe_10_10_inst/pe_gen[30].pe_inst/input_reg_b[14]' (pe.v:22) (optimized to 0)
'pe_10_10_inst/pe_gen[30].pe_inst/input_reg_b[15]' (pe.v:22) (optimized to 0)
'pe_10_10_inst/pe_gen[30].pe_inst/input_reg_b[16]' (pe.v:22) (optimized to 0)
'pe_10_10_inst/pe_gen[30].pe_inst/input_reg_b[17]' (pe.v:22) (optimized to 0)
'pe_10_10_inst/pe_gen[31].pe_inst/input_reg_b[1]' (pe.v:22) (optimized to 0)
'pe_10_10_inst/pe_gen[31].pe_inst/input_reg_b[2]' (pe.v:22) (optimized to 0)
'pe_10_10_inst/pe_gen[31].pe_inst/input_reg_b[3]' (pe.v:22) (optimized to 0)
'pe_10_10_inst/pe_gen[31].pe_inst/input_reg_b[4]' (pe.v:22) (optimized to 0)
'pe_10_10_inst/pe_gen[31].pe_inst/input_reg_b[5]' (pe.v:22) (optimized to 0)
'pe_10_10_inst/pe_gen[31].pe_inst/input_reg_b[6]' (pe.v:22) (optimized to 0)
'pe_10_10_inst/pe_gen[31].pe_inst/input_reg_b[7]' (pe.v:22) (optimized to 0)
'pe_10_10_inst/pe_gen[31].pe_inst/input_reg_b[8]' (pe.v:22) (optimized to 0)
'pe_10_10_inst/pe_gen[31].pe_inst/input_reg_b[9]' (pe.v:22) (optimized to 0)
'pe_10_10_inst/pe_gen[31].pe_inst/input_reg_b[10]' (pe.v:22) (optimized to 0)
'pe_10_10_inst/pe_gen[31].pe_inst/input_reg_b[11]' (pe.v:22) (optimized to 0)
'pe_10_10_inst/pe_gen[31].pe_inst/input_reg_b[12]' (pe.v:22) (optimized to 0)
'pe_10_10_inst/pe_gen[31].pe_inst/input_reg_b[13]' (pe.v:22) (optimized to 0)
'pe_10_10_inst/pe_gen[31].pe_inst/input_reg_b[14]' (pe.v:22) (optimized to 0)
'pe_10_10_inst/pe_gen[31].pe_inst/input_reg_b[15]' (pe.v:22) (optimized to 0)
'pe_10_10_inst/pe_gen[31].pe_inst/input_reg_b[16]' (pe.v:22) (optimized to 0)
'pe_10_10_inst/pe_gen[31].pe_inst/input_reg_b[17]' (pe.v:22) (optimized to 0)
'pe_10_10_inst/pe_gen[32].pe_inst/input_reg_b[1]' (pe.v:22) (optimized to 0)
'pe_10_10_inst/pe_gen[32].pe_inst/input_reg_b[2]' (pe.v:22) (optimized to 0)
'pe_10_10_inst/pe_gen[32].pe_inst/input_reg_b[3]' (pe.v:22) (optimized to 0)
'pe_10_10_inst/pe_gen[32].pe_inst/input_reg_b[4]' (pe.v:22) (optimized to 0)
'pe_10_10_inst/pe_gen[32].pe_inst/input_reg_b[5]' (pe.v:22) (optimized to 0)
'pe_10_10_inst/pe_gen[32].pe_inst/input_reg_b[6]' (pe.v:22) (optimized to 0)
'pe_10_10_inst/pe_gen[32].pe_inst/input_reg_b[7]' (pe.v:22) (optimized to 0)
'pe_10_10_inst/pe_gen[32].pe_inst/input_reg_b[8]' (pe.v:22) (optimized to 0)
'pe_10_10_inst/pe_gen[32].pe_inst/input_reg_b[9]' (pe.v:22) (optimized to 0)
'pe_10_10_inst/pe_gen[32].pe_inst/input_reg_b[10]' (pe.v:22) (optimized to 0)
'pe_10_10_inst/pe_gen[32].pe_inst/input_reg_b[11]' (pe.v:22) (optimized to 0)
'pe_10_10_inst/pe_gen[32].pe_inst/input_reg_b[12]' (pe.v:22) (optimized to 0)
'pe_10_10_inst/pe_gen[32].pe_inst/input_reg_b[13]' (pe.v:22) (optimized to 0)
'pe_10_10_inst/pe_gen[32].pe_inst/input_reg_b[14]' (pe.v:22) (optimized to 0)
'pe_10_10_inst/pe_gen[32].pe_inst/input_reg_b[15]' (pe.v:22) (optimized to 0)
'pe_10_10_inst/pe_gen[32].pe_inst/input_reg_b[16]' (pe.v:22) (optimized to 0)
'pe_10_10_inst/pe_gen[32].pe_inst/input_reg_b[17]' (pe.v:22) (optimized to 0)
'pe_10_10_inst/pe_gen[33].pe_inst/input_reg_b[1]' (pe.v:22) (optimized to 0)
'pe_10_10_inst/pe_gen[33].pe_inst/input_reg_b[2]' (pe.v:22) (optimized to 0)
'pe_10_10_inst/pe_gen[33].pe_inst/input_reg_b[3]' (pe.v:22) (optimized to 0)
'pe_10_10_inst/pe_gen[33].pe_inst/input_reg_b[4]' (pe.v:22) (optimized to 0)
'pe_10_10_inst/pe_gen[33].pe_inst/input_reg_b[5]' (pe.v:22) (optimized to 0)
'pe_10_10_inst/pe_gen[33].pe_inst/input_reg_b[6]' (pe.v:22) (optimized to 0)
'pe_10_10_inst/pe_gen[33].pe_inst/input_reg_b[7]' (pe.v:22) (optimized to 0)
'pe_10_10_inst/pe_gen[33].pe_inst/input_reg_b[8]' (pe.v:22) (optimized to 0)
'pe_10_10_inst/pe_gen[33].pe_inst/input_reg_b[9]' (pe.v:22) (optimized to 0)
'pe_10_10_inst/pe_gen[33].pe_inst/input_reg_b[10]' (pe.v:22) (optimized to 0)
'pe_10_10_inst/pe_gen[33].pe_inst/input_reg_b[11]' (pe.v:22) (optimized to 0)
'pe_10_10_inst/pe_gen[33].pe_inst/input_reg_b[12]' (pe.v:22) (optimized to 0)
'pe_10_10_inst/pe_gen[33].pe_inst/input_reg_b[13]' (pe.v:22) (optimized to 0)
'pe_10_10_inst/pe_gen[33].pe_inst/input_reg_b[14]' (pe.v:22) (optimized to 0)
'pe_10_10_inst/pe_gen[33].pe_inst/input_reg_b[15]' (pe.v:22) (optimized to 0)
'pe_10_10_inst/pe_gen[33].pe_inst/input_reg_b[16]' (pe.v:22) (optimized to 0)
'pe_10_10_inst/pe_gen[33].pe_inst/input_reg_b[17]' (pe.v:22) (optimized to 0)
'pe_10_10_inst/pe_gen[34].pe_inst/input_reg_b[1]' (pe.v:22) (optimized to 0)
'pe_10_10_inst/pe_gen[34].pe_inst/input_reg_b[2]' (pe.v:22) (optimized to 0)
'pe_10_10_inst/pe_gen[34].pe_inst/input_reg_b[3]' (pe.v:22) (optimized to 0)
'pe_10_10_inst/pe_gen[34].pe_inst/input_reg_b[4]' (pe.v:22) (optimized to 0)
'pe_10_10_inst/pe_gen[34].pe_inst/input_reg_b[5]' (pe.v:22) (optimized to 0)
'pe_10_10_inst/pe_gen[34].pe_inst/input_reg_b[6]' (pe.v:22) (optimized to 0)
'pe_10_10_inst/pe_gen[34].pe_inst/input_reg_b[7]' (pe.v:22) (optimized to 0)
'pe_10_10_inst/pe_gen[34].pe_inst/input_reg_b[8]' (pe.v:22) (optimized to 0)
'pe_10_10_inst/pe_gen[34].pe_inst/input_reg_b[9]' (pe.v:22) (optimized to 0)
'pe_10_10_inst/pe_gen[34].pe_inst/input_reg_b[10]' (pe.v:22) (optimized to 0)
'pe_10_10_inst/pe_gen[34].pe_inst/input_reg_b[11]' (pe.v:22) (optimized to 0)
'pe_10_10_inst/pe_gen[34].pe_inst/input_reg_b[12]' (pe.v:22) (optimized to 0)
'pe_10_10_inst/pe_gen[34].pe_inst/input_reg_b[13]' (pe.v:22) (optimized to 0)
'pe_10_10_inst/pe_gen[34].pe_inst/input_reg_b[14]' (pe.v:22) (optimized to 0)
'pe_10_10_inst/pe_gen[34].pe_inst/input_reg_b[15]' (pe.v:22) (optimized to 0)
'pe_10_10_inst/pe_gen[34].pe_inst/input_reg_b[16]' (pe.v:22) (optimized to 0)
'pe_10_10_inst/pe_gen[34].pe_inst/input_reg_b[17]' (pe.v:22) (optimized to 0)
'pe_10_10_inst/pe_gen[35].pe_inst/input_reg_b[1]' (pe.v:22) (optimized to 0)
'pe_10_10_inst/pe_gen[35].pe_inst/input_reg_b[2]' (pe.v:22) (optimized to 0)
'pe_10_10_inst/pe_gen[35].pe_inst/input_reg_b[3]' (pe.v:22) (optimized to 0)
'pe_10_10_inst/pe_gen[35].pe_inst/input_reg_b[4]' (pe.v:22) (optimized to 0)
'pe_10_10_inst/pe_gen[35].pe_inst/input_reg_b[5]' (pe.v:22) (optimized to 0)
'pe_10_10_inst/pe_gen[35].pe_inst/input_reg_b[6]' (pe.v:22) (optimized to 0)
'pe_10_10_inst/pe_gen[35].pe_inst/input_reg_b[7]' (pe.v:22) (optimized to 0)
'pe_10_10_inst/pe_gen[35].pe_inst/input_reg_b[8]' (pe.v:22) (optimized to 0)
'pe_10_10_inst/pe_gen[35].pe_inst/input_reg_b[9]' (pe.v:22) (optimized to 0)
'pe_10_10_inst/pe_gen[35].pe_inst/input_reg_b[10]' (pe.v:22) (optimized to 0)
'pe_10_10_inst/pe_gen[35].pe_inst/input_reg_b[11]' (pe.v:22) (optimized to 0)
'pe_10_10_inst/pe_gen[35].pe_inst/input_reg_b[12]' (pe.v:22) (optimized to 0)
'pe_10_10_inst/pe_gen[35].pe_inst/input_reg_b[13]' (pe.v:22) (optimized to 0)
'pe_10_10_inst/pe_gen[35].pe_inst/input_reg_b[14]' (pe.v:22) (optimized to 0)
'pe_10_10_inst/pe_gen[35].pe_inst/input_reg_b[15]' (pe.v:22) (optimized to 0)
'pe_10_10_inst/pe_gen[35].pe_inst/input_reg_b[16]' (pe.v:22) (optimized to 0)
'pe_10_10_inst/pe_gen[35].pe_inst/input_reg_b[17]' (pe.v:22) (optimized to 0)
'pe_10_10_inst/pe_gen[36].pe_inst/input_reg_b[1]' (pe.v:22) (optimized to 0)
'pe_10_10_inst/pe_gen[36].pe_inst/input_reg_b[2]' (pe.v:22) (optimized to 0)
'pe_10_10_inst/pe_gen[36].pe_inst/input_reg_b[3]' (pe.v:22) (optimized to 0)
'pe_10_10_inst/pe_gen[36].pe_inst/input_reg_b[4]' (pe.v:22) (optimized to 0)
'pe_10_10_inst/pe_gen[36].pe_inst/input_reg_b[5]' (pe.v:22) (optimized to 0)
'pe_10_10_inst/pe_gen[36].pe_inst/input_reg_b[6]' (pe.v:22) (optimized to 0)
'pe_10_10_inst/pe_gen[36].pe_inst/input_reg_b[7]' (pe.v:22) (optimized to 0)
'pe_10_10_inst/pe_gen[36].pe_inst/input_reg_b[8]' (pe.v:22) (optimized to 0)
'pe_10_10_inst/pe_gen[36].pe_inst/input_reg_b[9]' (pe.v:22) (optimized to 0)
'pe_10_10_inst/pe_gen[36].pe_inst/input_reg_b[10]' (pe.v:22) (optimized to 0)
'pe_10_10_inst/pe_gen[36].pe_inst/input_reg_b[11]' (pe.v:22) (optimized to 0)
'pe_10_10_inst/pe_gen[36].pe_inst/input_reg_b[12]' (pe.v:22) (optimized to 0)
'pe_10_10_inst/pe_gen[36].pe_inst/input_reg_b[13]' (pe.v:22) (optimized to 0)
'pe_10_10_inst/pe_gen[36].pe_inst/input_reg_b[14]' (pe.v:22) (optimized to 0)
'pe_10_10_inst/pe_gen[36].pe_inst/input_reg_b[15]' (pe.v:22) (optimized to 0)
'pe_10_10_inst/pe_gen[36].pe_inst/input_reg_b[16]' (pe.v:22) (optimized to 0)
'pe_10_10_inst/pe_gen[36].pe_inst/input_reg_b[17]' (pe.v:22) (optimized to 0)
'pe_10_10_inst/pe_gen[37].pe_inst/input_reg_b[1]' (pe.v:22) (optimized to 0)
'pe_10_10_inst/pe_gen[37].pe_inst/input_reg_b[2]' (pe.v:22) (optimized to 0)
'pe_10_10_inst/pe_gen[37].pe_inst/input_reg_b[3]' (pe.v:22) (optimized to 0)
'pe_10_10_inst/pe_gen[37].pe_inst/input_reg_b[4]' (pe.v:22) (optimized to 0)
'pe_10_10_inst/pe_gen[37].pe_inst/input_reg_b[5]' (pe.v:22) (optimized to 0)
'pe_10_10_inst/pe_gen[37].pe_inst/input_reg_b[6]' (pe.v:22) (optimized to 0)
'pe_10_10_inst/pe_gen[37].pe_inst/input_reg_b[7]' (pe.v:22) (optimized to 0)
'pe_10_10_inst/pe_gen[37].pe_inst/input_reg_b[8]' (pe.v:22) (optimized to 0)
'pe_10_10_inst/pe_gen[37].pe_inst/input_reg_b[9]' (pe.v:22) (optimized to 0)
'pe_10_10_inst/pe_gen[37].pe_inst/input_reg_b[10]' (pe.v:22) (optimized to 0)
'pe_10_10_inst/pe_gen[37].pe_inst/input_reg_b[11]' (pe.v:22) (optimized to 0)
'pe_10_10_inst/pe_gen[37].pe_inst/input_reg_b[12]' (pe.v:22) (optimized to 0)
'pe_10_10_inst/pe_gen[37].pe_inst/input_reg_b[13]' (pe.v:22) (optimized to 0)
'pe_10_10_inst/pe_gen[37].pe_inst/input_reg_b[14]' (pe.v:22) (optimized to 0)
'pe_10_10_inst/pe_gen[37].pe_inst/input_reg_b[15]' (pe.v:22) (optimized to 0)
'pe_10_10_inst/pe_gen[37].pe_inst/input_reg_b[16]' (pe.v:22) (optimized to 0)
'pe_10_10_inst/pe_gen[37].pe_inst/input_reg_b[17]' (pe.v:22) (optimized to 0)
'pe_10_10_inst/pe_gen[38].pe_inst/input_reg_b[1]' (pe.v:22) (optimized to 0)
'pe_10_10_inst/pe_gen[38].pe_inst/input_reg_b[2]' (pe.v:22) (optimized to 0)
'pe_10_10_inst/pe_gen[38].pe_inst/input_reg_b[3]' (pe.v:22) (optimized to 0)
'pe_10_10_inst/pe_gen[38].pe_inst/input_reg_b[4]' (pe.v:22) (optimized to 0)
'pe_10_10_inst/pe_gen[38].pe_inst/input_reg_b[5]' (pe.v:22) (optimized to 0)
'pe_10_10_inst/pe_gen[38].pe_inst/input_reg_b[6]' (pe.v:22) (optimized to 0)
'pe_10_10_inst/pe_gen[38].pe_inst/input_reg_b[7]' (pe.v:22) (optimized to 0)
'pe_10_10_inst/pe_gen[38].pe_inst/input_reg_b[8]' (pe.v:22) (optimized to 0)
'pe_10_10_inst/pe_gen[38].pe_inst/input_reg_b[9]' (pe.v:22) (optimized to 0)
'pe_10_10_inst/pe_gen[38].pe_inst/input_reg_b[10]' (pe.v:22) (optimized to 0)
'pe_10_10_inst/pe_gen[38].pe_inst/input_reg_b[11]' (pe.v:22) (optimized to 0)
'pe_10_10_inst/pe_gen[38].pe_inst/input_reg_b[12]' (pe.v:22) (optimized to 0)
'pe_10_10_inst/pe_gen[38].pe_inst/input_reg_b[13]' (pe.v:22) (optimized to 0)
'pe_10_10_inst/pe_gen[38].pe_inst/input_reg_b[14]' (pe.v:22) (optimized to 0)
'pe_10_10_inst/pe_gen[38].pe_inst/input_reg_b[15]' (pe.v:22) (optimized to 0)
'pe_10_10_inst/pe_gen[38].pe_inst/input_reg_b[16]' (pe.v:22) (optimized to 0)
'pe_10_10_inst/pe_gen[38].pe_inst/input_reg_b[17]' (pe.v:22) (optimized to 0)
'pe_10_10_inst/pe_gen[39].pe_inst/input_reg_b[1]' (pe.v:22) (optimized to 0)
'pe_10_10_inst/pe_gen[39].pe_inst/input_reg_b[2]' (pe.v:22) (optimized to 0)
'pe_10_10_inst/pe_gen[39].pe_inst/input_reg_b[3]' (pe.v:22) (optimized to 0)
'pe_10_10_inst/pe_gen[39].pe_inst/input_reg_b[4]' (pe.v:22) (optimized to 0)
'pe_10_10_inst/pe_gen[39].pe_inst/input_reg_b[5]' (pe.v:22) (optimized to 0)
'pe_10_10_inst/pe_gen[39].pe_inst/input_reg_b[6]' (pe.v:22) (optimized to 0)
'pe_10_10_inst/pe_gen[39].pe_inst/input_reg_b[7]' (pe.v:22) (optimized to 0)
'pe_10_10_inst/pe_gen[39].pe_inst/input_reg_b[8]' (pe.v:22) (optimized to 0)
'pe_10_10_inst/pe_gen[39].pe_inst/input_reg_b[9]' (pe.v:22) (optimized to 0)
'pe_10_10_inst/pe_gen[39].pe_inst/input_reg_b[10]' (pe.v:22) (optimized to 0)
'pe_10_10_inst/pe_gen[39].pe_inst/input_reg_b[11]' (pe.v:22) (optimized to 0)
'pe_10_10_inst/pe_gen[39].pe_inst/input_reg_b[12]' (pe.v:22) (optimized to 0)
'pe_10_10_inst/pe_gen[39].pe_inst/input_reg_b[13]' (pe.v:22) (optimized to 0)
'pe_10_10_inst/pe_gen[39].pe_inst/input_reg_b[14]' (pe.v:22) (optimized to 0)
'pe_10_10_inst/pe_gen[39].pe_inst/input_reg_b[15]' (pe.v:22) (optimized to 0)
'pe_10_10_inst/pe_gen[39].pe_inst/input_reg_b[16]' (pe.v:22) (optimized to 0)
'pe_10_10_inst/pe_gen[39].pe_inst/input_reg_b[17]' (pe.v:22) (optimized to 0)
'pe_10_10_inst/pe_gen[40].pe_inst/input_reg_b[1]' (pe.v:22) (optimized to 0)
'pe_10_10_inst/pe_gen[40].pe_inst/input_reg_b[2]' (pe.v:22) (optimized to 0)
'pe_10_10_inst/pe_gen[40].pe_inst/input_reg_b[3]' (pe.v:22) (optimized to 0)
'pe_10_10_inst/pe_gen[40].pe_inst/input_reg_b[4]' (pe.v:22) (optimized to 0)
'pe_10_10_inst/pe_gen[40].pe_inst/input_reg_b[5]' (pe.v:22) (optimized to 0)
'pe_10_10_inst/pe_gen[40].pe_inst/input_reg_b[6]' (pe.v:22) (optimized to 0)
'pe_10_10_inst/pe_gen[40].pe_inst/input_reg_b[7]' (pe.v:22) (optimized to 0)
'pe_10_10_inst/pe_gen[40].pe_inst/input_reg_b[8]' (pe.v:22) (optimized to 0)
'pe_10_10_inst/pe_gen[40].pe_inst/input_reg_b[9]' (pe.v:22) (optimized to 0)
'pe_10_10_inst/pe_gen[40].pe_inst/input_reg_b[10]' (pe.v:22) (optimized to 0)
'pe_10_10_inst/pe_gen[40].pe_inst/input_reg_b[11]' (pe.v:22) (optimized to 0)
'pe_10_10_inst/pe_gen[40].pe_inst/input_reg_b[12]' (pe.v:22) (optimized to 0)
'pe_10_10_inst/pe_gen[40].pe_inst/input_reg_b[13]' (pe.v:22) (optimized to 0)
'pe_10_10_inst/pe_gen[40].pe_inst/input_reg_b[14]' (pe.v:22) (optimized to 0)
'pe_10_10_inst/pe_gen[40].pe_inst/input_reg_b[15]' (pe.v:22) (optimized to 0)
'pe_10_10_inst/pe_gen[40].pe_inst/input_reg_b[16]' (pe.v:22) (optimized to 0)
'pe_10_10_inst/pe_gen[40].pe_inst/input_reg_b[17]' (pe.v:22) (optimized to 0)
'pe_10_10_inst/pe_gen[41].pe_inst/input_reg_b[1]' (pe.v:22) (optimized to 0)
'pe_10_10_inst/pe_gen[41].pe_inst/input_reg_b[2]' (pe.v:22) (optimized to 0)
'pe_10_10_inst/pe_gen[41].pe_inst/input_reg_b[3]' (pe.v:22) (optimized to 0)
'pe_10_10_inst/pe_gen[41].pe_inst/input_reg_b[4]' (pe.v:22) (optimized to 0)
'pe_10_10_inst/pe_gen[41].pe_inst/input_reg_b[5]' (pe.v:22) (optimized to 0)
'pe_10_10_inst/pe_gen[41].pe_inst/input_reg_b[6]' (pe.v:22) (optimized to 0)
'pe_10_10_inst/pe_gen[41].pe_inst/input_reg_b[7]' (pe.v:22) (optimized to 0)
'pe_10_10_inst/pe_gen[41].pe_inst/input_reg_b[8]' (pe.v:22) (optimized to 0)
'pe_10_10_inst/pe_gen[41].pe_inst/input_reg_b[9]' (pe.v:22) (optimized to 0)
'pe_10_10_inst/pe_gen[41].pe_inst/input_reg_b[10]' (pe.v:22) (optimized to 0)
'pe_10_10_inst/pe_gen[41].pe_inst/input_reg_b[11]' (pe.v:22) (optimized to 0)
'pe_10_10_inst/pe_gen[41].pe_inst/input_reg_b[12]' (pe.v:22) (optimized to 0)
'pe_10_10_inst/pe_gen[41].pe_inst/input_reg_b[13]' (pe.v:22) (optimized to 0)
'pe_10_10_inst/pe_gen[41].pe_inst/input_reg_b[14]' (pe.v:22) (optimized to 0)
'pe_10_10_inst/pe_gen[41].pe_inst/input_reg_b[15]' (pe.v:22) (optimized to 0)
'pe_10_10_inst/pe_gen[41].pe_inst/input_reg_b[16]' (pe.v:22) (optimized to 0)
'pe_10_10_inst/pe_gen[41].pe_inst/input_reg_b[17]' (pe.v:22) (optimized to 0)
'pe_10_10_inst/pe_gen[42].pe_inst/input_reg_b[1]' (pe.v:22) (optimized to 0)
'pe_10_10_inst/pe_gen[42].pe_inst/input_reg_b[2]' (pe.v:22) (optimized to 0)
'pe_10_10_inst/pe_gen[42].pe_inst/input_reg_b[3]' (pe.v:22) (optimized to 0)
'pe_10_10_inst/pe_gen[42].pe_inst/input_reg_b[4]' (pe.v:22) (optimized to 0)
'pe_10_10_inst/pe_gen[42].pe_inst/input_reg_b[5]' (pe.v:22) (optimized to 0)
'pe_10_10_inst/pe_gen[42].pe_inst/input_reg_b[6]' (pe.v:22) (optimized to 0)
'pe_10_10_inst/pe_gen[42].pe_inst/input_reg_b[7]' (pe.v:22) (optimized to 0)
'pe_10_10_inst/pe_gen[42].pe_inst/input_reg_b[8]' (pe.v:22) (optimized to 0)
'pe_10_10_inst/pe_gen[42].pe_inst/input_reg_b[9]' (pe.v:22) (optimized to 0)
'pe_10_10_inst/pe_gen[42].pe_inst/input_reg_b[10]' (pe.v:22) (optimized to 0)
'pe_10_10_inst/pe_gen[42].pe_inst/input_reg_b[11]' (pe.v:22) (optimized to 0)
'pe_10_10_inst/pe_gen[42].pe_inst/input_reg_b[12]' (pe.v:22) (optimized to 0)
'pe_10_10_inst/pe_gen[42].pe_inst/input_reg_b[13]' (pe.v:22) (optimized to 0)
'pe_10_10_inst/pe_gen[42].pe_inst/input_reg_b[14]' (pe.v:22) (optimized to 0)
'pe_10_10_inst/pe_gen[42].pe_inst/input_reg_b[15]' (pe.v:22) (optimized to 0)
'pe_10_10_inst/pe_gen[42].pe_inst/input_reg_b[16]' (pe.v:22) (optimized to 0)
'pe_10_10_inst/pe_gen[42].pe_inst/input_reg_b[17]' (pe.v:22) (optimized to 0)
'pe_10_10_inst/pe_gen[43].pe_inst/input_reg_b[1]' (pe.v:22) (optimized to 0)
'pe_10_10_inst/pe_gen[43].pe_inst/input_reg_b[2]' (pe.v:22) (optimized to 0)
'pe_10_10_inst/pe_gen[43].pe_inst/input_reg_b[3]' (pe.v:22) (optimized to 0)
'pe_10_10_inst/pe_gen[43].pe_inst/input_reg_b[4]' (pe.v:22) (optimized to 0)
'pe_10_10_inst/pe_gen[43].pe_inst/input_reg_b[5]' (pe.v:22) (optimized to 0)
'pe_10_10_inst/pe_gen[43].pe_inst/input_reg_b[6]' (pe.v:22) (optimized to 0)
'pe_10_10_inst/pe_gen[43].pe_inst/input_reg_b[7]' (pe.v:22) (optimized to 0)
'pe_10_10_inst/pe_gen[43].pe_inst/input_reg_b[8]' (pe.v:22) (optimized to 0)
'pe_10_10_inst/pe_gen[43].pe_inst/input_reg_b[9]' (pe.v:22) (optimized to 0)
'pe_10_10_inst/pe_gen[43].pe_inst/input_reg_b[10]' (pe.v:22) (optimized to 0)
'pe_10_10_inst/pe_gen[43].pe_inst/input_reg_b[11]' (pe.v:22) (optimized to 0)
'pe_10_10_inst/pe_gen[43].pe_inst/input_reg_b[12]' (pe.v:22) (optimized to 0)
'pe_10_10_inst/pe_gen[43].pe_inst/input_reg_b[13]' (pe.v:22) (optimized to 0)
'pe_10_10_inst/pe_gen[43].pe_inst/input_reg_b[14]' (pe.v:22) (optimized to 0)
'pe_10_10_inst/pe_gen[43].pe_inst/input_reg_b[15]' (pe.v:22) (optimized to 0)
'pe_10_10_inst/pe_gen[43].pe_inst/input_reg_b[16]' (pe.v:22) (optimized to 0)
'pe_10_10_inst/pe_gen[43].pe_inst/input_reg_b[17]' (pe.v:22) (optimized to 0)
'pe_10_10_inst/pe_gen[44].pe_inst/input_reg_b[1]' (pe.v:22) (optimized to 0)
'pe_10_10_inst/pe_gen[44].pe_inst/input_reg_b[2]' (pe.v:22) (optimized to 0)
'pe_10_10_inst/pe_gen[44].pe_inst/input_reg_b[3]' (pe.v:22) (optimized to 0)
'pe_10_10_inst/pe_gen[44].pe_inst/input_reg_b[4]' (pe.v:22) (optimized to 0)
'pe_10_10_inst/pe_gen[44].pe_inst/input_reg_b[5]' (pe.v:22) (optimized to 0)
'pe_10_10_inst/pe_gen[44].pe_inst/input_reg_b[6]' (pe.v:22) (optimized to 0)
'pe_10_10_inst/pe_gen[44].pe_inst/input_reg_b[7]' (pe.v:22) (optimized to 0)
'pe_10_10_inst/pe_gen[44].pe_inst/input_reg_b[8]' (pe.v:22) (optimized to 0)
'pe_10_10_inst/pe_gen[44].pe_inst/input_reg_b[9]' (pe.v:22) (optimized to 0)
'pe_10_10_inst/pe_gen[44].pe_inst/input_reg_b[10]' (pe.v:22) (optimized to 0)
'pe_10_10_inst/pe_gen[44].pe_inst/input_reg_b[11]' (pe.v:22) (optimized to 0)
'pe_10_10_inst/pe_gen[44].pe_inst/input_reg_b[12]' (pe.v:22) (optimized to 0)
'pe_10_10_inst/pe_gen[44].pe_inst/input_reg_b[13]' (pe.v:22) (optimized to 0)
'pe_10_10_inst/pe_gen[44].pe_inst/input_reg_b[14]' (pe.v:22) (optimized to 0)
'pe_10_10_inst/pe_gen[44].pe_inst/input_reg_b[15]' (pe.v:22) (optimized to 0)
'pe_10_10_inst/pe_gen[44].pe_inst/input_reg_b[16]' (pe.v:22) (optimized to 0)
'pe_10_10_inst/pe_gen[44].pe_inst/input_reg_b[17]' (pe.v:22) (optimized to 0)
'pe_10_10_inst/pe_gen[45].pe_inst/input_reg_b[1]' (pe.v:22) (optimized to 0)
'pe_10_10_inst/pe_gen[45].pe_inst/input_reg_b[2]' (pe.v:22) (optimized to 0)
'pe_10_10_inst/pe_gen[45].pe_inst/input_reg_b[3]' (pe.v:22) (optimized to 0)
'pe_10_10_inst/pe_gen[45].pe_inst/input_reg_b[4]' (pe.v:22) (optimized to 0)
'pe_10_10_inst/pe_gen[45].pe_inst/input_reg_b[5]' (pe.v:22) (optimized to 0)
'pe_10_10_inst/pe_gen[45].pe_inst/input_reg_b[6]' (pe.v:22) (optimized to 0)
'pe_10_10_inst/pe_gen[45].pe_inst/input_reg_b[7]' (pe.v:22) (optimized to 0)
'pe_10_10_inst/pe_gen[45].pe_inst/input_reg_b[8]' (pe.v:22) (optimized to 0)
'pe_10_10_inst/pe_gen[45].pe_inst/input_reg_b[9]' (pe.v:22) (optimized to 0)
'pe_10_10_inst/pe_gen[45].pe_inst/input_reg_b[10]' (pe.v:22) (optimized to 0)
'pe_10_10_inst/pe_gen[45].pe_inst/input_reg_b[11]' (pe.v:22) (optimized to 0)
'pe_10_10_inst/pe_gen[45].pe_inst/input_reg_b[12]' (pe.v:22) (optimized to 0)
'pe_10_10_inst/pe_gen[45].pe_inst/input_reg_b[13]' (pe.v:22) (optimized to 0)
'pe_10_10_inst/pe_gen[45].pe_inst/input_reg_b[14]' (pe.v:22) (optimized to 0)
'pe_10_10_inst/pe_gen[45].pe_inst/input_reg_b[15]' (pe.v:22) (optimized to 0)
'pe_10_10_inst/pe_gen[45].pe_inst/input_reg_b[16]' (pe.v:22) (optimized to 0)
'pe_10_10_inst/pe_gen[45].pe_inst/input_reg_b[17]' (pe.v:22) (optimized to 0)
'pe_10_10_inst/pe_gen[46].pe_inst/input_reg_b[1]' (pe.v:22) (optimized to 0)
'pe_10_10_inst/pe_gen[46].pe_inst/input_reg_b[2]' (pe.v:22) (optimized to 0)
'pe_10_10_inst/pe_gen[46].pe_inst/input_reg_b[3]' (pe.v:22) (optimized to 0)
'pe_10_10_inst/pe_gen[46].pe_inst/input_reg_b[4]' (pe.v:22) (optimized to 0)
'pe_10_10_inst/pe_gen[46].pe_inst/input_reg_b[5]' (pe.v:22) (optimized to 0)
'pe_10_10_inst/pe_gen[46].pe_inst/input_reg_b[6]' (pe.v:22) (optimized to 0)
'pe_10_10_inst/pe_gen[46].pe_inst/input_reg_b[7]' (pe.v:22) (optimized to 0)
'pe_10_10_inst/pe_gen[46].pe_inst/input_reg_b[8]' (pe.v:22) (optimized to 0)
'pe_10_10_inst/pe_gen[46].pe_inst/input_reg_b[9]' (pe.v:22) (optimized to 0)
'pe_10_10_inst/pe_gen[46].pe_inst/input_reg_b[10]' (pe.v:22) (optimized to 0)
'pe_10_10_inst/pe_gen[46].pe_inst/input_reg_b[11]' (pe.v:22) (optimized to 0)
'pe_10_10_inst/pe_gen[46].pe_inst/input_reg_b[12]' (pe.v:22) (optimized to 0)
'pe_10_10_inst/pe_gen[46].pe_inst/input_reg_b[13]' (pe.v:22) (optimized to 0)
'pe_10_10_inst/pe_gen[46].pe_inst/input_reg_b[14]' (pe.v:22) (optimized to 0)
'pe_10_10_inst/pe_gen[46].pe_inst/input_reg_b[15]' (pe.v:22) (optimized to 0)
'pe_10_10_inst/pe_gen[46].pe_inst/input_reg_b[16]' (pe.v:22) (optimized to 0)
'pe_10_10_inst/pe_gen[46].pe_inst/input_reg_b[17]' (pe.v:22) (optimized to 0)
'pe_10_10_inst/pe_gen[47].pe_inst/input_reg_b[1]' (pe.v:22) (optimized to 0)
'pe_10_10_inst/pe_gen[47].pe_inst/input_reg_b[2]' (pe.v:22) (optimized to 0)
'pe_10_10_inst/pe_gen[47].pe_inst/input_reg_b[3]' (pe.v:22) (optimized to 0)
'pe_10_10_inst/pe_gen[47].pe_inst/input_reg_b[4]' (pe.v:22) (optimized to 0)
'pe_10_10_inst/pe_gen[47].pe_inst/input_reg_b[5]' (pe.v:22) (optimized to 0)
'pe_10_10_inst/pe_gen[47].pe_inst/input_reg_b[6]' (pe.v:22) (optimized to 0)
'pe_10_10_inst/pe_gen[47].pe_inst/input_reg_b[7]' (pe.v:22) (optimized to 0)
'pe_10_10_inst/pe_gen[47].pe_inst/input_reg_b[8]' (pe.v:22) (optimized to 0)
'pe_10_10_inst/pe_gen[47].pe_inst/input_reg_b[9]' (pe.v:22) (optimized to 0)
'pe_10_10_inst/pe_gen[47].pe_inst/input_reg_b[10]' (pe.v:22) (optimized to 0)
'pe_10_10_inst/pe_gen[47].pe_inst/input_reg_b[11]' (pe.v:22) (optimized to 0)
'pe_10_10_inst/pe_gen[47].pe_inst/input_reg_b[12]' (pe.v:22) (optimized to 0)
'pe_10_10_inst/pe_gen[47].pe_inst/input_reg_b[13]' (pe.v:22) (optimized to 0)
'pe_10_10_inst/pe_gen[47].pe_inst/input_reg_b[14]' (pe.v:22) (optimized to 0)
'pe_10_10_inst/pe_gen[47].pe_inst/input_reg_b[15]' (pe.v:22) (optimized to 0)
'pe_10_10_inst/pe_gen[47].pe_inst/input_reg_b[16]' (pe.v:22) (optimized to 0)
'pe_10_10_inst/pe_gen[47].pe_inst/input_reg_b[17]' (pe.v:22) (optimized to 0)
'pe_10_10_inst/pe_gen[48].pe_inst/input_reg_b[1]' (pe.v:22) (optimized to 0)
'pe_10_10_inst/pe_gen[48].pe_inst/input_reg_b[2]' (pe.v:22) (optimized to 0)
'pe_10_10_inst/pe_gen[48].pe_inst/input_reg_b[3]' (pe.v:22) (optimized to 0)
'pe_10_10_inst/pe_gen[48].pe_inst/input_reg_b[4]' (pe.v:22) (optimized to 0)
'pe_10_10_inst/pe_gen[48].pe_inst/input_reg_b[5]' (pe.v:22) (optimized to 0)
'pe_10_10_inst/pe_gen[48].pe_inst/input_reg_b[6]' (pe.v:22) (optimized to 0)
'pe_10_10_inst/pe_gen[48].pe_inst/input_reg_b[7]' (pe.v:22) (optimized to 0)
'pe_10_10_inst/pe_gen[48].pe_inst/input_reg_b[8]' (pe.v:22) (optimized to 0)
'pe_10_10_inst/pe_gen[48].pe_inst/input_reg_b[9]' (pe.v:22) (optimized to 0)
'pe_10_10_inst/pe_gen[48].pe_inst/input_reg_b[10]' (pe.v:22) (optimized to 0)
'pe_10_10_inst/pe_gen[48].pe_inst/input_reg_b[11]' (pe.v:22) (optimized to 0)
'pe_10_10_inst/pe_gen[48].pe_inst/input_reg_b[12]' (pe.v:22) (optimized to 0)
'pe_10_10_inst/pe_gen[48].pe_inst/input_reg_b[13]' (pe.v:22) (optimized to 0)
'pe_10_10_inst/pe_gen[48].pe_inst/input_reg_b[14]' (pe.v:22) (optimized to 0)
'pe_10_10_inst/pe_gen[48].pe_inst/input_reg_b[15]' (pe.v:22) (optimized to 0)
'pe_10_10_inst/pe_gen[48].pe_inst/input_reg_b[16]' (pe.v:22) (optimized to 0)
'pe_10_10_inst/pe_gen[48].pe_inst/input_reg_b[17]' (pe.v:22) (optimized to 0)
'pe_10_10_inst/pe_gen[49].pe_inst/input_reg_b[1]' (pe.v:22) (optimized to 0)
'pe_10_10_inst/pe_gen[49].pe_inst/input_reg_b[2]' (pe.v:22) (optimized to 0)
'pe_10_10_inst/pe_gen[49].pe_inst/input_reg_b[3]' (pe.v:22) (optimized to 0)
'pe_10_10_inst/pe_gen[49].pe_inst/input_reg_b[4]' (pe.v:22) (optimized to 0)
'pe_10_10_inst/pe_gen[49].pe_inst/input_reg_b[5]' (pe.v:22) (optimized to 0)
'pe_10_10_inst/pe_gen[49].pe_inst/input_reg_b[6]' (pe.v:22) (optimized to 0)
'pe_10_10_inst/pe_gen[49].pe_inst/input_reg_b[7]' (pe.v:22) (optimized to 0)
'pe_10_10_inst/pe_gen[49].pe_inst/input_reg_b[8]' (pe.v:22) (optimized to 0)
'pe_10_10_inst/pe_gen[49].pe_inst/input_reg_b[9]' (pe.v:22) (optimized to 0)
'pe_10_10_inst/pe_gen[49].pe_inst/input_reg_b[10]' (pe.v:22) (optimized to 0)
'pe_10_10_inst/pe_gen[49].pe_inst/input_reg_b[11]' (pe.v:22) (optimized to 0)
'pe_10_10_inst/pe_gen[49].pe_inst/input_reg_b[12]' (pe.v:22) (optimized to 0)
'pe_10_10_inst/pe_gen[49].pe_inst/input_reg_b[13]' (pe.v:22) (optimized to 0)
'pe_10_10_inst/pe_gen[49].pe_inst/input_reg_b[14]' (pe.v:22) (optimized to 0)
'pe_10_10_inst/pe_gen[49].pe_inst/input_reg_b[15]' (pe.v:22) (optimized to 0)
'pe_10_10_inst/pe_gen[49].pe_inst/input_reg_b[16]' (pe.v:22) (optimized to 0)
'pe_10_10_inst/pe_gen[49].pe_inst/input_reg_b[17]' (pe.v:22) (optimized to 0)
'pe_10_10_inst/pe_gen[50].pe_inst/input_reg_b[1]' (pe.v:22) (optimized to 0)
'pe_10_10_inst/pe_gen[50].pe_inst/input_reg_b[2]' (pe.v:22) (optimized to 0)
'pe_10_10_inst/pe_gen[50].pe_inst/input_reg_b[3]' (pe.v:22) (optimized to 0)
'pe_10_10_inst/pe_gen[50].pe_inst/input_reg_b[4]' (pe.v:22) (optimized to 0)
'pe_10_10_inst/pe_gen[50].pe_inst/input_reg_b[5]' (pe.v:22) (optimized to 0)
'pe_10_10_inst/pe_gen[50].pe_inst/input_reg_b[6]' (pe.v:22) (optimized to 0)
'pe_10_10_inst/pe_gen[50].pe_inst/input_reg_b[7]' (pe.v:22) (optimized to 0)
'pe_10_10_inst/pe_gen[50].pe_inst/input_reg_b[8]' (pe.v:22) (optimized to 0)
'pe_10_10_inst/pe_gen[50].pe_inst/input_reg_b[9]' (pe.v:22) (optimized to 0)
'pe_10_10_inst/pe_gen[50].pe_inst/input_reg_b[10]' (pe.v:22) (optimized to 0)
'pe_10_10_inst/pe_gen[50].pe_inst/input_reg_b[11]' (pe.v:22) (optimized to 0)
'pe_10_10_inst/pe_gen[50].pe_inst/input_reg_b[12]' (pe.v:22) (optimized to 0)
'pe_10_10_inst/pe_gen[50].pe_inst/input_reg_b[13]' (pe.v:22) (optimized to 0)
'pe_10_10_inst/pe_gen[50].pe_inst/input_reg_b[14]' (pe.v:22) (optimized to 0)
'pe_10_10_inst/pe_gen[50].pe_inst/input_reg_b[15]' (pe.v:22) (optimized to 0)
'pe_10_10_inst/pe_gen[50].pe_inst/input_reg_b[16]' (pe.v:22) (optimized to 0)
'pe_10_10_inst/pe_gen[50].pe_inst/input_reg_b[17]' (pe.v:22) (optimized to 0)
'pe_10_10_inst/pe_gen[51].pe_inst/input_reg_b[1]' (pe.v:22) (optimized to 0)
'pe_10_10_inst/pe_gen[51].pe_inst/input_reg_b[2]' (pe.v:22) (optimized to 0)
'pe_10_10_inst/pe_gen[51].pe_inst/input_reg_b[3]' (pe.v:22) (optimized to 0)
'pe_10_10_inst/pe_gen[51].pe_inst/input_reg_b[4]' (pe.v:22) (optimized to 0)
'pe_10_10_inst/pe_gen[51].pe_inst/input_reg_b[5]' (pe.v:22) (optimized to 0)
'pe_10_10_inst/pe_gen[51].pe_inst/input_reg_b[6]' (pe.v:22) (optimized to 0)
'pe_10_10_inst/pe_gen[51].pe_inst/input_reg_b[7]' (pe.v:22) (optimized to 0)
'pe_10_10_inst/pe_gen[51].pe_inst/input_reg_b[8]' (pe.v:22) (optimized to 0)
'pe_10_10_inst/pe_gen[51].pe_inst/input_reg_b[9]' (pe.v:22) (optimized to 0)
'pe_10_10_inst/pe_gen[51].pe_inst/input_reg_b[10]' (pe.v:22) (optimized to 0)
'pe_10_10_inst/pe_gen[51].pe_inst/input_reg_b[11]' (pe.v:22) (optimized to 0)
'pe_10_10_inst/pe_gen[51].pe_inst/input_reg_b[12]' (pe.v:22) (optimized to 0)
'pe_10_10_inst/pe_gen[51].pe_inst/input_reg_b[13]' (pe.v:22) (optimized to 0)
'pe_10_10_inst/pe_gen[51].pe_inst/input_reg_b[14]' (pe.v:22) (optimized to 0)
'pe_10_10_inst/pe_gen[51].pe_inst/input_reg_b[15]' (pe.v:22) (optimized to 0)
'pe_10_10_inst/pe_gen[51].pe_inst/input_reg_b[16]' (pe.v:22) (optimized to 0)
'pe_10_10_inst/pe_gen[51].pe_inst/input_reg_b[17]' (pe.v:22) (optimized to 0)
'pe_10_10_inst/pe_gen[52].pe_inst/input_reg_b[1]' (pe.v:22) (optimized to 0)
'pe_10_10_inst/pe_gen[52].pe_inst/input_reg_b[2]' (pe.v:22) (optimized to 0)
'pe_10_10_inst/pe_gen[52].pe_inst/input_reg_b[3]' (pe.v:22) (optimized to 0)
'pe_10_10_inst/pe_gen[52].pe_inst/input_reg_b[4]' (pe.v:22) (optimized to 0)
'pe_10_10_inst/pe_gen[52].pe_inst/input_reg_b[5]' (pe.v:22) (optimized to 0)
'pe_10_10_inst/pe_gen[52].pe_inst/input_reg_b[6]' (pe.v:22) (optimized to 0)
'pe_10_10_inst/pe_gen[52].pe_inst/input_reg_b[7]' (pe.v:22) (optimized to 0)
'pe_10_10_inst/pe_gen[52].pe_inst/input_reg_b[8]' (pe.v:22) (optimized to 0)
'pe_10_10_inst/pe_gen[52].pe_inst/input_reg_b[9]' (pe.v:22) (optimized to 0)
'pe_10_10_inst/pe_gen[52].pe_inst/input_reg_b[10]' (pe.v:22) (optimized to 0)
'pe_10_10_inst/pe_gen[52].pe_inst/input_reg_b[11]' (pe.v:22) (optimized to 0)
'pe_10_10_inst/pe_gen[52].pe_inst/input_reg_b[12]' (pe.v:22) (optimized to 0)
'pe_10_10_inst/pe_gen[52].pe_inst/input_reg_b[13]' (pe.v:22) (optimized to 0)
'pe_10_10_inst/pe_gen[52].pe_inst/input_reg_b[14]' (pe.v:22) (optimized to 0)
'pe_10_10_inst/pe_gen[52].pe_inst/input_reg_b[15]' (pe.v:22) (optimized to 0)
'pe_10_10_inst/pe_gen[52].pe_inst/input_reg_b[16]' (pe.v:22) (optimized to 0)
'pe_10_10_inst/pe_gen[52].pe_inst/input_reg_b[17]' (pe.v:22) (optimized to 0)
'pe_10_10_inst/pe_gen[53].pe_inst/input_reg_b[1]' (pe.v:22) (optimized to 0)
'pe_10_10_inst/pe_gen[53].pe_inst/input_reg_b[2]' (pe.v:22) (optimized to 0)
'pe_10_10_inst/pe_gen[53].pe_inst/input_reg_b[3]' (pe.v:22) (optimized to 0)
'pe_10_10_inst/pe_gen[53].pe_inst/input_reg_b[4]' (pe.v:22) (optimized to 0)
'pe_10_10_inst/pe_gen[53].pe_inst/input_reg_b[5]' (pe.v:22) (optimized to 0)
'pe_10_10_inst/pe_gen[53].pe_inst/input_reg_b[6]' (pe.v:22) (optimized to 0)
'pe_10_10_inst/pe_gen[53].pe_inst/input_reg_b[7]' (pe.v:22) (optimized to 0)
'pe_10_10_inst/pe_gen[53].pe_inst/input_reg_b[8]' (pe.v:22) (optimized to 0)
'pe_10_10_inst/pe_gen[53].pe_inst/input_reg_b[9]' (pe.v:22) (optimized to 0)
'pe_10_10_inst/pe_gen[53].pe_inst/input_reg_b[10]' (pe.v:22) (optimized to 0)
'pe_10_10_inst/pe_gen[53].pe_inst/input_reg_b[11]' (pe.v:22) (optimized to 0)
'pe_10_10_inst/pe_gen[53].pe_inst/input_reg_b[12]' (pe.v:22) (optimized to 0)
'pe_10_10_inst/pe_gen[53].pe_inst/input_reg_b[13]' (pe.v:22) (optimized to 0)
'pe_10_10_inst/pe_gen[53].pe_inst/input_reg_b[14]' (pe.v:22) (optimized to 0)
'pe_10_10_inst/pe_gen[53].pe_inst/input_reg_b[15]' (pe.v:22) (optimized to 0)
'pe_10_10_inst/pe_gen[53].pe_inst/input_reg_b[16]' (pe.v:22) (optimized to 0)
'pe_10_10_inst/pe_gen[53].pe_inst/input_reg_b[17]' (pe.v:22) (optimized to 0)
'pe_10_10_inst/pe_gen[54].pe_inst/input_reg_b[1]' (pe.v:22) (optimized to 0)
'pe_10_10_inst/pe_gen[54].pe_inst/input_reg_b[2]' (pe.v:22) (optimized to 0)
'pe_10_10_inst/pe_gen[54].pe_inst/input_reg_b[3]' (pe.v:22) (optimized to 0)
'pe_10_10_inst/pe_gen[54].pe_inst/input_reg_b[4]' (pe.v:22) (optimized to 0)
'pe_10_10_inst/pe_gen[54].pe_inst/input_reg_b[5]' (pe.v:22) (optimized to 0)
'pe_10_10_inst/pe_gen[54].pe_inst/input_reg_b[6]' (pe.v:22) (optimized to 0)
'pe_10_10_inst/pe_gen[54].pe_inst/input_reg_b[7]' (pe.v:22) (optimized to 0)
'pe_10_10_inst/pe_gen[54].pe_inst/input_reg_b[8]' (pe.v:22) (optimized to 0)
'pe_10_10_inst/pe_gen[54].pe_inst/input_reg_b[9]' (pe.v:22) (optimized to 0)
'pe_10_10_inst/pe_gen[54].pe_inst/input_reg_b[10]' (pe.v:22) (optimized to 0)
'pe_10_10_inst/pe_gen[54].pe_inst/input_reg_b[11]' (pe.v:22) (optimized to 0)
'pe_10_10_inst/pe_gen[54].pe_inst/input_reg_b[12]' (pe.v:22) (optimized to 0)
'pe_10_10_inst/pe_gen[54].pe_inst/input_reg_b[13]' (pe.v:22) (optimized to 0)
'pe_10_10_inst/pe_gen[54].pe_inst/input_reg_b[14]' (pe.v:22) (optimized to 0)
'pe_10_10_inst/pe_gen[54].pe_inst/input_reg_b[15]' (pe.v:22) (optimized to 0)
'pe_10_10_inst/pe_gen[54].pe_inst/input_reg_b[16]' (pe.v:22) (optimized to 0)
'pe_10_10_inst/pe_gen[54].pe_inst/input_reg_b[17]' (pe.v:22) (optimized to 0)
'pe_10_10_inst/pe_gen[55].pe_inst/input_reg_b[1]' (pe.v:22) (optimized to 0)
'pe_10_10_inst/pe_gen[55].pe_inst/input_reg_b[2]' (pe.v:22) (optimized to 0)
'pe_10_10_inst/pe_gen[55].pe_inst/input_reg_b[3]' (pe.v:22) (optimized to 0)
'pe_10_10_inst/pe_gen[55].pe_inst/input_reg_b[4]' (pe.v:22) (optimized to 0)
'pe_10_10_inst/pe_gen[55].pe_inst/input_reg_b[5]' (pe.v:22) (optimized to 0)
'pe_10_10_inst/pe_gen[55].pe_inst/input_reg_b[6]' (pe.v:22) (optimized to 0)
'pe_10_10_inst/pe_gen[55].pe_inst/input_reg_b[7]' (pe.v:22) (optimized to 0)
'pe_10_10_inst/pe_gen[55].pe_inst/input_reg_b[8]' (pe.v:22) (optimized to 0)
'pe_10_10_inst/pe_gen[55].pe_inst/input_reg_b[9]' (pe.v:22) (optimized to 0)
'pe_10_10_inst/pe_gen[55].pe_inst/input_reg_b[10]' (pe.v:22) (optimized to 0)
'pe_10_10_inst/pe_gen[55].pe_inst/input_reg_b[11]' (pe.v:22) (optimized to 0)
'pe_10_10_inst/pe_gen[55].pe_inst/input_reg_b[12]' (pe.v:22) (optimized to 0)
'pe_10_10_inst/pe_gen[55].pe_inst/input_reg_b[13]' (pe.v:22) (optimized to 0)
'pe_10_10_inst/pe_gen[55].pe_inst/input_reg_b[14]' (pe.v:22) (optimized to 0)
'pe_10_10_inst/pe_gen[55].pe_inst/input_reg_b[15]' (pe.v:22) (optimized to 0)
'pe_10_10_inst/pe_gen[55].pe_inst/input_reg_b[16]' (pe.v:22) (optimized to 0)
'pe_10_10_inst/pe_gen[55].pe_inst/input_reg_b[17]' (pe.v:22) (optimized to 0)
'pe_10_10_inst/pe_gen[56].pe_inst/input_reg_b[1]' (pe.v:22) (optimized to 0)
'pe_10_10_inst/pe_gen[56].pe_inst/input_reg_b[2]' (pe.v:22) (optimized to 0)
'pe_10_10_inst/pe_gen[56].pe_inst/input_reg_b[3]' (pe.v:22) (optimized to 0)
'pe_10_10_inst/pe_gen[56].pe_inst/input_reg_b[4]' (pe.v:22) (optimized to 0)
'pe_10_10_inst/pe_gen[56].pe_inst/input_reg_b[5]' (pe.v:22) (optimized to 0)
'pe_10_10_inst/pe_gen[56].pe_inst/input_reg_b[6]' (pe.v:22) (optimized to 0)
'pe_10_10_inst/pe_gen[56].pe_inst/input_reg_b[7]' (pe.v:22) (optimized to 0)
'pe_10_10_inst/pe_gen[56].pe_inst/input_reg_b[8]' (pe.v:22) (optimized to 0)
'pe_10_10_inst/pe_gen[56].pe_inst/input_reg_b[9]' (pe.v:22) (optimized to 0)
'pe_10_10_inst/pe_gen[56].pe_inst/input_reg_b[10]' (pe.v:22) (optimized to 0)
'pe_10_10_inst/pe_gen[56].pe_inst/input_reg_b[11]' (pe.v:22) (optimized to 0)
'pe_10_10_inst/pe_gen[56].pe_inst/input_reg_b[12]' (pe.v:22) (optimized to 0)
'pe_10_10_inst/pe_gen[56].pe_inst/input_reg_b[13]' (pe.v:22) (optimized to 0)
'pe_10_10_inst/pe_gen[56].pe_inst/input_reg_b[14]' (pe.v:22) (optimized to 0)
'pe_10_10_inst/pe_gen[56].pe_inst/input_reg_b[15]' (pe.v:22) (optimized to 0)
'pe_10_10_inst/pe_gen[56].pe_inst/input_reg_b[16]' (pe.v:22) (optimized to 0)
'pe_10_10_inst/pe_gen[56].pe_inst/input_reg_b[17]' (pe.v:22) (optimized to 0)
'pe_10_10_inst/pe_gen[57].pe_inst/input_reg_b[1]' (pe.v:22) (optimized to 0)
'pe_10_10_inst/pe_gen[57].pe_inst/input_reg_b[2]' (pe.v:22) (optimized to 0)
'pe_10_10_inst/pe_gen[57].pe_inst/input_reg_b[3]' (pe.v:22) (optimized to 0)
'pe_10_10_inst/pe_gen[57].pe_inst/input_reg_b[4]' (pe.v:22) (optimized to 0)
'pe_10_10_inst/pe_gen[57].pe_inst/input_reg_b[5]' (pe.v:22) (optimized to 0)
'pe_10_10_inst/pe_gen[57].pe_inst/input_reg_b[6]' (pe.v:22) (optimized to 0)
'pe_10_10_inst/pe_gen[57].pe_inst/input_reg_b[7]' (pe.v:22) (optimized to 0)
'pe_10_10_inst/pe_gen[57].pe_inst/input_reg_b[8]' (pe.v:22) (optimized to 0)
'pe_10_10_inst/pe_gen[57].pe_inst/input_reg_b[9]' (pe.v:22) (optimized to 0)
'pe_10_10_inst/pe_gen[57].pe_inst/input_reg_b[10]' (pe.v:22) (optimized to 0)
'pe_10_10_inst/pe_gen[57].pe_inst/input_reg_b[11]' (pe.v:22) (optimized to 0)
'pe_10_10_inst/pe_gen[57].pe_inst/input_reg_b[12]' (pe.v:22) (optimized to 0)
'pe_10_10_inst/pe_gen[57].pe_inst/input_reg_b[13]' (pe.v:22) (optimized to 0)
'pe_10_10_inst/pe_gen[57].pe_inst/input_reg_b[14]' (pe.v:22) (optimized to 0)
'pe_10_10_inst/pe_gen[57].pe_inst/input_reg_b[15]' (pe.v:22) (optimized to 0)
'pe_10_10_inst/pe_gen[57].pe_inst/input_reg_b[16]' (pe.v:22) (optimized to 0)
'pe_10_10_inst/pe_gen[57].pe_inst/input_reg_b[17]' (pe.v:22) (optimized to 0)
'pe_10_10_inst/pe_gen[58].pe_inst/input_reg_b[1]' (pe.v:22) (optimized to 0)
'pe_10_10_inst/pe_gen[58].pe_inst/input_reg_b[2]' (pe.v:22) (optimized to 0)
'pe_10_10_inst/pe_gen[58].pe_inst/input_reg_b[3]' (pe.v:22) (optimized to 0)
'pe_10_10_inst/pe_gen[58].pe_inst/input_reg_b[4]' (pe.v:22) (optimized to 0)
'pe_10_10_inst/pe_gen[58].pe_inst/input_reg_b[5]' (pe.v:22) (optimized to 0)
'pe_10_10_inst/pe_gen[58].pe_inst/input_reg_b[6]' (pe.v:22) (optimized to 0)
'pe_10_10_inst/pe_gen[58].pe_inst/input_reg_b[7]' (pe.v:22) (optimized to 0)
'pe_10_10_inst/pe_gen[58].pe_inst/input_reg_b[8]' (pe.v:22) (optimized to 0)
'pe_10_10_inst/pe_gen[58].pe_inst/input_reg_b[9]' (pe.v:22) (optimized to 0)
'pe_10_10_inst/pe_gen[58].pe_inst/input_reg_b[10]' (pe.v:22) (optimized to 0)
'pe_10_10_inst/pe_gen[58].pe_inst/input_reg_b[11]' (pe.v:22) (optimized to 0)
'pe_10_10_inst/pe_gen[58].pe_inst/input_reg_b[12]' (pe.v:22) (optimized to 0)
'pe_10_10_inst/pe_gen[58].pe_inst/input_reg_b[13]' (pe.v:22) (optimized to 0)
'pe_10_10_inst/pe_gen[58].pe_inst/input_reg_b[14]' (pe.v:22) (optimized to 0)
'pe_10_10_inst/pe_gen[58].pe_inst/input_reg_b[15]' (pe.v:22) (optimized to 0)
'pe_10_10_inst/pe_gen[58].pe_inst/input_reg_b[16]' (pe.v:22) (optimized to 0)
'pe_10_10_inst/pe_gen[58].pe_inst/input_reg_b[17]' (pe.v:22) (optimized to 0)
'pe_10_10_inst/pe_gen[59].pe_inst/input_reg_b[1]' (pe.v:22) (optimized to 0)
'pe_10_10_inst/pe_gen[59].pe_inst/input_reg_b[2]' (pe.v:22) (optimized to 0)
'pe_10_10_inst/pe_gen[59].pe_inst/input_reg_b[3]' (pe.v:22) (optimized to 0)
'pe_10_10_inst/pe_gen[59].pe_inst/input_reg_b[4]' (pe.v:22) (optimized to 0)
'pe_10_10_inst/pe_gen[59].pe_inst/input_reg_b[5]' (pe.v:22) (optimized to 0)
'pe_10_10_inst/pe_gen[59].pe_inst/input_reg_b[6]' (pe.v:22) (optimized to 0)
'pe_10_10_inst/pe_gen[59].pe_inst/input_reg_b[7]' (pe.v:22) (optimized to 0)
'pe_10_10_inst/pe_gen[59].pe_inst/input_reg_b[8]' (pe.v:22) (optimized to 0)
'pe_10_10_inst/pe_gen[59].pe_inst/input_reg_b[9]' (pe.v:22) (optimized to 0)
'pe_10_10_inst/pe_gen[59].pe_inst/input_reg_b[10]' (pe.v:22) (optimized to 0)
'pe_10_10_inst/pe_gen[59].pe_inst/input_reg_b[11]' (pe.v:22) (optimized to 0)
'pe_10_10_inst/pe_gen[59].pe_inst/input_reg_b[12]' (pe.v:22) (optimized to 0)
'pe_10_10_inst/pe_gen[59].pe_inst/input_reg_b[13]' (pe.v:22) (optimized to 0)
'pe_10_10_inst/pe_gen[59].pe_inst/input_reg_b[14]' (pe.v:22) (optimized to 0)
'pe_10_10_inst/pe_gen[59].pe_inst/input_reg_b[15]' (pe.v:22) (optimized to 0)
'pe_10_10_inst/pe_gen[59].pe_inst/input_reg_b[16]' (pe.v:22) (optimized to 0)
'pe_10_10_inst/pe_gen[59].pe_inst/input_reg_b[17]' (pe.v:22) (optimized to 0)
'pe_10_10_inst/pe_gen[60].pe_inst/input_reg_b[1]' (pe.v:22) (optimized to 0)
'pe_10_10_inst/pe_gen[60].pe_inst/input_reg_b[2]' (pe.v:22) (optimized to 0)
'pe_10_10_inst/pe_gen[60].pe_inst/input_reg_b[3]' (pe.v:22) (optimized to 0)
'pe_10_10_inst/pe_gen[60].pe_inst/input_reg_b[4]' (pe.v:22) (optimized to 0)
'pe_10_10_inst/pe_gen[60].pe_inst/input_reg_b[5]' (pe.v:22) (optimized to 0)
'pe_10_10_inst/pe_gen[60].pe_inst/input_reg_b[6]' (pe.v:22) (optimized to 0)
'pe_10_10_inst/pe_gen[60].pe_inst/input_reg_b[7]' (pe.v:22) (optimized to 0)
'pe_10_10_inst/pe_gen[60].pe_inst/input_reg_b[8]' (pe.v:22) (optimized to 0)
'pe_10_10_inst/pe_gen[60].pe_inst/input_reg_b[9]' (pe.v:22) (optimized to 0)
'pe_10_10_inst/pe_gen[60].pe_inst/input_reg_b[10]' (pe.v:22) (optimized to 0)
'pe_10_10_inst/pe_gen[60].pe_inst/input_reg_b[11]' (pe.v:22) (optimized to 0)
'pe_10_10_inst/pe_gen[60].pe_inst/input_reg_b[12]' (pe.v:22) (optimized to 0)
'pe_10_10_inst/pe_gen[60].pe_inst/input_reg_b[13]' (pe.v:22) (optimized to 0)
'pe_10_10_inst/pe_gen[60].pe_inst/input_reg_b[14]' (pe.v:22) (optimized to 0)
'pe_10_10_inst/pe_gen[60].pe_inst/input_reg_b[15]' (pe.v:22) (optimized to 0)
'pe_10_10_inst/pe_gen[60].pe_inst/input_reg_b[16]' (pe.v:22) (optimized to 0)
'pe_10_10_inst/pe_gen[60].pe_inst/input_reg_b[17]' (pe.v:22) (optimized to 0)
'pe_10_10_inst/pe_gen[61].pe_inst/input_reg_b[1]' (pe.v:22) (optimized to 0)
'pe_10_10_inst/pe_gen[61].pe_inst/input_reg_b[2]' (pe.v:22) (optimized to 0)
'pe_10_10_inst/pe_gen[61].pe_inst/input_reg_b[3]' (pe.v:22) (optimized to 0)
'pe_10_10_inst/pe_gen[61].pe_inst/input_reg_b[4]' (pe.v:22) (optimized to 0)
'pe_10_10_inst/pe_gen[61].pe_inst/input_reg_b[5]' (pe.v:22) (optimized to 0)
'pe_10_10_inst/pe_gen[61].pe_inst/input_reg_b[6]' (pe.v:22) (optimized to 0)
'pe_10_10_inst/pe_gen[61].pe_inst/input_reg_b[7]' (pe.v:22) (optimized to 0)
'pe_10_10_inst/pe_gen[61].pe_inst/input_reg_b[8]' (pe.v:22) (optimized to 0)
'pe_10_10_inst/pe_gen[61].pe_inst/input_reg_b[9]' (pe.v:22) (optimized to 0)
'pe_10_10_inst/pe_gen[61].pe_inst/input_reg_b[10]' (pe.v:22) (optimized to 0)
'pe_10_10_inst/pe_gen[61].pe_inst/input_reg_b[11]' (pe.v:22) (optimized to 0)
'pe_10_10_inst/pe_gen[61].pe_inst/input_reg_b[12]' (pe.v:22) (optimized to 0)
'pe_10_10_inst/pe_gen[61].pe_inst/input_reg_b[13]' (pe.v:22) (optimized to 0)
'pe_10_10_inst/pe_gen[61].pe_inst/input_reg_b[14]' (pe.v:22) (optimized to 0)
'pe_10_10_inst/pe_gen[61].pe_inst/input_reg_b[15]' (pe.v:22) (optimized to 0)
'pe_10_10_inst/pe_gen[61].pe_inst/input_reg_b[16]' (pe.v:22) (optimized to 0)
'pe_10_10_inst/pe_gen[61].pe_inst/input_reg_b[17]' (pe.v:22) (optimized to 0)
'pe_10_10_inst/pe_gen[62].pe_inst/input_reg_b[1]' (pe.v:22) (optimized to 0)
'pe_10_10_inst/pe_gen[62].pe_inst/input_reg_b[2]' (pe.v:22) (optimized to 0)
'pe_10_10_inst/pe_gen[62].pe_inst/input_reg_b[3]' (pe.v:22) (optimized to 0)
'pe_10_10_inst/pe_gen[62].pe_inst/input_reg_b[4]' (pe.v:22) (optimized to 0)
'pe_10_10_inst/pe_gen[62].pe_inst/input_reg_b[5]' (pe.v:22) (optimized to 0)
'pe_10_10_inst/pe_gen[62].pe_inst/input_reg_b[6]' (pe.v:22) (optimized to 0)
'pe_10_10_inst/pe_gen[62].pe_inst/input_reg_b[7]' (pe.v:22) (optimized to 0)
'pe_10_10_inst/pe_gen[62].pe_inst/input_reg_b[8]' (pe.v:22) (optimized to 0)
'pe_10_10_inst/pe_gen[62].pe_inst/input_reg_b[9]' (pe.v:22) (optimized to 0)
'pe_10_10_inst/pe_gen[62].pe_inst/input_reg_b[10]' (pe.v:22) (optimized to 0)
'pe_10_10_inst/pe_gen[62].pe_inst/input_reg_b[11]' (pe.v:22) (optimized to 0)
'pe_10_10_inst/pe_gen[62].pe_inst/input_reg_b[12]' (pe.v:22) (optimized to 0)
'pe_10_10_inst/pe_gen[62].pe_inst/input_reg_b[13]' (pe.v:22) (optimized to 0)
'pe_10_10_inst/pe_gen[62].pe_inst/input_reg_b[14]' (pe.v:22) (optimized to 0)
'pe_10_10_inst/pe_gen[62].pe_inst/input_reg_b[15]' (pe.v:22) (optimized to 0)
'pe_10_10_inst/pe_gen[62].pe_inst/input_reg_b[16]' (pe.v:22) (optimized to 0)
'pe_10_10_inst/pe_gen[62].pe_inst/input_reg_b[17]' (pe.v:22) (optimized to 0)
'pe_10_10_inst/pe_gen[63].pe_inst/input_reg_b[1]' (pe.v:22) (optimized to 0)
'pe_10_10_inst/pe_gen[63].pe_inst/input_reg_b[2]' (pe.v:22) (optimized to 0)
'pe_10_10_inst/pe_gen[63].pe_inst/input_reg_b[3]' (pe.v:22) (optimized to 0)
'pe_10_10_inst/pe_gen[63].pe_inst/input_reg_b[4]' (pe.v:22) (optimized to 0)
'pe_10_10_inst/pe_gen[63].pe_inst/input_reg_b[5]' (pe.v:22) (optimized to 0)
'pe_10_10_inst/pe_gen[63].pe_inst/input_reg_b[6]' (pe.v:22) (optimized to 0)
'pe_10_10_inst/pe_gen[63].pe_inst/input_reg_b[7]' (pe.v:22) (optimized to 0)
'pe_10_10_inst/pe_gen[63].pe_inst/input_reg_b[8]' (pe.v:22) (optimized to 0)
'pe_10_10_inst/pe_gen[63].pe_inst/input_reg_b[9]' (pe.v:22) (optimized to 0)
'pe_10_10_inst/pe_gen[63].pe_inst/input_reg_b[10]' (pe.v:22) (optimized to 0)
'pe_10_10_inst/pe_gen[63].pe_inst/input_reg_b[11]' (pe.v:22) (optimized to 0)
'pe_10_10_inst/pe_gen[63].pe_inst/input_reg_b[12]' (pe.v:22) (optimized to 0)
'pe_10_10_inst/pe_gen[63].pe_inst/input_reg_b[13]' (pe.v:22) (optimized to 0)
'pe_10_10_inst/pe_gen[63].pe_inst/input_reg_b[14]' (pe.v:22) (optimized to 0)
'pe_10_10_inst/pe_gen[63].pe_inst/input_reg_b[15]' (pe.v:22) (optimized to 0)
'pe_10_10_inst/pe_gen[63].pe_inst/input_reg_b[16]' (pe.v:22) (optimized to 0)
'pe_10_10_inst/pe_gen[63].pe_inst/input_reg_b[17]' (pe.v:22) (optimized to 0)
'pe_10_10_inst/pe_gen[64].pe_inst/input_reg_b[1]' (pe.v:22) (optimized to 0)
'pe_10_10_inst/pe_gen[64].pe_inst/input_reg_b[2]' (pe.v:22) (optimized to 0)
'pe_10_10_inst/pe_gen[64].pe_inst/input_reg_b[3]' (pe.v:22) (optimized to 0)
'pe_10_10_inst/pe_gen[64].pe_inst/input_reg_b[4]' (pe.v:22) (optimized to 0)
'pe_10_10_inst/pe_gen[64].pe_inst/input_reg_b[5]' (pe.v:22) (optimized to 0)
'pe_10_10_inst/pe_gen[64].pe_inst/input_reg_b[6]' (pe.v:22) (optimized to 0)
'pe_10_10_inst/pe_gen[64].pe_inst/input_reg_b[7]' (pe.v:22) (optimized to 0)
'pe_10_10_inst/pe_gen[64].pe_inst/input_reg_b[8]' (pe.v:22) (optimized to 0)
'pe_10_10_inst/pe_gen[64].pe_inst/input_reg_b[9]' (pe.v:22) (optimized to 0)
'pe_10_10_inst/pe_gen[64].pe_inst/input_reg_b[10]' (pe.v:22) (optimized to 0)
'pe_10_10_inst/pe_gen[64].pe_inst/input_reg_b[11]' (pe.v:22) (optimized to 0)
'pe_10_10_inst/pe_gen[64].pe_inst/input_reg_b[12]' (pe.v:22) (optimized to 0)
'pe_10_10_inst/pe_gen[64].pe_inst/input_reg_b[13]' (pe.v:22) (optimized to 0)
'pe_10_10_inst/pe_gen[64].pe_inst/input_reg_b[14]' (pe.v:22) (optimized to 0)
'pe_10_10_inst/pe_gen[64].pe_inst/input_reg_b[15]' (pe.v:22) (optimized to 0)
'pe_10_10_inst/pe_gen[64].pe_inst/input_reg_b[16]' (pe.v:22) (optimized to 0)
'pe_10_10_inst/pe_gen[64].pe_inst/input_reg_b[17]' (pe.v:22) (optimized to 0)
'pe_10_10_inst/pe_gen[65].pe_inst/input_reg_b[1]' (pe.v:22) (optimized to 0)
'pe_10_10_inst/pe_gen[65].pe_inst/input_reg_b[2]' (pe.v:22) (optimized to 0)
'pe_10_10_inst/pe_gen[65].pe_inst/input_reg_b[3]' (pe.v:22) (optimized to 0)
'pe_10_10_inst/pe_gen[65].pe_inst/input_reg_b[4]' (pe.v:22) (optimized to 0)
'pe_10_10_inst/pe_gen[65].pe_inst/input_reg_b[5]' (pe.v:22) (optimized to 0)
'pe_10_10_inst/pe_gen[65].pe_inst/input_reg_b[6]' (pe.v:22) (optimized to 0)
'pe_10_10_inst/pe_gen[65].pe_inst/input_reg_b[7]' (pe.v:22) (optimized to 0)
'pe_10_10_inst/pe_gen[65].pe_inst/input_reg_b[8]' (pe.v:22) (optimized to 0)
'pe_10_10_inst/pe_gen[65].pe_inst/input_reg_b[9]' (pe.v:22) (optimized to 0)
'pe_10_10_inst/pe_gen[65].pe_inst/input_reg_b[10]' (pe.v:22) (optimized to 0)
'pe_10_10_inst/pe_gen[65].pe_inst/input_reg_b[11]' (pe.v:22) (optimized to 0)
'pe_10_10_inst/pe_gen[65].pe_inst/input_reg_b[12]' (pe.v:22) (optimized to 0)
'pe_10_10_inst/pe_gen[65].pe_inst/input_reg_b[13]' (pe.v:22) (optimized to 0)
'pe_10_10_inst/pe_gen[65].pe_inst/input_reg_b[14]' (pe.v:22) (optimized to 0)
'pe_10_10_inst/pe_gen[65].pe_inst/input_reg_b[15]' (pe.v:22) (optimized to 0)
'pe_10_10_inst/pe_gen[65].pe_inst/input_reg_b[16]' (pe.v:22) (optimized to 0)
'pe_10_10_inst/pe_gen[65].pe_inst/input_reg_b[17]' (pe.v:22) (optimized to 0)
'pe_10_10_inst/pe_gen[66].pe_inst/input_reg_b[1]' (pe.v:22) (optimized to 0)
'pe_10_10_inst/pe_gen[66].pe_inst/input_reg_b[2]' (pe.v:22) (optimized to 0)
'pe_10_10_inst/pe_gen[66].pe_inst/input_reg_b[3]' (pe.v:22) (optimized to 0)
'pe_10_10_inst/pe_gen[66].pe_inst/input_reg_b[4]' (pe.v:22) (optimized to 0)
'pe_10_10_inst/pe_gen[66].pe_inst/input_reg_b[5]' (pe.v:22) (optimized to 0)
'pe_10_10_inst/pe_gen[66].pe_inst/input_reg_b[6]' (pe.v:22) (optimized to 0)
'pe_10_10_inst/pe_gen[66].pe_inst/input_reg_b[7]' (pe.v:22) (optimized to 0)
'pe_10_10_inst/pe_gen[66].pe_inst/input_reg_b[8]' (pe.v:22) (optimized to 0)
'pe_10_10_inst/pe_gen[66].pe_inst/input_reg_b[9]' (pe.v:22) (optimized to 0)
'pe_10_10_inst/pe_gen[66].pe_inst/input_reg_b[10]' (pe.v:22) (optimized to 0)
'pe_10_10_inst/pe_gen[66].pe_inst/input_reg_b[11]' (pe.v:22) (optimized to 0)
'pe_10_10_inst/pe_gen[66].pe_inst/input_reg_b[12]' (pe.v:22) (optimized to 0)
'pe_10_10_inst/pe_gen[66].pe_inst/input_reg_b[13]' (pe.v:22) (optimized to 0)
'pe_10_10_inst/pe_gen[66].pe_inst/input_reg_b[14]' (pe.v:22) (optimized to 0)
'pe_10_10_inst/pe_gen[66].pe_inst/input_reg_b[15]' (pe.v:22) (optimized to 0)
'pe_10_10_inst/pe_gen[66].pe_inst/input_reg_b[16]' (pe.v:22) (optimized to 0)
'pe_10_10_inst/pe_gen[66].pe_inst/input_reg_b[17]' (pe.v:22) (optimized to 0)
'pe_10_10_inst/pe_gen[67].pe_inst/input_reg_b[1]' (pe.v:22) (optimized to 0)
'pe_10_10_inst/pe_gen[67].pe_inst/input_reg_b[2]' (pe.v:22) (optimized to 0)
'pe_10_10_inst/pe_gen[67].pe_inst/input_reg_b[3]' (pe.v:22) (optimized to 0)
'pe_10_10_inst/pe_gen[67].pe_inst/input_reg_b[4]' (pe.v:22) (optimized to 0)
'pe_10_10_inst/pe_gen[67].pe_inst/input_reg_b[5]' (pe.v:22) (optimized to 0)
'pe_10_10_inst/pe_gen[67].pe_inst/input_reg_b[6]' (pe.v:22) (optimized to 0)
'pe_10_10_inst/pe_gen[67].pe_inst/input_reg_b[7]' (pe.v:22) (optimized to 0)
'pe_10_10_inst/pe_gen[67].pe_inst/input_reg_b[8]' (pe.v:22) (optimized to 0)
'pe_10_10_inst/pe_gen[67].pe_inst/input_reg_b[9]' (pe.v:22) (optimized to 0)
'pe_10_10_inst/pe_gen[67].pe_inst/input_reg_b[10]' (pe.v:22) (optimized to 0)
'pe_10_10_inst/pe_gen[67].pe_inst/input_reg_b[11]' (pe.v:22) (optimized to 0)
'pe_10_10_inst/pe_gen[67].pe_inst/input_reg_b[12]' (pe.v:22) (optimized to 0)
'pe_10_10_inst/pe_gen[67].pe_inst/input_reg_b[13]' (pe.v:22) (optimized to 0)
'pe_10_10_inst/pe_gen[67].pe_inst/input_reg_b[14]' (pe.v:22) (optimized to 0)
'pe_10_10_inst/pe_gen[67].pe_inst/input_reg_b[15]' (pe.v:22) (optimized to 0)
'pe_10_10_inst/pe_gen[67].pe_inst/input_reg_b[16]' (pe.v:22) (optimized to 0)
'pe_10_10_inst/pe_gen[67].pe_inst/input_reg_b[17]' (pe.v:22) (optimized to 0)
'pe_10_10_inst/pe_gen[68].pe_inst/input_reg_b[1]' (pe.v:22) (optimized to 0)
'pe_10_10_inst/pe_gen[68].pe_inst/input_reg_b[2]' (pe.v:22) (optimized to 0)
'pe_10_10_inst/pe_gen[68].pe_inst/input_reg_b[3]' (pe.v:22) (optimized to 0)
'pe_10_10_inst/pe_gen[68].pe_inst/input_reg_b[4]' (pe.v:22) (optimized to 0)
'pe_10_10_inst/pe_gen[68].pe_inst/input_reg_b[5]' (pe.v:22) (optimized to 0)
'pe_10_10_inst/pe_gen[68].pe_inst/input_reg_b[6]' (pe.v:22) (optimized to 0)
'pe_10_10_inst/pe_gen[68].pe_inst/input_reg_b[7]' (pe.v:22) (optimized to 0)
'pe_10_10_inst/pe_gen[68].pe_inst/input_reg_b[8]' (pe.v:22) (optimized to 0)
'pe_10_10_inst/pe_gen[68].pe_inst/input_reg_b[9]' (pe.v:22) (optimized to 0)
'pe_10_10_inst/pe_gen[68].pe_inst/input_reg_b[10]' (pe.v:22) (optimized to 0)
'pe_10_10_inst/pe_gen[68].pe_inst/input_reg_b[11]' (pe.v:22) (optimized to 0)
'pe_10_10_inst/pe_gen[68].pe_inst/input_reg_b[12]' (pe.v:22) (optimized to 0)
'pe_10_10_inst/pe_gen[68].pe_inst/input_reg_b[13]' (pe.v:22) (optimized to 0)
'pe_10_10_inst/pe_gen[68].pe_inst/input_reg_b[14]' (pe.v:22) (optimized to 0)
'pe_10_10_inst/pe_gen[68].pe_inst/input_reg_b[15]' (pe.v:22) (optimized to 0)
'pe_10_10_inst/pe_gen[68].pe_inst/input_reg_b[16]' (pe.v:22) (optimized to 0)
'pe_10_10_inst/pe_gen[68].pe_inst/input_reg_b[17]' (pe.v:22) (optimized to 0)
'pe_10_10_inst/pe_gen[69].pe_inst/input_reg_b[1]' (pe.v:22) (optimized to 0)
'pe_10_10_inst/pe_gen[69].pe_inst/input_reg_b[2]' (pe.v:22) (optimized to 0)
'pe_10_10_inst/pe_gen[69].pe_inst/input_reg_b[3]' (pe.v:22) (optimized to 0)
'pe_10_10_inst/pe_gen[69].pe_inst/input_reg_b[4]' (pe.v:22) (optimized to 0)
'pe_10_10_inst/pe_gen[69].pe_inst/input_reg_b[5]' (pe.v:22) (optimized to 0)
'pe_10_10_inst/pe_gen[69].pe_inst/input_reg_b[6]' (pe.v:22) (optimized to 0)
'pe_10_10_inst/pe_gen[69].pe_inst/input_reg_b[7]' (pe.v:22) (optimized to 0)
'pe_10_10_inst/pe_gen[69].pe_inst/input_reg_b[8]' (pe.v:22) (optimized to 0)
'pe_10_10_inst/pe_gen[69].pe_inst/input_reg_b[9]' (pe.v:22) (optimized to 0)
'pe_10_10_inst/pe_gen[69].pe_inst/input_reg_b[10]' (pe.v:22) (optimized to 0)
'pe_10_10_inst/pe_gen[69].pe_inst/input_reg_b[11]' (pe.v:22) (optimized to 0)
'pe_10_10_inst/pe_gen[69].pe_inst/input_reg_b[12]' (pe.v:22) (optimized to 0)
'pe_10_10_inst/pe_gen[69].pe_inst/input_reg_b[13]' (pe.v:22) (optimized to 0)
'pe_10_10_inst/pe_gen[69].pe_inst/input_reg_b[14]' (pe.v:22) (optimized to 0)
'pe_10_10_inst/pe_gen[69].pe_inst/input_reg_b[15]' (pe.v:22) (optimized to 0)
'pe_10_10_inst/pe_gen[69].pe_inst/input_reg_b[16]' (pe.v:22) (optimized to 0)
'pe_10_10_inst/pe_gen[69].pe_inst/input_reg_b[17]' (pe.v:22) (optimized to 0)
'pe_10_10_inst/pe_gen[70].pe_inst/input_reg_b[1]' (pe.v:22) (optimized to 0)
'pe_10_10_inst/pe_gen[70].pe_inst/input_reg_b[2]' (pe.v:22) (optimized to 0)
'pe_10_10_inst/pe_gen[70].pe_inst/input_reg_b[3]' (pe.v:22) (optimized to 0)
'pe_10_10_inst/pe_gen[70].pe_inst/input_reg_b[4]' (pe.v:22) (optimized to 0)
'pe_10_10_inst/pe_gen[70].pe_inst/input_reg_b[5]' (pe.v:22) (optimized to 0)
'pe_10_10_inst/pe_gen[70].pe_inst/input_reg_b[6]' (pe.v:22) (optimized to 0)
'pe_10_10_inst/pe_gen[70].pe_inst/input_reg_b[7]' (pe.v:22) (optimized to 0)
'pe_10_10_inst/pe_gen[70].pe_inst/input_reg_b[8]' (pe.v:22) (optimized to 0)
'pe_10_10_inst/pe_gen[70].pe_inst/input_reg_b[9]' (pe.v:22) (optimized to 0)
'pe_10_10_inst/pe_gen[70].pe_inst/input_reg_b[10]' (pe.v:22) (optimized to 0)
'pe_10_10_inst/pe_gen[70].pe_inst/input_reg_b[11]' (pe.v:22) (optimized to 0)
'pe_10_10_inst/pe_gen[70].pe_inst/input_reg_b[12]' (pe.v:22) (optimized to 0)
'pe_10_10_inst/pe_gen[70].pe_inst/input_reg_b[13]' (pe.v:22) (optimized to 0)
'pe_10_10_inst/pe_gen[70].pe_inst/input_reg_b[14]' (pe.v:22) (optimized to 0)
'pe_10_10_inst/pe_gen[70].pe_inst/input_reg_b[15]' (pe.v:22) (optimized to 0)
'pe_10_10_inst/pe_gen[70].pe_inst/input_reg_b[16]' (pe.v:22) (optimized to 0)
'pe_10_10_inst/pe_gen[70].pe_inst/input_reg_b[17]' (pe.v:22) (optimized to 0)
'pe_10_10_inst/pe_gen[71].pe_inst/input_reg_b[1]' (pe.v:22) (optimized to 0)
'pe_10_10_inst/pe_gen[71].pe_inst/input_reg_b[2]' (pe.v:22) (optimized to 0)
'pe_10_10_inst/pe_gen[71].pe_inst/input_reg_b[3]' (pe.v:22) (optimized to 0)
'pe_10_10_inst/pe_gen[71].pe_inst/input_reg_b[4]' (pe.v:22) (optimized to 0)
'pe_10_10_inst/pe_gen[71].pe_inst/input_reg_b[5]' (pe.v:22) (optimized to 0)
'pe_10_10_inst/pe_gen[71].pe_inst/input_reg_b[6]' (pe.v:22) (optimized to 0)
'pe_10_10_inst/pe_gen[71].pe_inst/input_reg_b[7]' (pe.v:22) (optimized to 0)
'pe_10_10_inst/pe_gen[71].pe_inst/input_reg_b[8]' (pe.v:22) (optimized to 0)
'pe_10_10_inst/pe_gen[71].pe_inst/input_reg_b[9]' (pe.v:22) (optimized to 0)
'pe_10_10_inst/pe_gen[71].pe_inst/input_reg_b[10]' (pe.v:22) (optimized to 0)
'pe_10_10_inst/pe_gen[71].pe_inst/input_reg_b[11]' (pe.v:22) (optimized to 0)
'pe_10_10_inst/pe_gen[71].pe_inst/input_reg_b[12]' (pe.v:22) (optimized to 0)
'pe_10_10_inst/pe_gen[71].pe_inst/input_reg_b[13]' (pe.v:22) (optimized to 0)
'pe_10_10_inst/pe_gen[71].pe_inst/input_reg_b[14]' (pe.v:22) (optimized to 0)
'pe_10_10_inst/pe_gen[71].pe_inst/input_reg_b[15]' (pe.v:22) (optimized to 0)
'pe_10_10_inst/pe_gen[71].pe_inst/input_reg_b[16]' (pe.v:22) (optimized to 0)
'pe_10_10_inst/pe_gen[71].pe_inst/input_reg_b[17]' (pe.v:22) (optimized to 0)
'pe_10_10_inst/pe_gen[72].pe_inst/input_reg_b[1]' (pe.v:22) (optimized to 0)
'pe_10_10_inst/pe_gen[72].pe_inst/input_reg_b[2]' (pe.v:22) (optimized to 0)
'pe_10_10_inst/pe_gen[72].pe_inst/input_reg_b[3]' (pe.v:22) (optimized to 0)
'pe_10_10_inst/pe_gen[72].pe_inst/input_reg_b[4]' (pe.v:22) (optimized to 0)
'pe_10_10_inst/pe_gen[72].pe_inst/input_reg_b[5]' (pe.v:22) (optimized to 0)
'pe_10_10_inst/pe_gen[72].pe_inst/input_reg_b[6]' (pe.v:22) (optimized to 0)
'pe_10_10_inst/pe_gen[72].pe_inst/input_reg_b[7]' (pe.v:22) (optimized to 0)
'pe_10_10_inst/pe_gen[72].pe_inst/input_reg_b[8]' (pe.v:22) (optimized to 0)
'pe_10_10_inst/pe_gen[72].pe_inst/input_reg_b[9]' (pe.v:22) (optimized to 0)
'pe_10_10_inst/pe_gen[72].pe_inst/input_reg_b[10]' (pe.v:22) (optimized to 0)
'pe_10_10_inst/pe_gen[72].pe_inst/input_reg_b[11]' (pe.v:22) (optimized to 0)
'pe_10_10_inst/pe_gen[72].pe_inst/input_reg_b[12]' (pe.v:22) (optimized to 0)
'pe_10_10_inst/pe_gen[72].pe_inst/input_reg_b[13]' (pe.v:22) (optimized to 0)
'pe_10_10_inst/pe_gen[72].pe_inst/input_reg_b[14]' (pe.v:22) (optimized to 0)
'pe_10_10_inst/pe_gen[72].pe_inst/input_reg_b[15]' (pe.v:22) (optimized to 0)
'pe_10_10_inst/pe_gen[72].pe_inst/input_reg_b[16]' (pe.v:22) (optimized to 0)
'pe_10_10_inst/pe_gen[72].pe_inst/input_reg_b[17]' (pe.v:22) (optimized to 0)
'pe_10_10_inst/pe_gen[73].pe_inst/input_reg_b[1]' (pe.v:22) (optimized to 0)
'pe_10_10_inst/pe_gen[73].pe_inst/input_reg_b[2]' (pe.v:22) (optimized to 0)
'pe_10_10_inst/pe_gen[73].pe_inst/input_reg_b[3]' (pe.v:22) (optimized to 0)
'pe_10_10_inst/pe_gen[73].pe_inst/input_reg_b[4]' (pe.v:22) (optimized to 0)
'pe_10_10_inst/pe_gen[73].pe_inst/input_reg_b[5]' (pe.v:22) (optimized to 0)
'pe_10_10_inst/pe_gen[73].pe_inst/input_reg_b[6]' (pe.v:22) (optimized to 0)
'pe_10_10_inst/pe_gen[73].pe_inst/input_reg_b[7]' (pe.v:22) (optimized to 0)
'pe_10_10_inst/pe_gen[73].pe_inst/input_reg_b[8]' (pe.v:22) (optimized to 0)
'pe_10_10_inst/pe_gen[73].pe_inst/input_reg_b[9]' (pe.v:22) (optimized to 0)
'pe_10_10_inst/pe_gen[73].pe_inst/input_reg_b[10]' (pe.v:22) (optimized to 0)
'pe_10_10_inst/pe_gen[73].pe_inst/input_reg_b[11]' (pe.v:22) (optimized to 0)
'pe_10_10_inst/pe_gen[73].pe_inst/input_reg_b[12]' (pe.v:22) (optimized to 0)
'pe_10_10_inst/pe_gen[73].pe_inst/input_reg_b[13]' (pe.v:22) (optimized to 0)
'pe_10_10_inst/pe_gen[73].pe_inst/input_reg_b[14]' (pe.v:22) (optimized to 0)
'pe_10_10_inst/pe_gen[73].pe_inst/input_reg_b[15]' (pe.v:22) (optimized to 0)
'pe_10_10_inst/pe_gen[73].pe_inst/input_reg_b[16]' (pe.v:22) (optimized to 0)
'pe_10_10_inst/pe_gen[73].pe_inst/input_reg_b[17]' (pe.v:22) (optimized to 0)
'pe_10_10_inst/pe_gen[74].pe_inst/input_reg_b[1]' (pe.v:22) (optimized to 0)
'pe_10_10_inst/pe_gen[74].pe_inst/input_reg_b[2]' (pe.v:22) (optimized to 0)
'pe_10_10_inst/pe_gen[74].pe_inst/input_reg_b[3]' (pe.v:22) (optimized to 0)
'pe_10_10_inst/pe_gen[74].pe_inst/input_reg_b[4]' (pe.v:22) (optimized to 0)
'pe_10_10_inst/pe_gen[74].pe_inst/input_reg_b[5]' (pe.v:22) (optimized to 0)
'pe_10_10_inst/pe_gen[74].pe_inst/input_reg_b[6]' (pe.v:22) (optimized to 0)
'pe_10_10_inst/pe_gen[74].pe_inst/input_reg_b[7]' (pe.v:22) (optimized to 0)
'pe_10_10_inst/pe_gen[74].pe_inst/input_reg_b[8]' (pe.v:22) (optimized to 0)
'pe_10_10_inst/pe_gen[74].pe_inst/input_reg_b[9]' (pe.v:22) (optimized to 0)
'pe_10_10_inst/pe_gen[74].pe_inst/input_reg_b[10]' (pe.v:22) (optimized to 0)
'pe_10_10_inst/pe_gen[74].pe_inst/input_reg_b[11]' (pe.v:22) (optimized to 0)
'pe_10_10_inst/pe_gen[74].pe_inst/input_reg_b[12]' (pe.v:22) (optimized to 0)
'pe_10_10_inst/pe_gen[74].pe_inst/input_reg_b[13]' (pe.v:22) (optimized to 0)
'pe_10_10_inst/pe_gen[74].pe_inst/input_reg_b[14]' (pe.v:22) (optimized to 0)
'pe_10_10_inst/pe_gen[74].pe_inst/input_reg_b[15]' (pe.v:22) (optimized to 0)
'pe_10_10_inst/pe_gen[74].pe_inst/input_reg_b[16]' (pe.v:22) (optimized to 0)
'pe_10_10_inst/pe_gen[74].pe_inst/input_reg_b[17]' (pe.v:22) (optimized to 0)
'pe_10_10_inst/pe_gen[75].pe_inst/input_reg_b[1]' (pe.v:22) (optimized to 0)
'pe_10_10_inst/pe_gen[75].pe_inst/input_reg_b[2]' (pe.v:22) (optimized to 0)
'pe_10_10_inst/pe_gen[75].pe_inst/input_reg_b[3]' (pe.v:22) (optimized to 0)
'pe_10_10_inst/pe_gen[75].pe_inst/input_reg_b[4]' (pe.v:22) (optimized to 0)
'pe_10_10_inst/pe_gen[75].pe_inst/input_reg_b[5]' (pe.v:22) (optimized to 0)
'pe_10_10_inst/pe_gen[75].pe_inst/input_reg_b[6]' (pe.v:22) (optimized to 0)
'pe_10_10_inst/pe_gen[75].pe_inst/input_reg_b[7]' (pe.v:22) (optimized to 0)
'pe_10_10_inst/pe_gen[75].pe_inst/input_reg_b[8]' (pe.v:22) (optimized to 0)
'pe_10_10_inst/pe_gen[75].pe_inst/input_reg_b[9]' (pe.v:22) (optimized to 0)
'pe_10_10_inst/pe_gen[75].pe_inst/input_reg_b[10]' (pe.v:22) (optimized to 0)
'pe_10_10_inst/pe_gen[75].pe_inst/input_reg_b[11]' (pe.v:22) (optimized to 0)
'pe_10_10_inst/pe_gen[75].pe_inst/input_reg_b[12]' (pe.v:22) (optimized to 0)
'pe_10_10_inst/pe_gen[75].pe_inst/input_reg_b[13]' (pe.v:22) (optimized to 0)
'pe_10_10_inst/pe_gen[75].pe_inst/input_reg_b[14]' (pe.v:22) (optimized to 0)
'pe_10_10_inst/pe_gen[75].pe_inst/input_reg_b[15]' (pe.v:22) (optimized to 0)
'pe_10_10_inst/pe_gen[75].pe_inst/input_reg_b[16]' (pe.v:22) (optimized to 0)
'pe_10_10_inst/pe_gen[75].pe_inst/input_reg_b[17]' (pe.v:22) (optimized to 0)
'pe_10_10_inst/pe_gen[76].pe_inst/input_reg_b[1]' (pe.v:22) (optimized to 0)
'pe_10_10_inst/pe_gen[76].pe_inst/input_reg_b[2]' (pe.v:22) (optimized to 0)
'pe_10_10_inst/pe_gen[76].pe_inst/input_reg_b[3]' (pe.v:22) (optimized to 0)
'pe_10_10_inst/pe_gen[76].pe_inst/input_reg_b[4]' (pe.v:22) (optimized to 0)
'pe_10_10_inst/pe_gen[76].pe_inst/input_reg_b[5]' (pe.v:22) (optimized to 0)
'pe_10_10_inst/pe_gen[76].pe_inst/input_reg_b[6]' (pe.v:22) (optimized to 0)
'pe_10_10_inst/pe_gen[76].pe_inst/input_reg_b[7]' (pe.v:22) (optimized to 0)
'pe_10_10_inst/pe_gen[76].pe_inst/input_reg_b[8]' (pe.v:22) (optimized to 0)
'pe_10_10_inst/pe_gen[76].pe_inst/input_reg_b[9]' (pe.v:22) (optimized to 0)
'pe_10_10_inst/pe_gen[76].pe_inst/input_reg_b[10]' (pe.v:22) (optimized to 0)
'pe_10_10_inst/pe_gen[76].pe_inst/input_reg_b[11]' (pe.v:22) (optimized to 0)
'pe_10_10_inst/pe_gen[76].pe_inst/input_reg_b[12]' (pe.v:22) (optimized to 0)
'pe_10_10_inst/pe_gen[76].pe_inst/input_reg_b[13]' (pe.v:22) (optimized to 0)
'pe_10_10_inst/pe_gen[76].pe_inst/input_reg_b[14]' (pe.v:22) (optimized to 0)
'pe_10_10_inst/pe_gen[76].pe_inst/input_reg_b[15]' (pe.v:22) (optimized to 0)
'pe_10_10_inst/pe_gen[76].pe_inst/input_reg_b[16]' (pe.v:22) (optimized to 0)
'pe_10_10_inst/pe_gen[76].pe_inst/input_reg_b[17]' (pe.v:22) (optimized to 0)
'pe_10_10_inst/pe_gen[77].pe_inst/input_reg_b[1]' (pe.v:22) (optimized to 0)
'pe_10_10_inst/pe_gen[77].pe_inst/input_reg_b[2]' (pe.v:22) (optimized to 0)
'pe_10_10_inst/pe_gen[77].pe_inst/input_reg_b[3]' (pe.v:22) (optimized to 0)
'pe_10_10_inst/pe_gen[77].pe_inst/input_reg_b[4]' (pe.v:22) (optimized to 0)
'pe_10_10_inst/pe_gen[77].pe_inst/input_reg_b[5]' (pe.v:22) (optimized to 0)
'pe_10_10_inst/pe_gen[77].pe_inst/input_reg_b[6]' (pe.v:22) (optimized to 0)
'pe_10_10_inst/pe_gen[77].pe_inst/input_reg_b[7]' (pe.v:22) (optimized to 0)
'pe_10_10_inst/pe_gen[77].pe_inst/input_reg_b[8]' (pe.v:22) (optimized to 0)
'pe_10_10_inst/pe_gen[77].pe_inst/input_reg_b[9]' (pe.v:22) (optimized to 0)
'pe_10_10_inst/pe_gen[77].pe_inst/input_reg_b[10]' (pe.v:22) (optimized to 0)
'pe_10_10_inst/pe_gen[77].pe_inst/input_reg_b[11]' (pe.v:22) (optimized to 0)
'pe_10_10_inst/pe_gen[77].pe_inst/input_reg_b[12]' (pe.v:22) (optimized to 0)
'pe_10_10_inst/pe_gen[77].pe_inst/input_reg_b[13]' (pe.v:22) (optimized to 0)
'pe_10_10_inst/pe_gen[77].pe_inst/input_reg_b[14]' (pe.v:22) (optimized to 0)
'pe_10_10_inst/pe_gen[77].pe_inst/input_reg_b[15]' (pe.v:22) (optimized to 0)
'pe_10_10_inst/pe_gen[77].pe_inst/input_reg_b[16]' (pe.v:22) (optimized to 0)
'pe_10_10_inst/pe_gen[77].pe_inst/input_reg_b[17]' (pe.v:22) (optimized to 0)
'pe_10_10_inst/pe_gen[78].pe_inst/input_reg_b[1]' (pe.v:22) (optimized to 0)
'pe_10_10_inst/pe_gen[78].pe_inst/input_reg_b[2]' (pe.v:22) (optimized to 0)
'pe_10_10_inst/pe_gen[78].pe_inst/input_reg_b[3]' (pe.v:22) (optimized to 0)
'pe_10_10_inst/pe_gen[78].pe_inst/input_reg_b[4]' (pe.v:22) (optimized to 0)
'pe_10_10_inst/pe_gen[78].pe_inst/input_reg_b[5]' (pe.v:22) (optimized to 0)
'pe_10_10_inst/pe_gen[78].pe_inst/input_reg_b[6]' (pe.v:22) (optimized to 0)
'pe_10_10_inst/pe_gen[78].pe_inst/input_reg_b[7]' (pe.v:22) (optimized to 0)
'pe_10_10_inst/pe_gen[78].pe_inst/input_reg_b[8]' (pe.v:22) (optimized to 0)
'pe_10_10_inst/pe_gen[78].pe_inst/input_reg_b[9]' (pe.v:22) (optimized to 0)
'pe_10_10_inst/pe_gen[78].pe_inst/input_reg_b[10]' (pe.v:22) (optimized to 0)
'pe_10_10_inst/pe_gen[78].pe_inst/input_reg_b[11]' (pe.v:22) (optimized to 0)
'pe_10_10_inst/pe_gen[78].pe_inst/input_reg_b[12]' (pe.v:22) (optimized to 0)
'pe_10_10_inst/pe_gen[78].pe_inst/input_reg_b[13]' (pe.v:22) (optimized to 0)
'pe_10_10_inst/pe_gen[78].pe_inst/input_reg_b[14]' (pe.v:22) (optimized to 0)
'pe_10_10_inst/pe_gen[78].pe_inst/input_reg_b[15]' (pe.v:22) (optimized to 0)
'pe_10_10_inst/pe_gen[78].pe_inst/input_reg_b[16]' (pe.v:22) (optimized to 0)
'pe_10_10_inst/pe_gen[78].pe_inst/input_reg_b[17]' (pe.v:22) (optimized to 0)
'pe_10_10_inst/pe_gen[79].pe_inst/input_reg_b[1]' (pe.v:22) (optimized to 0)
'pe_10_10_inst/pe_gen[79].pe_inst/input_reg_b[2]' (pe.v:22) (optimized to 0)
'pe_10_10_inst/pe_gen[79].pe_inst/input_reg_b[3]' (pe.v:22) (optimized to 0)
'pe_10_10_inst/pe_gen[79].pe_inst/input_reg_b[4]' (pe.v:22) (optimized to 0)
'pe_10_10_inst/pe_gen[79].pe_inst/input_reg_b[5]' (pe.v:22) (optimized to 0)
'pe_10_10_inst/pe_gen[79].pe_inst/input_reg_b[6]' (pe.v:22) (optimized to 0)
'pe_10_10_inst/pe_gen[79].pe_inst/input_reg_b[7]' (pe.v:22) (optimized to 0)
'pe_10_10_inst/pe_gen[79].pe_inst/input_reg_b[8]' (pe.v:22) (optimized to 0)
'pe_10_10_inst/pe_gen[79].pe_inst/input_reg_b[9]' (pe.v:22) (optimized to 0)
'pe_10_10_inst/pe_gen[79].pe_inst/input_reg_b[10]' (pe.v:22) (optimized to 0)
'pe_10_10_inst/pe_gen[79].pe_inst/input_reg_b[11]' (pe.v:22) (optimized to 0)
'pe_10_10_inst/pe_gen[79].pe_inst/input_reg_b[12]' (pe.v:22) (optimized to 0)
'pe_10_10_inst/pe_gen[79].pe_inst/input_reg_b[13]' (pe.v:22) (optimized to 0)
'pe_10_10_inst/pe_gen[79].pe_inst/input_reg_b[14]' (pe.v:22) (optimized to 0)
'pe_10_10_inst/pe_gen[79].pe_inst/input_reg_b[15]' (pe.v:22) (optimized to 0)
'pe_10_10_inst/pe_gen[79].pe_inst/input_reg_b[16]' (pe.v:22) (optimized to 0)
'pe_10_10_inst/pe_gen[79].pe_inst/input_reg_b[17]' (pe.v:22) (optimized to 0)
'pe_10_10_inst/pe_gen[80].pe_inst/input_reg_b[1]' (pe.v:22) (optimized to 0)
'pe_10_10_inst/pe_gen[80].pe_inst/input_reg_b[2]' (pe.v:22) (optimized to 0)
'pe_10_10_inst/pe_gen[80].pe_inst/input_reg_b[3]' (pe.v:22) (optimized to 0)
'pe_10_10_inst/pe_gen[80].pe_inst/input_reg_b[4]' (pe.v:22) (optimized to 0)
'pe_10_10_inst/pe_gen[80].pe_inst/input_reg_b[5]' (pe.v:22) (optimized to 0)
'pe_10_10_inst/pe_gen[80].pe_inst/input_reg_b[6]' (pe.v:22) (optimized to 0)
'pe_10_10_inst/pe_gen[80].pe_inst/input_reg_b[7]' (pe.v:22) (optimized to 0)
'pe_10_10_inst/pe_gen[80].pe_inst/input_reg_b[8]' (pe.v:22) (optimized to 0)
'pe_10_10_inst/pe_gen[80].pe_inst/input_reg_b[9]' (pe.v:22) (optimized to 0)
'pe_10_10_inst/pe_gen[80].pe_inst/input_reg_b[10]' (pe.v:22) (optimized to 0)
'pe_10_10_inst/pe_gen[80].pe_inst/input_reg_b[11]' (pe.v:22) (optimized to 0)
'pe_10_10_inst/pe_gen[80].pe_inst/input_reg_b[12]' (pe.v:22) (optimized to 0)
'pe_10_10_inst/pe_gen[80].pe_inst/input_reg_b[13]' (pe.v:22) (optimized to 0)
'pe_10_10_inst/pe_gen[80].pe_inst/input_reg_b[14]' (pe.v:22) (optimized to 0)
'pe_10_10_inst/pe_gen[80].pe_inst/input_reg_b[15]' (pe.v:22) (optimized to 0)
'pe_10_10_inst/pe_gen[80].pe_inst/input_reg_b[16]' (pe.v:22) (optimized to 0)
'pe_10_10_inst/pe_gen[80].pe_inst/input_reg_b[17]' (pe.v:22) (optimized to 0)
'pe_10_10_inst/pe_gen[81].pe_inst/input_reg_b[1]' (pe.v:22) (optimized to 0)
'pe_10_10_inst/pe_gen[81].pe_inst/input_reg_b[2]' (pe.v:22) (optimized to 0)
'pe_10_10_inst/pe_gen[81].pe_inst/input_reg_b[3]' (pe.v:22) (optimized to 0)
'pe_10_10_inst/pe_gen[81].pe_inst/input_reg_b[4]' (pe.v:22) (optimized to 0)
'pe_10_10_inst/pe_gen[81].pe_inst/input_reg_b[5]' (pe.v:22) (optimized to 0)
'pe_10_10_inst/pe_gen[81].pe_inst/input_reg_b[6]' (pe.v:22) (optimized to 0)
'pe_10_10_inst/pe_gen[81].pe_inst/input_reg_b[7]' (pe.v:22) (optimized to 0)
'pe_10_10_inst/pe_gen[81].pe_inst/input_reg_b[8]' (pe.v:22) (optimized to 0)
'pe_10_10_inst/pe_gen[81].pe_inst/input_reg_b[9]' (pe.v:22) (optimized to 0)
'pe_10_10_inst/pe_gen[81].pe_inst/input_reg_b[10]' (pe.v:22) (optimized to 0)
'pe_10_10_inst/pe_gen[81].pe_inst/input_reg_b[11]' (pe.v:22) (optimized to 0)
'pe_10_10_inst/pe_gen[81].pe_inst/input_reg_b[12]' (pe.v:22) (optimized to 0)
'pe_10_10_inst/pe_gen[81].pe_inst/input_reg_b[13]' (pe.v:22) (optimized to 0)
'pe_10_10_inst/pe_gen[81].pe_inst/input_reg_b[14]' (pe.v:22) (optimized to 0)
'pe_10_10_inst/pe_gen[81].pe_inst/input_reg_b[15]' (pe.v:22) (optimized to 0)
'pe_10_10_inst/pe_gen[81].pe_inst/input_reg_b[16]' (pe.v:22) (optimized to 0)
'pe_10_10_inst/pe_gen[81].pe_inst/input_reg_b[17]' (pe.v:22) (optimized to 0)
'pe_10_10_inst/pe_gen[82].pe_inst/input_reg_b[1]' (pe.v:22) (optimized to 0)
'pe_10_10_inst/pe_gen[82].pe_inst/input_reg_b[2]' (pe.v:22) (optimized to 0)
'pe_10_10_inst/pe_gen[82].pe_inst/input_reg_b[3]' (pe.v:22) (optimized to 0)
'pe_10_10_inst/pe_gen[82].pe_inst/input_reg_b[4]' (pe.v:22) (optimized to 0)
'pe_10_10_inst/pe_gen[82].pe_inst/input_reg_b[5]' (pe.v:22) (optimized to 0)
'pe_10_10_inst/pe_gen[82].pe_inst/input_reg_b[6]' (pe.v:22) (optimized to 0)
'pe_10_10_inst/pe_gen[82].pe_inst/input_reg_b[7]' (pe.v:22) (optimized to 0)
'pe_10_10_inst/pe_gen[82].pe_inst/input_reg_b[8]' (pe.v:22) (optimized to 0)
'pe_10_10_inst/pe_gen[82].pe_inst/input_reg_b[9]' (pe.v:22) (optimized to 0)
'pe_10_10_inst/pe_gen[82].pe_inst/input_reg_b[10]' (pe.v:22) (optimized to 0)
'pe_10_10_inst/pe_gen[82].pe_inst/input_reg_b[11]' (pe.v:22) (optimized to 0)
'pe_10_10_inst/pe_gen[82].pe_inst/input_reg_b[12]' (pe.v:22) (optimized to 0)
'pe_10_10_inst/pe_gen[82].pe_inst/input_reg_b[13]' (pe.v:22) (optimized to 0)
'pe_10_10_inst/pe_gen[82].pe_inst/input_reg_b[14]' (pe.v:22) (optimized to 0)
'pe_10_10_inst/pe_gen[82].pe_inst/input_reg_b[15]' (pe.v:22) (optimized to 0)
'pe_10_10_inst/pe_gen[82].pe_inst/input_reg_b[16]' (pe.v:22) (optimized to 0)
'pe_10_10_inst/pe_gen[82].pe_inst/input_reg_b[17]' (pe.v:22) (optimized to 0)
'pe_10_10_inst/pe_gen[83].pe_inst/input_reg_b[1]' (pe.v:22) (optimized to 0)
'pe_10_10_inst/pe_gen[83].pe_inst/input_reg_b[2]' (pe.v:22) (optimized to 0)
'pe_10_10_inst/pe_gen[83].pe_inst/input_reg_b[3]' (pe.v:22) (optimized to 0)
'pe_10_10_inst/pe_gen[83].pe_inst/input_reg_b[4]' (pe.v:22) (optimized to 0)
'pe_10_10_inst/pe_gen[83].pe_inst/input_reg_b[5]' (pe.v:22) (optimized to 0)
'pe_10_10_inst/pe_gen[83].pe_inst/input_reg_b[6]' (pe.v:22) (optimized to 0)
'pe_10_10_inst/pe_gen[83].pe_inst/input_reg_b[7]' (pe.v:22) (optimized to 0)
'pe_10_10_inst/pe_gen[83].pe_inst/input_reg_b[8]' (pe.v:22) (optimized to 0)
'pe_10_10_inst/pe_gen[83].pe_inst/input_reg_b[9]' (pe.v:22) (optimized to 0)
'pe_10_10_inst/pe_gen[83].pe_inst/input_reg_b[10]' (pe.v:22) (optimized to 0)
'pe_10_10_inst/pe_gen[83].pe_inst/input_reg_b[11]' (pe.v:22) (optimized to 0)
'pe_10_10_inst/pe_gen[83].pe_inst/input_reg_b[12]' (pe.v:22) (optimized to 0)
'pe_10_10_inst/pe_gen[83].pe_inst/input_reg_b[13]' (pe.v:22) (optimized to 0)
'pe_10_10_inst/pe_gen[83].pe_inst/input_reg_b[14]' (pe.v:22) (optimized to 0)
'pe_10_10_inst/pe_gen[83].pe_inst/input_reg_b[15]' (pe.v:22) (optimized to 0)
'pe_10_10_inst/pe_gen[83].pe_inst/input_reg_b[16]' (pe.v:22) (optimized to 0)
'pe_10_10_inst/pe_gen[83].pe_inst/input_reg_b[17]' (pe.v:22) (optimized to 0)
'pe_10_10_inst/pe_gen[84].pe_inst/input_reg_b[1]' (pe.v:22) (optimized to 0)
'pe_10_10_inst/pe_gen[84].pe_inst/input_reg_b[2]' (pe.v:22) (optimized to 0)
'pe_10_10_inst/pe_gen[84].pe_inst/input_reg_b[3]' (pe.v:22) (optimized to 0)
'pe_10_10_inst/pe_gen[84].pe_inst/input_reg_b[4]' (pe.v:22) (optimized to 0)
'pe_10_10_inst/pe_gen[84].pe_inst/input_reg_b[5]' (pe.v:22) (optimized to 0)
'pe_10_10_inst/pe_gen[84].pe_inst/input_reg_b[6]' (pe.v:22) (optimized to 0)
'pe_10_10_inst/pe_gen[84].pe_inst/input_reg_b[7]' (pe.v:22) (optimized to 0)
'pe_10_10_inst/pe_gen[84].pe_inst/input_reg_b[8]' (pe.v:22) (optimized to 0)
'pe_10_10_inst/pe_gen[84].pe_inst/input_reg_b[9]' (pe.v:22) (optimized to 0)
'pe_10_10_inst/pe_gen[84].pe_inst/input_reg_b[10]' (pe.v:22) (optimized to 0)
'pe_10_10_inst/pe_gen[84].pe_inst/input_reg_b[11]' (pe.v:22) (optimized to 0)
'pe_10_10_inst/pe_gen[84].pe_inst/input_reg_b[12]' (pe.v:22) (optimized to 0)
'pe_10_10_inst/pe_gen[84].pe_inst/input_reg_b[13]' (pe.v:22) (optimized to 0)
'pe_10_10_inst/pe_gen[84].pe_inst/input_reg_b[14]' (pe.v:22) (optimized to 0)
'pe_10_10_inst/pe_gen[84].pe_inst/input_reg_b[15]' (pe.v:22) (optimized to 0)
'pe_10_10_inst/pe_gen[84].pe_inst/input_reg_b[16]' (pe.v:22) (optimized to 0)
'pe_10_10_inst/pe_gen[84].pe_inst/input_reg_b[17]' (pe.v:22) (optimized to 0)
'pe_10_10_inst/pe_gen[85].pe_inst/input_reg_b[1]' (pe.v:22) (optimized to 0)
'pe_10_10_inst/pe_gen[85].pe_inst/input_reg_b[2]' (pe.v:22) (optimized to 0)
'pe_10_10_inst/pe_gen[85].pe_inst/input_reg_b[3]' (pe.v:22) (optimized to 0)
'pe_10_10_inst/pe_gen[85].pe_inst/input_reg_b[4]' (pe.v:22) (optimized to 0)
'pe_10_10_inst/pe_gen[85].pe_inst/input_reg_b[5]' (pe.v:22) (optimized to 0)
'pe_10_10_inst/pe_gen[85].pe_inst/input_reg_b[6]' (pe.v:22) (optimized to 0)
'pe_10_10_inst/pe_gen[85].pe_inst/input_reg_b[7]' (pe.v:22) (optimized to 0)
'pe_10_10_inst/pe_gen[85].pe_inst/input_reg_b[8]' (pe.v:22) (optimized to 0)
'pe_10_10_inst/pe_gen[85].pe_inst/input_reg_b[9]' (pe.v:22) (optimized to 0)
'pe_10_10_inst/pe_gen[85].pe_inst/input_reg_b[10]' (pe.v:22) (optimized to 0)
'pe_10_10_inst/pe_gen[85].pe_inst/input_reg_b[11]' (pe.v:22) (optimized to 0)
'pe_10_10_inst/pe_gen[85].pe_inst/input_reg_b[12]' (pe.v:22) (optimized to 0)
'pe_10_10_inst/pe_gen[85].pe_inst/input_reg_b[13]' (pe.v:22) (optimized to 0)
'pe_10_10_inst/pe_gen[85].pe_inst/input_reg_b[14]' (pe.v:22) (optimized to 0)
'pe_10_10_inst/pe_gen[85].pe_inst/input_reg_b[15]' (pe.v:22) (optimized to 0)
'pe_10_10_inst/pe_gen[85].pe_inst/input_reg_b[16]' (pe.v:22) (optimized to 0)
'pe_10_10_inst/pe_gen[85].pe_inst/input_reg_b[17]' (pe.v:22) (optimized to 0)
'pe_10_10_inst/pe_gen[86].pe_inst/input_reg_b[1]' (pe.v:22) (optimized to 0)
'pe_10_10_inst/pe_gen[86].pe_inst/input_reg_b[2]' (pe.v:22) (optimized to 0)
'pe_10_10_inst/pe_gen[86].pe_inst/input_reg_b[3]' (pe.v:22) (optimized to 0)
'pe_10_10_inst/pe_gen[86].pe_inst/input_reg_b[4]' (pe.v:22) (optimized to 0)
'pe_10_10_inst/pe_gen[86].pe_inst/input_reg_b[5]' (pe.v:22) (optimized to 0)
'pe_10_10_inst/pe_gen[86].pe_inst/input_reg_b[6]' (pe.v:22) (optimized to 0)
'pe_10_10_inst/pe_gen[86].pe_inst/input_reg_b[7]' (pe.v:22) (optimized to 0)
'pe_10_10_inst/pe_gen[86].pe_inst/input_reg_b[8]' (pe.v:22) (optimized to 0)
'pe_10_10_inst/pe_gen[86].pe_inst/input_reg_b[9]' (pe.v:22) (optimized to 0)
'pe_10_10_inst/pe_gen[86].pe_inst/input_reg_b[10]' (pe.v:22) (optimized to 0)
'pe_10_10_inst/pe_gen[86].pe_inst/input_reg_b[11]' (pe.v:22) (optimized to 0)
'pe_10_10_inst/pe_gen[86].pe_inst/input_reg_b[12]' (pe.v:22) (optimized to 0)
'pe_10_10_inst/pe_gen[86].pe_inst/input_reg_b[13]' (pe.v:22) (optimized to 0)
'pe_10_10_inst/pe_gen[86].pe_inst/input_reg_b[14]' (pe.v:22) (optimized to 0)
'pe_10_10_inst/pe_gen[86].pe_inst/input_reg_b[15]' (pe.v:22) (optimized to 0)
'pe_10_10_inst/pe_gen[86].pe_inst/input_reg_b[16]' (pe.v:22) (optimized to 0)
'pe_10_10_inst/pe_gen[86].pe_inst/input_reg_b[17]' (pe.v:22) (optimized to 0)
'pe_10_10_inst/pe_gen[87].pe_inst/input_reg_b[1]' (pe.v:22) (optimized to 0)
'pe_10_10_inst/pe_gen[87].pe_inst/input_reg_b[2]' (pe.v:22) (optimized to 0)
'pe_10_10_inst/pe_gen[87].pe_inst/input_reg_b[3]' (pe.v:22) (optimized to 0)
'pe_10_10_inst/pe_gen[87].pe_inst/input_reg_b[4]' (pe.v:22) (optimized to 0)
'pe_10_10_inst/pe_gen[87].pe_inst/input_reg_b[5]' (pe.v:22) (optimized to 0)
'pe_10_10_inst/pe_gen[87].pe_inst/input_reg_b[6]' (pe.v:22) (optimized to 0)
'pe_10_10_inst/pe_gen[87].pe_inst/input_reg_b[7]' (pe.v:22) (optimized to 0)
'pe_10_10_inst/pe_gen[87].pe_inst/input_reg_b[8]' (pe.v:22) (optimized to 0)
'pe_10_10_inst/pe_gen[87].pe_inst/input_reg_b[9]' (pe.v:22) (optimized to 0)
'pe_10_10_inst/pe_gen[87].pe_inst/input_reg_b[10]' (pe.v:22) (optimized to 0)
'pe_10_10_inst/pe_gen[87].pe_inst/input_reg_b[11]' (pe.v:22) (optimized to 0)
'pe_10_10_inst/pe_gen[87].pe_inst/input_reg_b[12]' (pe.v:22) (optimized to 0)
'pe_10_10_inst/pe_gen[87].pe_inst/input_reg_b[13]' (pe.v:22) (optimized to 0)
'pe_10_10_inst/pe_gen[87].pe_inst/input_reg_b[14]' (pe.v:22) (optimized to 0)
'pe_10_10_inst/pe_gen[87].pe_inst/input_reg_b[15]' (pe.v:22) (optimized to 0)
'pe_10_10_inst/pe_gen[87].pe_inst/input_reg_b[16]' (pe.v:22) (optimized to 0)
'pe_10_10_inst/pe_gen[87].pe_inst/input_reg_b[17]' (pe.v:22) (optimized to 0)
'pe_10_10_inst/pe_gen[88].pe_inst/input_reg_b[1]' (pe.v:22) (optimized to 0)
'pe_10_10_inst/pe_gen[88].pe_inst/input_reg_b[2]' (pe.v:22) (optimized to 0)
'pe_10_10_inst/pe_gen[88].pe_inst/input_reg_b[3]' (pe.v:22) (optimized to 0)
'pe_10_10_inst/pe_gen[88].pe_inst/input_reg_b[4]' (pe.v:22) (optimized to 0)
'pe_10_10_inst/pe_gen[88].pe_inst/input_reg_b[5]' (pe.v:22) (optimized to 0)
'pe_10_10_inst/pe_gen[88].pe_inst/input_reg_b[6]' (pe.v:22) (optimized to 0)
'pe_10_10_inst/pe_gen[88].pe_inst/input_reg_b[7]' (pe.v:22) (optimized to 0)
'pe_10_10_inst/pe_gen[88].pe_inst/input_reg_b[8]' (pe.v:22) (optimized to 0)
'pe_10_10_inst/pe_gen[88].pe_inst/input_reg_b[9]' (pe.v:22) (optimized to 0)
'pe_10_10_inst/pe_gen[88].pe_inst/input_reg_b[10]' (pe.v:22) (optimized to 0)
'pe_10_10_inst/pe_gen[88].pe_inst/input_reg_b[11]' (pe.v:22) (optimized to 0)
'pe_10_10_inst/pe_gen[88].pe_inst/input_reg_b[12]' (pe.v:22) (optimized to 0)
'pe_10_10_inst/pe_gen[88].pe_inst/input_reg_b[13]' (pe.v:22) (optimized to 0)
'pe_10_10_inst/pe_gen[88].pe_inst/input_reg_b[14]' (pe.v:22) (optimized to 0)
'pe_10_10_inst/pe_gen[88].pe_inst/input_reg_b[15]' (pe.v:22) (optimized to 0)
'pe_10_10_inst/pe_gen[88].pe_inst/input_reg_b[16]' (pe.v:22) (optimized to 0)
'pe_10_10_inst/pe_gen[88].pe_inst/input_reg_b[17]' (pe.v:22) (optimized to 0)
'pe_10_10_inst/pe_gen[89].pe_inst/input_reg_b[1]' (pe.v:22) (optimized to 0)
'pe_10_10_inst/pe_gen[89].pe_inst/input_reg_b[2]' (pe.v:22) (optimized to 0)
'pe_10_10_inst/pe_gen[89].pe_inst/input_reg_b[3]' (pe.v:22) (optimized to 0)
'pe_10_10_inst/pe_gen[89].pe_inst/input_reg_b[4]' (pe.v:22) (optimized to 0)
'pe_10_10_inst/pe_gen[89].pe_inst/input_reg_b[5]' (pe.v:22) (optimized to 0)
'pe_10_10_inst/pe_gen[89].pe_inst/input_reg_b[6]' (pe.v:22) (optimized to 0)
'pe_10_10_inst/pe_gen[89].pe_inst/input_reg_b[7]' (pe.v:22) (optimized to 0)
'pe_10_10_inst/pe_gen[89].pe_inst/input_reg_b[8]' (pe.v:22) (optimized to 0)
'pe_10_10_inst/pe_gen[89].pe_inst/input_reg_b[9]' (pe.v:22) (optimized to 0)
'pe_10_10_inst/pe_gen[89].pe_inst/input_reg_b[10]' (pe.v:22) (optimized to 0)
'pe_10_10_inst/pe_gen[89].pe_inst/input_reg_b[11]' (pe.v:22) (optimized to 0)
'pe_10_10_inst/pe_gen[89].pe_inst/input_reg_b[12]' (pe.v:22) (optimized to 0)
'pe_10_10_inst/pe_gen[89].pe_inst/input_reg_b[13]' (pe.v:22) (optimized to 0)
'pe_10_10_inst/pe_gen[89].pe_inst/input_reg_b[14]' (pe.v:22) (optimized to 0)
'pe_10_10_inst/pe_gen[89].pe_inst/input_reg_b[15]' (pe.v:22) (optimized to 0)
'pe_10_10_inst/pe_gen[89].pe_inst/input_reg_b[16]' (pe.v:22) (optimized to 0)
'pe_10_10_inst/pe_gen[89].pe_inst/input_reg_b[17]' (pe.v:22) (optimized to 0)
'pe_10_10_inst/pe_gen[90].pe_inst/input_reg_b[1]' (pe.v:22) (optimized to 0)
'pe_10_10_inst/pe_gen[90].pe_inst/input_reg_b[2]' (pe.v:22) (optimized to 0)
'pe_10_10_inst/pe_gen[90].pe_inst/input_reg_b[3]' (pe.v:22) (optimized to 0)
'pe_10_10_inst/pe_gen[90].pe_inst/input_reg_b[4]' (pe.v:22) (optimized to 0)
'pe_10_10_inst/pe_gen[90].pe_inst/input_reg_b[5]' (pe.v:22) (optimized to 0)
'pe_10_10_inst/pe_gen[90].pe_inst/input_reg_b[6]' (pe.v:22) (optimized to 0)
'pe_10_10_inst/pe_gen[90].pe_inst/input_reg_b[7]' (pe.v:22) (optimized to 0)
'pe_10_10_inst/pe_gen[90].pe_inst/input_reg_b[8]' (pe.v:22) (optimized to 0)
'pe_10_10_inst/pe_gen[90].pe_inst/input_reg_b[9]' (pe.v:22) (optimized to 0)
'pe_10_10_inst/pe_gen[90].pe_inst/input_reg_b[10]' (pe.v:22) (optimized to 0)
'pe_10_10_inst/pe_gen[90].pe_inst/input_reg_b[11]' (pe.v:22) (optimized to 0)
'pe_10_10_inst/pe_gen[90].pe_inst/input_reg_b[12]' (pe.v:22) (optimized to 0)
'pe_10_10_inst/pe_gen[90].pe_inst/input_reg_b[13]' (pe.v:22) (optimized to 0)
'pe_10_10_inst/pe_gen[90].pe_inst/input_reg_b[14]' (pe.v:22) (optimized to 0)
'pe_10_10_inst/pe_gen[90].pe_inst/input_reg_b[15]' (pe.v:22) (optimized to 0)
'pe_10_10_inst/pe_gen[90].pe_inst/input_reg_b[16]' (pe.v:22) (optimized to 0)
'pe_10_10_inst/pe_gen[90].pe_inst/input_reg_b[17]' (pe.v:22) (optimized to 0)
'pe_10_10_inst/pe_gen[91].pe_inst/input_reg_b[1]' (pe.v:22) (optimized to 0)
'pe_10_10_inst/pe_gen[91].pe_inst/input_reg_b[2]' (pe.v:22) (optimized to 0)
'pe_10_10_inst/pe_gen[91].pe_inst/input_reg_b[3]' (pe.v:22) (optimized to 0)
'pe_10_10_inst/pe_gen[91].pe_inst/input_reg_b[4]' (pe.v:22) (optimized to 0)
'pe_10_10_inst/pe_gen[91].pe_inst/input_reg_b[5]' (pe.v:22) (optimized to 0)
'pe_10_10_inst/pe_gen[91].pe_inst/input_reg_b[6]' (pe.v:22) (optimized to 0)
'pe_10_10_inst/pe_gen[91].pe_inst/input_reg_b[7]' (pe.v:22) (optimized to 0)
'pe_10_10_inst/pe_gen[91].pe_inst/input_reg_b[8]' (pe.v:22) (optimized to 0)
'pe_10_10_inst/pe_gen[91].pe_inst/input_reg_b[9]' (pe.v:22) (optimized to 0)
'pe_10_10_inst/pe_gen[91].pe_inst/input_reg_b[10]' (pe.v:22) (optimized to 0)
'pe_10_10_inst/pe_gen[91].pe_inst/input_reg_b[11]' (pe.v:22) (optimized to 0)
'pe_10_10_inst/pe_gen[91].pe_inst/input_reg_b[12]' (pe.v:22) (optimized to 0)
'pe_10_10_inst/pe_gen[91].pe_inst/input_reg_b[13]' (pe.v:22) (optimized to 0)
'pe_10_10_inst/pe_gen[91].pe_inst/input_reg_b[14]' (pe.v:22) (optimized to 0)
'pe_10_10_inst/pe_gen[91].pe_inst/input_reg_b[15]' (pe.v:22) (optimized to 0)
'pe_10_10_inst/pe_gen[91].pe_inst/input_reg_b[16]' (pe.v:22) (optimized to 0)
'pe_10_10_inst/pe_gen[91].pe_inst/input_reg_b[17]' (pe.v:22) (optimized to 0)
'pe_10_10_inst/pe_gen[92].pe_inst/input_reg_b[1]' (pe.v:22) (optimized to 0)
'pe_10_10_inst/pe_gen[92].pe_inst/input_reg_b[2]' (pe.v:22) (optimized to 0)
'pe_10_10_inst/pe_gen[92].pe_inst/input_reg_b[3]' (pe.v:22) (optimized to 0)
'pe_10_10_inst/pe_gen[92].pe_inst/input_reg_b[4]' (pe.v:22) (optimized to 0)
'pe_10_10_inst/pe_gen[92].pe_inst/input_reg_b[5]' (pe.v:22) (optimized to 0)
'pe_10_10_inst/pe_gen[92].pe_inst/input_reg_b[6]' (pe.v:22) (optimized to 0)
'pe_10_10_inst/pe_gen[92].pe_inst/input_reg_b[7]' (pe.v:22) (optimized to 0)
'pe_10_10_inst/pe_gen[92].pe_inst/input_reg_b[8]' (pe.v:22) (optimized to 0)
'pe_10_10_inst/pe_gen[92].pe_inst/input_reg_b[9]' (pe.v:22) (optimized to 0)
'pe_10_10_inst/pe_gen[92].pe_inst/input_reg_b[10]' (pe.v:22) (optimized to 0)
'pe_10_10_inst/pe_gen[92].pe_inst/input_reg_b[11]' (pe.v:22) (optimized to 0)
'pe_10_10_inst/pe_gen[92].pe_inst/input_reg_b[12]' (pe.v:22) (optimized to 0)
'pe_10_10_inst/pe_gen[92].pe_inst/input_reg_b[13]' (pe.v:22) (optimized to 0)
'pe_10_10_inst/pe_gen[92].pe_inst/input_reg_b[14]' (pe.v:22) (optimized to 0)
'pe_10_10_inst/pe_gen[92].pe_inst/input_reg_b[15]' (pe.v:22) (optimized to 0)
'pe_10_10_inst/pe_gen[92].pe_inst/input_reg_b[16]' (pe.v:22) (optimized to 0)
'pe_10_10_inst/pe_gen[92].pe_inst/input_reg_b[17]' (pe.v:22) (optimized to 0)
'pe_10_10_inst/pe_gen[93].pe_inst/input_reg_b[1]' (pe.v:22) (optimized to 0)
'pe_10_10_inst/pe_gen[93].pe_inst/input_reg_b[2]' (pe.v:22) (optimized to 0)
'pe_10_10_inst/pe_gen[93].pe_inst/input_reg_b[3]' (pe.v:22) (optimized to 0)
'pe_10_10_inst/pe_gen[93].pe_inst/input_reg_b[4]' (pe.v:22) (optimized to 0)
'pe_10_10_inst/pe_gen[93].pe_inst/input_reg_b[5]' (pe.v:22) (optimized to 0)
'pe_10_10_inst/pe_gen[93].pe_inst/input_reg_b[6]' (pe.v:22) (optimized to 0)
'pe_10_10_inst/pe_gen[93].pe_inst/input_reg_b[7]' (pe.v:22) (optimized to 0)
'pe_10_10_inst/pe_gen[93].pe_inst/input_reg_b[8]' (pe.v:22) (optimized to 0)
'pe_10_10_inst/pe_gen[93].pe_inst/input_reg_b[9]' (pe.v:22) (optimized to 0)
'pe_10_10_inst/pe_gen[93].pe_inst/input_reg_b[10]' (pe.v:22) (optimized to 0)
'pe_10_10_inst/pe_gen[93].pe_inst/input_reg_b[11]' (pe.v:22) (optimized to 0)
'pe_10_10_inst/pe_gen[93].pe_inst/input_reg_b[12]' (pe.v:22) (optimized to 0)
'pe_10_10_inst/pe_gen[93].pe_inst/input_reg_b[13]' (pe.v:22) (optimized to 0)
'pe_10_10_inst/pe_gen[93].pe_inst/input_reg_b[14]' (pe.v:22) (optimized to 0)
'pe_10_10_inst/pe_gen[93].pe_inst/input_reg_b[15]' (pe.v:22) (optimized to 0)
'pe_10_10_inst/pe_gen[93].pe_inst/input_reg_b[16]' (pe.v:22) (optimized to 0)
'pe_10_10_inst/pe_gen[93].pe_inst/input_reg_b[17]' (pe.v:22) (optimized to 0)
'pe_10_10_inst/pe_gen[94].pe_inst/input_reg_b[1]' (pe.v:22) (optimized to 0)
'pe_10_10_inst/pe_gen[94].pe_inst/input_reg_b[2]' (pe.v:22) (optimized to 0)
'pe_10_10_inst/pe_gen[94].pe_inst/input_reg_b[3]' (pe.v:22) (optimized to 0)
'pe_10_10_inst/pe_gen[94].pe_inst/input_reg_b[4]' (pe.v:22) (optimized to 0)
'pe_10_10_inst/pe_gen[94].pe_inst/input_reg_b[5]' (pe.v:22) (optimized to 0)
'pe_10_10_inst/pe_gen[94].pe_inst/input_reg_b[6]' (pe.v:22) (optimized to 0)
'pe_10_10_inst/pe_gen[94].pe_inst/input_reg_b[7]' (pe.v:22) (optimized to 0)
'pe_10_10_inst/pe_gen[94].pe_inst/input_reg_b[8]' (pe.v:22) (optimized to 0)
'pe_10_10_inst/pe_gen[94].pe_inst/input_reg_b[9]' (pe.v:22) (optimized to 0)
'pe_10_10_inst/pe_gen[94].pe_inst/input_reg_b[10]' (pe.v:22) (optimized to 0)
'pe_10_10_inst/pe_gen[94].pe_inst/input_reg_b[11]' (pe.v:22) (optimized to 0)
'pe_10_10_inst/pe_gen[94].pe_inst/input_reg_b[12]' (pe.v:22) (optimized to 0)
'pe_10_10_inst/pe_gen[94].pe_inst/input_reg_b[13]' (pe.v:22) (optimized to 0)
'pe_10_10_inst/pe_gen[94].pe_inst/input_reg_b[14]' (pe.v:22) (optimized to 0)
'pe_10_10_inst/pe_gen[94].pe_inst/input_reg_b[15]' (pe.v:22) (optimized to 0)
'pe_10_10_inst/pe_gen[94].pe_inst/input_reg_b[16]' (pe.v:22) (optimized to 0)
'pe_10_10_inst/pe_gen[94].pe_inst/input_reg_b[17]' (pe.v:22) (optimized to 0)
'pe_10_10_inst/pe_gen[95].pe_inst/input_reg_b[1]' (pe.v:22) (optimized to 0)
'pe_10_10_inst/pe_gen[95].pe_inst/input_reg_b[2]' (pe.v:22) (optimized to 0)
'pe_10_10_inst/pe_gen[95].pe_inst/input_reg_b[3]' (pe.v:22) (optimized to 0)
'pe_10_10_inst/pe_gen[95].pe_inst/input_reg_b[4]' (pe.v:22) (optimized to 0)
'pe_10_10_inst/pe_gen[95].pe_inst/input_reg_b[5]' (pe.v:22) (optimized to 0)
'pe_10_10_inst/pe_gen[95].pe_inst/input_reg_b[6]' (pe.v:22) (optimized to 0)
'pe_10_10_inst/pe_gen[95].pe_inst/input_reg_b[7]' (pe.v:22) (optimized to 0)
'pe_10_10_inst/pe_gen[95].pe_inst/input_reg_b[8]' (pe.v:22) (optimized to 0)
'pe_10_10_inst/pe_gen[95].pe_inst/input_reg_b[9]' (pe.v:22) (optimized to 0)
'pe_10_10_inst/pe_gen[95].pe_inst/input_reg_b[10]' (pe.v:22) (optimized to 0)
'pe_10_10_inst/pe_gen[95].pe_inst/input_reg_b[11]' (pe.v:22) (optimized to 0)
'pe_10_10_inst/pe_gen[95].pe_inst/input_reg_b[12]' (pe.v:22) (optimized to 0)
'pe_10_10_inst/pe_gen[95].pe_inst/input_reg_b[13]' (pe.v:22) (optimized to 0)
'pe_10_10_inst/pe_gen[95].pe_inst/input_reg_b[14]' (pe.v:22) (optimized to 0)
'pe_10_10_inst/pe_gen[95].pe_inst/input_reg_b[15]' (pe.v:22) (optimized to 0)
'pe_10_10_inst/pe_gen[95].pe_inst/input_reg_b[16]' (pe.v:22) (optimized to 0)
'pe_10_10_inst/pe_gen[95].pe_inst/input_reg_b[17]' (pe.v:22) (optimized to 0)
'pe_10_10_inst/pe_gen[96].pe_inst/input_reg_b[1]' (pe.v:22) (optimized to 0)
'pe_10_10_inst/pe_gen[96].pe_inst/input_reg_b[2]' (pe.v:22) (optimized to 0)
'pe_10_10_inst/pe_gen[96].pe_inst/input_reg_b[3]' (pe.v:22) (optimized to 0)
'pe_10_10_inst/pe_gen[96].pe_inst/input_reg_b[4]' (pe.v:22) (optimized to 0)
'pe_10_10_inst/pe_gen[96].pe_inst/input_reg_b[5]' (pe.v:22) (optimized to 0)
'pe_10_10_inst/pe_gen[96].pe_inst/input_reg_b[6]' (pe.v:22) (optimized to 0)
'pe_10_10_inst/pe_gen[96].pe_inst/input_reg_b[7]' (pe.v:22) (optimized to 0)
'pe_10_10_inst/pe_gen[96].pe_inst/input_reg_b[8]' (pe.v:22) (optimized to 0)
'pe_10_10_inst/pe_gen[96].pe_inst/input_reg_b[9]' (pe.v:22) (optimized to 0)
'pe_10_10_inst/pe_gen[96].pe_inst/input_reg_b[10]' (pe.v:22) (optimized to 0)
'pe_10_10_inst/pe_gen[96].pe_inst/input_reg_b[11]' (pe.v:22) (optimized to 0)
'pe_10_10_inst/pe_gen[96].pe_inst/input_reg_b[12]' (pe.v:22) (optimized to 0)
'pe_10_10_inst/pe_gen[96].pe_inst/input_reg_b[13]' (pe.v:22) (optimized to 0)
'pe_10_10_inst/pe_gen[96].pe_inst/input_reg_b[14]' (pe.v:22) (optimized to 0)
'pe_10_10_inst/pe_gen[96].pe_inst/input_reg_b[15]' (pe.v:22) (optimized to 0)
'pe_10_10_inst/pe_gen[96].pe_inst/input_reg_b[16]' (pe.v:22) (optimized to 0)
'pe_10_10_inst/pe_gen[96].pe_inst/input_reg_b[17]' (pe.v:22) (optimized to 0)
'pe_10_10_inst/pe_gen[97].pe_inst/input_reg_b[1]' (pe.v:22) (optimized to 0)
'pe_10_10_inst/pe_gen[97].pe_inst/input_reg_b[2]' (pe.v:22) (optimized to 0)
'pe_10_10_inst/pe_gen[97].pe_inst/input_reg_b[3]' (pe.v:22) (optimized to 0)
'pe_10_10_inst/pe_gen[97].pe_inst/input_reg_b[4]' (pe.v:22) (optimized to 0)
'pe_10_10_inst/pe_gen[97].pe_inst/input_reg_b[5]' (pe.v:22) (optimized to 0)
'pe_10_10_inst/pe_gen[97].pe_inst/input_reg_b[6]' (pe.v:22) (optimized to 0)
'pe_10_10_inst/pe_gen[97].pe_inst/input_reg_b[7]' (pe.v:22) (optimized to 0)
'pe_10_10_inst/pe_gen[97].pe_inst/input_reg_b[8]' (pe.v:22) (optimized to 0)
'pe_10_10_inst/pe_gen[97].pe_inst/input_reg_b[9]' (pe.v:22) (optimized to 0)
'pe_10_10_inst/pe_gen[97].pe_inst/input_reg_b[10]' (pe.v:22) (optimized to 0)
'pe_10_10_inst/pe_gen[97].pe_inst/input_reg_b[11]' (pe.v:22) (optimized to 0)
'pe_10_10_inst/pe_gen[97].pe_inst/input_reg_b[12]' (pe.v:22) (optimized to 0)
'pe_10_10_inst/pe_gen[97].pe_inst/input_reg_b[13]' (pe.v:22) (optimized to 0)
'pe_10_10_inst/pe_gen[97].pe_inst/input_reg_b[14]' (pe.v:22) (optimized to 0)
'pe_10_10_inst/pe_gen[97].pe_inst/input_reg_b[15]' (pe.v:22) (optimized to 0)
'pe_10_10_inst/pe_gen[97].pe_inst/input_reg_b[16]' (pe.v:22) (optimized to 0)
'pe_10_10_inst/pe_gen[97].pe_inst/input_reg_b[17]' (pe.v:22) (optimized to 0)
'pe_10_10_inst/pe_gen[98].pe_inst/input_reg_b[1]' (pe.v:22) (optimized to 0)
'pe_10_10_inst/pe_gen[98].pe_inst/input_reg_b[2]' (pe.v:22) (optimized to 0)
'pe_10_10_inst/pe_gen[98].pe_inst/input_reg_b[3]' (pe.v:22) (optimized to 0)
'pe_10_10_inst/pe_gen[98].pe_inst/input_reg_b[4]' (pe.v:22) (optimized to 0)
'pe_10_10_inst/pe_gen[98].pe_inst/input_reg_b[5]' (pe.v:22) (optimized to 0)
'pe_10_10_inst/pe_gen[98].pe_inst/input_reg_b[6]' (pe.v:22) (optimized to 0)
'pe_10_10_inst/pe_gen[98].pe_inst/input_reg_b[7]' (pe.v:22) (optimized to 0)
'pe_10_10_inst/pe_gen[98].pe_inst/input_reg_b[8]' (pe.v:22) (optimized to 0)
'pe_10_10_inst/pe_gen[98].pe_inst/input_reg_b[9]' (pe.v:22) (optimized to 0)
'pe_10_10_inst/pe_gen[98].pe_inst/input_reg_b[10]' (pe.v:22) (optimized to 0)
'pe_10_10_inst/pe_gen[98].pe_inst/input_reg_b[11]' (pe.v:22) (optimized to 0)
'pe_10_10_inst/pe_gen[98].pe_inst/input_reg_b[12]' (pe.v:22) (optimized to 0)
'pe_10_10_inst/pe_gen[98].pe_inst/input_reg_b[13]' (pe.v:22) (optimized to 0)
'pe_10_10_inst/pe_gen[98].pe_inst/input_reg_b[14]' (pe.v:22) (optimized to 0)
'pe_10_10_inst/pe_gen[98].pe_inst/input_reg_b[15]' (pe.v:22) (optimized to 0)
'pe_10_10_inst/pe_gen[98].pe_inst/input_reg_b[16]' (pe.v:22) (optimized to 0)
'pe_10_10_inst/pe_gen[98].pe_inst/input_reg_b[17]' (pe.v:22) (optimized to 0)
'pe_10_10_inst/pe_gen[99].pe_inst/input_reg_b[1]' (pe.v:22) (optimized to 0)
'pe_10_10_inst/pe_gen[99].pe_inst/input_reg_b[2]' (pe.v:22) (optimized to 0)
'pe_10_10_inst/pe_gen[99].pe_inst/input_reg_b[3]' (pe.v:22) (optimized to 0)
'pe_10_10_inst/pe_gen[99].pe_inst/input_reg_b[4]' (pe.v:22) (optimized to 0)
'pe_10_10_inst/pe_gen[99].pe_inst/input_reg_b[5]' (pe.v:22) (optimized to 0)
'pe_10_10_inst/pe_gen[99].pe_inst/input_reg_b[6]' (pe.v:22) (optimized to 0)
'pe_10_10_inst/pe_gen[99].pe_inst/input_reg_b[7]' (pe.v:22) (optimized to 0)
'pe_10_10_inst/pe_gen[99].pe_inst/input_reg_b[8]' (pe.v:22) (optimized to 0)
'pe_10_10_inst/pe_gen[99].pe_inst/input_reg_b[9]' (pe.v:22) (optimized to 0)
'pe_10_10_inst/pe_gen[99].pe_inst/input_reg_b[10]' (pe.v:22) (optimized to 0)
'pe_10_10_inst/pe_gen[99].pe_inst/input_reg_b[11]' (pe.v:22) (optimized to 0)
'pe_10_10_inst/pe_gen[99].pe_inst/input_reg_b[12]' (pe.v:22) (optimized to 0)
'pe_10_10_inst/pe_gen[99].pe_inst/input_reg_b[13]' (pe.v:22) (optimized to 0)
'pe_10_10_inst/pe_gen[99].pe_inst/input_reg_b[14]' (pe.v:22) (optimized to 0)
'pe_10_10_inst/pe_gen[99].pe_inst/input_reg_b[15]' (pe.v:22) (optimized to 0)
'pe_10_10_inst/pe_gen[99].pe_inst/input_reg_b[16]' (pe.v:22) (optimized to 0)
'pe_10_10_inst/pe_gen[99].pe_inst/input_reg_b[17]' (pe.v:22) (optimized to 0)
'i1751/feature_map_12_12_inst/feature_map[0][1]' (feature_map_12_12.v:16) (optimized to 0)
'i1751/feature_map_12_12_inst/feature_map[0][2]' (feature_map_12_12.v:16) (optimized to 0)
'i1751/feature_map_12_12_inst/feature_map[0][3]' (feature_map_12_12.v:16) (optimized to 0)
'i1751/feature_map_12_12_inst/feature_map[0][4]' (feature_map_12_12.v:16) (optimized to 0)
'i1751/feature_map_12_12_inst/feature_map[0][5]' (feature_map_12_12.v:16) (optimized to 0)
'i1751/feature_map_12_12_inst/feature_map[0][6]' (feature_map_12_12.v:16) (optimized to 0)
'i1751/feature_map_12_12_inst/feature_map[0][7]' (feature_map_12_12.v:16) (optimized to 0)
'i1751/feature_map_12_12_inst/feature_map[0][8]' (feature_map_12_12.v:16) (optimized to 0)
'i1751/feature_map_12_12_inst/feature_map[0][9]' (feature_map_12_12.v:16) (optimized to 0)
'i1751/feature_map_12_12_inst/feature_map[0][10]' (feature_map_12_12.v:16) (optimized to 0)
'i1751/feature_map_12_12_inst/feature_map[0][11]' (feature_map_12_12.v:16) (optimized to 0)
'i1751/feature_map_12_12_inst/feature_map[0][12]' (feature_map_12_12.v:16) (optimized to 0)
'i1751/feature_map_12_12_inst/feature_map[0][13]' (feature_map_12_12.v:16) (optimized to 0)
'i1751/feature_map_12_12_inst/feature_map[0][14]' (feature_map_12_12.v:16) (optimized to 0)
'i1751/feature_map_12_12_inst/feature_map[0][15]' (feature_map_12_12.v:16) (optimized to 0)
'i1751/feature_map_12_12_inst/feature_map[0][16]' (feature_map_12_12.v:16) (optimized to 0)
'i1751/feature_map_12_12_inst/feature_map[0][17]' (feature_map_12_12.v:16) (optimized to 0)
'i1751/feature_map_12_12_inst/feature_map[1][0]' (feature_map_12_12.v:16) (optimized to 0)
'i1751/feature_map_12_12_inst/feature_map[1][2]' (feature_map_12_12.v:16) (optimized to 0)
'i1751/feature_map_12_12_inst/feature_map[1][3]' (feature_map_12_12.v:16) (optimized to 0)
'i1751/feature_map_12_12_inst/feature_map[1][4]' (feature_map_12_12.v:16) (optimized to 0)
'i1751/feature_map_12_12_inst/feature_map[1][5]' (feature_map_12_12.v:16) (optimized to 0)
'i1751/feature_map_12_12_inst/feature_map[1][6]' (feature_map_12_12.v:16) (optimized to 0)
'i1751/feature_map_12_12_inst/feature_map[1][7]' (feature_map_12_12.v:16) (optimized to 0)
'i1751/feature_map_12_12_inst/feature_map[1][8]' (feature_map_12_12.v:16) (optimized to 0)
'i1751/feature_map_12_12_inst/feature_map[1][9]' (feature_map_12_12.v:16) (optimized to 0)
'i1751/feature_map_12_12_inst/feature_map[1][10]' (feature_map_12_12.v:16) (optimized to 0)
'i1751/feature_map_12_12_inst/feature_map[1][11]' (feature_map_12_12.v:16) (optimized to 0)
'i1751/feature_map_12_12_inst/feature_map[1][12]' (feature_map_12_12.v:16) (optimized to 0)
'i1751/feature_map_12_12_inst/feature_map[1][13]' (feature_map_12_12.v:16) (optimized to 0)
'i1751/feature_map_12_12_inst/feature_map[1][14]' (feature_map_12_12.v:16) (optimized to 0)
'i1751/feature_map_12_12_inst/feature_map[1][15]' (feature_map_12_12.v:16) (optimized to 0)
'i1751/feature_map_12_12_inst/feature_map[1][16]' (feature_map_12_12.v:16) (optimized to 0)
'i1751/feature_map_12_12_inst/feature_map[1][17]' (feature_map_12_12.v:16) (optimized to 0)
'i1751/feature_map_12_12_inst/feature_map[2][2]' (feature_map_12_12.v:16) (optimized to 0)
'i1751/feature_map_12_12_inst/feature_map[2][3]' (feature_map_12_12.v:16) (optimized to 0)
'i1751/feature_map_12_12_inst/feature_map[2][4]' (feature_map_12_12.v:16) (optimized to 0)
'i1751/feature_map_12_12_inst/feature_map[2][5]' (feature_map_12_12.v:16) (optimized to 0)
'i1751/feature_map_12_12_inst/feature_map[2][6]' (feature_map_12_12.v:16) (optimized to 0)
'i1751/feature_map_12_12_inst/feature_map[2][7]' (feature_map_12_12.v:16) (optimized to 0)
'i1751/feature_map_12_12_inst/feature_map[2][8]' (feature_map_12_12.v:16) (optimized to 0)
'i1751/feature_map_12_12_inst/feature_map[2][9]' (feature_map_12_12.v:16) (optimized to 0)
'i1751/feature_map_12_12_inst/feature_map[2][10]' (feature_map_12_12.v:16) (optimized to 0)
'i1751/feature_map_12_12_inst/feature_map[2][11]' (feature_map_12_12.v:16) (optimized to 0)
'i1751/feature_map_12_12_inst/feature_map[2][12]' (feature_map_12_12.v:16) (optimized to 0)
'i1751/feature_map_12_12_inst/feature_map[2][13]' (feature_map_12_12.v:16) (optimized to 0)
'i1751/feature_map_12_12_inst/feature_map[2][14]' (feature_map_12_12.v:16) (optimized to 0)
'i1751/feature_map_12_12_inst/feature_map[2][15]' (feature_map_12_12.v:16) (optimized to 0)
'i1751/feature_map_12_12_inst/feature_map[2][16]' (feature_map_12_12.v:16) (optimized to 0)
'i1751/feature_map_12_12_inst/feature_map[2][17]' (feature_map_12_12.v:16) (optimized to 0)
'i1751/feature_map_12_12_inst/feature_map[3][0]' (feature_map_12_12.v:16) (optimized to 0)
'i1751/feature_map_12_12_inst/feature_map[3][1]' (feature_map_12_12.v:16) (optimized to 0)
'i1751/feature_map_12_12_inst/feature_map[3][3]' (feature_map_12_12.v:16) (optimized to 0)
'i1751/feature_map_12_12_inst/feature_map[3][4]' (feature_map_12_12.v:16) (optimized to 0)
'i1751/feature_map_12_12_inst/feature_map[3][5]' (feature_map_12_12.v:16) (optimized to 0)
'i1751/feature_map_12_12_inst/feature_map[3][6]' (feature_map_12_12.v:16) (optimized to 0)
'i1751/feature_map_12_12_inst/feature_map[3][7]' (feature_map_12_12.v:16) (optimized to 0)
'i1751/feature_map_12_12_inst/feature_map[3][8]' (feature_map_12_12.v:16) (optimized to 0)
'i1751/feature_map_12_12_inst/feature_map[3][9]' (feature_map_12_12.v:16) (optimized to 0)
'i1751/feature_map_12_12_inst/feature_map[3][10]' (feature_map_12_12.v:16) (optimized to 0)
'i1751/feature_map_12_12_inst/feature_map[3][11]' (feature_map_12_12.v:16) (optimized to 0)
'i1751/feature_map_12_12_inst/feature_map[3][12]' (feature_map_12_12.v:16) (optimized to 0)
'i1751/feature_map_12_12_inst/feature_map[3][13]' (feature_map_12_12.v:16) (optimized to 0)
'i1751/feature_map_12_12_inst/feature_map[3][14]' (feature_map_12_12.v:16) (optimized to 0)
'i1751/feature_map_12_12_inst/feature_map[3][15]' (feature_map_12_12.v:16) (optimized to 0)
'i1751/feature_map_12_12_inst/feature_map[3][16]' (feature_map_12_12.v:16) (optimized to 0)
'i1751/feature_map_12_12_inst/feature_map[3][17]' (feature_map_12_12.v:16) (optimized to 0)
'i1751/feature_map_12_12_inst/feature_map[4][1]' (feature_map_12_12.v:16) (optimized to 0)
'i1751/feature_map_12_12_inst/feature_map[4][3]' (feature_map_12_12.v:16) (optimized to 0)
'i1751/feature_map_12_12_inst/feature_map[4][4]' (feature_map_12_12.v:16) (optimized to 0)
'i1751/feature_map_12_12_inst/feature_map[4][5]' (feature_map_12_12.v:16) (optimized to 0)
'i1751/feature_map_12_12_inst/feature_map[4][6]' (feature_map_12_12.v:16) (optimized to 0)
'i1751/feature_map_12_12_inst/feature_map[4][7]' (feature_map_12_12.v:16) (optimized to 0)
'i1751/feature_map_12_12_inst/feature_map[4][8]' (feature_map_12_12.v:16) (optimized to 0)
'i1751/feature_map_12_12_inst/feature_map[4][9]' (feature_map_12_12.v:16) (optimized to 0)
'i1751/feature_map_12_12_inst/feature_map[4][10]' (feature_map_12_12.v:16) (optimized to 0)
'i1751/feature_map_12_12_inst/feature_map[4][11]' (feature_map_12_12.v:16) (optimized to 0)
'i1751/feature_map_12_12_inst/feature_map[4][12]' (feature_map_12_12.v:16) (optimized to 0)
'i1751/feature_map_12_12_inst/feature_map[4][13]' (feature_map_12_12.v:16) (optimized to 0)
'i1751/feature_map_12_12_inst/feature_map[4][14]' (feature_map_12_12.v:16) (optimized to 0)
'i1751/feature_map_12_12_inst/feature_map[4][15]' (feature_map_12_12.v:16) (optimized to 0)
'i1751/feature_map_12_12_inst/feature_map[4][16]' (feature_map_12_12.v:16) (optimized to 0)
'i1751/feature_map_12_12_inst/feature_map[4][17]' (feature_map_12_12.v:16) (optimized to 0)
'i1751/feature_map_12_12_inst/feature_map[5][0]' (feature_map_12_12.v:16) (optimized to 0)
'i1751/feature_map_12_12_inst/feature_map[5][3]' (feature_map_12_12.v:16) (optimized to 0)
'i1751/feature_map_12_12_inst/feature_map[5][4]' (feature_map_12_12.v:16) (optimized to 0)
'i1751/feature_map_12_12_inst/feature_map[5][5]' (feature_map_12_12.v:16) (optimized to 0)
'i1751/feature_map_12_12_inst/feature_map[5][6]' (feature_map_12_12.v:16) (optimized to 0)
'i1751/feature_map_12_12_inst/feature_map[5][7]' (feature_map_12_12.v:16) (optimized to 0)
'i1751/feature_map_12_12_inst/feature_map[5][8]' (feature_map_12_12.v:16) (optimized to 0)
'i1751/feature_map_12_12_inst/feature_map[5][9]' (feature_map_12_12.v:16) (optimized to 0)
'i1751/feature_map_12_12_inst/feature_map[5][10]' (feature_map_12_12.v:16) (optimized to 0)
'i1751/feature_map_12_12_inst/feature_map[5][11]' (feature_map_12_12.v:16) (optimized to 0)
'i1751/feature_map_12_12_inst/feature_map[5][12]' (feature_map_12_12.v:16) (optimized to 0)
'i1751/feature_map_12_12_inst/feature_map[5][13]' (feature_map_12_12.v:16) (optimized to 0)
'i1751/feature_map_12_12_inst/feature_map[5][14]' (feature_map_12_12.v:16) (optimized to 0)
'i1751/feature_map_12_12_inst/feature_map[5][15]' (feature_map_12_12.v:16) (optimized to 0)
'i1751/feature_map_12_12_inst/feature_map[5][16]' (feature_map_12_12.v:16) (optimized to 0)
'i1751/feature_map_12_12_inst/feature_map[5][17]' (feature_map_12_12.v:16) (optimized to 0)
'i1751/feature_map_12_12_inst/feature_map[6][3]' (feature_map_12_12.v:16) (optimized to 0)
'i1751/feature_map_12_12_inst/feature_map[6][4]' (feature_map_12_12.v:16) (optimized to 0)
'i1751/feature_map_12_12_inst/feature_map[6][5]' (feature_map_12_12.v:16) (optimized to 0)
'i1751/feature_map_12_12_inst/feature_map[6][6]' (feature_map_12_12.v:16) (optimized to 0)
'i1751/feature_map_12_12_inst/feature_map[6][7]' (feature_map_12_12.v:16) (optimized to 0)
'i1751/feature_map_12_12_inst/feature_map[6][8]' (feature_map_12_12.v:16) (optimized to 0)
'i1751/feature_map_12_12_inst/feature_map[6][9]' (feature_map_12_12.v:16) (optimized to 0)
'i1751/feature_map_12_12_inst/feature_map[6][10]' (feature_map_12_12.v:16) (optimized to 0)
'i1751/feature_map_12_12_inst/feature_map[6][11]' (feature_map_12_12.v:16) (optimized to 0)
'i1751/feature_map_12_12_inst/feature_map[6][12]' (feature_map_12_12.v:16) (optimized to 0)
'i1751/feature_map_12_12_inst/feature_map[6][13]' (feature_map_12_12.v:16) (optimized to 0)
'i1751/feature_map_12_12_inst/feature_map[6][14]' (feature_map_12_12.v:16) (optimized to 0)
'i1751/feature_map_12_12_inst/feature_map[6][15]' (feature_map_12_12.v:16) (optimized to 0)
'i1751/feature_map_12_12_inst/feature_map[6][16]' (feature_map_12_12.v:16) (optimized to 0)
'i1751/feature_map_12_12_inst/feature_map[6][17]' (feature_map_12_12.v:16) (optimized to 0)
'i1751/feature_map_12_12_inst/feature_map[7][0]' (feature_map_12_12.v:16) (optimized to 0)
'i1751/feature_map_12_12_inst/feature_map[7][1]' (feature_map_12_12.v:16) (optimized to 0)
'i1751/feature_map_12_12_inst/feature_map[7][2]' (feature_map_12_12.v:16) (optimized to 0)
'i1751/feature_map_12_12_inst/feature_map[7][4]' (feature_map_12_12.v:16) (optimized to 0)
'i1751/feature_map_12_12_inst/feature_map[7][5]' (feature_map_12_12.v:16) (optimized to 0)
'i1751/feature_map_12_12_inst/feature_map[7][6]' (feature_map_12_12.v:16) (optimized to 0)
'i1751/feature_map_12_12_inst/feature_map[7][7]' (feature_map_12_12.v:16) (optimized to 0)
'i1751/feature_map_12_12_inst/feature_map[7][8]' (feature_map_12_12.v:16) (optimized to 0)
'i1751/feature_map_12_12_inst/feature_map[7][9]' (feature_map_12_12.v:16) (optimized to 0)
'i1751/feature_map_12_12_inst/feature_map[7][10]' (feature_map_12_12.v:16) (optimized to 0)
'i1751/feature_map_12_12_inst/feature_map[7][11]' (feature_map_12_12.v:16) (optimized to 0)
'i1751/feature_map_12_12_inst/feature_map[7][12]' (feature_map_12_12.v:16) (optimized to 0)
'i1751/feature_map_12_12_inst/feature_map[7][13]' (feature_map_12_12.v:16) (optimized to 0)
'i1751/feature_map_12_12_inst/feature_map[7][14]' (feature_map_12_12.v:16) (optimized to 0)
'i1751/feature_map_12_12_inst/feature_map[7][15]' (feature_map_12_12.v:16) (optimized to 0)
'i1751/feature_map_12_12_inst/feature_map[7][16]' (feature_map_12_12.v:16) (optimized to 0)
'i1751/feature_map_12_12_inst/feature_map[7][17]' (feature_map_12_12.v:16) (optimized to 0)
'i1751/feature_map_12_12_inst/feature_map[8][1]' (feature_map_12_12.v:16) (optimized to 0)
'i1751/feature_map_12_12_inst/feature_map[8][2]' (feature_map_12_12.v:16) (optimized to 0)
'i1751/feature_map_12_12_inst/feature_map[8][4]' (feature_map_12_12.v:16) (optimized to 0)
'i1751/feature_map_12_12_inst/feature_map[8][5]' (feature_map_12_12.v:16) (optimized to 0)
'i1751/feature_map_12_12_inst/feature_map[8][6]' (feature_map_12_12.v:16) (optimized to 0)
'i1751/feature_map_12_12_inst/feature_map[8][7]' (feature_map_12_12.v:16) (optimized to 0)
'i1751/feature_map_12_12_inst/feature_map[8][8]' (feature_map_12_12.v:16) (optimized to 0)
'i1751/feature_map_12_12_inst/feature_map[8][9]' (feature_map_12_12.v:16) (optimized to 0)
'i1751/feature_map_12_12_inst/feature_map[8][10]' (feature_map_12_12.v:16) (optimized to 0)
'i1751/feature_map_12_12_inst/feature_map[8][11]' (feature_map_12_12.v:16) (optimized to 0)
'i1751/feature_map_12_12_inst/feature_map[8][12]' (feature_map_12_12.v:16) (optimized to 0)
'i1751/feature_map_12_12_inst/feature_map[8][13]' (feature_map_12_12.v:16) (optimized to 0)
'i1751/feature_map_12_12_inst/feature_map[8][14]' (feature_map_12_12.v:16) (optimized to 0)
'i1751/feature_map_12_12_inst/feature_map[8][15]' (feature_map_12_12.v:16) (optimized to 0)
'i1751/feature_map_12_12_inst/feature_map[8][16]' (feature_map_12_12.v:16) (optimized to 0)
'i1751/feature_map_12_12_inst/feature_map[8][17]' (feature_map_12_12.v:16) (optimized to 0)
'i1751/feature_map_12_12_inst/feature_map[9][0]' (feature_map_12_12.v:16) (optimized to 0)
'i1751/feature_map_12_12_inst/feature_map[9][2]' (feature_map_12_12.v:16) (optimized to 0)
'i1751/feature_map_12_12_inst/feature_map[9][4]' (feature_map_12_12.v:16) (optimized to 0)
'i1751/feature_map_12_12_inst/feature_map[9][5]' (feature_map_12_12.v:16) (optimized to 0)
'i1751/feature_map_12_12_inst/feature_map[9][6]' (feature_map_12_12.v:16) (optimized to 0)
'i1751/feature_map_12_12_inst/feature_map[9][7]' (feature_map_12_12.v:16) (optimized to 0)
'i1751/feature_map_12_12_inst/feature_map[9][8]' (feature_map_12_12.v:16) (optimized to 0)
'i1751/feature_map_12_12_inst/feature_map[9][9]' (feature_map_12_12.v:16) (optimized to 0)
'i1751/feature_map_12_12_inst/feature_map[9][10]' (feature_map_12_12.v:16) (optimized to 0)
'i1751/feature_map_12_12_inst/feature_map[9][11]' (feature_map_12_12.v:16) (optimized to 0)
'i1751/feature_map_12_12_inst/feature_map[9][12]' (feature_map_12_12.v:16) (optimized to 0)
'i1751/feature_map_12_12_inst/feature_map[9][13]' (feature_map_12_12.v:16) (optimized to 0)
'i1751/feature_map_12_12_inst/feature_map[9][14]' (feature_map_12_12.v:16) (optimized to 0)
'i1751/feature_map_12_12_inst/feature_map[9][15]' (feature_map_12_12.v:16) (optimized to 0)
'i1751/feature_map_12_12_inst/feature_map[9][16]' (feature_map_12_12.v:16) (optimized to 0)
'i1751/feature_map_12_12_inst/feature_map[9][17]' (feature_map_12_12.v:16) (optimized to 0)
'i1751/feature_map_12_12_inst/feature_map[10][2]' (feature_map_12_12.v:16) (optimized to 0)
'i1751/feature_map_12_12_inst/feature_map[10][4]' (feature_map_12_12.v:16) (optimized to 0)
'i1751/feature_map_12_12_inst/feature_map[10][5]' (feature_map_12_12.v:16) (optimized to 0)
'i1751/feature_map_12_12_inst/feature_map[10][6]' (feature_map_12_12.v:16) (optimized to 0)
'i1751/feature_map_12_12_inst/feature_map[10][7]' (feature_map_12_12.v:16) (optimized to 0)
'i1751/feature_map_12_12_inst/feature_map[10][8]' (feature_map_12_12.v:16) (optimized to 0)
'i1751/feature_map_12_12_inst/feature_map[10][9]' (feature_map_12_12.v:16) (optimized to 0)
'i1751/feature_map_12_12_inst/feature_map[10][10]' (feature_map_12_12.v:16) (optimized to 0)
'i1751/feature_map_12_12_inst/feature_map[10][11]' (feature_map_12_12.v:16) (optimized to 0)
'i1751/feature_map_12_12_inst/feature_map[10][12]' (feature_map_12_12.v:16) (optimized to 0)
'i1751/feature_map_12_12_inst/feature_map[10][13]' (feature_map_12_12.v:16) (optimized to 0)
'i1751/feature_map_12_12_inst/feature_map[10][14]' (feature_map_12_12.v:16) (optimized to 0)
'i1751/feature_map_12_12_inst/feature_map[10][15]' (feature_map_12_12.v:16) (optimized to 0)
'i1751/feature_map_12_12_inst/feature_map[10][16]' (feature_map_12_12.v:16) (optimized to 0)
'i1751/feature_map_12_12_inst/feature_map[10][17]' (feature_map_12_12.v:16) (optimized to 0)
'i1751/feature_map_12_12_inst/feature_map[11][0]' (feature_map_12_12.v:16) (optimized to 0)
'i1751/feature_map_12_12_inst/feature_map[11][1]' (feature_map_12_12.v:16) (optimized to 0)
'i1751/feature_map_12_12_inst/feature_map[11][4]' (feature_map_12_12.v:16) (optimized to 0)
'i1751/feature_map_12_12_inst/feature_map[11][5]' (feature_map_12_12.v:16) (optimized to 0)
'i1751/feature_map_12_12_inst/feature_map[11][6]' (feature_map_12_12.v:16) (optimized to 0)
'i1751/feature_map_12_12_inst/feature_map[11][7]' (feature_map_12_12.v:16) (optimized to 0)
'i1751/feature_map_12_12_inst/feature_map[11][8]' (feature_map_12_12.v:16) (optimized to 0)
'i1751/feature_map_12_12_inst/feature_map[11][9]' (feature_map_12_12.v:16) (optimized to 0)
'i1751/feature_map_12_12_inst/feature_map[11][10]' (feature_map_12_12.v:16) (optimized to 0)
'i1751/feature_map_12_12_inst/feature_map[11][11]' (feature_map_12_12.v:16) (optimized to 0)
'i1751/feature_map_12_12_inst/feature_map[11][12]' (feature_map_12_12.v:16) (optimized to 0)
'i1751/feature_map_12_12_inst/feature_map[11][13]' (feature_map_12_12.v:16) (optimized to 0)
'i1751/feature_map_12_12_inst/feature_map[11][14]' (feature_map_12_12.v:16) (optimized to 0)
'i1751/feature_map_12_12_inst/feature_map[11][15]' (feature_map_12_12.v:16) (optimized to 0)
'i1751/feature_map_12_12_inst/feature_map[11][16]' (feature_map_12_12.v:16) (optimized to 0)
'i1751/feature_map_12_12_inst/feature_map[11][17]' (feature_map_12_12.v:16) (optimized to 0)
'i1751/feature_map_12_12_inst/feature_map[12][1]' (feature_map_12_12.v:16) (optimized to 0)
'i1751/feature_map_12_12_inst/feature_map[12][4]' (feature_map_12_12.v:16) (optimized to 0)
'i1751/feature_map_12_12_inst/feature_map[12][5]' (feature_map_12_12.v:16) (optimized to 0)
'i1751/feature_map_12_12_inst/feature_map[12][6]' (feature_map_12_12.v:16) (optimized to 0)
'i1751/feature_map_12_12_inst/feature_map[12][7]' (feature_map_12_12.v:16) (optimized to 0)
'i1751/feature_map_12_12_inst/feature_map[12][8]' (feature_map_12_12.v:16) (optimized to 0)
'i1751/feature_map_12_12_inst/feature_map[12][9]' (feature_map_12_12.v:16) (optimized to 0)
'i1751/feature_map_12_12_inst/feature_map[12][10]' (feature_map_12_12.v:16) (optimized to 0)
'i1751/feature_map_12_12_inst/feature_map[12][11]' (feature_map_12_12.v:16) (optimized to 0)
'i1751/feature_map_12_12_inst/feature_map[12][12]' (feature_map_12_12.v:16) (optimized to 0)
'i1751/feature_map_12_12_inst/feature_map[12][13]' (feature_map_12_12.v:16) (optimized to 0)
'i1751/feature_map_12_12_inst/feature_map[12][14]' (feature_map_12_12.v:16) (optimized to 0)
'i1751/feature_map_12_12_inst/feature_map[12][15]' (feature_map_12_12.v:16) (optimized to 0)
'i1751/feature_map_12_12_inst/feature_map[12][16]' (feature_map_12_12.v:16) (optimized to 0)
'i1751/feature_map_12_12_inst/feature_map[12][17]' (feature_map_12_12.v:16) (optimized to 0)
'i1751/feature_map_12_12_inst/feature_map[13][0]' (feature_map_12_12.v:16) (optimized to 0)
'i1751/feature_map_12_12_inst/feature_map[13][4]' (feature_map_12_12.v:16) (optimized to 0)
'i1751/feature_map_12_12_inst/feature_map[13][5]' (feature_map_12_12.v:16) (optimized to 0)
'i1751/feature_map_12_12_inst/feature_map[13][6]' (feature_map_12_12.v:16) (optimized to 0)
'i1751/feature_map_12_12_inst/feature_map[13][7]' (feature_map_12_12.v:16) (optimized to 0)
'i1751/feature_map_12_12_inst/feature_map[13][8]' (feature_map_12_12.v:16) (optimized to 0)
'i1751/feature_map_12_12_inst/feature_map[13][9]' (feature_map_12_12.v:16) (optimized to 0)
'i1751/feature_map_12_12_inst/feature_map[13][10]' (feature_map_12_12.v:16) (optimized to 0)
'i1751/feature_map_12_12_inst/feature_map[13][11]' (feature_map_12_12.v:16) (optimized to 0)
'i1751/feature_map_12_12_inst/feature_map[13][12]' (feature_map_12_12.v:16) (optimized to 0)
'i1751/feature_map_12_12_inst/feature_map[13][13]' (feature_map_12_12.v:16) (optimized to 0)
'i1751/feature_map_12_12_inst/feature_map[13][14]' (feature_map_12_12.v:16) (optimized to 0)
'i1751/feature_map_12_12_inst/feature_map[13][15]' (feature_map_12_12.v:16) (optimized to 0)
'i1751/feature_map_12_12_inst/feature_map[13][16]' (feature_map_12_12.v:16) (optimized to 0)
'i1751/feature_map_12_12_inst/feature_map[13][17]' (feature_map_12_12.v:16) (optimized to 0)
'i1751/feature_map_12_12_inst/feature_map[14][4]' (feature_map_12_12.v:16) (optimized to 0)
'i1751/feature_map_12_12_inst/feature_map[14][5]' (feature_map_12_12.v:16) (optimized to 0)
'i1751/feature_map_12_12_inst/feature_map[14][6]' (feature_map_12_12.v:16) (optimized to 0)
'i1751/feature_map_12_12_inst/feature_map[14][7]' (feature_map_12_12.v:16) (optimized to 0)
'i1751/feature_map_12_12_inst/feature_map[14][8]' (feature_map_12_12.v:16) (optimized to 0)
'i1751/feature_map_12_12_inst/feature_map[14][9]' (feature_map_12_12.v:16) (optimized to 0)
'i1751/feature_map_12_12_inst/feature_map[14][10]' (feature_map_12_12.v:16) (optimized to 0)
'i1751/feature_map_12_12_inst/feature_map[14][11]' (feature_map_12_12.v:16) (optimized to 0)
'i1751/feature_map_12_12_inst/feature_map[14][12]' (feature_map_12_12.v:16) (optimized to 0)
'i1751/feature_map_12_12_inst/feature_map[14][13]' (feature_map_12_12.v:16) (optimized to 0)
'i1751/feature_map_12_12_inst/feature_map[14][14]' (feature_map_12_12.v:16) (optimized to 0)
'i1751/feature_map_12_12_inst/feature_map[14][15]' (feature_map_12_12.v:16) (optimized to 0)
'i1751/feature_map_12_12_inst/feature_map[14][16]' (feature_map_12_12.v:16) (optimized to 0)
'i1751/feature_map_12_12_inst/feature_map[14][17]' (feature_map_12_12.v:16) (optimized to 0)
'i1751/feature_map_12_12_inst/feature_map[15][0]' (feature_map_12_12.v:16) (optimized to 0)
'i1751/feature_map_12_12_inst/feature_map[15][1]' (feature_map_12_12.v:16) (optimized to 0)
'i1751/feature_map_12_12_inst/feature_map[15][2]' (feature_map_12_12.v:16) (optimized to 0)
'i1751/feature_map_12_12_inst/feature_map[15][3]' (feature_map_12_12.v:16) (optimized to 0)
'i1751/feature_map_12_12_inst/feature_map[15][5]' (feature_map_12_12.v:16) (optimized to 0)
'i1751/feature_map_12_12_inst/feature_map[15][6]' (feature_map_12_12.v:16) (optimized to 0)
'i1751/feature_map_12_12_inst/feature_map[15][7]' (feature_map_12_12.v:16) (optimized to 0)
'i1751/feature_map_12_12_inst/feature_map[15][8]' (feature_map_12_12.v:16) (optimized to 0)
'i1751/feature_map_12_12_inst/feature_map[15][9]' (feature_map_12_12.v:16) (optimized to 0)
'i1751/feature_map_12_12_inst/feature_map[15][10]' (feature_map_12_12.v:16) (optimized to 0)
'i1751/feature_map_12_12_inst/feature_map[15][11]' (feature_map_12_12.v:16) (optimized to 0)
'i1751/feature_map_12_12_inst/feature_map[15][12]' (feature_map_12_12.v:16) (optimized to 0)
'i1751/feature_map_12_12_inst/feature_map[15][13]' (feature_map_12_12.v:16) (optimized to 0)
'i1751/feature_map_12_12_inst/feature_map[15][14]' (feature_map_12_12.v:16) (optimized to 0)
'i1751/feature_map_12_12_inst/feature_map[15][15]' (feature_map_12_12.v:16) (optimized to 0)
'i1751/feature_map_12_12_inst/feature_map[15][16]' (feature_map_12_12.v:16) (optimized to 0)
'i1751/feature_map_12_12_inst/feature_map[15][17]' (feature_map_12_12.v:16) (optimized to 0)
'i1751/feature_map_12_12_inst/feature_map[16][1]' (feature_map_12_12.v:16) (optimized to 0)
'i1751/feature_map_12_12_inst/feature_map[16][2]' (feature_map_12_12.v:16) (optimized to 0)
'i1751/feature_map_12_12_inst/feature_map[16][3]' (feature_map_12_12.v:16) (optimized to 0)
'i1751/feature_map_12_12_inst/feature_map[16][5]' (feature_map_12_12.v:16) (optimized to 0)
'i1751/feature_map_12_12_inst/feature_map[16][6]' (feature_map_12_12.v:16) (optimized to 0)
'i1751/feature_map_12_12_inst/feature_map[16][7]' (feature_map_12_12.v:16) (optimized to 0)
'i1751/feature_map_12_12_inst/feature_map[16][8]' (feature_map_12_12.v:16) (optimized to 0)
'i1751/feature_map_12_12_inst/feature_map[16][9]' (feature_map_12_12.v:16) (optimized to 0)
'i1751/feature_map_12_12_inst/feature_map[16][10]' (feature_map_12_12.v:16) (optimized to 0)
'i1751/feature_map_12_12_inst/feature_map[16][11]' (feature_map_12_12.v:16) (optimized to 0)
'i1751/feature_map_12_12_inst/feature_map[16][12]' (feature_map_12_12.v:16) (optimized to 0)
'i1751/feature_map_12_12_inst/feature_map[16][13]' (feature_map_12_12.v:16) (optimized to 0)
'i1751/feature_map_12_12_inst/feature_map[16][14]' (feature_map_12_12.v:16) (optimized to 0)
'i1751/feature_map_12_12_inst/feature_map[16][15]' (feature_map_12_12.v:16) (optimized to 0)
'i1751/feature_map_12_12_inst/feature_map[16][16]' (feature_map_12_12.v:16) (optimized to 0)
'i1751/feature_map_12_12_inst/feature_map[16][17]' (feature_map_12_12.v:16) (optimized to 0)
'i1751/feature_map_12_12_inst/feature_map[17][0]' (feature_map_12_12.v:16) (optimized to 0)
'i1751/feature_map_12_12_inst/feature_map[17][2]' (feature_map_12_12.v:16) (optimized to 0)
'i1751/feature_map_12_12_inst/feature_map[17][3]' (feature_map_12_12.v:16) (optimized to 0)
'i1751/feature_map_12_12_inst/feature_map[17][5]' (feature_map_12_12.v:16) (optimized to 0)
'i1751/feature_map_12_12_inst/feature_map[17][6]' (feature_map_12_12.v:16) (optimized to 0)
'i1751/feature_map_12_12_inst/feature_map[17][7]' (feature_map_12_12.v:16) (optimized to 0)
'i1751/feature_map_12_12_inst/feature_map[17][8]' (feature_map_12_12.v:16) (optimized to 0)
'i1751/feature_map_12_12_inst/feature_map[17][9]' (feature_map_12_12.v:16) (optimized to 0)
'i1751/feature_map_12_12_inst/feature_map[17][10]' (feature_map_12_12.v:16) (optimized to 0)
'i1751/feature_map_12_12_inst/feature_map[17][11]' (feature_map_12_12.v:16) (optimized to 0)
'i1751/feature_map_12_12_inst/feature_map[17][12]' (feature_map_12_12.v:16) (optimized to 0)
'i1751/feature_map_12_12_inst/feature_map[17][13]' (feature_map_12_12.v:16) (optimized to 0)
'i1751/feature_map_12_12_inst/feature_map[17][14]' (feature_map_12_12.v:16) (optimized to 0)
'i1751/feature_map_12_12_inst/feature_map[17][15]' (feature_map_12_12.v:16) (optimized to 0)
'i1751/feature_map_12_12_inst/feature_map[17][16]' (feature_map_12_12.v:16) (optimized to 0)
'i1751/feature_map_12_12_inst/feature_map[17][17]' (feature_map_12_12.v:16) (optimized to 0)
'i1751/feature_map_12_12_inst/feature_map[18][2]' (feature_map_12_12.v:16) (optimized to 0)
'i1751/feature_map_12_12_inst/feature_map[18][3]' (feature_map_12_12.v:16) (optimized to 0)
'i1751/feature_map_12_12_inst/feature_map[18][5]' (feature_map_12_12.v:16) (optimized to 0)
'i1751/feature_map_12_12_inst/feature_map[18][6]' (feature_map_12_12.v:16) (optimized to 0)
'i1751/feature_map_12_12_inst/feature_map[18][7]' (feature_map_12_12.v:16) (optimized to 0)
'i1751/feature_map_12_12_inst/feature_map[18][8]' (feature_map_12_12.v:16) (optimized to 0)
'i1751/feature_map_12_12_inst/feature_map[18][9]' (feature_map_12_12.v:16) (optimized to 0)
'i1751/feature_map_12_12_inst/feature_map[18][10]' (feature_map_12_12.v:16) (optimized to 0)
'i1751/feature_map_12_12_inst/feature_map[18][11]' (feature_map_12_12.v:16) (optimized to 0)
'i1751/feature_map_12_12_inst/feature_map[18][12]' (feature_map_12_12.v:16) (optimized to 0)
'i1751/feature_map_12_12_inst/feature_map[18][13]' (feature_map_12_12.v:16) (optimized to 0)
'i1751/feature_map_12_12_inst/feature_map[18][14]' (feature_map_12_12.v:16) (optimized to 0)
'i1751/feature_map_12_12_inst/feature_map[18][15]' (feature_map_12_12.v:16) (optimized to 0)
'i1751/feature_map_12_12_inst/feature_map[18][16]' (feature_map_12_12.v:16) (optimized to 0)
'i1751/feature_map_12_12_inst/feature_map[18][17]' (feature_map_12_12.v:16) (optimized to 0)
'i1751/feature_map_12_12_inst/feature_map[19][0]' (feature_map_12_12.v:16) (optimized to 0)
'i1751/feature_map_12_12_inst/feature_map[19][1]' (feature_map_12_12.v:16) (optimized to 0)
'i1751/feature_map_12_12_inst/feature_map[19][3]' (feature_map_12_12.v:16) (optimized to 0)
'i1751/feature_map_12_12_inst/feature_map[19][5]' (feature_map_12_12.v:16) (optimized to 0)
'i1751/feature_map_12_12_inst/feature_map[19][6]' (feature_map_12_12.v:16) (optimized to 0)
'i1751/feature_map_12_12_inst/feature_map[19][7]' (feature_map_12_12.v:16) (optimized to 0)
'i1751/feature_map_12_12_inst/feature_map[19][8]' (feature_map_12_12.v:16) (optimized to 0)
'i1751/feature_map_12_12_inst/feature_map[19][9]' (feature_map_12_12.v:16) (optimized to 0)
'i1751/feature_map_12_12_inst/feature_map[19][10]' (feature_map_12_12.v:16) (optimized to 0)
'i1751/feature_map_12_12_inst/feature_map[19][11]' (feature_map_12_12.v:16) (optimized to 0)
'i1751/feature_map_12_12_inst/feature_map[19][12]' (feature_map_12_12.v:16) (optimized to 0)
'i1751/feature_map_12_12_inst/feature_map[19][13]' (feature_map_12_12.v:16) (optimized to 0)
'i1751/feature_map_12_12_inst/feature_map[19][14]' (feature_map_12_12.v:16) (optimized to 0)
'i1751/feature_map_12_12_inst/feature_map[19][15]' (feature_map_12_12.v:16) (optimized to 0)
'i1751/feature_map_12_12_inst/feature_map[19][16]' (feature_map_12_12.v:16) (optimized to 0)
'i1751/feature_map_12_12_inst/feature_map[19][17]' (feature_map_12_12.v:16) (optimized to 0)
'i1751/feature_map_12_12_inst/feature_map[20][1]' (feature_map_12_12.v:16) (optimized to 0)
'i1751/feature_map_12_12_inst/feature_map[20][3]' (feature_map_12_12.v:16) (optimized to 0)
'i1751/feature_map_12_12_inst/feature_map[20][5]' (feature_map_12_12.v:16) (optimized to 0)
'i1751/feature_map_12_12_inst/feature_map[20][6]' (feature_map_12_12.v:16) (optimized to 0)
'i1751/feature_map_12_12_inst/feature_map[20][7]' (feature_map_12_12.v:16) (optimized to 0)
'i1751/feature_map_12_12_inst/feature_map[20][8]' (feature_map_12_12.v:16) (optimized to 0)
'i1751/feature_map_12_12_inst/feature_map[20][9]' (feature_map_12_12.v:16) (optimized to 0)
'i1751/feature_map_12_12_inst/feature_map[20][10]' (feature_map_12_12.v:16) (optimized to 0)
'i1751/feature_map_12_12_inst/feature_map[20][11]' (feature_map_12_12.v:16) (optimized to 0)
'i1751/feature_map_12_12_inst/feature_map[20][12]' (feature_map_12_12.v:16) (optimized to 0)
'i1751/feature_map_12_12_inst/feature_map[20][13]' (feature_map_12_12.v:16) (optimized to 0)
'i1751/feature_map_12_12_inst/feature_map[20][14]' (feature_map_12_12.v:16) (optimized to 0)
'i1751/feature_map_12_12_inst/feature_map[20][15]' (feature_map_12_12.v:16) (optimized to 0)
'i1751/feature_map_12_12_inst/feature_map[20][16]' (feature_map_12_12.v:16) (optimized to 0)
'i1751/feature_map_12_12_inst/feature_map[20][17]' (feature_map_12_12.v:16) (optimized to 0)
'i1751/feature_map_12_12_inst/feature_map[21][0]' (feature_map_12_12.v:16) (optimized to 0)
'i1751/feature_map_12_12_inst/feature_map[21][3]' (feature_map_12_12.v:16) (optimized to 0)
'i1751/feature_map_12_12_inst/feature_map[21][5]' (feature_map_12_12.v:16) (optimized to 0)
'i1751/feature_map_12_12_inst/feature_map[21][6]' (feature_map_12_12.v:16) (optimized to 0)
'i1751/feature_map_12_12_inst/feature_map[21][7]' (feature_map_12_12.v:16) (optimized to 0)
'i1751/feature_map_12_12_inst/feature_map[21][8]' (feature_map_12_12.v:16) (optimized to 0)
'i1751/feature_map_12_12_inst/feature_map[21][9]' (feature_map_12_12.v:16) (optimized to 0)
'i1751/feature_map_12_12_inst/feature_map[21][10]' (feature_map_12_12.v:16) (optimized to 0)
'i1751/feature_map_12_12_inst/feature_map[21][11]' (feature_map_12_12.v:16) (optimized to 0)
'i1751/feature_map_12_12_inst/feature_map[21][12]' (feature_map_12_12.v:16) (optimized to 0)
'i1751/feature_map_12_12_inst/feature_map[21][13]' (feature_map_12_12.v:16) (optimized to 0)
'i1751/feature_map_12_12_inst/feature_map[21][14]' (feature_map_12_12.v:16) (optimized to 0)
'i1751/feature_map_12_12_inst/feature_map[21][15]' (feature_map_12_12.v:16) (optimized to 0)
'i1751/feature_map_12_12_inst/feature_map[21][16]' (feature_map_12_12.v:16) (optimized to 0)
'i1751/feature_map_12_12_inst/feature_map[21][17]' (feature_map_12_12.v:16) (optimized to 0)
'i1751/feature_map_12_12_inst/feature_map[22][3]' (feature_map_12_12.v:16) (optimized to 0)
'i1751/feature_map_12_12_inst/feature_map[22][5]' (feature_map_12_12.v:16) (optimized to 0)
'i1751/feature_map_12_12_inst/feature_map[22][6]' (feature_map_12_12.v:16) (optimized to 0)
'i1751/feature_map_12_12_inst/feature_map[22][7]' (feature_map_12_12.v:16) (optimized to 0)
'i1751/feature_map_12_12_inst/feature_map[22][8]' (feature_map_12_12.v:16) (optimized to 0)
'i1751/feature_map_12_12_inst/feature_map[22][9]' (feature_map_12_12.v:16) (optimized to 0)
'i1751/feature_map_12_12_inst/feature_map[22][10]' (feature_map_12_12.v:16) (optimized to 0)
'i1751/feature_map_12_12_inst/feature_map[22][11]' (feature_map_12_12.v:16) (optimized to 0)
'i1751/feature_map_12_12_inst/feature_map[22][12]' (feature_map_12_12.v:16) (optimized to 0)
'i1751/feature_map_12_12_inst/feature_map[22][13]' (feature_map_12_12.v:16) (optimized to 0)
'i1751/feature_map_12_12_inst/feature_map[22][14]' (feature_map_12_12.v:16) (optimized to 0)
'i1751/feature_map_12_12_inst/feature_map[22][15]' (feature_map_12_12.v:16) (optimized to 0)
'i1751/feature_map_12_12_inst/feature_map[22][16]' (feature_map_12_12.v:16) (optimized to 0)
'i1751/feature_map_12_12_inst/feature_map[22][17]' (feature_map_12_12.v:16) (optimized to 0)
'i1751/feature_map_12_12_inst/feature_map[23][0]' (feature_map_12_12.v:16) (optimized to 0)
'i1751/feature_map_12_12_inst/feature_map[23][1]' (feature_map_12_12.v:16) (optimized to 0)
'i1751/feature_map_12_12_inst/feature_map[23][2]' (feature_map_12_12.v:16) (optimized to 0)
'i1751/feature_map_12_12_inst/feature_map[23][5]' (feature_map_12_12.v:16) (optimized to 0)
'i1751/feature_map_12_12_inst/feature_map[23][6]' (feature_map_12_12.v:16) (optimized to 0)
'i1751/feature_map_12_12_inst/feature_map[23][7]' (feature_map_12_12.v:16) (optimized to 0)
'i1751/feature_map_12_12_inst/feature_map[23][8]' (feature_map_12_12.v:16) (optimized to 0)
'i1751/feature_map_12_12_inst/feature_map[23][9]' (feature_map_12_12.v:16) (optimized to 0)
'i1751/feature_map_12_12_inst/feature_map[23][10]' (feature_map_12_12.v:16) (optimized to 0)
'i1751/feature_map_12_12_inst/feature_map[23][11]' (feature_map_12_12.v:16) (optimized to 0)
'i1751/feature_map_12_12_inst/feature_map[23][12]' (feature_map_12_12.v:16) (optimized to 0)
'i1751/feature_map_12_12_inst/feature_map[23][13]' (feature_map_12_12.v:16) (optimized to 0)
'i1751/feature_map_12_12_inst/feature_map[23][14]' (feature_map_12_12.v:16) (optimized to 0)
'i1751/feature_map_12_12_inst/feature_map[23][15]' (feature_map_12_12.v:16) (optimized to 0)
'i1751/feature_map_12_12_inst/feature_map[23][16]' (feature_map_12_12.v:16) (optimized to 0)
'i1751/feature_map_12_12_inst/feature_map[23][17]' (feature_map_12_12.v:16) (optimized to 0)
'i1751/feature_map_12_12_inst/feature_map[24][1]' (feature_map_12_12.v:16) (optimized to 0)
'i1751/feature_map_12_12_inst/feature_map[24][2]' (feature_map_12_12.v:16) (optimized to 0)
'i1751/feature_map_12_12_inst/feature_map[24][5]' (feature_map_12_12.v:16) (optimized to 0)
'i1751/feature_map_12_12_inst/feature_map[24][6]' (feature_map_12_12.v:16) (optimized to 0)
'i1751/feature_map_12_12_inst/feature_map[24][7]' (feature_map_12_12.v:16) (optimized to 0)
'i1751/feature_map_12_12_inst/feature_map[24][8]' (feature_map_12_12.v:16) (optimized to 0)
'i1751/feature_map_12_12_inst/feature_map[24][9]' (feature_map_12_12.v:16) (optimized to 0)
'i1751/feature_map_12_12_inst/feature_map[24][10]' (feature_map_12_12.v:16) (optimized to 0)
'i1751/feature_map_12_12_inst/feature_map[24][11]' (feature_map_12_12.v:16) (optimized to 0)
'i1751/feature_map_12_12_inst/feature_map[24][12]' (feature_map_12_12.v:16) (optimized to 0)
'i1751/feature_map_12_12_inst/feature_map[24][13]' (feature_map_12_12.v:16) (optimized to 0)
'i1751/feature_map_12_12_inst/feature_map[24][14]' (feature_map_12_12.v:16) (optimized to 0)
'i1751/feature_map_12_12_inst/feature_map[24][15]' (feature_map_12_12.v:16) (optimized to 0)
'i1751/feature_map_12_12_inst/feature_map[24][16]' (feature_map_12_12.v:16) (optimized to 0)
'i1751/feature_map_12_12_inst/feature_map[24][17]' (feature_map_12_12.v:16) (optimized to 0)
'i1751/feature_map_12_12_inst/feature_map[25][0]' (feature_map_12_12.v:16) (optimized to 0)
'i1751/feature_map_12_12_inst/feature_map[25][2]' (feature_map_12_12.v:16) (optimized to 0)
'i1751/feature_map_12_12_inst/feature_map[25][5]' (feature_map_12_12.v:16) (optimized to 0)
'i1751/feature_map_12_12_inst/feature_map[25][6]' (feature_map_12_12.v:16) (optimized to 0)
'i1751/feature_map_12_12_inst/feature_map[25][7]' (feature_map_12_12.v:16) (optimized to 0)
'i1751/feature_map_12_12_inst/feature_map[25][8]' (feature_map_12_12.v:16) (optimized to 0)
'i1751/feature_map_12_12_inst/feature_map[25][9]' (feature_map_12_12.v:16) (optimized to 0)
'i1751/feature_map_12_12_inst/feature_map[25][10]' (feature_map_12_12.v:16) (optimized to 0)
'i1751/feature_map_12_12_inst/feature_map[25][11]' (feature_map_12_12.v:16) (optimized to 0)
'i1751/feature_map_12_12_inst/feature_map[25][12]' (feature_map_12_12.v:16) (optimized to 0)
'i1751/feature_map_12_12_inst/feature_map[25][13]' (feature_map_12_12.v:16) (optimized to 0)
'i1751/feature_map_12_12_inst/feature_map[25][14]' (feature_map_12_12.v:16) (optimized to 0)
'i1751/feature_map_12_12_inst/feature_map[25][15]' (feature_map_12_12.v:16) (optimized to 0)
'i1751/feature_map_12_12_inst/feature_map[25][16]' (feature_map_12_12.v:16) (optimized to 0)
'i1751/feature_map_12_12_inst/feature_map[25][17]' (feature_map_12_12.v:16) (optimized to 0)
'i1751/feature_map_12_12_inst/feature_map[26][2]' (feature_map_12_12.v:16) (optimized to 0)
'i1751/feature_map_12_12_inst/feature_map[26][5]' (feature_map_12_12.v:16) (optimized to 0)
'i1751/feature_map_12_12_inst/feature_map[26][6]' (feature_map_12_12.v:16) (optimized to 0)
'i1751/feature_map_12_12_inst/feature_map[26][7]' (feature_map_12_12.v:16) (optimized to 0)
'i1751/feature_map_12_12_inst/feature_map[26][8]' (feature_map_12_12.v:16) (optimized to 0)
'i1751/feature_map_12_12_inst/feature_map[26][9]' (feature_map_12_12.v:16) (optimized to 0)
'i1751/feature_map_12_12_inst/feature_map[26][10]' (feature_map_12_12.v:16) (optimized to 0)
'i1751/feature_map_12_12_inst/feature_map[26][11]' (feature_map_12_12.v:16) (optimized to 0)
'i1751/feature_map_12_12_inst/feature_map[26][12]' (feature_map_12_12.v:16) (optimized to 0)
'i1751/feature_map_12_12_inst/feature_map[26][13]' (feature_map_12_12.v:16) (optimized to 0)
'i1751/feature_map_12_12_inst/feature_map[26][14]' (feature_map_12_12.v:16) (optimized to 0)
'i1751/feature_map_12_12_inst/feature_map[26][15]' (feature_map_12_12.v:16) (optimized to 0)
'i1751/feature_map_12_12_inst/feature_map[26][16]' (feature_map_12_12.v:16) (optimized to 0)
'i1751/feature_map_12_12_inst/feature_map[26][17]' (feature_map_12_12.v:16) (optimized to 0)
'i1751/feature_map_12_12_inst/feature_map[27][0]' (feature_map_12_12.v:16) (optimized to 0)
'i1751/feature_map_12_12_inst/feature_map[27][1]' (feature_map_12_12.v:16) (optimized to 0)
'i1751/feature_map_12_12_inst/feature_map[27][5]' (feature_map_12_12.v:16) (optimized to 0)
'i1751/feature_map_12_12_inst/feature_map[27][6]' (feature_map_12_12.v:16) (optimized to 0)
'i1751/feature_map_12_12_inst/feature_map[27][7]' (feature_map_12_12.v:16) (optimized to 0)
'i1751/feature_map_12_12_inst/feature_map[27][8]' (feature_map_12_12.v:16) (optimized to 0)
'i1751/feature_map_12_12_inst/feature_map[27][9]' (feature_map_12_12.v:16) (optimized to 0)
'i1751/feature_map_12_12_inst/feature_map[27][10]' (feature_map_12_12.v:16) (optimized to 0)
'i1751/feature_map_12_12_inst/feature_map[27][11]' (feature_map_12_12.v:16) (optimized to 0)
'i1751/feature_map_12_12_inst/feature_map[27][12]' (feature_map_12_12.v:16) (optimized to 0)
'i1751/feature_map_12_12_inst/feature_map[27][13]' (feature_map_12_12.v:16) (optimized to 0)
'i1751/feature_map_12_12_inst/feature_map[27][14]' (feature_map_12_12.v:16) (optimized to 0)
'i1751/feature_map_12_12_inst/feature_map[27][15]' (feature_map_12_12.v:16) (optimized to 0)
'i1751/feature_map_12_12_inst/feature_map[27][16]' (feature_map_12_12.v:16) (optimized to 0)
'i1751/feature_map_12_12_inst/feature_map[27][17]' (feature_map_12_12.v:16) (optimized to 0)
'i1751/feature_map_12_12_inst/feature_map[28][1]' (feature_map_12_12.v:16) (optimized to 0)
'i1751/feature_map_12_12_inst/feature_map[28][5]' (feature_map_12_12.v:16) (optimized to 0)
'i1751/feature_map_12_12_inst/feature_map[28][6]' (feature_map_12_12.v:16) (optimized to 0)
'i1751/feature_map_12_12_inst/feature_map[28][7]' (feature_map_12_12.v:16) (optimized to 0)
'i1751/feature_map_12_12_inst/feature_map[28][8]' (feature_map_12_12.v:16) (optimized to 0)
'i1751/feature_map_12_12_inst/feature_map[28][9]' (feature_map_12_12.v:16) (optimized to 0)
'i1751/feature_map_12_12_inst/feature_map[28][10]' (feature_map_12_12.v:16) (optimized to 0)
'i1751/feature_map_12_12_inst/feature_map[28][11]' (feature_map_12_12.v:16) (optimized to 0)
'i1751/feature_map_12_12_inst/feature_map[28][12]' (feature_map_12_12.v:16) (optimized to 0)
'i1751/feature_map_12_12_inst/feature_map[28][13]' (feature_map_12_12.v:16) (optimized to 0)
'i1751/feature_map_12_12_inst/feature_map[28][14]' (feature_map_12_12.v:16) (optimized to 0)
'i1751/feature_map_12_12_inst/feature_map[28][15]' (feature_map_12_12.v:16) (optimized to 0)
'i1751/feature_map_12_12_inst/feature_map[28][16]' (feature_map_12_12.v:16) (optimized to 0)
'i1751/feature_map_12_12_inst/feature_map[28][17]' (feature_map_12_12.v:16) (optimized to 0)
'i1751/feature_map_12_12_inst/feature_map[29][0]' (feature_map_12_12.v:16) (optimized to 0)
'i1751/feature_map_12_12_inst/feature_map[29][5]' (feature_map_12_12.v:16) (optimized to 0)
'i1751/feature_map_12_12_inst/feature_map[29][6]' (feature_map_12_12.v:16) (optimized to 0)
'i1751/feature_map_12_12_inst/feature_map[29][7]' (feature_map_12_12.v:16) (optimized to 0)
'i1751/feature_map_12_12_inst/feature_map[29][8]' (feature_map_12_12.v:16) (optimized to 0)
'i1751/feature_map_12_12_inst/feature_map[29][9]' (feature_map_12_12.v:16) (optimized to 0)
'i1751/feature_map_12_12_inst/feature_map[29][10]' (feature_map_12_12.v:16) (optimized to 0)
'i1751/feature_map_12_12_inst/feature_map[29][11]' (feature_map_12_12.v:16) (optimized to 0)
'i1751/feature_map_12_12_inst/feature_map[29][12]' (feature_map_12_12.v:16) (optimized to 0)
'i1751/feature_map_12_12_inst/feature_map[29][13]' (feature_map_12_12.v:16) (optimized to 0)
'i1751/feature_map_12_12_inst/feature_map[29][14]' (feature_map_12_12.v:16) (optimized to 0)
'i1751/feature_map_12_12_inst/feature_map[29][15]' (feature_map_12_12.v:16) (optimized to 0)
'i1751/feature_map_12_12_inst/feature_map[29][16]' (feature_map_12_12.v:16) (optimized to 0)
'i1751/feature_map_12_12_inst/feature_map[29][17]' (feature_map_12_12.v:16) (optimized to 0)
'i1751/feature_map_12_12_inst/feature_map[30][5]' (feature_map_12_12.v:16) (optimized to 0)
'i1751/feature_map_12_12_inst/feature_map[30][6]' (feature_map_12_12.v:16) (optimized to 0)
'i1751/feature_map_12_12_inst/feature_map[30][7]' (feature_map_12_12.v:16) (optimized to 0)
'i1751/feature_map_12_12_inst/feature_map[30][8]' (feature_map_12_12.v:16) (optimized to 0)
'i1751/feature_map_12_12_inst/feature_map[30][9]' (feature_map_12_12.v:16) (optimized to 0)
'i1751/feature_map_12_12_inst/feature_map[30][10]' (feature_map_12_12.v:16) (optimized to 0)
'i1751/feature_map_12_12_inst/feature_map[30][11]' (feature_map_12_12.v:16) (optimized to 0)
'i1751/feature_map_12_12_inst/feature_map[30][12]' (feature_map_12_12.v:16) (optimized to 0)
'i1751/feature_map_12_12_inst/feature_map[30][13]' (feature_map_12_12.v:16) (optimized to 0)
'i1751/feature_map_12_12_inst/feature_map[30][14]' (feature_map_12_12.v:16) (optimized to 0)
'i1751/feature_map_12_12_inst/feature_map[30][15]' (feature_map_12_12.v:16) (optimized to 0)
'i1751/feature_map_12_12_inst/feature_map[30][16]' (feature_map_12_12.v:16) (optimized to 0)
'i1751/feature_map_12_12_inst/feature_map[30][17]' (feature_map_12_12.v:16) (optimized to 0)
'i1751/feature_map_12_12_inst/feature_map[31][0]' (feature_map_12_12.v:16) (optimized to 0)
'i1751/feature_map_12_12_inst/feature_map[31][1]' (feature_map_12_12.v:16) (optimized to 0)
'i1751/feature_map_12_12_inst/feature_map[31][2]' (feature_map_12_12.v:16) (optimized to 0)
'i1751/feature_map_12_12_inst/feature_map[31][3]' (feature_map_12_12.v:16) (optimized to 0)
'i1751/feature_map_12_12_inst/feature_map[31][4]' (feature_map_12_12.v:16) (optimized to 0)
'i1751/feature_map_12_12_inst/feature_map[31][6]' (feature_map_12_12.v:16) (optimized to 0)
'i1751/feature_map_12_12_inst/feature_map[31][7]' (feature_map_12_12.v:16) (optimized to 0)
'i1751/feature_map_12_12_inst/feature_map[31][8]' (feature_map_12_12.v:16) (optimized to 0)
'i1751/feature_map_12_12_inst/feature_map[31][9]' (feature_map_12_12.v:16) (optimized to 0)
'i1751/feature_map_12_12_inst/feature_map[31][10]' (feature_map_12_12.v:16) (optimized to 0)
'i1751/feature_map_12_12_inst/feature_map[31][11]' (feature_map_12_12.v:16) (optimized to 0)
'i1751/feature_map_12_12_inst/feature_map[31][12]' (feature_map_12_12.v:16) (optimized to 0)
'i1751/feature_map_12_12_inst/feature_map[31][13]' (feature_map_12_12.v:16) (optimized to 0)
'i1751/feature_map_12_12_inst/feature_map[31][14]' (feature_map_12_12.v:16) (optimized to 0)
'i1751/feature_map_12_12_inst/feature_map[31][15]' (feature_map_12_12.v:16) (optimized to 0)
'i1751/feature_map_12_12_inst/feature_map[31][16]' (feature_map_12_12.v:16) (optimized to 0)
'i1751/feature_map_12_12_inst/feature_map[31][17]' (feature_map_12_12.v:16) (optimized to 0)
'i1751/feature_map_12_12_inst/feature_map[32][1]' (feature_map_12_12.v:16) (optimized to 0)
'i1751/feature_map_12_12_inst/feature_map[32][2]' (feature_map_12_12.v:16) (optimized to 0)
'i1751/feature_map_12_12_inst/feature_map[32][3]' (feature_map_12_12.v:16) (optimized to 0)
'i1751/feature_map_12_12_inst/feature_map[32][4]' (feature_map_12_12.v:16) (optimized to 0)
'i1751/feature_map_12_12_inst/feature_map[32][6]' (feature_map_12_12.v:16) (optimized to 0)
'i1751/feature_map_12_12_inst/feature_map[32][7]' (feature_map_12_12.v:16) (optimized to 0)
'i1751/feature_map_12_12_inst/feature_map[32][8]' (feature_map_12_12.v:16) (optimized to 0)
'i1751/feature_map_12_12_inst/feature_map[32][9]' (feature_map_12_12.v:16) (optimized to 0)
'i1751/feature_map_12_12_inst/feature_map[32][10]' (feature_map_12_12.v:16) (optimized to 0)
'i1751/feature_map_12_12_inst/feature_map[32][11]' (feature_map_12_12.v:16) (optimized to 0)
'i1751/feature_map_12_12_inst/feature_map[32][12]' (feature_map_12_12.v:16) (optimized to 0)
'i1751/feature_map_12_12_inst/feature_map[32][13]' (feature_map_12_12.v:16) (optimized to 0)
'i1751/feature_map_12_12_inst/feature_map[32][14]' (feature_map_12_12.v:16) (optimized to 0)
'i1751/feature_map_12_12_inst/feature_map[32][15]' (feature_map_12_12.v:16) (optimized to 0)
'i1751/feature_map_12_12_inst/feature_map[32][16]' (feature_map_12_12.v:16) (optimized to 0)
'i1751/feature_map_12_12_inst/feature_map[32][17]' (feature_map_12_12.v:16) (optimized to 0)
'i1751/feature_map_12_12_inst/feature_map[33][0]' (feature_map_12_12.v:16) (optimized to 0)
'i1751/feature_map_12_12_inst/feature_map[33][2]' (feature_map_12_12.v:16) (optimized to 0)
'i1751/feature_map_12_12_inst/feature_map[33][3]' (feature_map_12_12.v:16) (optimized to 0)
'i1751/feature_map_12_12_inst/feature_map[33][4]' (feature_map_12_12.v:16) (optimized to 0)
'i1751/feature_map_12_12_inst/feature_map[33][6]' (feature_map_12_12.v:16) (optimized to 0)
'i1751/feature_map_12_12_inst/feature_map[33][7]' (feature_map_12_12.v:16) (optimized to 0)
'i1751/feature_map_12_12_inst/feature_map[33][8]' (feature_map_12_12.v:16) (optimized to 0)
'i1751/feature_map_12_12_inst/feature_map[33][9]' (feature_map_12_12.v:16) (optimized to 0)
'i1751/feature_map_12_12_inst/feature_map[33][10]' (feature_map_12_12.v:16) (optimized to 0)
'i1751/feature_map_12_12_inst/feature_map[33][11]' (feature_map_12_12.v:16) (optimized to 0)
'i1751/feature_map_12_12_inst/feature_map[33][12]' (feature_map_12_12.v:16) (optimized to 0)
'i1751/feature_map_12_12_inst/feature_map[33][13]' (feature_map_12_12.v:16) (optimized to 0)
'i1751/feature_map_12_12_inst/feature_map[33][14]' (feature_map_12_12.v:16) (optimized to 0)
'i1751/feature_map_12_12_inst/feature_map[33][15]' (feature_map_12_12.v:16) (optimized to 0)
'i1751/feature_map_12_12_inst/feature_map[33][16]' (feature_map_12_12.v:16) (optimized to 0)
'i1751/feature_map_12_12_inst/feature_map[33][17]' (feature_map_12_12.v:16) (optimized to 0)
'i1751/feature_map_12_12_inst/feature_map[34][2]' (feature_map_12_12.v:16) (optimized to 0)
'i1751/feature_map_12_12_inst/feature_map[34][3]' (feature_map_12_12.v:16) (optimized to 0)
'i1751/feature_map_12_12_inst/feature_map[34][4]' (feature_map_12_12.v:16) (optimized to 0)
'i1751/feature_map_12_12_inst/feature_map[34][6]' (feature_map_12_12.v:16) (optimized to 0)
'i1751/feature_map_12_12_inst/feature_map[34][7]' (feature_map_12_12.v:16) (optimized to 0)
'i1751/feature_map_12_12_inst/feature_map[34][8]' (feature_map_12_12.v:16) (optimized to 0)
'i1751/feature_map_12_12_inst/feature_map[34][9]' (feature_map_12_12.v:16) (optimized to 0)
'i1751/feature_map_12_12_inst/feature_map[34][10]' (feature_map_12_12.v:16) (optimized to 0)
'i1751/feature_map_12_12_inst/feature_map[34][11]' (feature_map_12_12.v:16) (optimized to 0)
'i1751/feature_map_12_12_inst/feature_map[34][12]' (feature_map_12_12.v:16) (optimized to 0)
'i1751/feature_map_12_12_inst/feature_map[34][13]' (feature_map_12_12.v:16) (optimized to 0)
'i1751/feature_map_12_12_inst/feature_map[34][14]' (feature_map_12_12.v:16) (optimized to 0)
'i1751/feature_map_12_12_inst/feature_map[34][15]' (feature_map_12_12.v:16) (optimized to 0)
'i1751/feature_map_12_12_inst/feature_map[34][16]' (feature_map_12_12.v:16) (optimized to 0)
'i1751/feature_map_12_12_inst/feature_map[34][17]' (feature_map_12_12.v:16) (optimized to 0)
'i1751/feature_map_12_12_inst/feature_map[35][0]' (feature_map_12_12.v:16) (optimized to 0)
'i1751/feature_map_12_12_inst/feature_map[35][1]' (feature_map_12_12.v:16) (optimized to 0)
'i1751/feature_map_12_12_inst/feature_map[35][3]' (feature_map_12_12.v:16) (optimized to 0)
'i1751/feature_map_12_12_inst/feature_map[35][4]' (feature_map_12_12.v:16) (optimized to 0)
'i1751/feature_map_12_12_inst/feature_map[35][6]' (feature_map_12_12.v:16) (optimized to 0)
'i1751/feature_map_12_12_inst/feature_map[35][7]' (feature_map_12_12.v:16) (optimized to 0)
'i1751/feature_map_12_12_inst/feature_map[35][8]' (feature_map_12_12.v:16) (optimized to 0)
'i1751/feature_map_12_12_inst/feature_map[35][9]' (feature_map_12_12.v:16) (optimized to 0)
'i1751/feature_map_12_12_inst/feature_map[35][10]' (feature_map_12_12.v:16) (optimized to 0)
'i1751/feature_map_12_12_inst/feature_map[35][11]' (feature_map_12_12.v:16) (optimized to 0)
'i1751/feature_map_12_12_inst/feature_map[35][12]' (feature_map_12_12.v:16) (optimized to 0)
'i1751/feature_map_12_12_inst/feature_map[35][13]' (feature_map_12_12.v:16) (optimized to 0)
'i1751/feature_map_12_12_inst/feature_map[35][14]' (feature_map_12_12.v:16) (optimized to 0)
'i1751/feature_map_12_12_inst/feature_map[35][15]' (feature_map_12_12.v:16) (optimized to 0)
'i1751/feature_map_12_12_inst/feature_map[35][16]' (feature_map_12_12.v:16) (optimized to 0)
'i1751/feature_map_12_12_inst/feature_map[35][17]' (feature_map_12_12.v:16) (optimized to 0)
'i1751/feature_map_12_12_inst/feature_map[36][1]' (feature_map_12_12.v:16) (optimized to 0)
'i1751/feature_map_12_12_inst/feature_map[36][3]' (feature_map_12_12.v:16) (optimized to 0)
'i1751/feature_map_12_12_inst/feature_map[36][4]' (feature_map_12_12.v:16) (optimized to 0)
'i1751/feature_map_12_12_inst/feature_map[36][6]' (feature_map_12_12.v:16) (optimized to 0)
'i1751/feature_map_12_12_inst/feature_map[36][7]' (feature_map_12_12.v:16) (optimized to 0)
'i1751/feature_map_12_12_inst/feature_map[36][8]' (feature_map_12_12.v:16) (optimized to 0)
'i1751/feature_map_12_12_inst/feature_map[36][9]' (feature_map_12_12.v:16) (optimized to 0)
'i1751/feature_map_12_12_inst/feature_map[36][10]' (feature_map_12_12.v:16) (optimized to 0)
'i1751/feature_map_12_12_inst/feature_map[36][11]' (feature_map_12_12.v:16) (optimized to 0)
'i1751/feature_map_12_12_inst/feature_map[36][12]' (feature_map_12_12.v:16) (optimized to 0)
'i1751/feature_map_12_12_inst/feature_map[36][13]' (feature_map_12_12.v:16) (optimized to 0)
'i1751/feature_map_12_12_inst/feature_map[36][14]' (feature_map_12_12.v:16) (optimized to 0)
'i1751/feature_map_12_12_inst/feature_map[36][15]' (feature_map_12_12.v:16) (optimized to 0)
'i1751/feature_map_12_12_inst/feature_map[36][16]' (feature_map_12_12.v:16) (optimized to 0)
'i1751/feature_map_12_12_inst/feature_map[36][17]' (feature_map_12_12.v:16) (optimized to 0)
'i1751/feature_map_12_12_inst/feature_map[37][0]' (feature_map_12_12.v:16) (optimized to 0)
'i1751/feature_map_12_12_inst/feature_map[37][3]' (feature_map_12_12.v:16) (optimized to 0)
'i1751/feature_map_12_12_inst/feature_map[37][4]' (feature_map_12_12.v:16) (optimized to 0)
'i1751/feature_map_12_12_inst/feature_map[37][6]' (feature_map_12_12.v:16) (optimized to 0)
'i1751/feature_map_12_12_inst/feature_map[37][7]' (feature_map_12_12.v:16) (optimized to 0)
'i1751/feature_map_12_12_inst/feature_map[37][8]' (feature_map_12_12.v:16) (optimized to 0)
'i1751/feature_map_12_12_inst/feature_map[37][9]' (feature_map_12_12.v:16) (optimized to 0)
'i1751/feature_map_12_12_inst/feature_map[37][10]' (feature_map_12_12.v:16) (optimized to 0)
'i1751/feature_map_12_12_inst/feature_map[37][11]' (feature_map_12_12.v:16) (optimized to 0)
'i1751/feature_map_12_12_inst/feature_map[37][12]' (feature_map_12_12.v:16) (optimized to 0)
'i1751/feature_map_12_12_inst/feature_map[37][13]' (feature_map_12_12.v:16) (optimized to 0)
'i1751/feature_map_12_12_inst/feature_map[37][14]' (feature_map_12_12.v:16) (optimized to 0)
'i1751/feature_map_12_12_inst/feature_map[37][15]' (feature_map_12_12.v:16) (optimized to 0)
'i1751/feature_map_12_12_inst/feature_map[37][16]' (feature_map_12_12.v:16) (optimized to 0)
'i1751/feature_map_12_12_inst/feature_map[37][17]' (feature_map_12_12.v:16) (optimized to 0)
'i1751/feature_map_12_12_inst/feature_map[38][3]' (feature_map_12_12.v:16) (optimized to 0)
'i1751/feature_map_12_12_inst/feature_map[38][4]' (feature_map_12_12.v:16) (optimized to 0)
'i1751/feature_map_12_12_inst/feature_map[38][6]' (feature_map_12_12.v:16) (optimized to 0)
'i1751/feature_map_12_12_inst/feature_map[38][7]' (feature_map_12_12.v:16) (optimized to 0)
'i1751/feature_map_12_12_inst/feature_map[38][8]' (feature_map_12_12.v:16) (optimized to 0)
'i1751/feature_map_12_12_inst/feature_map[38][9]' (feature_map_12_12.v:16) (optimized to 0)
'i1751/feature_map_12_12_inst/feature_map[38][10]' (feature_map_12_12.v:16) (optimized to 0)
'i1751/feature_map_12_12_inst/feature_map[38][11]' (feature_map_12_12.v:16) (optimized to 0)
'i1751/feature_map_12_12_inst/feature_map[38][12]' (feature_map_12_12.v:16) (optimized to 0)
'i1751/feature_map_12_12_inst/feature_map[38][13]' (feature_map_12_12.v:16) (optimized to 0)
'i1751/feature_map_12_12_inst/feature_map[38][14]' (feature_map_12_12.v:16) (optimized to 0)
'i1751/feature_map_12_12_inst/feature_map[38][15]' (feature_map_12_12.v:16) (optimized to 0)
'i1751/feature_map_12_12_inst/feature_map[38][16]' (feature_map_12_12.v:16) (optimized to 0)
'i1751/feature_map_12_12_inst/feature_map[38][17]' (feature_map_12_12.v:16) (optimized to 0)
'i1751/feature_map_12_12_inst/feature_map[39][0]' (feature_map_12_12.v:16) (optimized to 0)
'i1751/feature_map_12_12_inst/feature_map[39][1]' (feature_map_12_12.v:16) (optimized to 0)
'i1751/feature_map_12_12_inst/feature_map[39][2]' (feature_map_12_12.v:16) (optimized to 0)
'i1751/feature_map_12_12_inst/feature_map[39][4]' (feature_map_12_12.v:16) (optimized to 0)
'i1751/feature_map_12_12_inst/feature_map[39][6]' (feature_map_12_12.v:16) (optimized to 0)
'i1751/feature_map_12_12_inst/feature_map[39][7]' (feature_map_12_12.v:16) (optimized to 0)
'i1751/feature_map_12_12_inst/feature_map[39][8]' (feature_map_12_12.v:16) (optimized to 0)
'i1751/feature_map_12_12_inst/feature_map[39][9]' (feature_map_12_12.v:16) (optimized to 0)
'i1751/feature_map_12_12_inst/feature_map[39][10]' (feature_map_12_12.v:16) (optimized to 0)
'i1751/feature_map_12_12_inst/feature_map[39][11]' (feature_map_12_12.v:16) (optimized to 0)
'i1751/feature_map_12_12_inst/feature_map[39][12]' (feature_map_12_12.v:16) (optimized to 0)
'i1751/feature_map_12_12_inst/feature_map[39][13]' (feature_map_12_12.v:16) (optimized to 0)
'i1751/feature_map_12_12_inst/feature_map[39][14]' (feature_map_12_12.v:16) (optimized to 0)
'i1751/feature_map_12_12_inst/feature_map[39][15]' (feature_map_12_12.v:16) (optimized to 0)
'i1751/feature_map_12_12_inst/feature_map[39][16]' (feature_map_12_12.v:16) (optimized to 0)
'i1751/feature_map_12_12_inst/feature_map[39][17]' (feature_map_12_12.v:16) (optimized to 0)
'i1751/feature_map_12_12_inst/feature_map[40][1]' (feature_map_12_12.v:16) (optimized to 0)
'i1751/feature_map_12_12_inst/feature_map[40][2]' (feature_map_12_12.v:16) (optimized to 0)
'i1751/feature_map_12_12_inst/feature_map[40][4]' (feature_map_12_12.v:16) (optimized to 0)
'i1751/feature_map_12_12_inst/feature_map[40][6]' (feature_map_12_12.v:16) (optimized to 0)
'i1751/feature_map_12_12_inst/feature_map[40][7]' (feature_map_12_12.v:16) (optimized to 0)
'i1751/feature_map_12_12_inst/feature_map[40][8]' (feature_map_12_12.v:16) (optimized to 0)
'i1751/feature_map_12_12_inst/feature_map[40][9]' (feature_map_12_12.v:16) (optimized to 0)
'i1751/feature_map_12_12_inst/feature_map[40][10]' (feature_map_12_12.v:16) (optimized to 0)
'i1751/feature_map_12_12_inst/feature_map[40][11]' (feature_map_12_12.v:16) (optimized to 0)
'i1751/feature_map_12_12_inst/feature_map[40][12]' (feature_map_12_12.v:16) (optimized to 0)
'i1751/feature_map_12_12_inst/feature_map[40][13]' (feature_map_12_12.v:16) (optimized to 0)
'i1751/feature_map_12_12_inst/feature_map[40][14]' (feature_map_12_12.v:16) (optimized to 0)
'i1751/feature_map_12_12_inst/feature_map[40][15]' (feature_map_12_12.v:16) (optimized to 0)
'i1751/feature_map_12_12_inst/feature_map[40][16]' (feature_map_12_12.v:16) (optimized to 0)
'i1751/feature_map_12_12_inst/feature_map[40][17]' (feature_map_12_12.v:16) (optimized to 0)
'i1751/feature_map_12_12_inst/feature_map[41][0]' (feature_map_12_12.v:16) (optimized to 0)
'i1751/feature_map_12_12_inst/feature_map[41][2]' (feature_map_12_12.v:16) (optimized to 0)
'i1751/feature_map_12_12_inst/feature_map[41][4]' (feature_map_12_12.v:16) (optimized to 0)
'i1751/feature_map_12_12_inst/feature_map[41][6]' (feature_map_12_12.v:16) (optimized to 0)
'i1751/feature_map_12_12_inst/feature_map[41][7]' (feature_map_12_12.v:16) (optimized to 0)
'i1751/feature_map_12_12_inst/feature_map[41][8]' (feature_map_12_12.v:16) (optimized to 0)
'i1751/feature_map_12_12_inst/feature_map[41][9]' (feature_map_12_12.v:16) (optimized to 0)
'i1751/feature_map_12_12_inst/feature_map[41][10]' (feature_map_12_12.v:16) (optimized to 0)
'i1751/feature_map_12_12_inst/feature_map[41][11]' (feature_map_12_12.v:16) (optimized to 0)
'i1751/feature_map_12_12_inst/feature_map[41][12]' (feature_map_12_12.v:16) (optimized to 0)
'i1751/feature_map_12_12_inst/feature_map[41][13]' (feature_map_12_12.v:16) (optimized to 0)
'i1751/feature_map_12_12_inst/feature_map[41][14]' (feature_map_12_12.v:16) (optimized to 0)
'i1751/feature_map_12_12_inst/feature_map[41][15]' (feature_map_12_12.v:16) (optimized to 0)
'i1751/feature_map_12_12_inst/feature_map[41][16]' (feature_map_12_12.v:16) (optimized to 0)
'i1751/feature_map_12_12_inst/feature_map[41][17]' (feature_map_12_12.v:16) (optimized to 0)
'i1751/feature_map_12_12_inst/feature_map[42][2]' (feature_map_12_12.v:16) (optimized to 0)
'i1751/feature_map_12_12_inst/feature_map[42][4]' (feature_map_12_12.v:16) (optimized to 0)
'i1751/feature_map_12_12_inst/feature_map[42][6]' (feature_map_12_12.v:16) (optimized to 0)
'i1751/feature_map_12_12_inst/feature_map[42][7]' (feature_map_12_12.v:16) (optimized to 0)
'i1751/feature_map_12_12_inst/feature_map[42][8]' (feature_map_12_12.v:16) (optimized to 0)
'i1751/feature_map_12_12_inst/feature_map[42][9]' (feature_map_12_12.v:16) (optimized to 0)
'i1751/feature_map_12_12_inst/feature_map[42][10]' (feature_map_12_12.v:16) (optimized to 0)
'i1751/feature_map_12_12_inst/feature_map[42][11]' (feature_map_12_12.v:16) (optimized to 0)
'i1751/feature_map_12_12_inst/feature_map[42][12]' (feature_map_12_12.v:16) (optimized to 0)
'i1751/feature_map_12_12_inst/feature_map[42][13]' (feature_map_12_12.v:16) (optimized to 0)
'i1751/feature_map_12_12_inst/feature_map[42][14]' (feature_map_12_12.v:16) (optimized to 0)
'i1751/feature_map_12_12_inst/feature_map[42][15]' (feature_map_12_12.v:16) (optimized to 0)
'i1751/feature_map_12_12_inst/feature_map[42][16]' (feature_map_12_12.v:16) (optimized to 0)
'i1751/feature_map_12_12_inst/feature_map[42][17]' (feature_map_12_12.v:16) (optimized to 0)
'i1751/feature_map_12_12_inst/feature_map[43][0]' (feature_map_12_12.v:16) (optimized to 0)
'i1751/feature_map_12_12_inst/feature_map[43][1]' (feature_map_12_12.v:16) (optimized to 0)
'i1751/feature_map_12_12_inst/feature_map[43][4]' (feature_map_12_12.v:16) (optimized to 0)
'i1751/feature_map_12_12_inst/feature_map[43][6]' (feature_map_12_12.v:16) (optimized to 0)
'i1751/feature_map_12_12_inst/feature_map[43][7]' (feature_map_12_12.v:16) (optimized to 0)
'i1751/feature_map_12_12_inst/feature_map[43][8]' (feature_map_12_12.v:16) (optimized to 0)
'i1751/feature_map_12_12_inst/feature_map[43][9]' (feature_map_12_12.v:16) (optimized to 0)
'i1751/feature_map_12_12_inst/feature_map[43][10]' (feature_map_12_12.v:16) (optimized to 0)
'i1751/feature_map_12_12_inst/feature_map[43][11]' (feature_map_12_12.v:16) (optimized to 0)
'i1751/feature_map_12_12_inst/feature_map[43][12]' (feature_map_12_12.v:16) (optimized to 0)
'i1751/feature_map_12_12_inst/feature_map[43][13]' (feature_map_12_12.v:16) (optimized to 0)
'i1751/feature_map_12_12_inst/feature_map[43][14]' (feature_map_12_12.v:16) (optimized to 0)
'i1751/feature_map_12_12_inst/feature_map[43][15]' (feature_map_12_12.v:16) (optimized to 0)
'i1751/feature_map_12_12_inst/feature_map[43][16]' (feature_map_12_12.v:16) (optimized to 0)
'i1751/feature_map_12_12_inst/feature_map[43][17]' (feature_map_12_12.v:16) (optimized to 0)
'i1751/feature_map_12_12_inst/feature_map[44][1]' (feature_map_12_12.v:16) (optimized to 0)
'i1751/feature_map_12_12_inst/feature_map[44][4]' (feature_map_12_12.v:16) (optimized to 0)
'i1751/feature_map_12_12_inst/feature_map[44][6]' (feature_map_12_12.v:16) (optimized to 0)
'i1751/feature_map_12_12_inst/feature_map[44][7]' (feature_map_12_12.v:16) (optimized to 0)
'i1751/feature_map_12_12_inst/feature_map[44][8]' (feature_map_12_12.v:16) (optimized to 0)
'i1751/feature_map_12_12_inst/feature_map[44][9]' (feature_map_12_12.v:16) (optimized to 0)
'i1751/feature_map_12_12_inst/feature_map[44][10]' (feature_map_12_12.v:16) (optimized to 0)
'i1751/feature_map_12_12_inst/feature_map[44][11]' (feature_map_12_12.v:16) (optimized to 0)
'i1751/feature_map_12_12_inst/feature_map[44][12]' (feature_map_12_12.v:16) (optimized to 0)
'i1751/feature_map_12_12_inst/feature_map[44][13]' (feature_map_12_12.v:16) (optimized to 0)
'i1751/feature_map_12_12_inst/feature_map[44][14]' (feature_map_12_12.v:16) (optimized to 0)
'i1751/feature_map_12_12_inst/feature_map[44][15]' (feature_map_12_12.v:16) (optimized to 0)
'i1751/feature_map_12_12_inst/feature_map[44][16]' (feature_map_12_12.v:16) (optimized to 0)
'i1751/feature_map_12_12_inst/feature_map[44][17]' (feature_map_12_12.v:16) (optimized to 0)
'i1751/feature_map_12_12_inst/feature_map[45][0]' (feature_map_12_12.v:16) (optimized to 0)
'i1751/feature_map_12_12_inst/feature_map[45][4]' (feature_map_12_12.v:16) (optimized to 0)
'i1751/feature_map_12_12_inst/feature_map[45][6]' (feature_map_12_12.v:16) (optimized to 0)
'i1751/feature_map_12_12_inst/feature_map[45][7]' (feature_map_12_12.v:16) (optimized to 0)
'i1751/feature_map_12_12_inst/feature_map[45][8]' (feature_map_12_12.v:16) (optimized to 0)
'i1751/feature_map_12_12_inst/feature_map[45][9]' (feature_map_12_12.v:16) (optimized to 0)
'i1751/feature_map_12_12_inst/feature_map[45][10]' (feature_map_12_12.v:16) (optimized to 0)
'i1751/feature_map_12_12_inst/feature_map[45][11]' (feature_map_12_12.v:16) (optimized to 0)
'i1751/feature_map_12_12_inst/feature_map[45][12]' (feature_map_12_12.v:16) (optimized to 0)
'i1751/feature_map_12_12_inst/feature_map[45][13]' (feature_map_12_12.v:16) (optimized to 0)
'i1751/feature_map_12_12_inst/feature_map[45][14]' (feature_map_12_12.v:16) (optimized to 0)
'i1751/feature_map_12_12_inst/feature_map[45][15]' (feature_map_12_12.v:16) (optimized to 0)
'i1751/feature_map_12_12_inst/feature_map[45][16]' (feature_map_12_12.v:16) (optimized to 0)
'i1751/feature_map_12_12_inst/feature_map[45][17]' (feature_map_12_12.v:16) (optimized to 0)
'i1751/feature_map_12_12_inst/feature_map[46][4]' (feature_map_12_12.v:16) (optimized to 0)
'i1751/feature_map_12_12_inst/feature_map[46][6]' (feature_map_12_12.v:16) (optimized to 0)
'i1751/feature_map_12_12_inst/feature_map[46][7]' (feature_map_12_12.v:16) (optimized to 0)
'i1751/feature_map_12_12_inst/feature_map[46][8]' (feature_map_12_12.v:16) (optimized to 0)
'i1751/feature_map_12_12_inst/feature_map[46][9]' (feature_map_12_12.v:16) (optimized to 0)
'i1751/feature_map_12_12_inst/feature_map[46][10]' (feature_map_12_12.v:16) (optimized to 0)
'i1751/feature_map_12_12_inst/feature_map[46][11]' (feature_map_12_12.v:16) (optimized to 0)
'i1751/feature_map_12_12_inst/feature_map[46][12]' (feature_map_12_12.v:16) (optimized to 0)
'i1751/feature_map_12_12_inst/feature_map[46][13]' (feature_map_12_12.v:16) (optimized to 0)
'i1751/feature_map_12_12_inst/feature_map[46][14]' (feature_map_12_12.v:16) (optimized to 0)
'i1751/feature_map_12_12_inst/feature_map[46][15]' (feature_map_12_12.v:16) (optimized to 0)
'i1751/feature_map_12_12_inst/feature_map[46][16]' (feature_map_12_12.v:16) (optimized to 0)
'i1751/feature_map_12_12_inst/feature_map[46][17]' (feature_map_12_12.v:16) (optimized to 0)
'i1751/feature_map_12_12_inst/feature_map[47][0]' (feature_map_12_12.v:16) (optimized to 0)
'i1751/feature_map_12_12_inst/feature_map[47][1]' (feature_map_12_12.v:16) (optimized to 0)
'i1751/feature_map_12_12_inst/feature_map[47][2]' (feature_map_12_12.v:16) (optimized to 0)
'i1751/feature_map_12_12_inst/feature_map[47][3]' (feature_map_12_12.v:16) (optimized to 0)
'i1751/feature_map_12_12_inst/feature_map[47][6]' (feature_map_12_12.v:16) (optimized to 0)
'i1751/feature_map_12_12_inst/feature_map[47][7]' (feature_map_12_12.v:16) (optimized to 0)
'i1751/feature_map_12_12_inst/feature_map[47][8]' (feature_map_12_12.v:16) (optimized to 0)
'i1751/feature_map_12_12_inst/feature_map[47][9]' (feature_map_12_12.v:16) (optimized to 0)
'i1751/feature_map_12_12_inst/feature_map[47][10]' (feature_map_12_12.v:16) (optimized to 0)
'i1751/feature_map_12_12_inst/feature_map[47][11]' (feature_map_12_12.v:16) (optimized to 0)
'i1751/feature_map_12_12_inst/feature_map[47][12]' (feature_map_12_12.v:16) (optimized to 0)
'i1751/feature_map_12_12_inst/feature_map[47][13]' (feature_map_12_12.v:16) (optimized to 0)
'i1751/feature_map_12_12_inst/feature_map[47][14]' (feature_map_12_12.v:16) (optimized to 0)
'i1751/feature_map_12_12_inst/feature_map[47][15]' (feature_map_12_12.v:16) (optimized to 0)
'i1751/feature_map_12_12_inst/feature_map[47][16]' (feature_map_12_12.v:16) (optimized to 0)
'i1751/feature_map_12_12_inst/feature_map[47][17]' (feature_map_12_12.v:16) (optimized to 0)
'i1751/feature_map_12_12_inst/feature_map[48][1]' (feature_map_12_12.v:16) (optimized to 0)
'i1751/feature_map_12_12_inst/feature_map[48][2]' (feature_map_12_12.v:16) (optimized to 0)
'i1751/feature_map_12_12_inst/feature_map[48][3]' (feature_map_12_12.v:16) (optimized to 0)
'i1751/feature_map_12_12_inst/feature_map[48][6]' (feature_map_12_12.v:16) (optimized to 0)
'i1751/feature_map_12_12_inst/feature_map[48][7]' (feature_map_12_12.v:16) (optimized to 0)
'i1751/feature_map_12_12_inst/feature_map[48][8]' (feature_map_12_12.v:16) (optimized to 0)
'i1751/feature_map_12_12_inst/feature_map[48][9]' (feature_map_12_12.v:16) (optimized to 0)
'i1751/feature_map_12_12_inst/feature_map[48][10]' (feature_map_12_12.v:16) (optimized to 0)
'i1751/feature_map_12_12_inst/feature_map[48][11]' (feature_map_12_12.v:16) (optimized to 0)
'i1751/feature_map_12_12_inst/feature_map[48][12]' (feature_map_12_12.v:16) (optimized to 0)
'i1751/feature_map_12_12_inst/feature_map[48][13]' (feature_map_12_12.v:16) (optimized to 0)
'i1751/feature_map_12_12_inst/feature_map[48][14]' (feature_map_12_12.v:16) (optimized to 0)
'i1751/feature_map_12_12_inst/feature_map[48][15]' (feature_map_12_12.v:16) (optimized to 0)
'i1751/feature_map_12_12_inst/feature_map[48][16]' (feature_map_12_12.v:16) (optimized to 0)
'i1751/feature_map_12_12_inst/feature_map[48][17]' (feature_map_12_12.v:16) (optimized to 0)
'i1751/feature_map_12_12_inst/feature_map[49][0]' (feature_map_12_12.v:16) (optimized to 0)
'i1751/feature_map_12_12_inst/feature_map[49][2]' (feature_map_12_12.v:16) (optimized to 0)
'i1751/feature_map_12_12_inst/feature_map[49][3]' (feature_map_12_12.v:16) (optimized to 0)
'i1751/feature_map_12_12_inst/feature_map[49][6]' (feature_map_12_12.v:16) (optimized to 0)
'i1751/feature_map_12_12_inst/feature_map[49][7]' (feature_map_12_12.v:16) (optimized to 0)
'i1751/feature_map_12_12_inst/feature_map[49][8]' (feature_map_12_12.v:16) (optimized to 0)
'i1751/feature_map_12_12_inst/feature_map[49][9]' (feature_map_12_12.v:16) (optimized to 0)
'i1751/feature_map_12_12_inst/feature_map[49][10]' (feature_map_12_12.v:16) (optimized to 0)
'i1751/feature_map_12_12_inst/feature_map[49][11]' (feature_map_12_12.v:16) (optimized to 0)
'i1751/feature_map_12_12_inst/feature_map[49][12]' (feature_map_12_12.v:16) (optimized to 0)
'i1751/feature_map_12_12_inst/feature_map[49][13]' (feature_map_12_12.v:16) (optimized to 0)
'i1751/feature_map_12_12_inst/feature_map[49][14]' (feature_map_12_12.v:16) (optimized to 0)
'i1751/feature_map_12_12_inst/feature_map[49][15]' (feature_map_12_12.v:16) (optimized to 0)
'i1751/feature_map_12_12_inst/feature_map[49][16]' (feature_map_12_12.v:16) (optimized to 0)
'i1751/feature_map_12_12_inst/feature_map[49][17]' (feature_map_12_12.v:16) (optimized to 0)
'i1751/feature_map_12_12_inst/feature_map[50][2]' (feature_map_12_12.v:16) (optimized to 0)
'i1751/feature_map_12_12_inst/feature_map[50][3]' (feature_map_12_12.v:16) (optimized to 0)
'i1751/feature_map_12_12_inst/feature_map[50][6]' (feature_map_12_12.v:16) (optimized to 0)
'i1751/feature_map_12_12_inst/feature_map[50][7]' (feature_map_12_12.v:16) (optimized to 0)
'i1751/feature_map_12_12_inst/feature_map[50][8]' (feature_map_12_12.v:16) (optimized to 0)
'i1751/feature_map_12_12_inst/feature_map[50][9]' (feature_map_12_12.v:16) (optimized to 0)
'i1751/feature_map_12_12_inst/feature_map[50][10]' (feature_map_12_12.v:16) (optimized to 0)
'i1751/feature_map_12_12_inst/feature_map[50][11]' (feature_map_12_12.v:16) (optimized to 0)
'i1751/feature_map_12_12_inst/feature_map[50][12]' (feature_map_12_12.v:16) (optimized to 0)
'i1751/feature_map_12_12_inst/feature_map[50][13]' (feature_map_12_12.v:16) (optimized to 0)
'i1751/feature_map_12_12_inst/feature_map[50][14]' (feature_map_12_12.v:16) (optimized to 0)
'i1751/feature_map_12_12_inst/feature_map[50][15]' (feature_map_12_12.v:16) (optimized to 0)
'i1751/feature_map_12_12_inst/feature_map[50][16]' (feature_map_12_12.v:16) (optimized to 0)
'i1751/feature_map_12_12_inst/feature_map[50][17]' (feature_map_12_12.v:16) (optimized to 0)
'i1751/feature_map_12_12_inst/feature_map[51][0]' (feature_map_12_12.v:16) (optimized to 0)
'i1751/feature_map_12_12_inst/feature_map[51][1]' (feature_map_12_12.v:16) (optimized to 0)
'i1751/feature_map_12_12_inst/feature_map[51][3]' (feature_map_12_12.v:16) (optimized to 0)
'i1751/feature_map_12_12_inst/feature_map[51][6]' (feature_map_12_12.v:16) (optimized to 0)
'i1751/feature_map_12_12_inst/feature_map[51][7]' (feature_map_12_12.v:16) (optimized to 0)
'i1751/feature_map_12_12_inst/feature_map[51][8]' (feature_map_12_12.v:16) (optimized to 0)
'i1751/feature_map_12_12_inst/feature_map[51][9]' (feature_map_12_12.v:16) (optimized to 0)
'i1751/feature_map_12_12_inst/feature_map[51][10]' (feature_map_12_12.v:16) (optimized to 0)
'i1751/feature_map_12_12_inst/feature_map[51][11]' (feature_map_12_12.v:16) (optimized to 0)
'i1751/feature_map_12_12_inst/feature_map[51][12]' (feature_map_12_12.v:16) (optimized to 0)
'i1751/feature_map_12_12_inst/feature_map[51][13]' (feature_map_12_12.v:16) (optimized to 0)
'i1751/feature_map_12_12_inst/feature_map[51][14]' (feature_map_12_12.v:16) (optimized to 0)
'i1751/feature_map_12_12_inst/feature_map[51][15]' (feature_map_12_12.v:16) (optimized to 0)
'i1751/feature_map_12_12_inst/feature_map[51][16]' (feature_map_12_12.v:16) (optimized to 0)
'i1751/feature_map_12_12_inst/feature_map[51][17]' (feature_map_12_12.v:16) (optimized to 0)
'i1751/feature_map_12_12_inst/feature_map[52][1]' (feature_map_12_12.v:16) (optimized to 0)
'i1751/feature_map_12_12_inst/feature_map[52][3]' (feature_map_12_12.v:16) (optimized to 0)
'i1751/feature_map_12_12_inst/feature_map[52][6]' (feature_map_12_12.v:16) (optimized to 0)
'i1751/feature_map_12_12_inst/feature_map[52][7]' (feature_map_12_12.v:16) (optimized to 0)
'i1751/feature_map_12_12_inst/feature_map[52][8]' (feature_map_12_12.v:16) (optimized to 0)
'i1751/feature_map_12_12_inst/feature_map[52][9]' (feature_map_12_12.v:16) (optimized to 0)
'i1751/feature_map_12_12_inst/feature_map[52][10]' (feature_map_12_12.v:16) (optimized to 0)
'i1751/feature_map_12_12_inst/feature_map[52][11]' (feature_map_12_12.v:16) (optimized to 0)
'i1751/feature_map_12_12_inst/feature_map[52][12]' (feature_map_12_12.v:16) (optimized to 0)
'i1751/feature_map_12_12_inst/feature_map[52][13]' (feature_map_12_12.v:16) (optimized to 0)
'i1751/feature_map_12_12_inst/feature_map[52][14]' (feature_map_12_12.v:16) (optimized to 0)
'i1751/feature_map_12_12_inst/feature_map[52][15]' (feature_map_12_12.v:16) (optimized to 0)
'i1751/feature_map_12_12_inst/feature_map[52][16]' (feature_map_12_12.v:16) (optimized to 0)
'i1751/feature_map_12_12_inst/feature_map[52][17]' (feature_map_12_12.v:16) (optimized to 0)
'i1751/feature_map_12_12_inst/feature_map[53][0]' (feature_map_12_12.v:16) (optimized to 0)
'i1751/feature_map_12_12_inst/feature_map[53][3]' (feature_map_12_12.v:16) (optimized to 0)
'i1751/feature_map_12_12_inst/feature_map[53][6]' (feature_map_12_12.v:16) (optimized to 0)
'i1751/feature_map_12_12_inst/feature_map[53][7]' (feature_map_12_12.v:16) (optimized to 0)
'i1751/feature_map_12_12_inst/feature_map[53][8]' (feature_map_12_12.v:16) (optimized to 0)
'i1751/feature_map_12_12_inst/feature_map[53][9]' (feature_map_12_12.v:16) (optimized to 0)
'i1751/feature_map_12_12_inst/feature_map[53][10]' (feature_map_12_12.v:16) (optimized to 0)
'i1751/feature_map_12_12_inst/feature_map[53][11]' (feature_map_12_12.v:16) (optimized to 0)
'i1751/feature_map_12_12_inst/feature_map[53][12]' (feature_map_12_12.v:16) (optimized to 0)
'i1751/feature_map_12_12_inst/feature_map[53][13]' (feature_map_12_12.v:16) (optimized to 0)
'i1751/feature_map_12_12_inst/feature_map[53][14]' (feature_map_12_12.v:16) (optimized to 0)
'i1751/feature_map_12_12_inst/feature_map[53][15]' (feature_map_12_12.v:16) (optimized to 0)
'i1751/feature_map_12_12_inst/feature_map[53][16]' (feature_map_12_12.v:16) (optimized to 0)
'i1751/feature_map_12_12_inst/feature_map[53][17]' (feature_map_12_12.v:16) (optimized to 0)
'i1751/feature_map_12_12_inst/feature_map[54][3]' (feature_map_12_12.v:16) (optimized to 0)
'i1751/feature_map_12_12_inst/feature_map[54][6]' (feature_map_12_12.v:16) (optimized to 0)
'i1751/feature_map_12_12_inst/feature_map[54][7]' (feature_map_12_12.v:16) (optimized to 0)
'i1751/feature_map_12_12_inst/feature_map[54][8]' (feature_map_12_12.v:16) (optimized to 0)
'i1751/feature_map_12_12_inst/feature_map[54][9]' (feature_map_12_12.v:16) (optimized to 0)
'i1751/feature_map_12_12_inst/feature_map[54][10]' (feature_map_12_12.v:16) (optimized to 0)
'i1751/feature_map_12_12_inst/feature_map[54][11]' (feature_map_12_12.v:16) (optimized to 0)
'i1751/feature_map_12_12_inst/feature_map[54][12]' (feature_map_12_12.v:16) (optimized to 0)
'i1751/feature_map_12_12_inst/feature_map[54][13]' (feature_map_12_12.v:16) (optimized to 0)
'i1751/feature_map_12_12_inst/feature_map[54][14]' (feature_map_12_12.v:16) (optimized to 0)
'i1751/feature_map_12_12_inst/feature_map[54][15]' (feature_map_12_12.v:16) (optimized to 0)
'i1751/feature_map_12_12_inst/feature_map[54][16]' (feature_map_12_12.v:16) (optimized to 0)
'i1751/feature_map_12_12_inst/feature_map[54][17]' (feature_map_12_12.v:16) (optimized to 0)
'i1751/feature_map_12_12_inst/feature_map[55][0]' (feature_map_12_12.v:16) (optimized to 0)
'i1751/feature_map_12_12_inst/feature_map[55][1]' (feature_map_12_12.v:16) (optimized to 0)
'i1751/feature_map_12_12_inst/feature_map[55][2]' (feature_map_12_12.v:16) (optimized to 0)
'i1751/feature_map_12_12_inst/feature_map[55][6]' (feature_map_12_12.v:16) (optimized to 0)
'i1751/feature_map_12_12_inst/feature_map[55][7]' (feature_map_12_12.v:16) (optimized to 0)
'i1751/feature_map_12_12_inst/feature_map[55][8]' (feature_map_12_12.v:16) (optimized to 0)
'i1751/feature_map_12_12_inst/feature_map[55][9]' (feature_map_12_12.v:16) (optimized to 0)
'i1751/feature_map_12_12_inst/feature_map[55][10]' (feature_map_12_12.v:16) (optimized to 0)
'i1751/feature_map_12_12_inst/feature_map[55][11]' (feature_map_12_12.v:16) (optimized to 0)
'i1751/feature_map_12_12_inst/feature_map[55][12]' (feature_map_12_12.v:16) (optimized to 0)
'i1751/feature_map_12_12_inst/feature_map[55][13]' (feature_map_12_12.v:16) (optimized to 0)
'i1751/feature_map_12_12_inst/feature_map[55][14]' (feature_map_12_12.v:16) (optimized to 0)
'i1751/feature_map_12_12_inst/feature_map[55][15]' (feature_map_12_12.v:16) (optimized to 0)
'i1751/feature_map_12_12_inst/feature_map[55][16]' (feature_map_12_12.v:16) (optimized to 0)
'i1751/feature_map_12_12_inst/feature_map[55][17]' (feature_map_12_12.v:16) (optimized to 0)
'i1751/feature_map_12_12_inst/feature_map[56][1]' (feature_map_12_12.v:16) (optimized to 0)
'i1751/feature_map_12_12_inst/feature_map[56][2]' (feature_map_12_12.v:16) (optimized to 0)
'i1751/feature_map_12_12_inst/feature_map[56][6]' (feature_map_12_12.v:16) (optimized to 0)
'i1751/feature_map_12_12_inst/feature_map[56][7]' (feature_map_12_12.v:16) (optimized to 0)
'i1751/feature_map_12_12_inst/feature_map[56][8]' (feature_map_12_12.v:16) (optimized to 0)
'i1751/feature_map_12_12_inst/feature_map[56][9]' (feature_map_12_12.v:16) (optimized to 0)
'i1751/feature_map_12_12_inst/feature_map[56][10]' (feature_map_12_12.v:16) (optimized to 0)
'i1751/feature_map_12_12_inst/feature_map[56][11]' (feature_map_12_12.v:16) (optimized to 0)
'i1751/feature_map_12_12_inst/feature_map[56][12]' (feature_map_12_12.v:16) (optimized to 0)
'i1751/feature_map_12_12_inst/feature_map[56][13]' (feature_map_12_12.v:16) (optimized to 0)
'i1751/feature_map_12_12_inst/feature_map[56][14]' (feature_map_12_12.v:16) (optimized to 0)
'i1751/feature_map_12_12_inst/feature_map[56][15]' (feature_map_12_12.v:16) (optimized to 0)
'i1751/feature_map_12_12_inst/feature_map[56][16]' (feature_map_12_12.v:16) (optimized to 0)
'i1751/feature_map_12_12_inst/feature_map[56][17]' (feature_map_12_12.v:16) (optimized to 0)
'i1751/feature_map_12_12_inst/feature_map[57][0]' (feature_map_12_12.v:16) (optimized to 0)
'i1751/feature_map_12_12_inst/feature_map[57][2]' (feature_map_12_12.v:16) (optimized to 0)
'i1751/feature_map_12_12_inst/feature_map[57][6]' (feature_map_12_12.v:16) (optimized to 0)
'i1751/feature_map_12_12_inst/feature_map[57][7]' (feature_map_12_12.v:16) (optimized to 0)
'i1751/feature_map_12_12_inst/feature_map[57][8]' (feature_map_12_12.v:16) (optimized to 0)
'i1751/feature_map_12_12_inst/feature_map[57][9]' (feature_map_12_12.v:16) (optimized to 0)
'i1751/feature_map_12_12_inst/feature_map[57][10]' (feature_map_12_12.v:16) (optimized to 0)
'i1751/feature_map_12_12_inst/feature_map[57][11]' (feature_map_12_12.v:16) (optimized to 0)
'i1751/feature_map_12_12_inst/feature_map[57][12]' (feature_map_12_12.v:16) (optimized to 0)
'i1751/feature_map_12_12_inst/feature_map[57][13]' (feature_map_12_12.v:16) (optimized to 0)
'i1751/feature_map_12_12_inst/feature_map[57][14]' (feature_map_12_12.v:16) (optimized to 0)
'i1751/feature_map_12_12_inst/feature_map[57][15]' (feature_map_12_12.v:16) (optimized to 0)
'i1751/feature_map_12_12_inst/feature_map[57][16]' (feature_map_12_12.v:16) (optimized to 0)
'i1751/feature_map_12_12_inst/feature_map[57][17]' (feature_map_12_12.v:16) (optimized to 0)
'i1751/feature_map_12_12_inst/feature_map[58][2]' (feature_map_12_12.v:16) (optimized to 0)
'i1751/feature_map_12_12_inst/feature_map[58][6]' (feature_map_12_12.v:16) (optimized to 0)
'i1751/feature_map_12_12_inst/feature_map[58][7]' (feature_map_12_12.v:16) (optimized to 0)
'i1751/feature_map_12_12_inst/feature_map[58][8]' (feature_map_12_12.v:16) (optimized to 0)
'i1751/feature_map_12_12_inst/feature_map[58][9]' (feature_map_12_12.v:16) (optimized to 0)
'i1751/feature_map_12_12_inst/feature_map[58][10]' (feature_map_12_12.v:16) (optimized to 0)
'i1751/feature_map_12_12_inst/feature_map[58][11]' (feature_map_12_12.v:16) (optimized to 0)
'i1751/feature_map_12_12_inst/feature_map[58][12]' (feature_map_12_12.v:16) (optimized to 0)
'i1751/feature_map_12_12_inst/feature_map[58][13]' (feature_map_12_12.v:16) (optimized to 0)
'i1751/feature_map_12_12_inst/feature_map[58][14]' (feature_map_12_12.v:16) (optimized to 0)
'i1751/feature_map_12_12_inst/feature_map[58][15]' (feature_map_12_12.v:16) (optimized to 0)
'i1751/feature_map_12_12_inst/feature_map[58][16]' (feature_map_12_12.v:16) (optimized to 0)
'i1751/feature_map_12_12_inst/feature_map[58][17]' (feature_map_12_12.v:16) (optimized to 0)
'i1751/feature_map_12_12_inst/feature_map[59][0]' (feature_map_12_12.v:16) (optimized to 0)
'i1751/feature_map_12_12_inst/feature_map[59][1]' (feature_map_12_12.v:16) (optimized to 0)
'i1751/feature_map_12_12_inst/feature_map[59][6]' (feature_map_12_12.v:16) (optimized to 0)
'i1751/feature_map_12_12_inst/feature_map[59][7]' (feature_map_12_12.v:16) (optimized to 0)
'i1751/feature_map_12_12_inst/feature_map[59][8]' (feature_map_12_12.v:16) (optimized to 0)
'i1751/feature_map_12_12_inst/feature_map[59][9]' (feature_map_12_12.v:16) (optimized to 0)
'i1751/feature_map_12_12_inst/feature_map[59][10]' (feature_map_12_12.v:16) (optimized to 0)
'i1751/feature_map_12_12_inst/feature_map[59][11]' (feature_map_12_12.v:16) (optimized to 0)
'i1751/feature_map_12_12_inst/feature_map[59][12]' (feature_map_12_12.v:16) (optimized to 0)
'i1751/feature_map_12_12_inst/feature_map[59][13]' (feature_map_12_12.v:16) (optimized to 0)
'i1751/feature_map_12_12_inst/feature_map[59][14]' (feature_map_12_12.v:16) (optimized to 0)
'i1751/feature_map_12_12_inst/feature_map[59][15]' (feature_map_12_12.v:16) (optimized to 0)
'i1751/feature_map_12_12_inst/feature_map[59][16]' (feature_map_12_12.v:16) (optimized to 0)
'i1751/feature_map_12_12_inst/feature_map[59][17]' (feature_map_12_12.v:16) (optimized to 0)
'i1751/feature_map_12_12_inst/feature_map[60][1]' (feature_map_12_12.v:16) (optimized to 0)
'i1751/feature_map_12_12_inst/feature_map[60][6]' (feature_map_12_12.v:16) (optimized to 0)
'i1751/feature_map_12_12_inst/feature_map[60][7]' (feature_map_12_12.v:16) (optimized to 0)
'i1751/feature_map_12_12_inst/feature_map[60][8]' (feature_map_12_12.v:16) (optimized to 0)
'i1751/feature_map_12_12_inst/feature_map[60][9]' (feature_map_12_12.v:16) (optimized to 0)
'i1751/feature_map_12_12_inst/feature_map[60][10]' (feature_map_12_12.v:16) (optimized to 0)
'i1751/feature_map_12_12_inst/feature_map[60][11]' (feature_map_12_12.v:16) (optimized to 0)
'i1751/feature_map_12_12_inst/feature_map[60][12]' (feature_map_12_12.v:16) (optimized to 0)
'i1751/feature_map_12_12_inst/feature_map[60][13]' (feature_map_12_12.v:16) (optimized to 0)
'i1751/feature_map_12_12_inst/feature_map[60][14]' (feature_map_12_12.v:16) (optimized to 0)
'i1751/feature_map_12_12_inst/feature_map[60][15]' (feature_map_12_12.v:16) (optimized to 0)
'i1751/feature_map_12_12_inst/feature_map[60][16]' (feature_map_12_12.v:16) (optimized to 0)
'i1751/feature_map_12_12_inst/feature_map[60][17]' (feature_map_12_12.v:16) (optimized to 0)
'i1751/feature_map_12_12_inst/feature_map[61][0]' (feature_map_12_12.v:16) (optimized to 0)
'i1751/feature_map_12_12_inst/feature_map[61][6]' (feature_map_12_12.v:16) (optimized to 0)
'i1751/feature_map_12_12_inst/feature_map[61][7]' (feature_map_12_12.v:16) (optimized to 0)
'i1751/feature_map_12_12_inst/feature_map[61][8]' (feature_map_12_12.v:16) (optimized to 0)
'i1751/feature_map_12_12_inst/feature_map[61][9]' (feature_map_12_12.v:16) (optimized to 0)
'i1751/feature_map_12_12_inst/feature_map[61][10]' (feature_map_12_12.v:16) (optimized to 0)
'i1751/feature_map_12_12_inst/feature_map[61][11]' (feature_map_12_12.v:16) (optimized to 0)
'i1751/feature_map_12_12_inst/feature_map[61][12]' (feature_map_12_12.v:16) (optimized to 0)
'i1751/feature_map_12_12_inst/feature_map[61][13]' (feature_map_12_12.v:16) (optimized to 0)
'i1751/feature_map_12_12_inst/feature_map[61][14]' (feature_map_12_12.v:16) (optimized to 0)
'i1751/feature_map_12_12_inst/feature_map[61][15]' (feature_map_12_12.v:16) (optimized to 0)
'i1751/feature_map_12_12_inst/feature_map[61][16]' (feature_map_12_12.v:16) (optimized to 0)
'i1751/feature_map_12_12_inst/feature_map[61][17]' (feature_map_12_12.v:16) (optimized to 0)
'i1751/feature_map_12_12_inst/feature_map[62][6]' (feature_map_12_12.v:16) (optimized to 0)
'i1751/feature_map_12_12_inst/feature_map[62][7]' (feature_map_12_12.v:16) (optimized to 0)
'i1751/feature_map_12_12_inst/feature_map[62][8]' (feature_map_12_12.v:16) (optimized to 0)
'i1751/feature_map_12_12_inst/feature_map[62][9]' (feature_map_12_12.v:16) (optimized to 0)
'i1751/feature_map_12_12_inst/feature_map[62][10]' (feature_map_12_12.v:16) (optimized to 0)
'i1751/feature_map_12_12_inst/feature_map[62][11]' (feature_map_12_12.v:16) (optimized to 0)
'i1751/feature_map_12_12_inst/feature_map[62][12]' (feature_map_12_12.v:16) (optimized to 0)
'i1751/feature_map_12_12_inst/feature_map[62][13]' (feature_map_12_12.v:16) (optimized to 0)
'i1751/feature_map_12_12_inst/feature_map[62][14]' (feature_map_12_12.v:16) (optimized to 0)
'i1751/feature_map_12_12_inst/feature_map[62][15]' (feature_map_12_12.v:16) (optimized to 0)
'i1751/feature_map_12_12_inst/feature_map[62][16]' (feature_map_12_12.v:16) (optimized to 0)
'i1751/feature_map_12_12_inst/feature_map[62][17]' (feature_map_12_12.v:16) (optimized to 0)
'i1751/feature_map_12_12_inst/feature_map[63][0]' (feature_map_12_12.v:16) (optimized to 0)
'i1751/feature_map_12_12_inst/feature_map[63][1]' (feature_map_12_12.v:16) (optimized to 0)
'i1751/feature_map_12_12_inst/feature_map[63][2]' (feature_map_12_12.v:16) (optimized to 0)
'i1751/feature_map_12_12_inst/feature_map[63][3]' (feature_map_12_12.v:16) (optimized to 0)
'i1751/feature_map_12_12_inst/feature_map[63][4]' (feature_map_12_12.v:16) (optimized to 0)
'i1751/feature_map_12_12_inst/feature_map[63][5]' (feature_map_12_12.v:16) (optimized to 0)
'i1751/feature_map_12_12_inst/feature_map[63][7]' (feature_map_12_12.v:16) (optimized to 0)
'i1751/feature_map_12_12_inst/feature_map[63][8]' (feature_map_12_12.v:16) (optimized to 0)
'i1751/feature_map_12_12_inst/feature_map[63][9]' (feature_map_12_12.v:16) (optimized to 0)
'i1751/feature_map_12_12_inst/feature_map[63][10]' (feature_map_12_12.v:16) (optimized to 0)
'i1751/feature_map_12_12_inst/feature_map[63][11]' (feature_map_12_12.v:16) (optimized to 0)
'i1751/feature_map_12_12_inst/feature_map[63][12]' (feature_map_12_12.v:16) (optimized to 0)
'i1751/feature_map_12_12_inst/feature_map[63][13]' (feature_map_12_12.v:16) (optimized to 0)
'i1751/feature_map_12_12_inst/feature_map[63][14]' (feature_map_12_12.v:16) (optimized to 0)
'i1751/feature_map_12_12_inst/feature_map[63][15]' (feature_map_12_12.v:16) (optimized to 0)
'i1751/feature_map_12_12_inst/feature_map[63][16]' (feature_map_12_12.v:16) (optimized to 0)
'i1751/feature_map_12_12_inst/feature_map[63][17]' (feature_map_12_12.v:16) (optimized to 0)
'i1751/feature_map_12_12_inst/feature_map[64][1]' (feature_map_12_12.v:16) (optimized to 0)
'i1751/feature_map_12_12_inst/feature_map[64][2]' (feature_map_12_12.v:16) (optimized to 0)
'i1751/feature_map_12_12_inst/feature_map[64][3]' (feature_map_12_12.v:16) (optimized to 0)
'i1751/feature_map_12_12_inst/feature_map[64][4]' (feature_map_12_12.v:16) (optimized to 0)
'i1751/feature_map_12_12_inst/feature_map[64][5]' (feature_map_12_12.v:16) (optimized to 0)
'i1751/feature_map_12_12_inst/feature_map[64][7]' (feature_map_12_12.v:16) (optimized to 0)
'i1751/feature_map_12_12_inst/feature_map[64][8]' (feature_map_12_12.v:16) (optimized to 0)
'i1751/feature_map_12_12_inst/feature_map[64][9]' (feature_map_12_12.v:16) (optimized to 0)
'i1751/feature_map_12_12_inst/feature_map[64][10]' (feature_map_12_12.v:16) (optimized to 0)
'i1751/feature_map_12_12_inst/feature_map[64][11]' (feature_map_12_12.v:16) (optimized to 0)
'i1751/feature_map_12_12_inst/feature_map[64][12]' (feature_map_12_12.v:16) (optimized to 0)
'i1751/feature_map_12_12_inst/feature_map[64][13]' (feature_map_12_12.v:16) (optimized to 0)
'i1751/feature_map_12_12_inst/feature_map[64][14]' (feature_map_12_12.v:16) (optimized to 0)
'i1751/feature_map_12_12_inst/feature_map[64][15]' (feature_map_12_12.v:16) (optimized to 0)
'i1751/feature_map_12_12_inst/feature_map[64][16]' (feature_map_12_12.v:16) (optimized to 0)
'i1751/feature_map_12_12_inst/feature_map[64][17]' (feature_map_12_12.v:16) (optimized to 0)
'i1751/feature_map_12_12_inst/feature_map[65][0]' (feature_map_12_12.v:16) (optimized to 0)
'i1751/feature_map_12_12_inst/feature_map[65][2]' (feature_map_12_12.v:16) (optimized to 0)
'i1751/feature_map_12_12_inst/feature_map[65][3]' (feature_map_12_12.v:16) (optimized to 0)
'i1751/feature_map_12_12_inst/feature_map[65][4]' (feature_map_12_12.v:16) (optimized to 0)
'i1751/feature_map_12_12_inst/feature_map[65][5]' (feature_map_12_12.v:16) (optimized to 0)
'i1751/feature_map_12_12_inst/feature_map[65][7]' (feature_map_12_12.v:16) (optimized to 0)
'i1751/feature_map_12_12_inst/feature_map[65][8]' (feature_map_12_12.v:16) (optimized to 0)
'i1751/feature_map_12_12_inst/feature_map[65][9]' (feature_map_12_12.v:16) (optimized to 0)
'i1751/feature_map_12_12_inst/feature_map[65][10]' (feature_map_12_12.v:16) (optimized to 0)
'i1751/feature_map_12_12_inst/feature_map[65][11]' (feature_map_12_12.v:16) (optimized to 0)
'i1751/feature_map_12_12_inst/feature_map[65][12]' (feature_map_12_12.v:16) (optimized to 0)
'i1751/feature_map_12_12_inst/feature_map[65][13]' (feature_map_12_12.v:16) (optimized to 0)
'i1751/feature_map_12_12_inst/feature_map[65][14]' (feature_map_12_12.v:16) (optimized to 0)
'i1751/feature_map_12_12_inst/feature_map[65][15]' (feature_map_12_12.v:16) (optimized to 0)
'i1751/feature_map_12_12_inst/feature_map[65][16]' (feature_map_12_12.v:16) (optimized to 0)
'i1751/feature_map_12_12_inst/feature_map[65][17]' (feature_map_12_12.v:16) (optimized to 0)
'i1751/feature_map_12_12_inst/feature_map[66][2]' (feature_map_12_12.v:16) (optimized to 0)
'i1751/feature_map_12_12_inst/feature_map[66][3]' (feature_map_12_12.v:16) (optimized to 0)
'i1751/feature_map_12_12_inst/feature_map[66][4]' (feature_map_12_12.v:16) (optimized to 0)
'i1751/feature_map_12_12_inst/feature_map[66][5]' (feature_map_12_12.v:16) (optimized to 0)
'i1751/feature_map_12_12_inst/feature_map[66][7]' (feature_map_12_12.v:16) (optimized to 0)
'i1751/feature_map_12_12_inst/feature_map[66][8]' (feature_map_12_12.v:16) (optimized to 0)
'i1751/feature_map_12_12_inst/feature_map[66][9]' (feature_map_12_12.v:16) (optimized to 0)
'i1751/feature_map_12_12_inst/feature_map[66][10]' (feature_map_12_12.v:16) (optimized to 0)
'i1751/feature_map_12_12_inst/feature_map[66][11]' (feature_map_12_12.v:16) (optimized to 0)
'i1751/feature_map_12_12_inst/feature_map[66][12]' (feature_map_12_12.v:16) (optimized to 0)
'i1751/feature_map_12_12_inst/feature_map[66][13]' (feature_map_12_12.v:16) (optimized to 0)
'i1751/feature_map_12_12_inst/feature_map[66][14]' (feature_map_12_12.v:16) (optimized to 0)
'i1751/feature_map_12_12_inst/feature_map[66][15]' (feature_map_12_12.v:16) (optimized to 0)
'i1751/feature_map_12_12_inst/feature_map[66][16]' (feature_map_12_12.v:16) (optimized to 0)
'i1751/feature_map_12_12_inst/feature_map[66][17]' (feature_map_12_12.v:16) (optimized to 0)
'i1751/feature_map_12_12_inst/feature_map[67][0]' (feature_map_12_12.v:16) (optimized to 0)
'i1751/feature_map_12_12_inst/feature_map[67][1]' (feature_map_12_12.v:16) (optimized to 0)
'i1751/feature_map_12_12_inst/feature_map[67][3]' (feature_map_12_12.v:16) (optimized to 0)
'i1751/feature_map_12_12_inst/feature_map[67][4]' (feature_map_12_12.v:16) (optimized to 0)
'i1751/feature_map_12_12_inst/feature_map[67][5]' (feature_map_12_12.v:16) (optimized to 0)
'i1751/feature_map_12_12_inst/feature_map[67][7]' (feature_map_12_12.v:16) (optimized to 0)
'i1751/feature_map_12_12_inst/feature_map[67][8]' (feature_map_12_12.v:16) (optimized to 0)
'i1751/feature_map_12_12_inst/feature_map[67][9]' (feature_map_12_12.v:16) (optimized to 0)
'i1751/feature_map_12_12_inst/feature_map[67][10]' (feature_map_12_12.v:16) (optimized to 0)
'i1751/feature_map_12_12_inst/feature_map[67][11]' (feature_map_12_12.v:16) (optimized to 0)
'i1751/feature_map_12_12_inst/feature_map[67][12]' (feature_map_12_12.v:16) (optimized to 0)
'i1751/feature_map_12_12_inst/feature_map[67][13]' (feature_map_12_12.v:16) (optimized to 0)
'i1751/feature_map_12_12_inst/feature_map[67][14]' (feature_map_12_12.v:16) (optimized to 0)
'i1751/feature_map_12_12_inst/feature_map[67][15]' (feature_map_12_12.v:16) (optimized to 0)
'i1751/feature_map_12_12_inst/feature_map[67][16]' (feature_map_12_12.v:16) (optimized to 0)
'i1751/feature_map_12_12_inst/feature_map[67][17]' (feature_map_12_12.v:16) (optimized to 0)
'i1751/feature_map_12_12_inst/feature_map[68][1]' (feature_map_12_12.v:16) (optimized to 0)
'i1751/feature_map_12_12_inst/feature_map[68][3]' (feature_map_12_12.v:16) (optimized to 0)
'i1751/feature_map_12_12_inst/feature_map[68][4]' (feature_map_12_12.v:16) (optimized to 0)
'i1751/feature_map_12_12_inst/feature_map[68][5]' (feature_map_12_12.v:16) (optimized to 0)
'i1751/feature_map_12_12_inst/feature_map[68][7]' (feature_map_12_12.v:16) (optimized to 0)
'i1751/feature_map_12_12_inst/feature_map[68][8]' (feature_map_12_12.v:16) (optimized to 0)
'i1751/feature_map_12_12_inst/feature_map[68][9]' (feature_map_12_12.v:16) (optimized to 0)
'i1751/feature_map_12_12_inst/feature_map[68][10]' (feature_map_12_12.v:16) (optimized to 0)
'i1751/feature_map_12_12_inst/feature_map[68][11]' (feature_map_12_12.v:16) (optimized to 0)
'i1751/feature_map_12_12_inst/feature_map[68][12]' (feature_map_12_12.v:16) (optimized to 0)
'i1751/feature_map_12_12_inst/feature_map[68][13]' (feature_map_12_12.v:16) (optimized to 0)
'i1751/feature_map_12_12_inst/feature_map[68][14]' (feature_map_12_12.v:16) (optimized to 0)
'i1751/feature_map_12_12_inst/feature_map[68][15]' (feature_map_12_12.v:16) (optimized to 0)
'i1751/feature_map_12_12_inst/feature_map[68][16]' (feature_map_12_12.v:16) (optimized to 0)
'i1751/feature_map_12_12_inst/feature_map[68][17]' (feature_map_12_12.v:16) (optimized to 0)
'i1751/feature_map_12_12_inst/feature_map[69][0]' (feature_map_12_12.v:16) (optimized to 0)
'i1751/feature_map_12_12_inst/feature_map[69][3]' (feature_map_12_12.v:16) (optimized to 0)
'i1751/feature_map_12_12_inst/feature_map[69][4]' (feature_map_12_12.v:16) (optimized to 0)
'i1751/feature_map_12_12_inst/feature_map[69][5]' (feature_map_12_12.v:16) (optimized to 0)
'i1751/feature_map_12_12_inst/feature_map[69][7]' (feature_map_12_12.v:16) (optimized to 0)
'i1751/feature_map_12_12_inst/feature_map[69][8]' (feature_map_12_12.v:16) (optimized to 0)
'i1751/feature_map_12_12_inst/feature_map[69][9]' (feature_map_12_12.v:16) (optimized to 0)
'i1751/feature_map_12_12_inst/feature_map[69][10]' (feature_map_12_12.v:16) (optimized to 0)
'i1751/feature_map_12_12_inst/feature_map[69][11]' (feature_map_12_12.v:16) (optimized to 0)
'i1751/feature_map_12_12_inst/feature_map[69][12]' (feature_map_12_12.v:16) (optimized to 0)
'i1751/feature_map_12_12_inst/feature_map[69][13]' (feature_map_12_12.v:16) (optimized to 0)
'i1751/feature_map_12_12_inst/feature_map[69][14]' (feature_map_12_12.v:16) (optimized to 0)
'i1751/feature_map_12_12_inst/feature_map[69][15]' (feature_map_12_12.v:16) (optimized to 0)
'i1751/feature_map_12_12_inst/feature_map[69][16]' (feature_map_12_12.v:16) (optimized to 0)
'i1751/feature_map_12_12_inst/feature_map[69][17]' (feature_map_12_12.v:16) (optimized to 0)
'i1751/feature_map_12_12_inst/feature_map[70][3]' (feature_map_12_12.v:16) (optimized to 0)
'i1751/feature_map_12_12_inst/feature_map[70][4]' (feature_map_12_12.v:16) (optimized to 0)
'i1751/feature_map_12_12_inst/feature_map[70][5]' (feature_map_12_12.v:16) (optimized to 0)
'i1751/feature_map_12_12_inst/feature_map[70][7]' (feature_map_12_12.v:16) (optimized to 0)
'i1751/feature_map_12_12_inst/feature_map[70][8]' (feature_map_12_12.v:16) (optimized to 0)
'i1751/feature_map_12_12_inst/feature_map[70][9]' (feature_map_12_12.v:16) (optimized to 0)
'i1751/feature_map_12_12_inst/feature_map[70][10]' (feature_map_12_12.v:16) (optimized to 0)
'i1751/feature_map_12_12_inst/feature_map[70][11]' (feature_map_12_12.v:16) (optimized to 0)
'i1751/feature_map_12_12_inst/feature_map[70][12]' (feature_map_12_12.v:16) (optimized to 0)
'i1751/feature_map_12_12_inst/feature_map[70][13]' (feature_map_12_12.v:16) (optimized to 0)
'i1751/feature_map_12_12_inst/feature_map[70][14]' (feature_map_12_12.v:16) (optimized to 0)
'i1751/feature_map_12_12_inst/feature_map[70][15]' (feature_map_12_12.v:16) (optimized to 0)
'i1751/feature_map_12_12_inst/feature_map[70][16]' (feature_map_12_12.v:16) (optimized to 0)
'i1751/feature_map_12_12_inst/feature_map[70][17]' (feature_map_12_12.v:16) (optimized to 0)
'i1751/feature_map_12_12_inst/feature_map[71][0]' (feature_map_12_12.v:16) (optimized to 0)
'i1751/feature_map_12_12_inst/feature_map[71][1]' (feature_map_12_12.v:16) (optimized to 0)
'i1751/feature_map_12_12_inst/feature_map[71][2]' (feature_map_12_12.v:16) (optimized to 0)
'i1751/feature_map_12_12_inst/feature_map[71][4]' (feature_map_12_12.v:16) (optimized to 0)
'i1751/feature_map_12_12_inst/feature_map[71][5]' (feature_map_12_12.v:16) (optimized to 0)
'i1751/feature_map_12_12_inst/feature_map[71][7]' (feature_map_12_12.v:16) (optimized to 0)
'i1751/feature_map_12_12_inst/feature_map[71][8]' (feature_map_12_12.v:16) (optimized to 0)
'i1751/feature_map_12_12_inst/feature_map[71][9]' (feature_map_12_12.v:16) (optimized to 0)
'i1751/feature_map_12_12_inst/feature_map[71][10]' (feature_map_12_12.v:16) (optimized to 0)
'i1751/feature_map_12_12_inst/feature_map[71][11]' (feature_map_12_12.v:16) (optimized to 0)
'i1751/feature_map_12_12_inst/feature_map[71][12]' (feature_map_12_12.v:16) (optimized to 0)
'i1751/feature_map_12_12_inst/feature_map[71][13]' (feature_map_12_12.v:16) (optimized to 0)
'i1751/feature_map_12_12_inst/feature_map[71][14]' (feature_map_12_12.v:16) (optimized to 0)
'i1751/feature_map_12_12_inst/feature_map[71][15]' (feature_map_12_12.v:16) (optimized to 0)
'i1751/feature_map_12_12_inst/feature_map[71][16]' (feature_map_12_12.v:16) (optimized to 0)
'i1751/feature_map_12_12_inst/feature_map[71][17]' (feature_map_12_12.v:16) (optimized to 0)
'i1751/feature_map_12_12_inst/feature_map[72][1]' (feature_map_12_12.v:16) (optimized to 0)
'i1751/feature_map_12_12_inst/feature_map[72][2]' (feature_map_12_12.v:16) (optimized to 0)
'i1751/feature_map_12_12_inst/feature_map[72][4]' (feature_map_12_12.v:16) (optimized to 0)
'i1751/feature_map_12_12_inst/feature_map[72][5]' (feature_map_12_12.v:16) (optimized to 0)
'i1751/feature_map_12_12_inst/feature_map[72][7]' (feature_map_12_12.v:16) (optimized to 0)
'i1751/feature_map_12_12_inst/feature_map[72][8]' (feature_map_12_12.v:16) (optimized to 0)
'i1751/feature_map_12_12_inst/feature_map[72][9]' (feature_map_12_12.v:16) (optimized to 0)
'i1751/feature_map_12_12_inst/feature_map[72][10]' (feature_map_12_12.v:16) (optimized to 0)
'i1751/feature_map_12_12_inst/feature_map[72][11]' (feature_map_12_12.v:16) (optimized to 0)
'i1751/feature_map_12_12_inst/feature_map[72][12]' (feature_map_12_12.v:16) (optimized to 0)
'i1751/feature_map_12_12_inst/feature_map[72][13]' (feature_map_12_12.v:16) (optimized to 0)
'i1751/feature_map_12_12_inst/feature_map[72][14]' (feature_map_12_12.v:16) (optimized to 0)
'i1751/feature_map_12_12_inst/feature_map[72][15]' (feature_map_12_12.v:16) (optimized to 0)
'i1751/feature_map_12_12_inst/feature_map[72][16]' (feature_map_12_12.v:16) (optimized to 0)
'i1751/feature_map_12_12_inst/feature_map[72][17]' (feature_map_12_12.v:16) (optimized to 0)
'i1751/feature_map_12_12_inst/feature_map[73][0]' (feature_map_12_12.v:16) (optimized to 0)
'i1751/feature_map_12_12_inst/feature_map[73][2]' (feature_map_12_12.v:16) (optimized to 0)
'i1751/feature_map_12_12_inst/feature_map[73][4]' (feature_map_12_12.v:16) (optimized to 0)
'i1751/feature_map_12_12_inst/feature_map[73][5]' (feature_map_12_12.v:16) (optimized to 0)
'i1751/feature_map_12_12_inst/feature_map[73][7]' (feature_map_12_12.v:16) (optimized to 0)
'i1751/feature_map_12_12_inst/feature_map[73][8]' (feature_map_12_12.v:16) (optimized to 0)
'i1751/feature_map_12_12_inst/feature_map[73][9]' (feature_map_12_12.v:16) (optimized to 0)
'i1751/feature_map_12_12_inst/feature_map[73][10]' (feature_map_12_12.v:16) (optimized to 0)
'i1751/feature_map_12_12_inst/feature_map[73][11]' (feature_map_12_12.v:16) (optimized to 0)
'i1751/feature_map_12_12_inst/feature_map[73][12]' (feature_map_12_12.v:16) (optimized to 0)
'i1751/feature_map_12_12_inst/feature_map[73][13]' (feature_map_12_12.v:16) (optimized to 0)
'i1751/feature_map_12_12_inst/feature_map[73][14]' (feature_map_12_12.v:16) (optimized to 0)
'i1751/feature_map_12_12_inst/feature_map[73][15]' (feature_map_12_12.v:16) (optimized to 0)
'i1751/feature_map_12_12_inst/feature_map[73][16]' (feature_map_12_12.v:16) (optimized to 0)
'i1751/feature_map_12_12_inst/feature_map[73][17]' (feature_map_12_12.v:16) (optimized to 0)
'i1751/feature_map_12_12_inst/feature_map[74][2]' (feature_map_12_12.v:16) (optimized to 0)
'i1751/feature_map_12_12_inst/feature_map[74][4]' (feature_map_12_12.v:16) (optimized to 0)
'i1751/feature_map_12_12_inst/feature_map[74][5]' (feature_map_12_12.v:16) (optimized to 0)
'i1751/feature_map_12_12_inst/feature_map[74][7]' (feature_map_12_12.v:16) (optimized to 0)
'i1751/feature_map_12_12_inst/feature_map[74][8]' (feature_map_12_12.v:16) (optimized to 0)
'i1751/feature_map_12_12_inst/feature_map[74][9]' (feature_map_12_12.v:16) (optimized to 0)
'i1751/feature_map_12_12_inst/feature_map[74][10]' (feature_map_12_12.v:16) (optimized to 0)
'i1751/feature_map_12_12_inst/feature_map[74][11]' (feature_map_12_12.v:16) (optimized to 0)
'i1751/feature_map_12_12_inst/feature_map[74][12]' (feature_map_12_12.v:16) (optimized to 0)
'i1751/feature_map_12_12_inst/feature_map[74][13]' (feature_map_12_12.v:16) (optimized to 0)
'i1751/feature_map_12_12_inst/feature_map[74][14]' (feature_map_12_12.v:16) (optimized to 0)
'i1751/feature_map_12_12_inst/feature_map[74][15]' (feature_map_12_12.v:16) (optimized to 0)
'i1751/feature_map_12_12_inst/feature_map[74][16]' (feature_map_12_12.v:16) (optimized to 0)
'i1751/feature_map_12_12_inst/feature_map[74][17]' (feature_map_12_12.v:16) (optimized to 0)
'i1751/feature_map_12_12_inst/feature_map[75][0]' (feature_map_12_12.v:16) (optimized to 0)
'i1751/feature_map_12_12_inst/feature_map[75][1]' (feature_map_12_12.v:16) (optimized to 0)
'i1751/feature_map_12_12_inst/feature_map[75][4]' (feature_map_12_12.v:16) (optimized to 0)
'i1751/feature_map_12_12_inst/feature_map[75][5]' (feature_map_12_12.v:16) (optimized to 0)
'i1751/feature_map_12_12_inst/feature_map[75][7]' (feature_map_12_12.v:16) (optimized to 0)
'i1751/feature_map_12_12_inst/feature_map[75][8]' (feature_map_12_12.v:16) (optimized to 0)
'i1751/feature_map_12_12_inst/feature_map[75][9]' (feature_map_12_12.v:16) (optimized to 0)
'i1751/feature_map_12_12_inst/feature_map[75][10]' (feature_map_12_12.v:16) (optimized to 0)
'i1751/feature_map_12_12_inst/feature_map[75][11]' (feature_map_12_12.v:16) (optimized to 0)
'i1751/feature_map_12_12_inst/feature_map[75][12]' (feature_map_12_12.v:16) (optimized to 0)
'i1751/feature_map_12_12_inst/feature_map[75][13]' (feature_map_12_12.v:16) (optimized to 0)
'i1751/feature_map_12_12_inst/feature_map[75][14]' (feature_map_12_12.v:16) (optimized to 0)
'i1751/feature_map_12_12_inst/feature_map[75][15]' (feature_map_12_12.v:16) (optimized to 0)
'i1751/feature_map_12_12_inst/feature_map[75][16]' (feature_map_12_12.v:16) (optimized to 0)
'i1751/feature_map_12_12_inst/feature_map[75][17]' (feature_map_12_12.v:16) (optimized to 0)
'i1751/feature_map_12_12_inst/feature_map[76][1]' (feature_map_12_12.v:16) (optimized to 0)
'i1751/feature_map_12_12_inst/feature_map[76][4]' (feature_map_12_12.v:16) (optimized to 0)
'i1751/feature_map_12_12_inst/feature_map[76][5]' (feature_map_12_12.v:16) (optimized to 0)
'i1751/feature_map_12_12_inst/feature_map[76][7]' (feature_map_12_12.v:16) (optimized to 0)
'i1751/feature_map_12_12_inst/feature_map[76][8]' (feature_map_12_12.v:16) (optimized to 0)
'i1751/feature_map_12_12_inst/feature_map[76][9]' (feature_map_12_12.v:16) (optimized to 0)
'i1751/feature_map_12_12_inst/feature_map[76][10]' (feature_map_12_12.v:16) (optimized to 0)
'i1751/feature_map_12_12_inst/feature_map[76][11]' (feature_map_12_12.v:16) (optimized to 0)
'i1751/feature_map_12_12_inst/feature_map[76][12]' (feature_map_12_12.v:16) (optimized to 0)
'i1751/feature_map_12_12_inst/feature_map[76][13]' (feature_map_12_12.v:16) (optimized to 0)
'i1751/feature_map_12_12_inst/feature_map[76][14]' (feature_map_12_12.v:16) (optimized to 0)
'i1751/feature_map_12_12_inst/feature_map[76][15]' (feature_map_12_12.v:16) (optimized to 0)
'i1751/feature_map_12_12_inst/feature_map[76][16]' (feature_map_12_12.v:16) (optimized to 0)
'i1751/feature_map_12_12_inst/feature_map[76][17]' (feature_map_12_12.v:16) (optimized to 0)
'i1751/feature_map_12_12_inst/feature_map[77][0]' (feature_map_12_12.v:16) (optimized to 0)
'i1751/feature_map_12_12_inst/feature_map[77][4]' (feature_map_12_12.v:16) (optimized to 0)
'i1751/feature_map_12_12_inst/feature_map[77][5]' (feature_map_12_12.v:16) (optimized to 0)
'i1751/feature_map_12_12_inst/feature_map[77][7]' (feature_map_12_12.v:16) (optimized to 0)
'i1751/feature_map_12_12_inst/feature_map[77][8]' (feature_map_12_12.v:16) (optimized to 0)
'i1751/feature_map_12_12_inst/feature_map[77][9]' (feature_map_12_12.v:16) (optimized to 0)
'i1751/feature_map_12_12_inst/feature_map[77][10]' (feature_map_12_12.v:16) (optimized to 0)
'i1751/feature_map_12_12_inst/feature_map[77][11]' (feature_map_12_12.v:16) (optimized to 0)
'i1751/feature_map_12_12_inst/feature_map[77][12]' (feature_map_12_12.v:16) (optimized to 0)
'i1751/feature_map_12_12_inst/feature_map[77][13]' (feature_map_12_12.v:16) (optimized to 0)
'i1751/feature_map_12_12_inst/feature_map[77][14]' (feature_map_12_12.v:16) (optimized to 0)
'i1751/feature_map_12_12_inst/feature_map[77][15]' (feature_map_12_12.v:16) (optimized to 0)
'i1751/feature_map_12_12_inst/feature_map[77][16]' (feature_map_12_12.v:16) (optimized to 0)
'i1751/feature_map_12_12_inst/feature_map[77][17]' (feature_map_12_12.v:16) (optimized to 0)
'i1751/feature_map_12_12_inst/feature_map[78][4]' (feature_map_12_12.v:16) (optimized to 0)
'i1751/feature_map_12_12_inst/feature_map[78][5]' (feature_map_12_12.v:16) (optimized to 0)
'i1751/feature_map_12_12_inst/feature_map[78][7]' (feature_map_12_12.v:16) (optimized to 0)
'i1751/feature_map_12_12_inst/feature_map[78][8]' (feature_map_12_12.v:16) (optimized to 0)
'i1751/feature_map_12_12_inst/feature_map[78][9]' (feature_map_12_12.v:16) (optimized to 0)
'i1751/feature_map_12_12_inst/feature_map[78][10]' (feature_map_12_12.v:16) (optimized to 0)
'i1751/feature_map_12_12_inst/feature_map[78][11]' (feature_map_12_12.v:16) (optimized to 0)
'i1751/feature_map_12_12_inst/feature_map[78][12]' (feature_map_12_12.v:16) (optimized to 0)
'i1751/feature_map_12_12_inst/feature_map[78][13]' (feature_map_12_12.v:16) (optimized to 0)
'i1751/feature_map_12_12_inst/feature_map[78][14]' (feature_map_12_12.v:16) (optimized to 0)
'i1751/feature_map_12_12_inst/feature_map[78][15]' (feature_map_12_12.v:16) (optimized to 0)
'i1751/feature_map_12_12_inst/feature_map[78][16]' (feature_map_12_12.v:16) (optimized to 0)
'i1751/feature_map_12_12_inst/feature_map[78][17]' (feature_map_12_12.v:16) (optimized to 0)
'i1751/feature_map_12_12_inst/feature_map[79][0]' (feature_map_12_12.v:16) (optimized to 0)
'i1751/feature_map_12_12_inst/feature_map[79][1]' (feature_map_12_12.v:16) (optimized to 0)
'i1751/feature_map_12_12_inst/feature_map[79][2]' (feature_map_12_12.v:16) (optimized to 0)
'i1751/feature_map_12_12_inst/feature_map[79][3]' (feature_map_12_12.v:16) (optimized to 0)
'i1751/feature_map_12_12_inst/feature_map[79][5]' (feature_map_12_12.v:16) (optimized to 0)
'i1751/feature_map_12_12_inst/feature_map[79][7]' (feature_map_12_12.v:16) (optimized to 0)
'i1751/feature_map_12_12_inst/feature_map[79][8]' (feature_map_12_12.v:16) (optimized to 0)
'i1751/feature_map_12_12_inst/feature_map[79][9]' (feature_map_12_12.v:16) (optimized to 0)
'i1751/feature_map_12_12_inst/feature_map[79][10]' (feature_map_12_12.v:16) (optimized to 0)
'i1751/feature_map_12_12_inst/feature_map[79][11]' (feature_map_12_12.v:16) (optimized to 0)
'i1751/feature_map_12_12_inst/feature_map[79][12]' (feature_map_12_12.v:16) (optimized to 0)
'i1751/feature_map_12_12_inst/feature_map[79][13]' (feature_map_12_12.v:16) (optimized to 0)
'i1751/feature_map_12_12_inst/feature_map[79][14]' (feature_map_12_12.v:16) (optimized to 0)
'i1751/feature_map_12_12_inst/feature_map[79][15]' (feature_map_12_12.v:16) (optimized to 0)
'i1751/feature_map_12_12_inst/feature_map[79][16]' (feature_map_12_12.v:16) (optimized to 0)
'i1751/feature_map_12_12_inst/feature_map[79][17]' (feature_map_12_12.v:16) (optimized to 0)
'i1751/feature_map_12_12_inst/feature_map[80][1]' (feature_map_12_12.v:16) (optimized to 0)
'i1751/feature_map_12_12_inst/feature_map[80][2]' (feature_map_12_12.v:16) (optimized to 0)
'i1751/feature_map_12_12_inst/feature_map[80][3]' (feature_map_12_12.v:16) (optimized to 0)
'i1751/feature_map_12_12_inst/feature_map[80][5]' (feature_map_12_12.v:16) (optimized to 0)
'i1751/feature_map_12_12_inst/feature_map[80][7]' (feature_map_12_12.v:16) (optimized to 0)
'i1751/feature_map_12_12_inst/feature_map[80][8]' (feature_map_12_12.v:16) (optimized to 0)
'i1751/feature_map_12_12_inst/feature_map[80][9]' (feature_map_12_12.v:16) (optimized to 0)
'i1751/feature_map_12_12_inst/feature_map[80][10]' (feature_map_12_12.v:16) (optimized to 0)
'i1751/feature_map_12_12_inst/feature_map[80][11]' (feature_map_12_12.v:16) (optimized to 0)
'i1751/feature_map_12_12_inst/feature_map[80][12]' (feature_map_12_12.v:16) (optimized to 0)
'i1751/feature_map_12_12_inst/feature_map[80][13]' (feature_map_12_12.v:16) (optimized to 0)
'i1751/feature_map_12_12_inst/feature_map[80][14]' (feature_map_12_12.v:16) (optimized to 0)
'i1751/feature_map_12_12_inst/feature_map[80][15]' (feature_map_12_12.v:16) (optimized to 0)
'i1751/feature_map_12_12_inst/feature_map[80][16]' (feature_map_12_12.v:16) (optimized to 0)
'i1751/feature_map_12_12_inst/feature_map[80][17]' (feature_map_12_12.v:16) (optimized to 0)
'i1751/feature_map_12_12_inst/feature_map[81][0]' (feature_map_12_12.v:16) (optimized to 0)
'i1751/feature_map_12_12_inst/feature_map[81][2]' (feature_map_12_12.v:16) (optimized to 0)
'i1751/feature_map_12_12_inst/feature_map[81][3]' (feature_map_12_12.v:16) (optimized to 0)
'i1751/feature_map_12_12_inst/feature_map[81][5]' (feature_map_12_12.v:16) (optimized to 0)
'i1751/feature_map_12_12_inst/feature_map[81][7]' (feature_map_12_12.v:16) (optimized to 0)
'i1751/feature_map_12_12_inst/feature_map[81][8]' (feature_map_12_12.v:16) (optimized to 0)
'i1751/feature_map_12_12_inst/feature_map[81][9]' (feature_map_12_12.v:16) (optimized to 0)
'i1751/feature_map_12_12_inst/feature_map[81][10]' (feature_map_12_12.v:16) (optimized to 0)
'i1751/feature_map_12_12_inst/feature_map[81][11]' (feature_map_12_12.v:16) (optimized to 0)
'i1751/feature_map_12_12_inst/feature_map[81][12]' (feature_map_12_12.v:16) (optimized to 0)
'i1751/feature_map_12_12_inst/feature_map[81][13]' (feature_map_12_12.v:16) (optimized to 0)
'i1751/feature_map_12_12_inst/feature_map[81][14]' (feature_map_12_12.v:16) (optimized to 0)
'i1751/feature_map_12_12_inst/feature_map[81][15]' (feature_map_12_12.v:16) (optimized to 0)
'i1751/feature_map_12_12_inst/feature_map[81][16]' (feature_map_12_12.v:16) (optimized to 0)
'i1751/feature_map_12_12_inst/feature_map[81][17]' (feature_map_12_12.v:16) (optimized to 0)
'i1751/feature_map_12_12_inst/feature_map[82][2]' (feature_map_12_12.v:16) (optimized to 0)
'i1751/feature_map_12_12_inst/feature_map[82][3]' (feature_map_12_12.v:16) (optimized to 0)
'i1751/feature_map_12_12_inst/feature_map[82][5]' (feature_map_12_12.v:16) (optimized to 0)
'i1751/feature_map_12_12_inst/feature_map[82][7]' (feature_map_12_12.v:16) (optimized to 0)
'i1751/feature_map_12_12_inst/feature_map[82][8]' (feature_map_12_12.v:16) (optimized to 0)
'i1751/feature_map_12_12_inst/feature_map[82][9]' (feature_map_12_12.v:16) (optimized to 0)
'i1751/feature_map_12_12_inst/feature_map[82][10]' (feature_map_12_12.v:16) (optimized to 0)
'i1751/feature_map_12_12_inst/feature_map[82][11]' (feature_map_12_12.v:16) (optimized to 0)
'i1751/feature_map_12_12_inst/feature_map[82][12]' (feature_map_12_12.v:16) (optimized to 0)
'i1751/feature_map_12_12_inst/feature_map[82][13]' (feature_map_12_12.v:16) (optimized to 0)
'i1751/feature_map_12_12_inst/feature_map[82][14]' (feature_map_12_12.v:16) (optimized to 0)
'i1751/feature_map_12_12_inst/feature_map[82][15]' (feature_map_12_12.v:16) (optimized to 0)
'i1751/feature_map_12_12_inst/feature_map[82][16]' (feature_map_12_12.v:16) (optimized to 0)
'i1751/feature_map_12_12_inst/feature_map[82][17]' (feature_map_12_12.v:16) (optimized to 0)
'i1751/feature_map_12_12_inst/feature_map[83][0]' (feature_map_12_12.v:16) (optimized to 0)
'i1751/feature_map_12_12_inst/feature_map[83][1]' (feature_map_12_12.v:16) (optimized to 0)
'i1751/feature_map_12_12_inst/feature_map[83][3]' (feature_map_12_12.v:16) (optimized to 0)
'i1751/feature_map_12_12_inst/feature_map[83][5]' (feature_map_12_12.v:16) (optimized to 0)
'i1751/feature_map_12_12_inst/feature_map[83][7]' (feature_map_12_12.v:16) (optimized to 0)
'i1751/feature_map_12_12_inst/feature_map[83][8]' (feature_map_12_12.v:16) (optimized to 0)
'i1751/feature_map_12_12_inst/feature_map[83][9]' (feature_map_12_12.v:16) (optimized to 0)
'i1751/feature_map_12_12_inst/feature_map[83][10]' (feature_map_12_12.v:16) (optimized to 0)
'i1751/feature_map_12_12_inst/feature_map[83][11]' (feature_map_12_12.v:16) (optimized to 0)
'i1751/feature_map_12_12_inst/feature_map[83][12]' (feature_map_12_12.v:16) (optimized to 0)
'i1751/feature_map_12_12_inst/feature_map[83][13]' (feature_map_12_12.v:16) (optimized to 0)
'i1751/feature_map_12_12_inst/feature_map[83][14]' (feature_map_12_12.v:16) (optimized to 0)
'i1751/feature_map_12_12_inst/feature_map[83][15]' (feature_map_12_12.v:16) (optimized to 0)
'i1751/feature_map_12_12_inst/feature_map[83][16]' (feature_map_12_12.v:16) (optimized to 0)
'i1751/feature_map_12_12_inst/feature_map[83][17]' (feature_map_12_12.v:16) (optimized to 0)
'i1751/feature_map_12_12_inst/feature_map[84][1]' (feature_map_12_12.v:16) (optimized to 0)
'i1751/feature_map_12_12_inst/feature_map[84][3]' (feature_map_12_12.v:16) (optimized to 0)
'i1751/feature_map_12_12_inst/feature_map[84][5]' (feature_map_12_12.v:16) (optimized to 0)
'i1751/feature_map_12_12_inst/feature_map[84][7]' (feature_map_12_12.v:16) (optimized to 0)
'i1751/feature_map_12_12_inst/feature_map[84][8]' (feature_map_12_12.v:16) (optimized to 0)
'i1751/feature_map_12_12_inst/feature_map[84][9]' (feature_map_12_12.v:16) (optimized to 0)
'i1751/feature_map_12_12_inst/feature_map[84][10]' (feature_map_12_12.v:16) (optimized to 0)
'i1751/feature_map_12_12_inst/feature_map[84][11]' (feature_map_12_12.v:16) (optimized to 0)
'i1751/feature_map_12_12_inst/feature_map[84][12]' (feature_map_12_12.v:16) (optimized to 0)
'i1751/feature_map_12_12_inst/feature_map[84][13]' (feature_map_12_12.v:16) (optimized to 0)
'i1751/feature_map_12_12_inst/feature_map[84][14]' (feature_map_12_12.v:16) (optimized to 0)
'i1751/feature_map_12_12_inst/feature_map[84][15]' (feature_map_12_12.v:16) (optimized to 0)
'i1751/feature_map_12_12_inst/feature_map[84][16]' (feature_map_12_12.v:16) (optimized to 0)
'i1751/feature_map_12_12_inst/feature_map[84][17]' (feature_map_12_12.v:16) (optimized to 0)
'i1751/feature_map_12_12_inst/feature_map[85][0]' (feature_map_12_12.v:16) (optimized to 0)
'i1751/feature_map_12_12_inst/feature_map[85][3]' (feature_map_12_12.v:16) (optimized to 0)
'i1751/feature_map_12_12_inst/feature_map[85][5]' (feature_map_12_12.v:16) (optimized to 0)
'i1751/feature_map_12_12_inst/feature_map[85][7]' (feature_map_12_12.v:16) (optimized to 0)
'i1751/feature_map_12_12_inst/feature_map[85][8]' (feature_map_12_12.v:16) (optimized to 0)
'i1751/feature_map_12_12_inst/feature_map[85][9]' (feature_map_12_12.v:16) (optimized to 0)
'i1751/feature_map_12_12_inst/feature_map[85][10]' (feature_map_12_12.v:16) (optimized to 0)
'i1751/feature_map_12_12_inst/feature_map[85][11]' (feature_map_12_12.v:16) (optimized to 0)
'i1751/feature_map_12_12_inst/feature_map[85][12]' (feature_map_12_12.v:16) (optimized to 0)
'i1751/feature_map_12_12_inst/feature_map[85][13]' (feature_map_12_12.v:16) (optimized to 0)
'i1751/feature_map_12_12_inst/feature_map[85][14]' (feature_map_12_12.v:16) (optimized to 0)
'i1751/feature_map_12_12_inst/feature_map[85][15]' (feature_map_12_12.v:16) (optimized to 0)
'i1751/feature_map_12_12_inst/feature_map[85][16]' (feature_map_12_12.v:16) (optimized to 0)
'i1751/feature_map_12_12_inst/feature_map[85][17]' (feature_map_12_12.v:16) (optimized to 0)
'i1751/feature_map_12_12_inst/feature_map[86][3]' (feature_map_12_12.v:16) (optimized to 0)
'i1751/feature_map_12_12_inst/feature_map[86][5]' (feature_map_12_12.v:16) (optimized to 0)
'i1751/feature_map_12_12_inst/feature_map[86][7]' (feature_map_12_12.v:16) (optimized to 0)
'i1751/feature_map_12_12_inst/feature_map[86][8]' (feature_map_12_12.v:16) (optimized to 0)
'i1751/feature_map_12_12_inst/feature_map[86][9]' (feature_map_12_12.v:16) (optimized to 0)
'i1751/feature_map_12_12_inst/feature_map[86][10]' (feature_map_12_12.v:16) (optimized to 0)
'i1751/feature_map_12_12_inst/feature_map[86][11]' (feature_map_12_12.v:16) (optimized to 0)
'i1751/feature_map_12_12_inst/feature_map[86][12]' (feature_map_12_12.v:16) (optimized to 0)
'i1751/feature_map_12_12_inst/feature_map[86][13]' (feature_map_12_12.v:16) (optimized to 0)
'i1751/feature_map_12_12_inst/feature_map[86][14]' (feature_map_12_12.v:16) (optimized to 0)
'i1751/feature_map_12_12_inst/feature_map[86][15]' (feature_map_12_12.v:16) (optimized to 0)
'i1751/feature_map_12_12_inst/feature_map[86][16]' (feature_map_12_12.v:16) (optimized to 0)
'i1751/feature_map_12_12_inst/feature_map[86][17]' (feature_map_12_12.v:16) (optimized to 0)
'i1751/feature_map_12_12_inst/feature_map[87][0]' (feature_map_12_12.v:16) (optimized to 0)
'i1751/feature_map_12_12_inst/feature_map[87][1]' (feature_map_12_12.v:16) (optimized to 0)
'i1751/feature_map_12_12_inst/feature_map[87][2]' (feature_map_12_12.v:16) (optimized to 0)
'i1751/feature_map_12_12_inst/feature_map[87][5]' (feature_map_12_12.v:16) (optimized to 0)
'i1751/feature_map_12_12_inst/feature_map[87][7]' (feature_map_12_12.v:16) (optimized to 0)
'i1751/feature_map_12_12_inst/feature_map[87][8]' (feature_map_12_12.v:16) (optimized to 0)
'i1751/feature_map_12_12_inst/feature_map[87][9]' (feature_map_12_12.v:16) (optimized to 0)
'i1751/feature_map_12_12_inst/feature_map[87][10]' (feature_map_12_12.v:16) (optimized to 0)
'i1751/feature_map_12_12_inst/feature_map[87][11]' (feature_map_12_12.v:16) (optimized to 0)
'i1751/feature_map_12_12_inst/feature_map[87][12]' (feature_map_12_12.v:16) (optimized to 0)
'i1751/feature_map_12_12_inst/feature_map[87][13]' (feature_map_12_12.v:16) (optimized to 0)
'i1751/feature_map_12_12_inst/feature_map[87][14]' (feature_map_12_12.v:16) (optimized to 0)
'i1751/feature_map_12_12_inst/feature_map[87][15]' (feature_map_12_12.v:16) (optimized to 0)
'i1751/feature_map_12_12_inst/feature_map[87][16]' (feature_map_12_12.v:16) (optimized to 0)
'i1751/feature_map_12_12_inst/feature_map[87][17]' (feature_map_12_12.v:16) (optimized to 0)
'i1751/feature_map_12_12_inst/feature_map[88][1]' (feature_map_12_12.v:16) (optimized to 0)
'i1751/feature_map_12_12_inst/feature_map[88][2]' (feature_map_12_12.v:16) (optimized to 0)
'i1751/feature_map_12_12_inst/feature_map[88][5]' (feature_map_12_12.v:16) (optimized to 0)
'i1751/feature_map_12_12_inst/feature_map[88][7]' (feature_map_12_12.v:16) (optimized to 0)
'i1751/feature_map_12_12_inst/feature_map[88][8]' (feature_map_12_12.v:16) (optimized to 0)
'i1751/feature_map_12_12_inst/feature_map[88][9]' (feature_map_12_12.v:16) (optimized to 0)
'i1751/feature_map_12_12_inst/feature_map[88][10]' (feature_map_12_12.v:16) (optimized to 0)
'i1751/feature_map_12_12_inst/feature_map[88][11]' (feature_map_12_12.v:16) (optimized to 0)
'i1751/feature_map_12_12_inst/feature_map[88][12]' (feature_map_12_12.v:16) (optimized to 0)
'i1751/feature_map_12_12_inst/feature_map[88][13]' (feature_map_12_12.v:16) (optimized to 0)
'i1751/feature_map_12_12_inst/feature_map[88][14]' (feature_map_12_12.v:16) (optimized to 0)
'i1751/feature_map_12_12_inst/feature_map[88][15]' (feature_map_12_12.v:16) (optimized to 0)
'i1751/feature_map_12_12_inst/feature_map[88][16]' (feature_map_12_12.v:16) (optimized to 0)
'i1751/feature_map_12_12_inst/feature_map[88][17]' (feature_map_12_12.v:16) (optimized to 0)
'i1751/feature_map_12_12_inst/feature_map[89][0]' (feature_map_12_12.v:16) (optimized to 0)
'i1751/feature_map_12_12_inst/feature_map[89][2]' (feature_map_12_12.v:16) (optimized to 0)
'i1751/feature_map_12_12_inst/feature_map[89][5]' (feature_map_12_12.v:16) (optimized to 0)
'i1751/feature_map_12_12_inst/feature_map[89][7]' (feature_map_12_12.v:16) (optimized to 0)
'i1751/feature_map_12_12_inst/feature_map[89][8]' (feature_map_12_12.v:16) (optimized to 0)
'i1751/feature_map_12_12_inst/feature_map[89][9]' (feature_map_12_12.v:16) (optimized to 0)
'i1751/feature_map_12_12_inst/feature_map[89][10]' (feature_map_12_12.v:16) (optimized to 0)
'i1751/feature_map_12_12_inst/feature_map[89][11]' (feature_map_12_12.v:16) (optimized to 0)
'i1751/feature_map_12_12_inst/feature_map[89][12]' (feature_map_12_12.v:16) (optimized to 0)
'i1751/feature_map_12_12_inst/feature_map[89][13]' (feature_map_12_12.v:16) (optimized to 0)
'i1751/feature_map_12_12_inst/feature_map[89][14]' (feature_map_12_12.v:16) (optimized to 0)
'i1751/feature_map_12_12_inst/feature_map[89][15]' (feature_map_12_12.v:16) (optimized to 0)
'i1751/feature_map_12_12_inst/feature_map[89][16]' (feature_map_12_12.v:16) (optimized to 0)
'i1751/feature_map_12_12_inst/feature_map[89][17]' (feature_map_12_12.v:16) (optimized to 0)
'i1751/feature_map_12_12_inst/feature_map[90][2]' (feature_map_12_12.v:16) (optimized to 0)
'i1751/feature_map_12_12_inst/feature_map[90][5]' (feature_map_12_12.v:16) (optimized to 0)
'i1751/feature_map_12_12_inst/feature_map[90][7]' (feature_map_12_12.v:16) (optimized to 0)
'i1751/feature_map_12_12_inst/feature_map[90][8]' (feature_map_12_12.v:16) (optimized to 0)
'i1751/feature_map_12_12_inst/feature_map[90][9]' (feature_map_12_12.v:16) (optimized to 0)
'i1751/feature_map_12_12_inst/feature_map[90][10]' (feature_map_12_12.v:16) (optimized to 0)
'i1751/feature_map_12_12_inst/feature_map[90][11]' (feature_map_12_12.v:16) (optimized to 0)
'i1751/feature_map_12_12_inst/feature_map[90][12]' (feature_map_12_12.v:16) (optimized to 0)
'i1751/feature_map_12_12_inst/feature_map[90][13]' (feature_map_12_12.v:16) (optimized to 0)
'i1751/feature_map_12_12_inst/feature_map[90][14]' (feature_map_12_12.v:16) (optimized to 0)
'i1751/feature_map_12_12_inst/feature_map[90][15]' (feature_map_12_12.v:16) (optimized to 0)
'i1751/feature_map_12_12_inst/feature_map[90][16]' (feature_map_12_12.v:16) (optimized to 0)
'i1751/feature_map_12_12_inst/feature_map[90][17]' (feature_map_12_12.v:16) (optimized to 0)
'i1751/feature_map_12_12_inst/feature_map[91][0]' (feature_map_12_12.v:16) (optimized to 0)
'i1751/feature_map_12_12_inst/feature_map[91][1]' (feature_map_12_12.v:16) (optimized to 0)
'i1751/feature_map_12_12_inst/feature_map[91][5]' (feature_map_12_12.v:16) (optimized to 0)
'i1751/feature_map_12_12_inst/feature_map[91][7]' (feature_map_12_12.v:16) (optimized to 0)
'i1751/feature_map_12_12_inst/feature_map[91][8]' (feature_map_12_12.v:16) (optimized to 0)
'i1751/feature_map_12_12_inst/feature_map[91][9]' (feature_map_12_12.v:16) (optimized to 0)
'i1751/feature_map_12_12_inst/feature_map[91][10]' (feature_map_12_12.v:16) (optimized to 0)
'i1751/feature_map_12_12_inst/feature_map[91][11]' (feature_map_12_12.v:16) (optimized to 0)
'i1751/feature_map_12_12_inst/feature_map[91][12]' (feature_map_12_12.v:16) (optimized to 0)
'i1751/feature_map_12_12_inst/feature_map[91][13]' (feature_map_12_12.v:16) (optimized to 0)
'i1751/feature_map_12_12_inst/feature_map[91][14]' (feature_map_12_12.v:16) (optimized to 0)
'i1751/feature_map_12_12_inst/feature_map[91][15]' (feature_map_12_12.v:16) (optimized to 0)
'i1751/feature_map_12_12_inst/feature_map[91][16]' (feature_map_12_12.v:16) (optimized to 0)
'i1751/feature_map_12_12_inst/feature_map[91][17]' (feature_map_12_12.v:16) (optimized to 0)
'i1751/feature_map_12_12_inst/feature_map[92][1]' (feature_map_12_12.v:16) (optimized to 0)
'i1751/feature_map_12_12_inst/feature_map[92][5]' (feature_map_12_12.v:16) (optimized to 0)
'i1751/feature_map_12_12_inst/feature_map[92][7]' (feature_map_12_12.v:16) (optimized to 0)
'i1751/feature_map_12_12_inst/feature_map[92][8]' (feature_map_12_12.v:16) (optimized to 0)
'i1751/feature_map_12_12_inst/feature_map[92][9]' (feature_map_12_12.v:16) (optimized to 0)
'i1751/feature_map_12_12_inst/feature_map[92][10]' (feature_map_12_12.v:16) (optimized to 0)
'i1751/feature_map_12_12_inst/feature_map[92][11]' (feature_map_12_12.v:16) (optimized to 0)
'i1751/feature_map_12_12_inst/feature_map[92][12]' (feature_map_12_12.v:16) (optimized to 0)
'i1751/feature_map_12_12_inst/feature_map[92][13]' (feature_map_12_12.v:16) (optimized to 0)
'i1751/feature_map_12_12_inst/feature_map[92][14]' (feature_map_12_12.v:16) (optimized to 0)
'i1751/feature_map_12_12_inst/feature_map[92][15]' (feature_map_12_12.v:16) (optimized to 0)
'i1751/feature_map_12_12_inst/feature_map[92][16]' (feature_map_12_12.v:16) (optimized to 0)
'i1751/feature_map_12_12_inst/feature_map[92][17]' (feature_map_12_12.v:16) (optimized to 0)
'i1751/feature_map_12_12_inst/feature_map[93][0]' (feature_map_12_12.v:16) (optimized to 0)
'i1751/feature_map_12_12_inst/feature_map[93][5]' (feature_map_12_12.v:16) (optimized to 0)
'i1751/feature_map_12_12_inst/feature_map[93][7]' (feature_map_12_12.v:16) (optimized to 0)
'i1751/feature_map_12_12_inst/feature_map[93][8]' (feature_map_12_12.v:16) (optimized to 0)
'i1751/feature_map_12_12_inst/feature_map[93][9]' (feature_map_12_12.v:16) (optimized to 0)
'i1751/feature_map_12_12_inst/feature_map[93][10]' (feature_map_12_12.v:16) (optimized to 0)
'i1751/feature_map_12_12_inst/feature_map[93][11]' (feature_map_12_12.v:16) (optimized to 0)
'i1751/feature_map_12_12_inst/feature_map[93][12]' (feature_map_12_12.v:16) (optimized to 0)
'i1751/feature_map_12_12_inst/feature_map[93][13]' (feature_map_12_12.v:16) (optimized to 0)
'i1751/feature_map_12_12_inst/feature_map[93][14]' (feature_map_12_12.v:16) (optimized to 0)
'i1751/feature_map_12_12_inst/feature_map[93][15]' (feature_map_12_12.v:16) (optimized to 0)
'i1751/feature_map_12_12_inst/feature_map[93][16]' (feature_map_12_12.v:16) (optimized to 0)
'i1751/feature_map_12_12_inst/feature_map[93][17]' (feature_map_12_12.v:16) (optimized to 0)
'i1751/feature_map_12_12_inst/feature_map[94][5]' (feature_map_12_12.v:16) (optimized to 0)
'i1751/feature_map_12_12_inst/feature_map[94][7]' (feature_map_12_12.v:16) (optimized to 0)
'i1751/feature_map_12_12_inst/feature_map[94][8]' (feature_map_12_12.v:16) (optimized to 0)
'i1751/feature_map_12_12_inst/feature_map[94][9]' (feature_map_12_12.v:16) (optimized to 0)
'i1751/feature_map_12_12_inst/feature_map[94][10]' (feature_map_12_12.v:16) (optimized to 0)
'i1751/feature_map_12_12_inst/feature_map[94][11]' (feature_map_12_12.v:16) (optimized to 0)
'i1751/feature_map_12_12_inst/feature_map[94][12]' (feature_map_12_12.v:16) (optimized to 0)
'i1751/feature_map_12_12_inst/feature_map[94][13]' (feature_map_12_12.v:16) (optimized to 0)
'i1751/feature_map_12_12_inst/feature_map[94][14]' (feature_map_12_12.v:16) (optimized to 0)
'i1751/feature_map_12_12_inst/feature_map[94][15]' (feature_map_12_12.v:16) (optimized to 0)
'i1751/feature_map_12_12_inst/feature_map[94][16]' (feature_map_12_12.v:16) (optimized to 0)
'i1751/feature_map_12_12_inst/feature_map[94][17]' (feature_map_12_12.v:16) (optimized to 0)
'i1751/feature_map_12_12_inst/feature_map[95][0]' (feature_map_12_12.v:16) (optimized to 0)
'i1751/feature_map_12_12_inst/feature_map[95][1]' (feature_map_12_12.v:16) (optimized to 0)
'i1751/feature_map_12_12_inst/feature_map[95][2]' (feature_map_12_12.v:16) (optimized to 0)
'i1751/feature_map_12_12_inst/feature_map[95][3]' (feature_map_12_12.v:16) (optimized to 0)
'i1751/feature_map_12_12_inst/feature_map[95][4]' (feature_map_12_12.v:16) (optimized to 0)
'i1751/feature_map_12_12_inst/feature_map[95][7]' (feature_map_12_12.v:16) (optimized to 0)
'i1751/feature_map_12_12_inst/feature_map[95][8]' (feature_map_12_12.v:16) (optimized to 0)
'i1751/feature_map_12_12_inst/feature_map[95][9]' (feature_map_12_12.v:16) (optimized to 0)
'i1751/feature_map_12_12_inst/feature_map[95][10]' (feature_map_12_12.v:16) (optimized to 0)
'i1751/feature_map_12_12_inst/feature_map[95][11]' (feature_map_12_12.v:16) (optimized to 0)
'i1751/feature_map_12_12_inst/feature_map[95][12]' (feature_map_12_12.v:16) (optimized to 0)
'i1751/feature_map_12_12_inst/feature_map[95][13]' (feature_map_12_12.v:16) (optimized to 0)
'i1751/feature_map_12_12_inst/feature_map[95][14]' (feature_map_12_12.v:16) (optimized to 0)
'i1751/feature_map_12_12_inst/feature_map[95][15]' (feature_map_12_12.v:16) (optimized to 0)
'i1751/feature_map_12_12_inst/feature_map[95][16]' (feature_map_12_12.v:16) (optimized to 0)
'i1751/feature_map_12_12_inst/feature_map[95][17]' (feature_map_12_12.v:16) (optimized to 0)
'i1751/feature_map_12_12_inst/feature_map[96][1]' (feature_map_12_12.v:16) (optimized to 0)
'i1751/feature_map_12_12_inst/feature_map[96][2]' (feature_map_12_12.v:16) (optimized to 0)
'i1751/feature_map_12_12_inst/feature_map[96][3]' (feature_map_12_12.v:16) (optimized to 0)
'i1751/feature_map_12_12_inst/feature_map[96][4]' (feature_map_12_12.v:16) (optimized to 0)
'i1751/feature_map_12_12_inst/feature_map[96][7]' (feature_map_12_12.v:16) (optimized to 0)
'i1751/feature_map_12_12_inst/feature_map[96][8]' (feature_map_12_12.v:16) (optimized to 0)
'i1751/feature_map_12_12_inst/feature_map[96][9]' (feature_map_12_12.v:16) (optimized to 0)
'i1751/feature_map_12_12_inst/feature_map[96][10]' (feature_map_12_12.v:16) (optimized to 0)
'i1751/feature_map_12_12_inst/feature_map[96][11]' (feature_map_12_12.v:16) (optimized to 0)
'i1751/feature_map_12_12_inst/feature_map[96][12]' (feature_map_12_12.v:16) (optimized to 0)
'i1751/feature_map_12_12_inst/feature_map[96][13]' (feature_map_12_12.v:16) (optimized to 0)
'i1751/feature_map_12_12_inst/feature_map[96][14]' (feature_map_12_12.v:16) (optimized to 0)
'i1751/feature_map_12_12_inst/feature_map[96][15]' (feature_map_12_12.v:16) (optimized to 0)
'i1751/feature_map_12_12_inst/feature_map[96][16]' (feature_map_12_12.v:16) (optimized to 0)
'i1751/feature_map_12_12_inst/feature_map[96][17]' (feature_map_12_12.v:16) (optimized to 0)
'i1751/feature_map_12_12_inst/feature_map[97][0]' (feature_map_12_12.v:16) (optimized to 0)
'i1751/feature_map_12_12_inst/feature_map[97][2]' (feature_map_12_12.v:16) (optimized to 0)
'i1751/feature_map_12_12_inst/feature_map[97][3]' (feature_map_12_12.v:16) (optimized to 0)
'i1751/feature_map_12_12_inst/feature_map[97][4]' (feature_map_12_12.v:16) (optimized to 0)
'i1751/feature_map_12_12_inst/feature_map[97][7]' (feature_map_12_12.v:16) (optimized to 0)
'i1751/feature_map_12_12_inst/feature_map[97][8]' (feature_map_12_12.v:16) (optimized to 0)
'i1751/feature_map_12_12_inst/feature_map[97][9]' (feature_map_12_12.v:16) (optimized to 0)
'i1751/feature_map_12_12_inst/feature_map[97][10]' (feature_map_12_12.v:16) (optimized to 0)
'i1751/feature_map_12_12_inst/feature_map[97][11]' (feature_map_12_12.v:16) (optimized to 0)
'i1751/feature_map_12_12_inst/feature_map[97][12]' (feature_map_12_12.v:16) (optimized to 0)
'i1751/feature_map_12_12_inst/feature_map[97][13]' (feature_map_12_12.v:16) (optimized to 0)
'i1751/feature_map_12_12_inst/feature_map[97][14]' (feature_map_12_12.v:16) (optimized to 0)
'i1751/feature_map_12_12_inst/feature_map[97][15]' (feature_map_12_12.v:16) (optimized to 0)
'i1751/feature_map_12_12_inst/feature_map[97][16]' (feature_map_12_12.v:16) (optimized to 0)
'i1751/feature_map_12_12_inst/feature_map[97][17]' (feature_map_12_12.v:16) (optimized to 0)
'i1751/feature_map_12_12_inst/feature_map[98][2]' (feature_map_12_12.v:16) (optimized to 0)
'i1751/feature_map_12_12_inst/feature_map[98][3]' (feature_map_12_12.v:16) (optimized to 0)
'i1751/feature_map_12_12_inst/feature_map[98][4]' (feature_map_12_12.v:16) (optimized to 0)
'i1751/feature_map_12_12_inst/feature_map[98][7]' (feature_map_12_12.v:16) (optimized to 0)
'i1751/feature_map_12_12_inst/feature_map[98][8]' (feature_map_12_12.v:16) (optimized to 0)
'i1751/feature_map_12_12_inst/feature_map[98][9]' (feature_map_12_12.v:16) (optimized to 0)
'i1751/feature_map_12_12_inst/feature_map[98][10]' (feature_map_12_12.v:16) (optimized to 0)
'i1751/feature_map_12_12_inst/feature_map[98][11]' (feature_map_12_12.v:16) (optimized to 0)
'i1751/feature_map_12_12_inst/feature_map[98][12]' (feature_map_12_12.v:16) (optimized to 0)
'i1751/feature_map_12_12_inst/feature_map[98][13]' (feature_map_12_12.v:16) (optimized to 0)
'i1751/feature_map_12_12_inst/feature_map[98][14]' (feature_map_12_12.v:16) (optimized to 0)
'i1751/feature_map_12_12_inst/feature_map[98][15]' (feature_map_12_12.v:16) (optimized to 0)
'i1751/feature_map_12_12_inst/feature_map[98][16]' (feature_map_12_12.v:16) (optimized to 0)
'i1751/feature_map_12_12_inst/feature_map[98][17]' (feature_map_12_12.v:16) (optimized to 0)
'i1751/feature_map_12_12_inst/feature_map[99][0]' (feature_map_12_12.v:16) (optimized to 0)
'i1751/feature_map_12_12_inst/feature_map[99][1]' (feature_map_12_12.v:16) (optimized to 0)
'i1751/feature_map_12_12_inst/feature_map[99][3]' (feature_map_12_12.v:16) (optimized to 0)
'i1751/feature_map_12_12_inst/feature_map[99][4]' (feature_map_12_12.v:16) (optimized to 0)
'i1751/feature_map_12_12_inst/feature_map[99][7]' (feature_map_12_12.v:16) (optimized to 0)
'i1751/feature_map_12_12_inst/feature_map[99][8]' (feature_map_12_12.v:16) (optimized to 0)
'i1751/feature_map_12_12_inst/feature_map[99][9]' (feature_map_12_12.v:16) (optimized to 0)
'i1751/feature_map_12_12_inst/feature_map[99][10]' (feature_map_12_12.v:16) (optimized to 0)
'i1751/feature_map_12_12_inst/feature_map[99][11]' (feature_map_12_12.v:16) (optimized to 0)
'i1751/feature_map_12_12_inst/feature_map[99][12]' (feature_map_12_12.v:16) (optimized to 0)
'i1751/feature_map_12_12_inst/feature_map[99][13]' (feature_map_12_12.v:16) (optimized to 0)
'i1751/feature_map_12_12_inst/feature_map[99][14]' (feature_map_12_12.v:16) (optimized to 0)
'i1751/feature_map_12_12_inst/feature_map[99][15]' (feature_map_12_12.v:16) (optimized to 0)
'i1751/feature_map_12_12_inst/feature_map[99][16]' (feature_map_12_12.v:16) (optimized to 0)
'i1751/feature_map_12_12_inst/feature_map[99][17]' (feature_map_12_12.v:16) (optimized to 0)
'i1751/feature_map_12_12_inst/feature_map[100][1]' (feature_map_12_12.v:16) (optimized to 0)
'i1751/feature_map_12_12_inst/feature_map[100][3]' (feature_map_12_12.v:16) (optimized to 0)
'i1751/feature_map_12_12_inst/feature_map[100][4]' (feature_map_12_12.v:16) (optimized to 0)
'i1751/feature_map_12_12_inst/feature_map[100][7]' (feature_map_12_12.v:16) (optimized to 0)
'i1751/feature_map_12_12_inst/feature_map[100][8]' (feature_map_12_12.v:16) (optimized to 0)
'i1751/feature_map_12_12_inst/feature_map[100][9]' (feature_map_12_12.v:16) (optimized to 0)
'i1751/feature_map_12_12_inst/feature_map[100][10]' (feature_map_12_12.v:16) (optimized to 0)
'i1751/feature_map_12_12_inst/feature_map[100][11]' (feature_map_12_12.v:16) (optimized to 0)
'i1751/feature_map_12_12_inst/feature_map[100][12]' (feature_map_12_12.v:16) (optimized to 0)
'i1751/feature_map_12_12_inst/feature_map[100][13]' (feature_map_12_12.v:16) (optimized to 0)
'i1751/feature_map_12_12_inst/feature_map[100][14]' (feature_map_12_12.v:16) (optimized to 0)
'i1751/feature_map_12_12_inst/feature_map[100][15]' (feature_map_12_12.v:16) (optimized to 0)
'i1751/feature_map_12_12_inst/feature_map[100][16]' (feature_map_12_12.v:16) (optimized to 0)
'i1751/feature_map_12_12_inst/feature_map[100][17]' (feature_map_12_12.v:16) (optimized to 0)
'i1751/feature_map_12_12_inst/feature_map[101][0]' (feature_map_12_12.v:16) (optimized to 0)
'i1751/feature_map_12_12_inst/feature_map[101][3]' (feature_map_12_12.v:16) (optimized to 0)
'i1751/feature_map_12_12_inst/feature_map[101][4]' (feature_map_12_12.v:16) (optimized to 0)
'i1751/feature_map_12_12_inst/feature_map[101][7]' (feature_map_12_12.v:16) (optimized to 0)
'i1751/feature_map_12_12_inst/feature_map[101][8]' (feature_map_12_12.v:16) (optimized to 0)
'i1751/feature_map_12_12_inst/feature_map[101][9]' (feature_map_12_12.v:16) (optimized to 0)
'i1751/feature_map_12_12_inst/feature_map[101][10]' (feature_map_12_12.v:16) (optimized to 0)
'i1751/feature_map_12_12_inst/feature_map[101][11]' (feature_map_12_12.v:16) (optimized to 0)
'i1751/feature_map_12_12_inst/feature_map[101][12]' (feature_map_12_12.v:16) (optimized to 0)
'i1751/feature_map_12_12_inst/feature_map[101][13]' (feature_map_12_12.v:16) (optimized to 0)
'i1751/feature_map_12_12_inst/feature_map[101][14]' (feature_map_12_12.v:16) (optimized to 0)
'i1751/feature_map_12_12_inst/feature_map[101][15]' (feature_map_12_12.v:16) (optimized to 0)
'i1751/feature_map_12_12_inst/feature_map[101][16]' (feature_map_12_12.v:16) (optimized to 0)
'i1751/feature_map_12_12_inst/feature_map[101][17]' (feature_map_12_12.v:16) (optimized to 0)
'i1751/feature_map_12_12_inst/feature_map[102][3]' (feature_map_12_12.v:16) (optimized to 0)
'i1751/feature_map_12_12_inst/feature_map[102][4]' (feature_map_12_12.v:16) (optimized to 0)
'i1751/feature_map_12_12_inst/feature_map[102][7]' (feature_map_12_12.v:16) (optimized to 0)
'i1751/feature_map_12_12_inst/feature_map[102][8]' (feature_map_12_12.v:16) (optimized to 0)
'i1751/feature_map_12_12_inst/feature_map[102][9]' (feature_map_12_12.v:16) (optimized to 0)
'i1751/feature_map_12_12_inst/feature_map[102][10]' (feature_map_12_12.v:16) (optimized to 0)
'i1751/feature_map_12_12_inst/feature_map[102][11]' (feature_map_12_12.v:16) (optimized to 0)
'i1751/feature_map_12_12_inst/feature_map[102][12]' (feature_map_12_12.v:16) (optimized to 0)
'i1751/feature_map_12_12_inst/feature_map[102][13]' (feature_map_12_12.v:16) (optimized to 0)
'i1751/feature_map_12_12_inst/feature_map[102][14]' (feature_map_12_12.v:16) (optimized to 0)
'i1751/feature_map_12_12_inst/feature_map[102][15]' (feature_map_12_12.v:16) (optimized to 0)
'i1751/feature_map_12_12_inst/feature_map[102][16]' (feature_map_12_12.v:16) (optimized to 0)
'i1751/feature_map_12_12_inst/feature_map[102][17]' (feature_map_12_12.v:16) (optimized to 0)
'i1751/feature_map_12_12_inst/feature_map[103][0]' (feature_map_12_12.v:16) (optimized to 0)
'i1751/feature_map_12_12_inst/feature_map[103][1]' (feature_map_12_12.v:16) (optimized to 0)
'i1751/feature_map_12_12_inst/feature_map[103][2]' (feature_map_12_12.v:16) (optimized to 0)
'i1751/feature_map_12_12_inst/feature_map[103][4]' (feature_map_12_12.v:16) (optimized to 0)
'i1751/feature_map_12_12_inst/feature_map[103][7]' (feature_map_12_12.v:16) (optimized to 0)
'i1751/feature_map_12_12_inst/feature_map[103][8]' (feature_map_12_12.v:16) (optimized to 0)
'i1751/feature_map_12_12_inst/feature_map[103][9]' (feature_map_12_12.v:16) (optimized to 0)
'i1751/feature_map_12_12_inst/feature_map[103][10]' (feature_map_12_12.v:16) (optimized to 0)
'i1751/feature_map_12_12_inst/feature_map[103][11]' (feature_map_12_12.v:16) (optimized to 0)
'i1751/feature_map_12_12_inst/feature_map[103][12]' (feature_map_12_12.v:16) (optimized to 0)
'i1751/feature_map_12_12_inst/feature_map[103][13]' (feature_map_12_12.v:16) (optimized to 0)
'i1751/feature_map_12_12_inst/feature_map[103][14]' (feature_map_12_12.v:16) (optimized to 0)
'i1751/feature_map_12_12_inst/feature_map[103][15]' (feature_map_12_12.v:16) (optimized to 0)
'i1751/feature_map_12_12_inst/feature_map[103][16]' (feature_map_12_12.v:16) (optimized to 0)
'i1751/feature_map_12_12_inst/feature_map[103][17]' (feature_map_12_12.v:16) (optimized to 0)
'i1751/feature_map_12_12_inst/feature_map[104][1]' (feature_map_12_12.v:16) (optimized to 0)
'i1751/feature_map_12_12_inst/feature_map[104][2]' (feature_map_12_12.v:16) (optimized to 0)
'i1751/feature_map_12_12_inst/feature_map[104][4]' (feature_map_12_12.v:16) (optimized to 0)
'i1751/feature_map_12_12_inst/feature_map[104][7]' (feature_map_12_12.v:16) (optimized to 0)
'i1751/feature_map_12_12_inst/feature_map[104][8]' (feature_map_12_12.v:16) (optimized to 0)
'i1751/feature_map_12_12_inst/feature_map[104][9]' (feature_map_12_12.v:16) (optimized to 0)
'i1751/feature_map_12_12_inst/feature_map[104][10]' (feature_map_12_12.v:16) (optimized to 0)
'i1751/feature_map_12_12_inst/feature_map[104][11]' (feature_map_12_12.v:16) (optimized to 0)
'i1751/feature_map_12_12_inst/feature_map[104][12]' (feature_map_12_12.v:16) (optimized to 0)
'i1751/feature_map_12_12_inst/feature_map[104][13]' (feature_map_12_12.v:16) (optimized to 0)
'i1751/feature_map_12_12_inst/feature_map[104][14]' (feature_map_12_12.v:16) (optimized to 0)
'i1751/feature_map_12_12_inst/feature_map[104][15]' (feature_map_12_12.v:16) (optimized to 0)
'i1751/feature_map_12_12_inst/feature_map[104][16]' (feature_map_12_12.v:16) (optimized to 0)
'i1751/feature_map_12_12_inst/feature_map[104][17]' (feature_map_12_12.v:16) (optimized to 0)
'i1751/feature_map_12_12_inst/feature_map[105][0]' (feature_map_12_12.v:16) (optimized to 0)
'i1751/feature_map_12_12_inst/feature_map[105][2]' (feature_map_12_12.v:16) (optimized to 0)
'i1751/feature_map_12_12_inst/feature_map[105][4]' (feature_map_12_12.v:16) (optimized to 0)
'i1751/feature_map_12_12_inst/feature_map[105][7]' (feature_map_12_12.v:16) (optimized to 0)
'i1751/feature_map_12_12_inst/feature_map[105][8]' (feature_map_12_12.v:16) (optimized to 0)
'i1751/feature_map_12_12_inst/feature_map[105][9]' (feature_map_12_12.v:16) (optimized to 0)
'i1751/feature_map_12_12_inst/feature_map[105][10]' (feature_map_12_12.v:16) (optimized to 0)
'i1751/feature_map_12_12_inst/feature_map[105][11]' (feature_map_12_12.v:16) (optimized to 0)
'i1751/feature_map_12_12_inst/feature_map[105][12]' (feature_map_12_12.v:16) (optimized to 0)
'i1751/feature_map_12_12_inst/feature_map[105][13]' (feature_map_12_12.v:16) (optimized to 0)
'i1751/feature_map_12_12_inst/feature_map[105][14]' (feature_map_12_12.v:16) (optimized to 0)
'i1751/feature_map_12_12_inst/feature_map[105][15]' (feature_map_12_12.v:16) (optimized to 0)
'i1751/feature_map_12_12_inst/feature_map[105][16]' (feature_map_12_12.v:16) (optimized to 0)
'i1751/feature_map_12_12_inst/feature_map[105][17]' (feature_map_12_12.v:16) (optimized to 0)
'i1751/feature_map_12_12_inst/feature_map[106][2]' (feature_map_12_12.v:16) (optimized to 0)
'i1751/feature_map_12_12_inst/feature_map[106][4]' (feature_map_12_12.v:16) (optimized to 0)
'i1751/feature_map_12_12_inst/feature_map[106][7]' (feature_map_12_12.v:16) (optimized to 0)
'i1751/feature_map_12_12_inst/feature_map[106][8]' (feature_map_12_12.v:16) (optimized to 0)
'i1751/feature_map_12_12_inst/feature_map[106][9]' (feature_map_12_12.v:16) (optimized to 0)
'i1751/feature_map_12_12_inst/feature_map[106][10]' (feature_map_12_12.v:16) (optimized to 0)
'i1751/feature_map_12_12_inst/feature_map[106][11]' (feature_map_12_12.v:16) (optimized to 0)
'i1751/feature_map_12_12_inst/feature_map[106][12]' (feature_map_12_12.v:16) (optimized to 0)
'i1751/feature_map_12_12_inst/feature_map[106][13]' (feature_map_12_12.v:16) (optimized to 0)
'i1751/feature_map_12_12_inst/feature_map[106][14]' (feature_map_12_12.v:16) (optimized to 0)
'i1751/feature_map_12_12_inst/feature_map[106][15]' (feature_map_12_12.v:16) (optimized to 0)
'i1751/feature_map_12_12_inst/feature_map[106][16]' (feature_map_12_12.v:16) (optimized to 0)
'i1751/feature_map_12_12_inst/feature_map[106][17]' (feature_map_12_12.v:16) (optimized to 0)
'i1751/feature_map_12_12_inst/feature_map[107][0]' (feature_map_12_12.v:16) (optimized to 0)
'i1751/feature_map_12_12_inst/feature_map[107][1]' (feature_map_12_12.v:16) (optimized to 0)
'i1751/feature_map_12_12_inst/feature_map[107][4]' (feature_map_12_12.v:16) (optimized to 0)
'i1751/feature_map_12_12_inst/feature_map[107][7]' (feature_map_12_12.v:16) (optimized to 0)
'i1751/feature_map_12_12_inst/feature_map[107][8]' (feature_map_12_12.v:16) (optimized to 0)
'i1751/feature_map_12_12_inst/feature_map[107][9]' (feature_map_12_12.v:16) (optimized to 0)
'i1751/feature_map_12_12_inst/feature_map[107][10]' (feature_map_12_12.v:16) (optimized to 0)
'i1751/feature_map_12_12_inst/feature_map[107][11]' (feature_map_12_12.v:16) (optimized to 0)
'i1751/feature_map_12_12_inst/feature_map[107][12]' (feature_map_12_12.v:16) (optimized to 0)
'i1751/feature_map_12_12_inst/feature_map[107][13]' (feature_map_12_12.v:16) (optimized to 0)
'i1751/feature_map_12_12_inst/feature_map[107][14]' (feature_map_12_12.v:16) (optimized to 0)
'i1751/feature_map_12_12_inst/feature_map[107][15]' (feature_map_12_12.v:16) (optimized to 0)
'i1751/feature_map_12_12_inst/feature_map[107][16]' (feature_map_12_12.v:16) (optimized to 0)
'i1751/feature_map_12_12_inst/feature_map[107][17]' (feature_map_12_12.v:16) (optimized to 0)
'i1751/feature_map_12_12_inst/feature_map[108][1]' (feature_map_12_12.v:16) (optimized to 0)
'i1751/feature_map_12_12_inst/feature_map[108][4]' (feature_map_12_12.v:16) (optimized to 0)
'i1751/feature_map_12_12_inst/feature_map[108][7]' (feature_map_12_12.v:16) (optimized to 0)
'i1751/feature_map_12_12_inst/feature_map[108][8]' (feature_map_12_12.v:16) (optimized to 0)
'i1751/feature_map_12_12_inst/feature_map[108][9]' (feature_map_12_12.v:16) (optimized to 0)
'i1751/feature_map_12_12_inst/feature_map[108][10]' (feature_map_12_12.v:16) (optimized to 0)
'i1751/feature_map_12_12_inst/feature_map[108][11]' (feature_map_12_12.v:16) (optimized to 0)
'i1751/feature_map_12_12_inst/feature_map[108][12]' (feature_map_12_12.v:16) (optimized to 0)
'i1751/feature_map_12_12_inst/feature_map[108][13]' (feature_map_12_12.v:16) (optimized to 0)
'i1751/feature_map_12_12_inst/feature_map[108][14]' (feature_map_12_12.v:16) (optimized to 0)
'i1751/feature_map_12_12_inst/feature_map[108][15]' (feature_map_12_12.v:16) (optimized to 0)
'i1751/feature_map_12_12_inst/feature_map[108][16]' (feature_map_12_12.v:16) (optimized to 0)
'i1751/feature_map_12_12_inst/feature_map[108][17]' (feature_map_12_12.v:16) (optimized to 0)
'i1751/feature_map_12_12_inst/feature_map[109][0]' (feature_map_12_12.v:16) (optimized to 0)
'i1751/feature_map_12_12_inst/feature_map[109][4]' (feature_map_12_12.v:16) (optimized to 0)
'i1751/feature_map_12_12_inst/feature_map[109][7]' (feature_map_12_12.v:16) (optimized to 0)
'i1751/feature_map_12_12_inst/feature_map[109][8]' (feature_map_12_12.v:16) (optimized to 0)
'i1751/feature_map_12_12_inst/feature_map[109][9]' (feature_map_12_12.v:16) (optimized to 0)
'i1751/feature_map_12_12_inst/feature_map[109][10]' (feature_map_12_12.v:16) (optimized to 0)
'i1751/feature_map_12_12_inst/feature_map[109][11]' (feature_map_12_12.v:16) (optimized to 0)
'i1751/feature_map_12_12_inst/feature_map[109][12]' (feature_map_12_12.v:16) (optimized to 0)
'i1751/feature_map_12_12_inst/feature_map[109][13]' (feature_map_12_12.v:16) (optimized to 0)
'i1751/feature_map_12_12_inst/feature_map[109][14]' (feature_map_12_12.v:16) (optimized to 0)
'i1751/feature_map_12_12_inst/feature_map[109][15]' (feature_map_12_12.v:16) (optimized to 0)
'i1751/feature_map_12_12_inst/feature_map[109][16]' (feature_map_12_12.v:16) (optimized to 0)
'i1751/feature_map_12_12_inst/feature_map[109][17]' (feature_map_12_12.v:16) (optimized to 0)
'i1751/feature_map_12_12_inst/feature_map[110][4]' (feature_map_12_12.v:16) (optimized to 0)
'i1751/feature_map_12_12_inst/feature_map[110][7]' (feature_map_12_12.v:16) (optimized to 0)
'i1751/feature_map_12_12_inst/feature_map[110][8]' (feature_map_12_12.v:16) (optimized to 0)
'i1751/feature_map_12_12_inst/feature_map[110][9]' (feature_map_12_12.v:16) (optimized to 0)
'i1751/feature_map_12_12_inst/feature_map[110][10]' (feature_map_12_12.v:16) (optimized to 0)
'i1751/feature_map_12_12_inst/feature_map[110][11]' (feature_map_12_12.v:16) (optimized to 0)
'i1751/feature_map_12_12_inst/feature_map[110][12]' (feature_map_12_12.v:16) (optimized to 0)
'i1751/feature_map_12_12_inst/feature_map[110][13]' (feature_map_12_12.v:16) (optimized to 0)
'i1751/feature_map_12_12_inst/feature_map[110][14]' (feature_map_12_12.v:16) (optimized to 0)
'i1751/feature_map_12_12_inst/feature_map[110][15]' (feature_map_12_12.v:16) (optimized to 0)
'i1751/feature_map_12_12_inst/feature_map[110][16]' (feature_map_12_12.v:16) (optimized to 0)
'i1751/feature_map_12_12_inst/feature_map[110][17]' (feature_map_12_12.v:16) (optimized to 0)
'i1751/feature_map_12_12_inst/feature_map[111][0]' (feature_map_12_12.v:16) (optimized to 0)
'i1751/feature_map_12_12_inst/feature_map[111][1]' (feature_map_12_12.v:16) (optimized to 0)
'i1751/feature_map_12_12_inst/feature_map[111][2]' (feature_map_12_12.v:16) (optimized to 0)
'i1751/feature_map_12_12_inst/feature_map[111][3]' (feature_map_12_12.v:16) (optimized to 0)
'i1751/feature_map_12_12_inst/feature_map[111][7]' (feature_map_12_12.v:16) (optimized to 0)
'i1751/feature_map_12_12_inst/feature_map[111][8]' (feature_map_12_12.v:16) (optimized to 0)
'i1751/feature_map_12_12_inst/feature_map[111][9]' (feature_map_12_12.v:16) (optimized to 0)
'i1751/feature_map_12_12_inst/feature_map[111][10]' (feature_map_12_12.v:16) (optimized to 0)
'i1751/feature_map_12_12_inst/feature_map[111][11]' (feature_map_12_12.v:16) (optimized to 0)
'i1751/feature_map_12_12_inst/feature_map[111][12]' (feature_map_12_12.v:16) (optimized to 0)
'i1751/feature_map_12_12_inst/feature_map[111][13]' (feature_map_12_12.v:16) (optimized to 0)
'i1751/feature_map_12_12_inst/feature_map[111][14]' (feature_map_12_12.v:16) (optimized to 0)
'i1751/feature_map_12_12_inst/feature_map[111][15]' (feature_map_12_12.v:16) (optimized to 0)
'i1751/feature_map_12_12_inst/feature_map[111][16]' (feature_map_12_12.v:16) (optimized to 0)
'i1751/feature_map_12_12_inst/feature_map[111][17]' (feature_map_12_12.v:16) (optimized to 0)
'i1751/feature_map_12_12_inst/feature_map[112][1]' (feature_map_12_12.v:16) (optimized to 0)
'i1751/feature_map_12_12_inst/feature_map[112][2]' (feature_map_12_12.v:16) (optimized to 0)
'i1751/feature_map_12_12_inst/feature_map[112][3]' (feature_map_12_12.v:16) (optimized to 0)
'i1751/feature_map_12_12_inst/feature_map[112][7]' (feature_map_12_12.v:16) (optimized to 0)
'i1751/feature_map_12_12_inst/feature_map[112][8]' (feature_map_12_12.v:16) (optimized to 0)
'i1751/feature_map_12_12_inst/feature_map[112][9]' (feature_map_12_12.v:16) (optimized to 0)
'i1751/feature_map_12_12_inst/feature_map[112][10]' (feature_map_12_12.v:16) (optimized to 0)
'i1751/feature_map_12_12_inst/feature_map[112][11]' (feature_map_12_12.v:16) (optimized to 0)
'i1751/feature_map_12_12_inst/feature_map[112][12]' (feature_map_12_12.v:16) (optimized to 0)
'i1751/feature_map_12_12_inst/feature_map[112][13]' (feature_map_12_12.v:16) (optimized to 0)
'i1751/feature_map_12_12_inst/feature_map[112][14]' (feature_map_12_12.v:16) (optimized to 0)
'i1751/feature_map_12_12_inst/feature_map[112][15]' (feature_map_12_12.v:16) (optimized to 0)
'i1751/feature_map_12_12_inst/feature_map[112][16]' (feature_map_12_12.v:16) (optimized to 0)
'i1751/feature_map_12_12_inst/feature_map[112][17]' (feature_map_12_12.v:16) (optimized to 0)
'i1751/feature_map_12_12_inst/feature_map[113][0]' (feature_map_12_12.v:16) (optimized to 0)
'i1751/feature_map_12_12_inst/feature_map[113][2]' (feature_map_12_12.v:16) (optimized to 0)
'i1751/feature_map_12_12_inst/feature_map[113][3]' (feature_map_12_12.v:16) (optimized to 0)
'i1751/feature_map_12_12_inst/feature_map[113][7]' (feature_map_12_12.v:16) (optimized to 0)
'i1751/feature_map_12_12_inst/feature_map[113][8]' (feature_map_12_12.v:16) (optimized to 0)
'i1751/feature_map_12_12_inst/feature_map[113][9]' (feature_map_12_12.v:16) (optimized to 0)
'i1751/feature_map_12_12_inst/feature_map[113][10]' (feature_map_12_12.v:16) (optimized to 0)
'i1751/feature_map_12_12_inst/feature_map[113][11]' (feature_map_12_12.v:16) (optimized to 0)
'i1751/feature_map_12_12_inst/feature_map[113][12]' (feature_map_12_12.v:16) (optimized to 0)
'i1751/feature_map_12_12_inst/feature_map[113][13]' (feature_map_12_12.v:16) (optimized to 0)
'i1751/feature_map_12_12_inst/feature_map[113][14]' (feature_map_12_12.v:16) (optimized to 0)
'i1751/feature_map_12_12_inst/feature_map[113][15]' (feature_map_12_12.v:16) (optimized to 0)
'i1751/feature_map_12_12_inst/feature_map[113][16]' (feature_map_12_12.v:16) (optimized to 0)
'i1751/feature_map_12_12_inst/feature_map[113][17]' (feature_map_12_12.v:16) (optimized to 0)
'i1751/feature_map_12_12_inst/feature_map[114][2]' (feature_map_12_12.v:16) (optimized to 0)
'i1751/feature_map_12_12_inst/feature_map[114][3]' (feature_map_12_12.v:16) (optimized to 0)
'i1751/feature_map_12_12_inst/feature_map[114][7]' (feature_map_12_12.v:16) (optimized to 0)
'i1751/feature_map_12_12_inst/feature_map[114][8]' (feature_map_12_12.v:16) (optimized to 0)
'i1751/feature_map_12_12_inst/feature_map[114][9]' (feature_map_12_12.v:16) (optimized to 0)
'i1751/feature_map_12_12_inst/feature_map[114][10]' (feature_map_12_12.v:16) (optimized to 0)
'i1751/feature_map_12_12_inst/feature_map[114][11]' (feature_map_12_12.v:16) (optimized to 0)
'i1751/feature_map_12_12_inst/feature_map[114][12]' (feature_map_12_12.v:16) (optimized to 0)
'i1751/feature_map_12_12_inst/feature_map[114][13]' (feature_map_12_12.v:16) (optimized to 0)
'i1751/feature_map_12_12_inst/feature_map[114][14]' (feature_map_12_12.v:16) (optimized to 0)
'i1751/feature_map_12_12_inst/feature_map[114][15]' (feature_map_12_12.v:16) (optimized to 0)
'i1751/feature_map_12_12_inst/feature_map[114][16]' (feature_map_12_12.v:16) (optimized to 0)
'i1751/feature_map_12_12_inst/feature_map[114][17]' (feature_map_12_12.v:16) (optimized to 0)
'i1751/feature_map_12_12_inst/feature_map[115][0]' (feature_map_12_12.v:16) (optimized to 0)
'i1751/feature_map_12_12_inst/feature_map[115][1]' (feature_map_12_12.v:16) (optimized to 0)
'i1751/feature_map_12_12_inst/feature_map[115][3]' (feature_map_12_12.v:16) (optimized to 0)
'i1751/feature_map_12_12_inst/feature_map[115][7]' (feature_map_12_12.v:16) (optimized to 0)
'i1751/feature_map_12_12_inst/feature_map[115][8]' (feature_map_12_12.v:16) (optimized to 0)
'i1751/feature_map_12_12_inst/feature_map[115][9]' (feature_map_12_12.v:16) (optimized to 0)
'i1751/feature_map_12_12_inst/feature_map[115][10]' (feature_map_12_12.v:16) (optimized to 0)
'i1751/feature_map_12_12_inst/feature_map[115][11]' (feature_map_12_12.v:16) (optimized to 0)
'i1751/feature_map_12_12_inst/feature_map[115][12]' (feature_map_12_12.v:16) (optimized to 0)
'i1751/feature_map_12_12_inst/feature_map[115][13]' (feature_map_12_12.v:16) (optimized to 0)
'i1751/feature_map_12_12_inst/feature_map[115][14]' (feature_map_12_12.v:16) (optimized to 0)
'i1751/feature_map_12_12_inst/feature_map[115][15]' (feature_map_12_12.v:16) (optimized to 0)
'i1751/feature_map_12_12_inst/feature_map[115][16]' (feature_map_12_12.v:16) (optimized to 0)
'i1751/feature_map_12_12_inst/feature_map[115][17]' (feature_map_12_12.v:16) (optimized to 0)
'i1751/feature_map_12_12_inst/feature_map[116][1]' (feature_map_12_12.v:16) (optimized to 0)
'i1751/feature_map_12_12_inst/feature_map[116][3]' (feature_map_12_12.v:16) (optimized to 0)
'i1751/feature_map_12_12_inst/feature_map[116][7]' (feature_map_12_12.v:16) (optimized to 0)
'i1751/feature_map_12_12_inst/feature_map[116][8]' (feature_map_12_12.v:16) (optimized to 0)
'i1751/feature_map_12_12_inst/feature_map[116][9]' (feature_map_12_12.v:16) (optimized to 0)
'i1751/feature_map_12_12_inst/feature_map[116][10]' (feature_map_12_12.v:16) (optimized to 0)
'i1751/feature_map_12_12_inst/feature_map[116][11]' (feature_map_12_12.v:16) (optimized to 0)
'i1751/feature_map_12_12_inst/feature_map[116][12]' (feature_map_12_12.v:16) (optimized to 0)
'i1751/feature_map_12_12_inst/feature_map[116][13]' (feature_map_12_12.v:16) (optimized to 0)
'i1751/feature_map_12_12_inst/feature_map[116][14]' (feature_map_12_12.v:16) (optimized to 0)
'i1751/feature_map_12_12_inst/feature_map[116][15]' (feature_map_12_12.v:16) (optimized to 0)
'i1751/feature_map_12_12_inst/feature_map[116][16]' (feature_map_12_12.v:16) (optimized to 0)
'i1751/feature_map_12_12_inst/feature_map[116][17]' (feature_map_12_12.v:16) (optimized to 0)
'i1751/feature_map_12_12_inst/feature_map[117][0]' (feature_map_12_12.v:16) (optimized to 0)
'i1751/feature_map_12_12_inst/feature_map[117][3]' (feature_map_12_12.v:16) (optimized to 0)
'i1751/feature_map_12_12_inst/feature_map[117][7]' (feature_map_12_12.v:16) (optimized to 0)
'i1751/feature_map_12_12_inst/feature_map[117][8]' (feature_map_12_12.v:16) (optimized to 0)
'i1751/feature_map_12_12_inst/feature_map[117][9]' (feature_map_12_12.v:16) (optimized to 0)
'i1751/feature_map_12_12_inst/feature_map[117][10]' (feature_map_12_12.v:16) (optimized to 0)
'i1751/feature_map_12_12_inst/feature_map[117][11]' (feature_map_12_12.v:16) (optimized to 0)
'i1751/feature_map_12_12_inst/feature_map[117][12]' (feature_map_12_12.v:16) (optimized to 0)
'i1751/feature_map_12_12_inst/feature_map[117][13]' (feature_map_12_12.v:16) (optimized to 0)
'i1751/feature_map_12_12_inst/feature_map[117][14]' (feature_map_12_12.v:16) (optimized to 0)
'i1751/feature_map_12_12_inst/feature_map[117][15]' (feature_map_12_12.v:16) (optimized to 0)
'i1751/feature_map_12_12_inst/feature_map[117][16]' (feature_map_12_12.v:16) (optimized to 0)
'i1751/feature_map_12_12_inst/feature_map[117][17]' (feature_map_12_12.v:16) (optimized to 0)
'i1751/feature_map_12_12_inst/feature_map[118][3]' (feature_map_12_12.v:16) (optimized to 0)
'i1751/feature_map_12_12_inst/feature_map[118][7]' (feature_map_12_12.v:16) (optimized to 0)
'i1751/feature_map_12_12_inst/feature_map[118][8]' (feature_map_12_12.v:16) (optimized to 0)
'i1751/feature_map_12_12_inst/feature_map[118][9]' (feature_map_12_12.v:16) (optimized to 0)
'i1751/feature_map_12_12_inst/feature_map[118][10]' (feature_map_12_12.v:16) (optimized to 0)
'i1751/feature_map_12_12_inst/feature_map[118][11]' (feature_map_12_12.v:16) (optimized to 0)
'i1751/feature_map_12_12_inst/feature_map[118][12]' (feature_map_12_12.v:16) (optimized to 0)
'i1751/feature_map_12_12_inst/feature_map[118][13]' (feature_map_12_12.v:16) (optimized to 0)
'i1751/feature_map_12_12_inst/feature_map[118][14]' (feature_map_12_12.v:16) (optimized to 0)
'i1751/feature_map_12_12_inst/feature_map[118][15]' (feature_map_12_12.v:16) (optimized to 0)
'i1751/feature_map_12_12_inst/feature_map[118][16]' (feature_map_12_12.v:16) (optimized to 0)
'i1751/feature_map_12_12_inst/feature_map[118][17]' (feature_map_12_12.v:16) (optimized to 0)
'i1751/feature_map_12_12_inst/feature_map[119][0]' (feature_map_12_12.v:16) (optimized to 0)
'i1751/feature_map_12_12_inst/feature_map[119][1]' (feature_map_12_12.v:16) (optimized to 0)
'i1751/feature_map_12_12_inst/feature_map[119][2]' (feature_map_12_12.v:16) (optimized to 0)
'i1751/feature_map_12_12_inst/feature_map[119][7]' (feature_map_12_12.v:16) (optimized to 0)
'i1751/feature_map_12_12_inst/feature_map[119][8]' (feature_map_12_12.v:16) (optimized to 0)
'i1751/feature_map_12_12_inst/feature_map[119][9]' (feature_map_12_12.v:16) (optimized to 0)
'i1751/feature_map_12_12_inst/feature_map[119][10]' (feature_map_12_12.v:16) (optimized to 0)
'i1751/feature_map_12_12_inst/feature_map[119][11]' (feature_map_12_12.v:16) (optimized to 0)
'i1751/feature_map_12_12_inst/feature_map[119][12]' (feature_map_12_12.v:16) (optimized to 0)
'i1751/feature_map_12_12_inst/feature_map[119][13]' (feature_map_12_12.v:16) (optimized to 0)
'i1751/feature_map_12_12_inst/feature_map[119][14]' (feature_map_12_12.v:16) (optimized to 0)
'i1751/feature_map_12_12_inst/feature_map[119][15]' (feature_map_12_12.v:16) (optimized to 0)
'i1751/feature_map_12_12_inst/feature_map[119][16]' (feature_map_12_12.v:16) (optimized to 0)
'i1751/feature_map_12_12_inst/feature_map[119][17]' (feature_map_12_12.v:16) (optimized to 0)
'i1751/feature_map_12_12_inst/feature_map[120][1]' (feature_map_12_12.v:16) (optimized to 0)
'i1751/feature_map_12_12_inst/feature_map[120][2]' (feature_map_12_12.v:16) (optimized to 0)
'i1751/feature_map_12_12_inst/feature_map[120][7]' (feature_map_12_12.v:16) (optimized to 0)
'i1751/feature_map_12_12_inst/feature_map[120][8]' (feature_map_12_12.v:16) (optimized to 0)
'i1751/feature_map_12_12_inst/feature_map[120][9]' (feature_map_12_12.v:16) (optimized to 0)
'i1751/feature_map_12_12_inst/feature_map[120][10]' (feature_map_12_12.v:16) (optimized to 0)
'i1751/feature_map_12_12_inst/feature_map[120][11]' (feature_map_12_12.v:16) (optimized to 0)
'i1751/feature_map_12_12_inst/feature_map[120][12]' (feature_map_12_12.v:16) (optimized to 0)
'i1751/feature_map_12_12_inst/feature_map[120][13]' (feature_map_12_12.v:16) (optimized to 0)
'i1751/feature_map_12_12_inst/feature_map[120][14]' (feature_map_12_12.v:16) (optimized to 0)
'i1751/feature_map_12_12_inst/feature_map[120][15]' (feature_map_12_12.v:16) (optimized to 0)
'i1751/feature_map_12_12_inst/feature_map[120][16]' (feature_map_12_12.v:16) (optimized to 0)
'i1751/feature_map_12_12_inst/feature_map[120][17]' (feature_map_12_12.v:16) (optimized to 0)
'i1751/feature_map_12_12_inst/feature_map[121][0]' (feature_map_12_12.v:16) (optimized to 0)
'i1751/feature_map_12_12_inst/feature_map[121][2]' (feature_map_12_12.v:16) (optimized to 0)
'i1751/feature_map_12_12_inst/feature_map[121][7]' (feature_map_12_12.v:16) (optimized to 0)
'i1751/feature_map_12_12_inst/feature_map[121][8]' (feature_map_12_12.v:16) (optimized to 0)
'i1751/feature_map_12_12_inst/feature_map[121][9]' (feature_map_12_12.v:16) (optimized to 0)
'i1751/feature_map_12_12_inst/feature_map[121][10]' (feature_map_12_12.v:16) (optimized to 0)
'i1751/feature_map_12_12_inst/feature_map[121][11]' (feature_map_12_12.v:16) (optimized to 0)
'i1751/feature_map_12_12_inst/feature_map[121][12]' (feature_map_12_12.v:16) (optimized to 0)
'i1751/feature_map_12_12_inst/feature_map[121][13]' (feature_map_12_12.v:16) (optimized to 0)
'i1751/feature_map_12_12_inst/feature_map[121][14]' (feature_map_12_12.v:16) (optimized to 0)
'i1751/feature_map_12_12_inst/feature_map[121][15]' (feature_map_12_12.v:16) (optimized to 0)
'i1751/feature_map_12_12_inst/feature_map[121][16]' (feature_map_12_12.v:16) (optimized to 0)
'i1751/feature_map_12_12_inst/feature_map[121][17]' (feature_map_12_12.v:16) (optimized to 0)
'i1751/feature_map_12_12_inst/feature_map[122][2]' (feature_map_12_12.v:16) (optimized to 0)
'i1751/feature_map_12_12_inst/feature_map[122][7]' (feature_map_12_12.v:16) (optimized to 0)
'i1751/feature_map_12_12_inst/feature_map[122][8]' (feature_map_12_12.v:16) (optimized to 0)
'i1751/feature_map_12_12_inst/feature_map[122][9]' (feature_map_12_12.v:16) (optimized to 0)
'i1751/feature_map_12_12_inst/feature_map[122][10]' (feature_map_12_12.v:16) (optimized to 0)
'i1751/feature_map_12_12_inst/feature_map[122][11]' (feature_map_12_12.v:16) (optimized to 0)
'i1751/feature_map_12_12_inst/feature_map[122][12]' (feature_map_12_12.v:16) (optimized to 0)
'i1751/feature_map_12_12_inst/feature_map[122][13]' (feature_map_12_12.v:16) (optimized to 0)
'i1751/feature_map_12_12_inst/feature_map[122][14]' (feature_map_12_12.v:16) (optimized to 0)
'i1751/feature_map_12_12_inst/feature_map[122][15]' (feature_map_12_12.v:16) (optimized to 0)
'i1751/feature_map_12_12_inst/feature_map[122][16]' (feature_map_12_12.v:16) (optimized to 0)
'i1751/feature_map_12_12_inst/feature_map[122][17]' (feature_map_12_12.v:16) (optimized to 0)
'i1751/feature_map_12_12_inst/feature_map[123][0]' (feature_map_12_12.v:16) (optimized to 0)
'i1751/feature_map_12_12_inst/feature_map[123][1]' (feature_map_12_12.v:16) (optimized to 0)
'i1751/feature_map_12_12_inst/feature_map[123][7]' (feature_map_12_12.v:16) (optimized to 0)
'i1751/feature_map_12_12_inst/feature_map[123][8]' (feature_map_12_12.v:16) (optimized to 0)
'i1751/feature_map_12_12_inst/feature_map[123][9]' (feature_map_12_12.v:16) (optimized to 0)
'i1751/feature_map_12_12_inst/feature_map[123][10]' (feature_map_12_12.v:16) (optimized to 0)
'i1751/feature_map_12_12_inst/feature_map[123][11]' (feature_map_12_12.v:16) (optimized to 0)
'i1751/feature_map_12_12_inst/feature_map[123][12]' (feature_map_12_12.v:16) (optimized to 0)
'i1751/feature_map_12_12_inst/feature_map[123][13]' (feature_map_12_12.v:16) (optimized to 0)
'i1751/feature_map_12_12_inst/feature_map[123][14]' (feature_map_12_12.v:16) (optimized to 0)
'i1751/feature_map_12_12_inst/feature_map[123][15]' (feature_map_12_12.v:16) (optimized to 0)
'i1751/feature_map_12_12_inst/feature_map[123][16]' (feature_map_12_12.v:16) (optimized to 0)
'i1751/feature_map_12_12_inst/feature_map[123][17]' (feature_map_12_12.v:16) (optimized to 0)
'i1751/feature_map_12_12_inst/feature_map[124][1]' (feature_map_12_12.v:16) (optimized to 0)
'i1751/feature_map_12_12_inst/feature_map[124][7]' (feature_map_12_12.v:16) (optimized to 0)
'i1751/feature_map_12_12_inst/feature_map[124][8]' (feature_map_12_12.v:16) (optimized to 0)
'i1751/feature_map_12_12_inst/feature_map[124][9]' (feature_map_12_12.v:16) (optimized to 0)
'i1751/feature_map_12_12_inst/feature_map[124][10]' (feature_map_12_12.v:16) (optimized to 0)
'i1751/feature_map_12_12_inst/feature_map[124][11]' (feature_map_12_12.v:16) (optimized to 0)
'i1751/feature_map_12_12_inst/feature_map[124][12]' (feature_map_12_12.v:16) (optimized to 0)
'i1751/feature_map_12_12_inst/feature_map[124][13]' (feature_map_12_12.v:16) (optimized to 0)
'i1751/feature_map_12_12_inst/feature_map[124][14]' (feature_map_12_12.v:16) (optimized to 0)
'i1751/feature_map_12_12_inst/feature_map[124][15]' (feature_map_12_12.v:16) (optimized to 0)
'i1751/feature_map_12_12_inst/feature_map[124][16]' (feature_map_12_12.v:16) (optimized to 0)
'i1751/feature_map_12_12_inst/feature_map[124][17]' (feature_map_12_12.v:16) (optimized to 0)
'i1751/feature_map_12_12_inst/feature_map[125][0]' (feature_map_12_12.v:16) (optimized to 0)
'i1751/feature_map_12_12_inst/feature_map[125][7]' (feature_map_12_12.v:16) (optimized to 0)
'i1751/feature_map_12_12_inst/feature_map[125][8]' (feature_map_12_12.v:16) (optimized to 0)
'i1751/feature_map_12_12_inst/feature_map[125][9]' (feature_map_12_12.v:16) (optimized to 0)
'i1751/feature_map_12_12_inst/feature_map[125][10]' (feature_map_12_12.v:16) (optimized to 0)
'i1751/feature_map_12_12_inst/feature_map[125][11]' (feature_map_12_12.v:16) (optimized to 0)
'i1751/feature_map_12_12_inst/feature_map[125][12]' (feature_map_12_12.v:16) (optimized to 0)
'i1751/feature_map_12_12_inst/feature_map[125][13]' (feature_map_12_12.v:16) (optimized to 0)
'i1751/feature_map_12_12_inst/feature_map[125][14]' (feature_map_12_12.v:16) (optimized to 0)
'i1751/feature_map_12_12_inst/feature_map[125][15]' (feature_map_12_12.v:16) (optimized to 0)
'i1751/feature_map_12_12_inst/feature_map[125][16]' (feature_map_12_12.v:16) (optimized to 0)
'i1751/feature_map_12_12_inst/feature_map[125][17]' (feature_map_12_12.v:16) (optimized to 0)
'i1751/feature_map_12_12_inst/feature_map[126][7]' (feature_map_12_12.v:16) (optimized to 0)
'i1751/feature_map_12_12_inst/feature_map[126][8]' (feature_map_12_12.v:16) (optimized to 0)
'i1751/feature_map_12_12_inst/feature_map[126][9]' (feature_map_12_12.v:16) (optimized to 0)
'i1751/feature_map_12_12_inst/feature_map[126][10]' (feature_map_12_12.v:16) (optimized to 0)
'i1751/feature_map_12_12_inst/feature_map[126][11]' (feature_map_12_12.v:16) (optimized to 0)
'i1751/feature_map_12_12_inst/feature_map[126][12]' (feature_map_12_12.v:16) (optimized to 0)
'i1751/feature_map_12_12_inst/feature_map[126][13]' (feature_map_12_12.v:16) (optimized to 0)
'i1751/feature_map_12_12_inst/feature_map[126][14]' (feature_map_12_12.v:16) (optimized to 0)
'i1751/feature_map_12_12_inst/feature_map[126][15]' (feature_map_12_12.v:16) (optimized to 0)
'i1751/feature_map_12_12_inst/feature_map[126][16]' (feature_map_12_12.v:16) (optimized to 0)
'i1751/feature_map_12_12_inst/feature_map[126][17]' (feature_map_12_12.v:16) (optimized to 0)
'i1751/feature_map_12_12_inst/feature_map[127][0]' (feature_map_12_12.v:16) (optimized to 0)
'i1751/feature_map_12_12_inst/feature_map[127][1]' (feature_map_12_12.v:16) (optimized to 0)
'i1751/feature_map_12_12_inst/feature_map[127][2]' (feature_map_12_12.v:16) (optimized to 0)
'i1751/feature_map_12_12_inst/feature_map[127][3]' (feature_map_12_12.v:16) (optimized to 0)
'i1751/feature_map_12_12_inst/feature_map[127][4]' (feature_map_12_12.v:16) (optimized to 0)
'i1751/feature_map_12_12_inst/feature_map[127][5]' (feature_map_12_12.v:16) (optimized to 0)
'i1751/feature_map_12_12_inst/feature_map[127][6]' (feature_map_12_12.v:16) (optimized to 0)
'i1751/feature_map_12_12_inst/feature_map[127][8]' (feature_map_12_12.v:16) (optimized to 0)
'i1751/feature_map_12_12_inst/feature_map[127][9]' (feature_map_12_12.v:16) (optimized to 0)
'i1751/feature_map_12_12_inst/feature_map[127][10]' (feature_map_12_12.v:16) (optimized to 0)
'i1751/feature_map_12_12_inst/feature_map[127][11]' (feature_map_12_12.v:16) (optimized to 0)
'i1751/feature_map_12_12_inst/feature_map[127][12]' (feature_map_12_12.v:16) (optimized to 0)
'i1751/feature_map_12_12_inst/feature_map[127][13]' (feature_map_12_12.v:16) (optimized to 0)
'i1751/feature_map_12_12_inst/feature_map[127][14]' (feature_map_12_12.v:16) (optimized to 0)
'i1751/feature_map_12_12_inst/feature_map[127][15]' (feature_map_12_12.v:16) (optimized to 0)
'i1751/feature_map_12_12_inst/feature_map[127][16]' (feature_map_12_12.v:16) (optimized to 0)
'i1751/feature_map_12_12_inst/feature_map[127][17]' (feature_map_12_12.v:16) (optimized to 0)
'i1751/feature_map_12_12_inst/feature_map[128][1]' (feature_map_12_12.v:16) (optimized to 0)
'i1751/feature_map_12_12_inst/feature_map[128][2]' (feature_map_12_12.v:16) (optimized to 0)
'i1751/feature_map_12_12_inst/feature_map[128][3]' (feature_map_12_12.v:16) (optimized to 0)
'i1751/feature_map_12_12_inst/feature_map[128][4]' (feature_map_12_12.v:16) (optimized to 0)
'i1751/feature_map_12_12_inst/feature_map[128][5]' (feature_map_12_12.v:16) (optimized to 0)
'i1751/feature_map_12_12_inst/feature_map[128][6]' (feature_map_12_12.v:16) (optimized to 0)
'i1751/feature_map_12_12_inst/feature_map[128][8]' (feature_map_12_12.v:16) (optimized to 0)
'i1751/feature_map_12_12_inst/feature_map[128][9]' (feature_map_12_12.v:16) (optimized to 0)
'i1751/feature_map_12_12_inst/feature_map[128][10]' (feature_map_12_12.v:16) (optimized to 0)
'i1751/feature_map_12_12_inst/feature_map[128][11]' (feature_map_12_12.v:16) (optimized to 0)
'i1751/feature_map_12_12_inst/feature_map[128][12]' (feature_map_12_12.v:16) (optimized to 0)
'i1751/feature_map_12_12_inst/feature_map[128][13]' (feature_map_12_12.v:16) (optimized to 0)
'i1751/feature_map_12_12_inst/feature_map[128][14]' (feature_map_12_12.v:16) (optimized to 0)
'i1751/feature_map_12_12_inst/feature_map[128][15]' (feature_map_12_12.v:16) (optimized to 0)
'i1751/feature_map_12_12_inst/feature_map[128][16]' (feature_map_12_12.v:16) (optimized to 0)
'i1751/feature_map_12_12_inst/feature_map[128][17]' (feature_map_12_12.v:16) (optimized to 0)
'i1751/feature_map_12_12_inst/feature_map[129][0]' (feature_map_12_12.v:16) (optimized to 0)
'i1751/feature_map_12_12_inst/feature_map[129][2]' (feature_map_12_12.v:16) (optimized to 0)
'i1751/feature_map_12_12_inst/feature_map[129][3]' (feature_map_12_12.v:16) (optimized to 0)
'i1751/feature_map_12_12_inst/feature_map[129][4]' (feature_map_12_12.v:16) (optimized to 0)
'i1751/feature_map_12_12_inst/feature_map[129][5]' (feature_map_12_12.v:16) (optimized to 0)
'i1751/feature_map_12_12_inst/feature_map[129][6]' (feature_map_12_12.v:16) (optimized to 0)
'i1751/feature_map_12_12_inst/feature_map[129][8]' (feature_map_12_12.v:16) (optimized to 0)
'i1751/feature_map_12_12_inst/feature_map[129][9]' (feature_map_12_12.v:16) (optimized to 0)
'i1751/feature_map_12_12_inst/feature_map[129][10]' (feature_map_12_12.v:16) (optimized to 0)
'i1751/feature_map_12_12_inst/feature_map[129][11]' (feature_map_12_12.v:16) (optimized to 0)
'i1751/feature_map_12_12_inst/feature_map[129][12]' (feature_map_12_12.v:16) (optimized to 0)
'i1751/feature_map_12_12_inst/feature_map[129][13]' (feature_map_12_12.v:16) (optimized to 0)
'i1751/feature_map_12_12_inst/feature_map[129][14]' (feature_map_12_12.v:16) (optimized to 0)
'i1751/feature_map_12_12_inst/feature_map[129][15]' (feature_map_12_12.v:16) (optimized to 0)
'i1751/feature_map_12_12_inst/feature_map[129][16]' (feature_map_12_12.v:16) (optimized to 0)
'i1751/feature_map_12_12_inst/feature_map[129][17]' (feature_map_12_12.v:16) (optimized to 0)
'i1751/feature_map_12_12_inst/feature_map[130][2]' (feature_map_12_12.v:16) (optimized to 0)
'i1751/feature_map_12_12_inst/feature_map[130][3]' (feature_map_12_12.v:16) (optimized to 0)
'i1751/feature_map_12_12_inst/feature_map[130][4]' (feature_map_12_12.v:16) (optimized to 0)
'i1751/feature_map_12_12_inst/feature_map[130][5]' (feature_map_12_12.v:16) (optimized to 0)
'i1751/feature_map_12_12_inst/feature_map[130][6]' (feature_map_12_12.v:16) (optimized to 0)
'i1751/feature_map_12_12_inst/feature_map[130][8]' (feature_map_12_12.v:16) (optimized to 0)
'i1751/feature_map_12_12_inst/feature_map[130][9]' (feature_map_12_12.v:16) (optimized to 0)
'i1751/feature_map_12_12_inst/feature_map[130][10]' (feature_map_12_12.v:16) (optimized to 0)
'i1751/feature_map_12_12_inst/feature_map[130][11]' (feature_map_12_12.v:16) (optimized to 0)
'i1751/feature_map_12_12_inst/feature_map[130][12]' (feature_map_12_12.v:16) (optimized to 0)
'i1751/feature_map_12_12_inst/feature_map[130][13]' (feature_map_12_12.v:16) (optimized to 0)
'i1751/feature_map_12_12_inst/feature_map[130][14]' (feature_map_12_12.v:16) (optimized to 0)
'i1751/feature_map_12_12_inst/feature_map[130][15]' (feature_map_12_12.v:16) (optimized to 0)
'i1751/feature_map_12_12_inst/feature_map[130][16]' (feature_map_12_12.v:16) (optimized to 0)
'i1751/feature_map_12_12_inst/feature_map[130][17]' (feature_map_12_12.v:16) (optimized to 0)
'i1751/feature_map_12_12_inst/feature_map[131][0]' (feature_map_12_12.v:16) (optimized to 0)
'i1751/feature_map_12_12_inst/feature_map[131][1]' (feature_map_12_12.v:16) (optimized to 0)
'i1751/feature_map_12_12_inst/feature_map[131][3]' (feature_map_12_12.v:16) (optimized to 0)
'i1751/feature_map_12_12_inst/feature_map[131][4]' (feature_map_12_12.v:16) (optimized to 0)
'i1751/feature_map_12_12_inst/feature_map[131][5]' (feature_map_12_12.v:16) (optimized to 0)
'i1751/feature_map_12_12_inst/feature_map[131][6]' (feature_map_12_12.v:16) (optimized to 0)
'i1751/feature_map_12_12_inst/feature_map[131][8]' (feature_map_12_12.v:16) (optimized to 0)
'i1751/feature_map_12_12_inst/feature_map[131][9]' (feature_map_12_12.v:16) (optimized to 0)
'i1751/feature_map_12_12_inst/feature_map[131][10]' (feature_map_12_12.v:16) (optimized to 0)
'i1751/feature_map_12_12_inst/feature_map[131][11]' (feature_map_12_12.v:16) (optimized to 0)
'i1751/feature_map_12_12_inst/feature_map[131][12]' (feature_map_12_12.v:16) (optimized to 0)
'i1751/feature_map_12_12_inst/feature_map[131][13]' (feature_map_12_12.v:16) (optimized to 0)
'i1751/feature_map_12_12_inst/feature_map[131][14]' (feature_map_12_12.v:16) (optimized to 0)
'i1751/feature_map_12_12_inst/feature_map[131][15]' (feature_map_12_12.v:16) (optimized to 0)
'i1751/feature_map_12_12_inst/feature_map[131][16]' (feature_map_12_12.v:16) (optimized to 0)
'i1751/feature_map_12_12_inst/feature_map[131][17]' (feature_map_12_12.v:16) (optimized to 0)
'i1751/feature_map_12_12_inst/feature_map[132][1]' (feature_map_12_12.v:16) (optimized to 0)
'i1751/feature_map_12_12_inst/feature_map[132][3]' (feature_map_12_12.v:16) (optimized to 0)
'i1751/feature_map_12_12_inst/feature_map[132][4]' (feature_map_12_12.v:16) (optimized to 0)
'i1751/feature_map_12_12_inst/feature_map[132][5]' (feature_map_12_12.v:16) (optimized to 0)
'i1751/feature_map_12_12_inst/feature_map[132][6]' (feature_map_12_12.v:16) (optimized to 0)
'i1751/feature_map_12_12_inst/feature_map[132][8]' (feature_map_12_12.v:16) (optimized to 0)
'i1751/feature_map_12_12_inst/feature_map[132][9]' (feature_map_12_12.v:16) (optimized to 0)
'i1751/feature_map_12_12_inst/feature_map[132][10]' (feature_map_12_12.v:16) (optimized to 0)
'i1751/feature_map_12_12_inst/feature_map[132][11]' (feature_map_12_12.v:16) (optimized to 0)
'i1751/feature_map_12_12_inst/feature_map[132][12]' (feature_map_12_12.v:16) (optimized to 0)
'i1751/feature_map_12_12_inst/feature_map[132][13]' (feature_map_12_12.v:16) (optimized to 0)
'i1751/feature_map_12_12_inst/feature_map[132][14]' (feature_map_12_12.v:16) (optimized to 0)
'i1751/feature_map_12_12_inst/feature_map[132][15]' (feature_map_12_12.v:16) (optimized to 0)
'i1751/feature_map_12_12_inst/feature_map[132][16]' (feature_map_12_12.v:16) (optimized to 0)
'i1751/feature_map_12_12_inst/feature_map[132][17]' (feature_map_12_12.v:16) (optimized to 0)
'i1751/feature_map_12_12_inst/feature_map[133][0]' (feature_map_12_12.v:16) (optimized to 0)
'i1751/feature_map_12_12_inst/feature_map[133][3]' (feature_map_12_12.v:16) (optimized to 0)
'i1751/feature_map_12_12_inst/feature_map[133][4]' (feature_map_12_12.v:16) (optimized to 0)
'i1751/feature_map_12_12_inst/feature_map[133][5]' (feature_map_12_12.v:16) (optimized to 0)
'i1751/feature_map_12_12_inst/feature_map[133][6]' (feature_map_12_12.v:16) (optimized to 0)
'i1751/feature_map_12_12_inst/feature_map[133][8]' (feature_map_12_12.v:16) (optimized to 0)
'i1751/feature_map_12_12_inst/feature_map[133][9]' (feature_map_12_12.v:16) (optimized to 0)
'i1751/feature_map_12_12_inst/feature_map[133][10]' (feature_map_12_12.v:16) (optimized to 0)
'i1751/feature_map_12_12_inst/feature_map[133][11]' (feature_map_12_12.v:16) (optimized to 0)
'i1751/feature_map_12_12_inst/feature_map[133][12]' (feature_map_12_12.v:16) (optimized to 0)
'i1751/feature_map_12_12_inst/feature_map[133][13]' (feature_map_12_12.v:16) (optimized to 0)
'i1751/feature_map_12_12_inst/feature_map[133][14]' (feature_map_12_12.v:16) (optimized to 0)
'i1751/feature_map_12_12_inst/feature_map[133][15]' (feature_map_12_12.v:16) (optimized to 0)
'i1751/feature_map_12_12_inst/feature_map[133][16]' (feature_map_12_12.v:16) (optimized to 0)
'i1751/feature_map_12_12_inst/feature_map[133][17]' (feature_map_12_12.v:16) (optimized to 0)
'i1751/feature_map_12_12_inst/feature_map[134][3]' (feature_map_12_12.v:16) (optimized to 0)
'i1751/feature_map_12_12_inst/feature_map[134][4]' (feature_map_12_12.v:16) (optimized to 0)
'i1751/feature_map_12_12_inst/feature_map[134][5]' (feature_map_12_12.v:16) (optimized to 0)
'i1751/feature_map_12_12_inst/feature_map[134][6]' (feature_map_12_12.v:16) (optimized to 0)
'i1751/feature_map_12_12_inst/feature_map[134][8]' (feature_map_12_12.v:16) (optimized to 0)
'i1751/feature_map_12_12_inst/feature_map[134][9]' (feature_map_12_12.v:16) (optimized to 0)
'i1751/feature_map_12_12_inst/feature_map[134][10]' (feature_map_12_12.v:16) (optimized to 0)
'i1751/feature_map_12_12_inst/feature_map[134][11]' (feature_map_12_12.v:16) (optimized to 0)
'i1751/feature_map_12_12_inst/feature_map[134][12]' (feature_map_12_12.v:16) (optimized to 0)
'i1751/feature_map_12_12_inst/feature_map[134][13]' (feature_map_12_12.v:16) (optimized to 0)
'i1751/feature_map_12_12_inst/feature_map[134][14]' (feature_map_12_12.v:16) (optimized to 0)
'i1751/feature_map_12_12_inst/feature_map[134][15]' (feature_map_12_12.v:16) (optimized to 0)
'i1751/feature_map_12_12_inst/feature_map[134][16]' (feature_map_12_12.v:16) (optimized to 0)
'i1751/feature_map_12_12_inst/feature_map[134][17]' (feature_map_12_12.v:16) (optimized to 0)
'i1751/feature_map_12_12_inst/feature_map[135][0]' (feature_map_12_12.v:16) (optimized to 0)
'i1751/feature_map_12_12_inst/feature_map[135][1]' (feature_map_12_12.v:16) (optimized to 0)
'i1751/feature_map_12_12_inst/feature_map[135][2]' (feature_map_12_12.v:16) (optimized to 0)
'i1751/feature_map_12_12_inst/feature_map[135][4]' (feature_map_12_12.v:16) (optimized to 0)
'i1751/feature_map_12_12_inst/feature_map[135][5]' (feature_map_12_12.v:16) (optimized to 0)
'i1751/feature_map_12_12_inst/feature_map[135][6]' (feature_map_12_12.v:16) (optimized to 0)
'i1751/feature_map_12_12_inst/feature_map[135][8]' (feature_map_12_12.v:16) (optimized to 0)
'i1751/feature_map_12_12_inst/feature_map[135][9]' (feature_map_12_12.v:16) (optimized to 0)
'i1751/feature_map_12_12_inst/feature_map[135][10]' (feature_map_12_12.v:16) (optimized to 0)
'i1751/feature_map_12_12_inst/feature_map[135][11]' (feature_map_12_12.v:16) (optimized to 0)
'i1751/feature_map_12_12_inst/feature_map[135][12]' (feature_map_12_12.v:16) (optimized to 0)
'i1751/feature_map_12_12_inst/feature_map[135][13]' (feature_map_12_12.v:16) (optimized to 0)
'i1751/feature_map_12_12_inst/feature_map[135][14]' (feature_map_12_12.v:16) (optimized to 0)
'i1751/feature_map_12_12_inst/feature_map[135][15]' (feature_map_12_12.v:16) (optimized to 0)
'i1751/feature_map_12_12_inst/feature_map[135][16]' (feature_map_12_12.v:16) (optimized to 0)
'i1751/feature_map_12_12_inst/feature_map[135][17]' (feature_map_12_12.v:16) (optimized to 0)
'i1751/feature_map_12_12_inst/feature_map[136][1]' (feature_map_12_12.v:16) (optimized to 0)
'i1751/feature_map_12_12_inst/feature_map[136][2]' (feature_map_12_12.v:16) (optimized to 0)
'i1751/feature_map_12_12_inst/feature_map[136][4]' (feature_map_12_12.v:16) (optimized to 0)
'i1751/feature_map_12_12_inst/feature_map[136][5]' (feature_map_12_12.v:16) (optimized to 0)
'i1751/feature_map_12_12_inst/feature_map[136][6]' (feature_map_12_12.v:16) (optimized to 0)
'i1751/feature_map_12_12_inst/feature_map[136][8]' (feature_map_12_12.v:16) (optimized to 0)
'i1751/feature_map_12_12_inst/feature_map[136][9]' (feature_map_12_12.v:16) (optimized to 0)
'i1751/feature_map_12_12_inst/feature_map[136][10]' (feature_map_12_12.v:16) (optimized to 0)
'i1751/feature_map_12_12_inst/feature_map[136][11]' (feature_map_12_12.v:16) (optimized to 0)
'i1751/feature_map_12_12_inst/feature_map[136][12]' (feature_map_12_12.v:16) (optimized to 0)
'i1751/feature_map_12_12_inst/feature_map[136][13]' (feature_map_12_12.v:16) (optimized to 0)
'i1751/feature_map_12_12_inst/feature_map[136][14]' (feature_map_12_12.v:16) (optimized to 0)
'i1751/feature_map_12_12_inst/feature_map[136][15]' (feature_map_12_12.v:16) (optimized to 0)
'i1751/feature_map_12_12_inst/feature_map[136][16]' (feature_map_12_12.v:16) (optimized to 0)
'i1751/feature_map_12_12_inst/feature_map[136][17]' (feature_map_12_12.v:16) (optimized to 0)
'i1751/feature_map_12_12_inst/feature_map[137][0]' (feature_map_12_12.v:16) (optimized to 0)
'i1751/feature_map_12_12_inst/feature_map[137][2]' (feature_map_12_12.v:16) (optimized to 0)
'i1751/feature_map_12_12_inst/feature_map[137][4]' (feature_map_12_12.v:16) (optimized to 0)
'i1751/feature_map_12_12_inst/feature_map[137][5]' (feature_map_12_12.v:16) (optimized to 0)
'i1751/feature_map_12_12_inst/feature_map[137][6]' (feature_map_12_12.v:16) (optimized to 0)
'i1751/feature_map_12_12_inst/feature_map[137][8]' (feature_map_12_12.v:16) (optimized to 0)
'i1751/feature_map_12_12_inst/feature_map[137][9]' (feature_map_12_12.v:16) (optimized to 0)
'i1751/feature_map_12_12_inst/feature_map[137][10]' (feature_map_12_12.v:16) (optimized to 0)
'i1751/feature_map_12_12_inst/feature_map[137][11]' (feature_map_12_12.v:16) (optimized to 0)
'i1751/feature_map_12_12_inst/feature_map[137][12]' (feature_map_12_12.v:16) (optimized to 0)
'i1751/feature_map_12_12_inst/feature_map[137][13]' (feature_map_12_12.v:16) (optimized to 0)
'i1751/feature_map_12_12_inst/feature_map[137][14]' (feature_map_12_12.v:16) (optimized to 0)
'i1751/feature_map_12_12_inst/feature_map[137][15]' (feature_map_12_12.v:16) (optimized to 0)
'i1751/feature_map_12_12_inst/feature_map[137][16]' (feature_map_12_12.v:16) (optimized to 0)
'i1751/feature_map_12_12_inst/feature_map[137][17]' (feature_map_12_12.v:16) (optimized to 0)
'i1751/feature_map_12_12_inst/feature_map[138][2]' (feature_map_12_12.v:16) (optimized to 0)
'i1751/feature_map_12_12_inst/feature_map[138][4]' (feature_map_12_12.v:16) (optimized to 0)
'i1751/feature_map_12_12_inst/feature_map[138][5]' (feature_map_12_12.v:16) (optimized to 0)
'i1751/feature_map_12_12_inst/feature_map[138][6]' (feature_map_12_12.v:16) (optimized to 0)
'i1751/feature_map_12_12_inst/feature_map[138][8]' (feature_map_12_12.v:16) (optimized to 0)
'i1751/feature_map_12_12_inst/feature_map[138][9]' (feature_map_12_12.v:16) (optimized to 0)
'i1751/feature_map_12_12_inst/feature_map[138][10]' (feature_map_12_12.v:16) (optimized to 0)
'i1751/feature_map_12_12_inst/feature_map[138][11]' (feature_map_12_12.v:16) (optimized to 0)
'i1751/feature_map_12_12_inst/feature_map[138][12]' (feature_map_12_12.v:16) (optimized to 0)
'i1751/feature_map_12_12_inst/feature_map[138][13]' (feature_map_12_12.v:16) (optimized to 0)
'i1751/feature_map_12_12_inst/feature_map[138][14]' (feature_map_12_12.v:16) (optimized to 0)
'i1751/feature_map_12_12_inst/feature_map[138][15]' (feature_map_12_12.v:16) (optimized to 0)
'i1751/feature_map_12_12_inst/feature_map[138][16]' (feature_map_12_12.v:16) (optimized to 0)
'i1751/feature_map_12_12_inst/feature_map[138][17]' (feature_map_12_12.v:16) (optimized to 0)
'i1751/feature_map_12_12_inst/feature_map[139][0]' (feature_map_12_12.v:16) (optimized to 0)
'i1751/feature_map_12_12_inst/feature_map[139][1]' (feature_map_12_12.v:16) (optimized to 0)
'i1751/feature_map_12_12_inst/feature_map[139][4]' (feature_map_12_12.v:16) (optimized to 0)
'i1751/feature_map_12_12_inst/feature_map[139][5]' (feature_map_12_12.v:16) (optimized to 0)
'i1751/feature_map_12_12_inst/feature_map[139][6]' (feature_map_12_12.v:16) (optimized to 0)
'i1751/feature_map_12_12_inst/feature_map[139][8]' (feature_map_12_12.v:16) (optimized to 0)
'i1751/feature_map_12_12_inst/feature_map[139][9]' (feature_map_12_12.v:16) (optimized to 0)
'i1751/feature_map_12_12_inst/feature_map[139][10]' (feature_map_12_12.v:16) (optimized to 0)
'i1751/feature_map_12_12_inst/feature_map[139][11]' (feature_map_12_12.v:16) (optimized to 0)
'i1751/feature_map_12_12_inst/feature_map[139][12]' (feature_map_12_12.v:16) (optimized to 0)
'i1751/feature_map_12_12_inst/feature_map[139][13]' (feature_map_12_12.v:16) (optimized to 0)
'i1751/feature_map_12_12_inst/feature_map[139][14]' (feature_map_12_12.v:16) (optimized to 0)
'i1751/feature_map_12_12_inst/feature_map[139][15]' (feature_map_12_12.v:16) (optimized to 0)
'i1751/feature_map_12_12_inst/feature_map[139][16]' (feature_map_12_12.v:16) (optimized to 0)
'i1751/feature_map_12_12_inst/feature_map[139][17]' (feature_map_12_12.v:16) (optimized to 0)
'i1751/feature_map_12_12_inst/feature_map[140][1]' (feature_map_12_12.v:16) (optimized to 0)
'i1751/feature_map_12_12_inst/feature_map[140][4]' (feature_map_12_12.v:16) (optimized to 0)
'i1751/feature_map_12_12_inst/feature_map[140][5]' (feature_map_12_12.v:16) (optimized to 0)
'i1751/feature_map_12_12_inst/feature_map[140][6]' (feature_map_12_12.v:16) (optimized to 0)
'i1751/feature_map_12_12_inst/feature_map[140][8]' (feature_map_12_12.v:16) (optimized to 0)
'i1751/feature_map_12_12_inst/feature_map[140][9]' (feature_map_12_12.v:16) (optimized to 0)
'i1751/feature_map_12_12_inst/feature_map[140][10]' (feature_map_12_12.v:16) (optimized to 0)
'i1751/feature_map_12_12_inst/feature_map[140][11]' (feature_map_12_12.v:16) (optimized to 0)
'i1751/feature_map_12_12_inst/feature_map[140][12]' (feature_map_12_12.v:16) (optimized to 0)
'i1751/feature_map_12_12_inst/feature_map[140][13]' (feature_map_12_12.v:16) (optimized to 0)
'i1751/feature_map_12_12_inst/feature_map[140][14]' (feature_map_12_12.v:16) (optimized to 0)
'i1751/feature_map_12_12_inst/feature_map[140][15]' (feature_map_12_12.v:16) (optimized to 0)
'i1751/feature_map_12_12_inst/feature_map[140][16]' (feature_map_12_12.v:16) (optimized to 0)
'i1751/feature_map_12_12_inst/feature_map[140][17]' (feature_map_12_12.v:16) (optimized to 0)
'i1751/feature_map_12_12_inst/feature_map[141][0]' (feature_map_12_12.v:16) (optimized to 0)
'i1751/feature_map_12_12_inst/feature_map[141][4]' (feature_map_12_12.v:16) (optimized to 0)
'i1751/feature_map_12_12_inst/feature_map[141][5]' (feature_map_12_12.v:16) (optimized to 0)
'i1751/feature_map_12_12_inst/feature_map[141][6]' (feature_map_12_12.v:16) (optimized to 0)
'i1751/feature_map_12_12_inst/feature_map[141][8]' (feature_map_12_12.v:16) (optimized to 0)
'i1751/feature_map_12_12_inst/feature_map[141][9]' (feature_map_12_12.v:16) (optimized to 0)
'i1751/feature_map_12_12_inst/feature_map[141][10]' (feature_map_12_12.v:16) (optimized to 0)
'i1751/feature_map_12_12_inst/feature_map[141][11]' (feature_map_12_12.v:16) (optimized to 0)
'i1751/feature_map_12_12_inst/feature_map[141][12]' (feature_map_12_12.v:16) (optimized to 0)
'i1751/feature_map_12_12_inst/feature_map[141][13]' (feature_map_12_12.v:16) (optimized to 0)
'i1751/feature_map_12_12_inst/feature_map[141][14]' (feature_map_12_12.v:16) (optimized to 0)
'i1751/feature_map_12_12_inst/feature_map[141][15]' (feature_map_12_12.v:16) (optimized to 0)
'i1751/feature_map_12_12_inst/feature_map[141][16]' (feature_map_12_12.v:16) (optimized to 0)
'i1751/feature_map_12_12_inst/feature_map[141][17]' (feature_map_12_12.v:16) (optimized to 0)
'i1751/feature_map_12_12_inst/feature_map[142][4]' (feature_map_12_12.v:16) (optimized to 0)
'i1751/feature_map_12_12_inst/feature_map[142][5]' (feature_map_12_12.v:16) (optimized to 0)
'i1751/feature_map_12_12_inst/feature_map[142][6]' (feature_map_12_12.v:16) (optimized to 0)
'i1751/feature_map_12_12_inst/feature_map[142][8]' (feature_map_12_12.v:16) (optimized to 0)
'i1751/feature_map_12_12_inst/feature_map[142][9]' (feature_map_12_12.v:16) (optimized to 0)
'i1751/feature_map_12_12_inst/feature_map[142][10]' (feature_map_12_12.v:16) (optimized to 0)
'i1751/feature_map_12_12_inst/feature_map[142][11]' (feature_map_12_12.v:16) (optimized to 0)
'i1751/feature_map_12_12_inst/feature_map[142][12]' (feature_map_12_12.v:16) (optimized to 0)
'i1751/feature_map_12_12_inst/feature_map[142][13]' (feature_map_12_12.v:16) (optimized to 0)
'i1751/feature_map_12_12_inst/feature_map[142][14]' (feature_map_12_12.v:16) (optimized to 0)
'i1751/feature_map_12_12_inst/feature_map[142][15]' (feature_map_12_12.v:16) (optimized to 0)
'i1751/feature_map_12_12_inst/feature_map[142][16]' (feature_map_12_12.v:16) (optimized to 0)
'i1751/feature_map_12_12_inst/feature_map[142][17]' (feature_map_12_12.v:16) (optimized to 0)
'i1751/feature_map_12_12_inst/feature_map[143][0]' (feature_map_12_12.v:16) (optimized to 0)
'i1751/feature_map_12_12_inst/feature_map[143][1]' (feature_map_12_12.v:16) (optimized to 0)
'i1751/feature_map_12_12_inst/feature_map[143][2]' (feature_map_12_12.v:16) (optimized to 0)
'i1751/feature_map_12_12_inst/feature_map[143][3]' (feature_map_12_12.v:16) (optimized to 0)
'i1751/feature_map_12_12_inst/feature_map[143][5]' (feature_map_12_12.v:16) (optimized to 0)
'i1751/feature_map_12_12_inst/feature_map[143][6]' (feature_map_12_12.v:16) (optimized to 0)
'i1751/feature_map_12_12_inst/feature_map[143][8]' (feature_map_12_12.v:16) (optimized to 0)
'i1751/feature_map_12_12_inst/feature_map[143][9]' (feature_map_12_12.v:16) (optimized to 0)
'i1751/feature_map_12_12_inst/feature_map[143][10]' (feature_map_12_12.v:16) (optimized to 0)
'i1751/feature_map_12_12_inst/feature_map[143][11]' (feature_map_12_12.v:16) (optimized to 0)
'i1751/feature_map_12_12_inst/feature_map[143][12]' (feature_map_12_12.v:16) (optimized to 0)
'i1751/feature_map_12_12_inst/feature_map[143][13]' (feature_map_12_12.v:16) (optimized to 0)
'i1751/feature_map_12_12_inst/feature_map[143][14]' (feature_map_12_12.v:16) (optimized to 0)
'i1751/feature_map_12_12_inst/feature_map[143][15]' (feature_map_12_12.v:16) (optimized to 0)
'i1751/feature_map_12_12_inst/feature_map[143][16]' (feature_map_12_12.v:16) (optimized to 0)
'i1751/feature_map_12_12_inst/feature_map[143][17]' (feature_map_12_12.v:16) (optimized to 0)
'pe_10_10_inst/pe_gen[99].pe_inst/input_reg_a[0][15]' (pe.v:21) (optimized to 0)
'pe_10_10_inst/pe_gen[99].pe_inst/input_reg_a[1][15]' (pe.v:21) (optimized to 0)
'pe_10_10_inst/pe_gen[99].pe_inst/input_reg_a[0][3]' (pe.v:21) (optimized to 0)
'pe_10_10_inst/pe_gen[99].pe_inst/input_reg_a[1][3]' (pe.v:21) (optimized to 0)
'pe_10_10_inst/pe_gen[99].pe_inst/input_reg_a[0][0]' (pe.v:21) (optimized to 0)
'pe_10_10_inst/pe_gen[99].pe_inst/input_reg_a[0][16]' (pe.v:21) (optimized to 0)
'pe_10_10_inst/pe_gen[99].pe_inst/input_reg_a[0][17]' (pe.v:21) (optimized to 0)
'pe_10_10_inst/pe_gen[99].pe_inst/input_reg_a[2][3]' (pe.v:21) (optimized to 0)
'pe_10_10_inst/pe_gen[99].pe_inst/input_reg_a[2][15]' (pe.v:21) (optimized to 0)
'pe_10_10_inst/pe_gen[99].pe_inst/input_reg_a[1][0]' (pe.v:21) (optimized to 0)
'pe_10_10_inst/pe_gen[99].pe_inst/input_reg_a[1][16]' (pe.v:21) (optimized to 0)
'pe_10_10_inst/pe_gen[99].pe_inst/input_reg_a[1][17]' (pe.v:21) (optimized to 0)
'pe_10_10_inst/pe_gen[99].pe_inst/input_reg_a[0][7]' (pe.v:21) (optimized to 0)
'pe_10_10_inst/pe_gen[99].pe_inst/input_reg_a[0][8]' (pe.v:21) (optimized to 0)
'pe_10_10_inst/pe_gen[99].pe_inst/input_reg_a[0][9]' (pe.v:21) (optimized to 0)
'pe_10_10_inst/pe_gen[99].pe_inst/input_reg_a[0][10]' (pe.v:21) (optimized to 0)
'pe_10_10_inst/pe_gen[99].pe_inst/input_reg_a[0][11]' (pe.v:21) (optimized to 0)
'pe_10_10_inst/pe_gen[99].pe_inst/input_reg_a[0][12]' (pe.v:21) (optimized to 0)
'pe_10_10_inst/pe_gen[99].pe_inst/input_reg_a[0][13]' (pe.v:21) (optimized to 0)
'pe_10_10_inst/pe_gen[99].pe_inst/input_reg_a[0][14]' (pe.v:21) (optimized to 0)
'pe_10_10_inst/pe_gen[99].pe_inst/input_reg_a[1][7]' (pe.v:21) (optimized to 0)
'pe_10_10_inst/pe_gen[99].pe_inst/input_reg_a[1][8]' (pe.v:21) (optimized to 0)
'pe_10_10_inst/pe_gen[99].pe_inst/input_reg_a[1][9]' (pe.v:21) (optimized to 0)
'pe_10_10_inst/pe_gen[99].pe_inst/input_reg_a[1][10]' (pe.v:21) (optimized to 0)
'pe_10_10_inst/pe_gen[99].pe_inst/input_reg_a[1][11]' (pe.v:21) (optimized to 0)
'pe_10_10_inst/pe_gen[99].pe_inst/input_reg_a[1][12]' (pe.v:21) (optimized to 0)
'pe_10_10_inst/pe_gen[99].pe_inst/input_reg_a[1][13]' (pe.v:21) (optimized to 0)
'pe_10_10_inst/pe_gen[99].pe_inst/input_reg_a[1][14]' (pe.v:21) (optimized to 0)
'pe_10_10_inst/pe_gen[98].pe_inst/input_reg_a[0][15]' (pe.v:21) (optimized to 0)
'pe_10_10_inst/pe_gen[98].pe_inst/input_reg_a[1][15]' (pe.v:21) (optimized to 0)
'pe_10_10_inst/pe_gen[99].pe_inst/input_reg_a[2][0]' (pe.v:21) (optimized to 0)
'pe_10_10_inst/pe_gen[99].pe_inst/input_reg_a[2][7]' (pe.v:21) (optimized to 0)
'pe_10_10_inst/pe_gen[99].pe_inst/input_reg_a[2][8]' (pe.v:21) (optimized to 0)
'pe_10_10_inst/pe_gen[99].pe_inst/input_reg_a[2][9]' (pe.v:21) (optimized to 0)
'pe_10_10_inst/pe_gen[99].pe_inst/input_reg_a[2][10]' (pe.v:21) (optimized to 0)
'pe_10_10_inst/pe_gen[99].pe_inst/input_reg_a[2][11]' (pe.v:21) (optimized to 0)
'pe_10_10_inst/pe_gen[99].pe_inst/input_reg_a[2][12]' (pe.v:21) (optimized to 0)
'pe_10_10_inst/pe_gen[99].pe_inst/input_reg_a[2][13]' (pe.v:21) (optimized to 0)
'pe_10_10_inst/pe_gen[99].pe_inst/input_reg_a[2][14]' (pe.v:21) (optimized to 0)
'pe_10_10_inst/pe_gen[99].pe_inst/input_reg_a[2][16]' (pe.v:21) (optimized to 0)
'pe_10_10_inst/pe_gen[99].pe_inst/input_reg_a[2][17]' (pe.v:21) (optimized to 0)
'pe_10_10_inst/pe_gen[89].pe_inst/input_reg_a[0][15]' (pe.v:21) (optimized to 0)
'pe_10_10_inst/pe_gen[89].pe_inst/input_reg_a[1][15]' (pe.v:21) (optimized to 0)
'pe_10_10_inst/pe_gen[98].pe_inst/input_reg_a[2][15]' (pe.v:21) (optimized to 0)
'pe_10_10_inst/pe_gen[98].pe_inst/input_reg_a[0][3]' (pe.v:21) (optimized to 0)
'pe_10_10_inst/pe_gen[98].pe_inst/input_reg_a[1][3]' (pe.v:21) (optimized to 0)
'pe_10_10_inst/pe_gen[89].pe_inst/input_reg_a[2][15]' (pe.v:21) (optimized to 0)
'pe_10_10_inst/pe_gen[97].pe_inst/input_reg_a[0][15]' (pe.v:21) (optimized to 0)
'pe_10_10_inst/pe_gen[97].pe_inst/input_reg_a[1][15]' (pe.v:21) (optimized to 0)
'pe_10_10_inst/pe_gen[98].pe_inst/input_reg_a[0][16]' (pe.v:21) (optimized to 0)
'pe_10_10_inst/pe_gen[98].pe_inst/input_reg_a[0][17]' (pe.v:21) (optimized to 0)
'pe_10_10_inst/pe_gen[98].pe_inst/input_reg_a[2][3]' (pe.v:21) (optimized to 0)
'pe_10_10_inst/pe_gen[98].pe_inst/input_reg_a[1][16]' (pe.v:21) (optimized to 0)
'pe_10_10_inst/pe_gen[98].pe_inst/input_reg_a[1][17]' (pe.v:21) (optimized to 0)
'pe_10_10_inst/pe_gen[88].pe_inst/input_reg_a[0][15]' (pe.v:21) (optimized to 0)
'pe_10_10_inst/pe_gen[88].pe_inst/input_reg_a[1][15]' (pe.v:21) (optimized to 0)
'pe_10_10_inst/pe_gen[89].pe_inst/input_reg_a[0][16]' (pe.v:21) (optimized to 0)
'pe_10_10_inst/pe_gen[89].pe_inst/input_reg_a[0][17]' (pe.v:21) (optimized to 0)
'pe_10_10_inst/pe_gen[89].pe_inst/input_reg_a[1][16]' (pe.v:21) (optimized to 0)
'pe_10_10_inst/pe_gen[89].pe_inst/input_reg_a[1][17]' (pe.v:21) (optimized to 0)
'pe_10_10_inst/pe_gen[89].pe_inst/input_reg_a[0][7]' (pe.v:21) (optimized to 0)
'pe_10_10_inst/pe_gen[89].pe_inst/input_reg_a[0][8]' (pe.v:21) (optimized to 0)
'pe_10_10_inst/pe_gen[89].pe_inst/input_reg_a[0][9]' (pe.v:21) (optimized to 0)
'pe_10_10_inst/pe_gen[89].pe_inst/input_reg_a[0][10]' (pe.v:21) (optimized to 0)
'pe_10_10_inst/pe_gen[89].pe_inst/input_reg_a[0][11]' (pe.v:21) (optimized to 0)
'pe_10_10_inst/pe_gen[89].pe_inst/input_reg_a[0][12]' (pe.v:21) (optimized to 0)
'pe_10_10_inst/pe_gen[89].pe_inst/input_reg_a[0][13]' (pe.v:21) (optimized to 0)
'pe_10_10_inst/pe_gen[89].pe_inst/input_reg_a[0][14]' (pe.v:21) (optimized to 0)
'pe_10_10_inst/pe_gen[89].pe_inst/input_reg_a[1][7]' (pe.v:21) (optimized to 0)
'pe_10_10_inst/pe_gen[89].pe_inst/input_reg_a[1][8]' (pe.v:21) (optimized to 0)
'pe_10_10_inst/pe_gen[89].pe_inst/input_reg_a[1][9]' (pe.v:21) (optimized to 0)
'pe_10_10_inst/pe_gen[89].pe_inst/input_reg_a[1][10]' (pe.v:21) (optimized to 0)
'pe_10_10_inst/pe_gen[89].pe_inst/input_reg_a[1][11]' (pe.v:21) (optimized to 0)
'pe_10_10_inst/pe_gen[89].pe_inst/input_reg_a[1][12]' (pe.v:21) (optimized to 0)
'pe_10_10_inst/pe_gen[89].pe_inst/input_reg_a[1][13]' (pe.v:21) (optimized to 0)
'pe_10_10_inst/pe_gen[89].pe_inst/input_reg_a[1][14]' (pe.v:21) (optimized to 0)
'pe_10_10_inst/pe_gen[97].pe_inst/input_reg_a[2][15]' (pe.v:21) (optimized to 0)
'pe_10_10_inst/pe_gen[98].pe_inst/input_reg_a[2][16]' (pe.v:21) (optimized to 0)
'pe_10_10_inst/pe_gen[98].pe_inst/input_reg_a[2][17]' (pe.v:21) (optimized to 0)
'pe_10_10_inst/pe_gen[98].pe_inst/input_reg_a[0][7]' (pe.v:21) (optimized to 0)
'pe_10_10_inst/pe_gen[98].pe_inst/input_reg_a[0][8]' (pe.v:21) (optimized to 0)
'pe_10_10_inst/pe_gen[98].pe_inst/input_reg_a[0][9]' (pe.v:21) (optimized to 0)
'pe_10_10_inst/pe_gen[98].pe_inst/input_reg_a[0][10]' (pe.v:21) (optimized to 0)
'pe_10_10_inst/pe_gen[98].pe_inst/input_reg_a[0][11]' (pe.v:21) (optimized to 0)
'pe_10_10_inst/pe_gen[98].pe_inst/input_reg_a[0][12]' (pe.v:21) (optimized to 0)
'pe_10_10_inst/pe_gen[98].pe_inst/input_reg_a[0][13]' (pe.v:21) (optimized to 0)
'pe_10_10_inst/pe_gen[98].pe_inst/input_reg_a[0][14]' (pe.v:21) (optimized to 0)
'pe_10_10_inst/pe_gen[98].pe_inst/input_reg_a[1][7]' (pe.v:21) (optimized to 0)
'pe_10_10_inst/pe_gen[98].pe_inst/input_reg_a[1][8]' (pe.v:21) (optimized to 0)
'pe_10_10_inst/pe_gen[98].pe_inst/input_reg_a[1][9]' (pe.v:21) (optimized to 0)
'pe_10_10_inst/pe_gen[98].pe_inst/input_reg_a[1][10]' (pe.v:21) (optimized to 0)
'pe_10_10_inst/pe_gen[98].pe_inst/input_reg_a[1][11]' (pe.v:21) (optimized to 0)
'pe_10_10_inst/pe_gen[98].pe_inst/input_reg_a[1][12]' (pe.v:21) (optimized to 0)
'pe_10_10_inst/pe_gen[98].pe_inst/input_reg_a[1][13]' (pe.v:21) (optimized to 0)
'pe_10_10_inst/pe_gen[98].pe_inst/input_reg_a[1][14]' (pe.v:21) (optimized to 0)
'pe_10_10_inst/pe_gen[79].pe_inst/input_reg_a[0][15]' (pe.v:21) (optimized to 0)
'pe_10_10_inst/pe_gen[79].pe_inst/input_reg_a[1][15]' (pe.v:21) (optimized to 0)
'pe_10_10_inst/pe_gen[88].pe_inst/input_reg_a[2][15]' (pe.v:21) (optimized to 0)
'pe_10_10_inst/pe_gen[89].pe_inst/input_reg_a[0][0]' (pe.v:21) (optimized to 0)
'pe_10_10_inst/pe_gen[89].pe_inst/input_reg_a[2][7]' (pe.v:21) (optimized to 0)
'pe_10_10_inst/pe_gen[89].pe_inst/input_reg_a[2][8]' (pe.v:21) (optimized to 0)
'pe_10_10_inst/pe_gen[89].pe_inst/input_reg_a[2][9]' (pe.v:21) (optimized to 0)
'pe_10_10_inst/pe_gen[89].pe_inst/input_reg_a[2][10]' (pe.v:21) (optimized to 0)
'pe_10_10_inst/pe_gen[89].pe_inst/input_reg_a[2][11]' (pe.v:21) (optimized to 0)
'pe_10_10_inst/pe_gen[89].pe_inst/input_reg_a[2][12]' (pe.v:21) (optimized to 0)
'pe_10_10_inst/pe_gen[89].pe_inst/input_reg_a[2][13]' (pe.v:21) (optimized to 0)
'pe_10_10_inst/pe_gen[89].pe_inst/input_reg_a[2][14]' (pe.v:21) (optimized to 0)
'pe_10_10_inst/pe_gen[89].pe_inst/input_reg_a[2][16]' (pe.v:21) (optimized to 0)
'pe_10_10_inst/pe_gen[89].pe_inst/input_reg_a[2][17]' (pe.v:21) (optimized to 0)
'pe_10_10_inst/pe_gen[89].pe_inst/input_reg_a[1][0]' (pe.v:21) (optimized to 0)
'pe_10_10_inst/pe_gen[96].pe_inst/input_reg_a[0][15]' (pe.v:21) (optimized to 0)
'pe_10_10_inst/pe_gen[96].pe_inst/input_reg_a[1][15]' (pe.v:21) (optimized to 0)
'pe_10_10_inst/pe_gen[97].pe_inst/input_reg_a[0][3]' (pe.v:21) (optimized to 0)
'pe_10_10_inst/pe_gen[97].pe_inst/input_reg_a[1][3]' (pe.v:21) (optimized to 0)
'pe_10_10_inst/pe_gen[98].pe_inst/input_reg_a[2][7]' (pe.v:21) (optimized to 0)
'pe_10_10_inst/pe_gen[98].pe_inst/input_reg_a[2][8]' (pe.v:21) (optimized to 0)
'pe_10_10_inst/pe_gen[98].pe_inst/input_reg_a[2][9]' (pe.v:21) (optimized to 0)
'pe_10_10_inst/pe_gen[98].pe_inst/input_reg_a[2][10]' (pe.v:21) (optimized to 0)
'pe_10_10_inst/pe_gen[98].pe_inst/input_reg_a[2][11]' (pe.v:21) (optimized to 0)
'pe_10_10_inst/pe_gen[98].pe_inst/input_reg_a[2][12]' (pe.v:21) (optimized to 0)
'pe_10_10_inst/pe_gen[98].pe_inst/input_reg_a[2][13]' (pe.v:21) (optimized to 0)
'pe_10_10_inst/pe_gen[98].pe_inst/input_reg_a[2][14]' (pe.v:21) (optimized to 0)
'pe_10_10_inst/pe_gen[79].pe_inst/input_reg_a[2][15]' (pe.v:21) (optimized to 0)
'pe_10_10_inst/pe_gen[87].pe_inst/input_reg_a[0][15]' (pe.v:21) (optimized to 0)
'pe_10_10_inst/pe_gen[87].pe_inst/input_reg_a[1][15]' (pe.v:21) (optimized to 0)
'pe_10_10_inst/pe_gen[89].pe_inst/input_reg_a[2][0]' (pe.v:21) (optimized to 0)
'pe_10_10_inst/pe_gen[96].pe_inst/input_reg_a[2][15]' (pe.v:21) (optimized to 0)
'pe_10_10_inst/pe_gen[97].pe_inst/input_reg_a[0][16]' (pe.v:21) (optimized to 0)
'pe_10_10_inst/pe_gen[97].pe_inst/input_reg_a[0][17]' (pe.v:21) (optimized to 0)
'pe_10_10_inst/pe_gen[97].pe_inst/input_reg_a[2][3]' (pe.v:21) (optimized to 0)
'pe_10_10_inst/pe_gen[97].pe_inst/input_reg_a[1][16]' (pe.v:21) (optimized to 0)
'pe_10_10_inst/pe_gen[97].pe_inst/input_reg_a[1][17]' (pe.v:21) (optimized to 0)
'pe_10_10_inst/pe_gen[78].pe_inst/input_reg_a[0][15]' (pe.v:21) (optimized to 0)
'pe_10_10_inst/pe_gen[78].pe_inst/input_reg_a[1][15]' (pe.v:21) (optimized to 0)
'pe_10_10_inst/pe_gen[87].pe_inst/input_reg_a[2][15]' (pe.v:21) (optimized to 0)
'pe_10_10_inst/pe_gen[88].pe_inst/input_reg_a[0][16]' (pe.v:21) (optimized to 0)
'pe_10_10_inst/pe_gen[88].pe_inst/input_reg_a[0][17]' (pe.v:21) (optimized to 0)
'pe_10_10_inst/pe_gen[88].pe_inst/input_reg_a[1][16]' (pe.v:21) (optimized to 0)
'pe_10_10_inst/pe_gen[88].pe_inst/input_reg_a[1][17]' (pe.v:21) (optimized to 0)
'pe_10_10_inst/pe_gen[95].pe_inst/input_reg_a[0][15]' (pe.v:21) (optimized to 0)
'pe_10_10_inst/pe_gen[95].pe_inst/input_reg_a[1][15]' (pe.v:21) (optimized to 0)
'pe_10_10_inst/pe_gen[97].pe_inst/input_reg_a[2][16]' (pe.v:21) (optimized to 0)
'pe_10_10_inst/pe_gen[97].pe_inst/input_reg_a[2][17]' (pe.v:21) (optimized to 0)
'pe_10_10_inst/pe_gen[69].pe_inst/input_reg_a[0][15]' (pe.v:21) (optimized to 0)
'pe_10_10_inst/pe_gen[69].pe_inst/input_reg_a[1][15]' (pe.v:21) (optimized to 0)
'pe_10_10_inst/pe_gen[78].pe_inst/input_reg_a[2][15]' (pe.v:21) (optimized to 0)
'pe_10_10_inst/pe_gen[79].pe_inst/input_reg_a[0][16]' (pe.v:21) (optimized to 0)
'pe_10_10_inst/pe_gen[79].pe_inst/input_reg_a[0][17]' (pe.v:21) (optimized to 0)
'pe_10_10_inst/pe_gen[79].pe_inst/input_reg_a[1][16]' (pe.v:21) (optimized to 0)
'pe_10_10_inst/pe_gen[79].pe_inst/input_reg_a[1][17]' (pe.v:21) (optimized to 0)
'pe_10_10_inst/pe_gen[79].pe_inst/input_reg_a[0][7]' (pe.v:21) (optimized to 0)
'pe_10_10_inst/pe_gen[79].pe_inst/input_reg_a[0][8]' (pe.v:21) (optimized to 0)
'pe_10_10_inst/pe_gen[79].pe_inst/input_reg_a[0][9]' (pe.v:21) (optimized to 0)
'pe_10_10_inst/pe_gen[79].pe_inst/input_reg_a[0][10]' (pe.v:21) (optimized to 0)
'pe_10_10_inst/pe_gen[79].pe_inst/input_reg_a[0][11]' (pe.v:21) (optimized to 0)
'pe_10_10_inst/pe_gen[79].pe_inst/input_reg_a[0][12]' (pe.v:21) (optimized to 0)
'pe_10_10_inst/pe_gen[79].pe_inst/input_reg_a[0][13]' (pe.v:21) (optimized to 0)
'pe_10_10_inst/pe_gen[79].pe_inst/input_reg_a[0][14]' (pe.v:21) (optimized to 0)
'pe_10_10_inst/pe_gen[79].pe_inst/input_reg_a[1][7]' (pe.v:21) (optimized to 0)
'pe_10_10_inst/pe_gen[79].pe_inst/input_reg_a[1][8]' (pe.v:21) (optimized to 0)
'pe_10_10_inst/pe_gen[79].pe_inst/input_reg_a[1][9]' (pe.v:21) (optimized to 0)
'pe_10_10_inst/pe_gen[79].pe_inst/input_reg_a[1][10]' (pe.v:21) (optimized to 0)
'pe_10_10_inst/pe_gen[79].pe_inst/input_reg_a[1][11]' (pe.v:21) (optimized to 0)
'pe_10_10_inst/pe_gen[79].pe_inst/input_reg_a[1][12]' (pe.v:21) (optimized to 0)
'pe_10_10_inst/pe_gen[79].pe_inst/input_reg_a[1][13]' (pe.v:21) (optimized to 0)
'pe_10_10_inst/pe_gen[79].pe_inst/input_reg_a[1][14]' (pe.v:21) (optimized to 0)
'pe_10_10_inst/pe_gen[86].pe_inst/input_reg_a[0][15]' (pe.v:21) (optimized to 0)
'pe_10_10_inst/pe_gen[86].pe_inst/input_reg_a[1][15]' (pe.v:21) (optimized to 0)
'pe_10_10_inst/pe_gen[88].pe_inst/input_reg_a[2][16]' (pe.v:21) (optimized to 0)
'pe_10_10_inst/pe_gen[88].pe_inst/input_reg_a[2][17]' (pe.v:21) (optimized to 0)
'pe_10_10_inst/pe_gen[88].pe_inst/input_reg_a[0][7]' (pe.v:21) (optimized to 0)
'pe_10_10_inst/pe_gen[88].pe_inst/input_reg_a[0][8]' (pe.v:21) (optimized to 0)
'pe_10_10_inst/pe_gen[88].pe_inst/input_reg_a[0][9]' (pe.v:21) (optimized to 0)
'pe_10_10_inst/pe_gen[88].pe_inst/input_reg_a[0][10]' (pe.v:21) (optimized to 0)
'pe_10_10_inst/pe_gen[88].pe_inst/input_reg_a[0][11]' (pe.v:21) (optimized to 0)
'pe_10_10_inst/pe_gen[88].pe_inst/input_reg_a[0][12]' (pe.v:21) (optimized to 0)
'pe_10_10_inst/pe_gen[88].pe_inst/input_reg_a[0][13]' (pe.v:21) (optimized to 0)
'pe_10_10_inst/pe_gen[88].pe_inst/input_reg_a[0][14]' (pe.v:21) (optimized to 0)
'pe_10_10_inst/pe_gen[88].pe_inst/input_reg_a[1][7]' (pe.v:21) (optimized to 0)
'pe_10_10_inst/pe_gen[88].pe_inst/input_reg_a[1][8]' (pe.v:21) (optimized to 0)
'pe_10_10_inst/pe_gen[88].pe_inst/input_reg_a[1][9]' (pe.v:21) (optimized to 0)
'pe_10_10_inst/pe_gen[88].pe_inst/input_reg_a[1][10]' (pe.v:21) (optimized to 0)
'pe_10_10_inst/pe_gen[88].pe_inst/input_reg_a[1][11]' (pe.v:21) (optimized to 0)
'pe_10_10_inst/pe_gen[88].pe_inst/input_reg_a[1][12]' (pe.v:21) (optimized to 0)
'pe_10_10_inst/pe_gen[88].pe_inst/input_reg_a[1][13]' (pe.v:21) (optimized to 0)
'pe_10_10_inst/pe_gen[88].pe_inst/input_reg_a[1][14]' (pe.v:21) (optimized to 0)
'pe_10_10_inst/pe_gen[95].pe_inst/input_reg_a[2][15]' (pe.v:21) (optimized to 0)
'pe_10_10_inst/pe_gen[96].pe_inst/input_reg_a[0][3]' (pe.v:21) (optimized to 0)
'pe_10_10_inst/pe_gen[96].pe_inst/input_reg_a[1][3]' (pe.v:21) (optimized to 0)
'pe_10_10_inst/pe_gen[97].pe_inst/input_reg_a[0][7]' (pe.v:21) (optimized to 0)
'pe_10_10_inst/pe_gen[97].pe_inst/input_reg_a[0][8]' (pe.v:21) (optimized to 0)
'pe_10_10_inst/pe_gen[97].pe_inst/input_reg_a[0][9]' (pe.v:21) (optimized to 0)
'pe_10_10_inst/pe_gen[97].pe_inst/input_reg_a[0][10]' (pe.v:21) (optimized to 0)
'pe_10_10_inst/pe_gen[97].pe_inst/input_reg_a[0][11]' (pe.v:21) (optimized to 0)
'pe_10_10_inst/pe_gen[97].pe_inst/input_reg_a[0][12]' (pe.v:21) (optimized to 0)
'pe_10_10_inst/pe_gen[97].pe_inst/input_reg_a[0][13]' (pe.v:21) (optimized to 0)
'pe_10_10_inst/pe_gen[97].pe_inst/input_reg_a[0][14]' (pe.v:21) (optimized to 0)
'pe_10_10_inst/pe_gen[97].pe_inst/input_reg_a[1][7]' (pe.v:21) (optimized to 0)
'pe_10_10_inst/pe_gen[97].pe_inst/input_reg_a[1][8]' (pe.v:21) (optimized to 0)
'pe_10_10_inst/pe_gen[97].pe_inst/input_reg_a[1][9]' (pe.v:21) (optimized to 0)
'pe_10_10_inst/pe_gen[97].pe_inst/input_reg_a[1][10]' (pe.v:21) (optimized to 0)
'pe_10_10_inst/pe_gen[97].pe_inst/input_reg_a[1][11]' (pe.v:21) (optimized to 0)
'pe_10_10_inst/pe_gen[97].pe_inst/input_reg_a[1][12]' (pe.v:21) (optimized to 0)
'pe_10_10_inst/pe_gen[97].pe_inst/input_reg_a[1][13]' (pe.v:21) (optimized to 0)
'pe_10_10_inst/pe_gen[97].pe_inst/input_reg_a[1][14]' (pe.v:21) (optimized to 0)
'pe_10_10_inst/pe_gen[69].pe_inst/input_reg_a[2][15]' (pe.v:21) (optimized to 0)
'pe_10_10_inst/pe_gen[77].pe_inst/input_reg_a[0][15]' (pe.v:21) (optimized to 0)
'pe_10_10_inst/pe_gen[77].pe_inst/input_reg_a[1][15]' (pe.v:21) (optimized to 0)
'pe_10_10_inst/pe_gen[79].pe_inst/input_reg_a[2][7]' (pe.v:21) (optimized to 0)
'pe_10_10_inst/pe_gen[79].pe_inst/input_reg_a[2][8]' (pe.v:21) (optimized to 0)
'pe_10_10_inst/pe_gen[79].pe_inst/input_reg_a[2][9]' (pe.v:21) (optimized to 0)
'pe_10_10_inst/pe_gen[79].pe_inst/input_reg_a[2][10]' (pe.v:21) (optimized to 0)
'pe_10_10_inst/pe_gen[79].pe_inst/input_reg_a[2][11]' (pe.v:21) (optimized to 0)
'pe_10_10_inst/pe_gen[79].pe_inst/input_reg_a[2][12]' (pe.v:21) (optimized to 0)
'pe_10_10_inst/pe_gen[79].pe_inst/input_reg_a[2][13]' (pe.v:21) (optimized to 0)
'pe_10_10_inst/pe_gen[79].pe_inst/input_reg_a[2][14]' (pe.v:21) (optimized to 0)
'pe_10_10_inst/pe_gen[79].pe_inst/input_reg_a[2][16]' (pe.v:21) (optimized to 0)
'pe_10_10_inst/pe_gen[79].pe_inst/input_reg_a[2][17]' (pe.v:21) (optimized to 0)
'pe_10_10_inst/pe_gen[86].pe_inst/input_reg_a[2][15]' (pe.v:21) (optimized to 0)
'pe_10_10_inst/pe_gen[88].pe_inst/input_reg_a[2][7]' (pe.v:21) (optimized to 0)
'pe_10_10_inst/pe_gen[88].pe_inst/input_reg_a[2][8]' (pe.v:21) (optimized to 0)
'pe_10_10_inst/pe_gen[88].pe_inst/input_reg_a[2][9]' (pe.v:21) (optimized to 0)
'pe_10_10_inst/pe_gen[88].pe_inst/input_reg_a[2][10]' (pe.v:21) (optimized to 0)
'pe_10_10_inst/pe_gen[88].pe_inst/input_reg_a[2][11]' (pe.v:21) (optimized to 0)
'pe_10_10_inst/pe_gen[88].pe_inst/input_reg_a[2][12]' (pe.v:21) (optimized to 0)
'pe_10_10_inst/pe_gen[88].pe_inst/input_reg_a[2][13]' (pe.v:21) (optimized to 0)
'pe_10_10_inst/pe_gen[88].pe_inst/input_reg_a[2][14]' (pe.v:21) (optimized to 0)
'pe_10_10_inst/pe_gen[94].pe_inst/input_reg_a[0][15]' (pe.v:21) (optimized to 0)
'pe_10_10_inst/pe_gen[94].pe_inst/input_reg_a[1][15]' (pe.v:21) (optimized to 0)
'pe_10_10_inst/pe_gen[96].pe_inst/input_reg_a[0][16]' (pe.v:21) (optimized to 0)
'pe_10_10_inst/pe_gen[96].pe_inst/input_reg_a[0][17]' (pe.v:21) (optimized to 0)
'pe_10_10_inst/pe_gen[96].pe_inst/input_reg_a[2][3]' (pe.v:21) (optimized to 0)
'pe_10_10_inst/pe_gen[96].pe_inst/input_reg_a[1][16]' (pe.v:21) (optimized to 0)
'pe_10_10_inst/pe_gen[96].pe_inst/input_reg_a[1][17]' (pe.v:21) (optimized to 0)
'pe_10_10_inst/pe_gen[97].pe_inst/input_reg_a[2][7]' (pe.v:21) (optimized to 0)
'pe_10_10_inst/pe_gen[97].pe_inst/input_reg_a[2][8]' (pe.v:21) (optimized to 0)
'pe_10_10_inst/pe_gen[97].pe_inst/input_reg_a[2][9]' (pe.v:21) (optimized to 0)
'pe_10_10_inst/pe_gen[97].pe_inst/input_reg_a[2][10]' (pe.v:21) (optimized to 0)
'pe_10_10_inst/pe_gen[97].pe_inst/input_reg_a[2][11]' (pe.v:21) (optimized to 0)
'pe_10_10_inst/pe_gen[97].pe_inst/input_reg_a[2][12]' (pe.v:21) (optimized to 0)
'pe_10_10_inst/pe_gen[97].pe_inst/input_reg_a[2][13]' (pe.v:21) (optimized to 0)
'pe_10_10_inst/pe_gen[97].pe_inst/input_reg_a[2][14]' (pe.v:21) (optimized to 0)
'pe_10_10_inst/pe_gen[68].pe_inst/input_reg_a[0][15]' (pe.v:21) (optimized to 0)
'pe_10_10_inst/pe_gen[68].pe_inst/input_reg_a[1][15]' (pe.v:21) (optimized to 0)
'pe_10_10_inst/pe_gen[77].pe_inst/input_reg_a[2][15]' (pe.v:21) (optimized to 0)
'pe_10_10_inst/pe_gen[79].pe_inst/input_reg_a[0][0]' (pe.v:21) (optimized to 0)
'pe_10_10_inst/pe_gen[79].pe_inst/input_reg_a[1][0]' (pe.v:21) (optimized to 0)
'pe_10_10_inst/pe_gen[85].pe_inst/input_reg_a[0][15]' (pe.v:21) (optimized to 0)
'pe_10_10_inst/pe_gen[85].pe_inst/input_reg_a[1][15]' (pe.v:21) (optimized to 0)
'pe_10_10_inst/pe_gen[87].pe_inst/input_reg_a[0][16]' (pe.v:21) (optimized to 0)
'pe_10_10_inst/pe_gen[87].pe_inst/input_reg_a[0][17]' (pe.v:21) (optimized to 0)
'pe_10_10_inst/pe_gen[87].pe_inst/input_reg_a[1][16]' (pe.v:21) (optimized to 0)
'pe_10_10_inst/pe_gen[87].pe_inst/input_reg_a[1][17]' (pe.v:21) (optimized to 0)
'pe_10_10_inst/pe_gen[94].pe_inst/input_reg_a[2][15]' (pe.v:21) (optimized to 0)
'pe_10_10_inst/pe_gen[96].pe_inst/input_reg_a[2][16]' (pe.v:21) (optimized to 0)
'pe_10_10_inst/pe_gen[96].pe_inst/input_reg_a[2][17]' (pe.v:21) (optimized to 0)
'pe_10_10_inst/pe_gen[59].pe_inst/input_reg_a[0][15]' (pe.v:21) (optimized to 0)
'pe_10_10_inst/pe_gen[59].pe_inst/input_reg_a[1][15]' (pe.v:21) (optimized to 0)
'pe_10_10_inst/pe_gen[68].pe_inst/input_reg_a[2][15]' (pe.v:21) (optimized to 0)
'pe_10_10_inst/pe_gen[76].pe_inst/input_reg_a[0][15]' (pe.v:21) (optimized to 0)
'pe_10_10_inst/pe_gen[76].pe_inst/input_reg_a[1][15]' (pe.v:21) (optimized to 0)
'pe_10_10_inst/pe_gen[78].pe_inst/input_reg_a[0][16]' (pe.v:21) (optimized to 0)
'pe_10_10_inst/pe_gen[78].pe_inst/input_reg_a[0][17]' (pe.v:21) (optimized to 0)
'pe_10_10_inst/pe_gen[78].pe_inst/input_reg_a[1][16]' (pe.v:21) (optimized to 0)
'pe_10_10_inst/pe_gen[78].pe_inst/input_reg_a[1][17]' (pe.v:21) (optimized to 0)
'pe_10_10_inst/pe_gen[79].pe_inst/input_reg_a[2][0]' (pe.v:21) (optimized to 0)
'pe_10_10_inst/pe_gen[85].pe_inst/input_reg_a[2][15]' (pe.v:21) (optimized to 0)
'pe_10_10_inst/pe_gen[87].pe_inst/input_reg_a[2][16]' (pe.v:21) (optimized to 0)
'pe_10_10_inst/pe_gen[87].pe_inst/input_reg_a[2][17]' (pe.v:21) (optimized to 0)
'pe_10_10_inst/pe_gen[93].pe_inst/input_reg_a[0][15]' (pe.v:21) (optimized to 0)
'pe_10_10_inst/pe_gen[93].pe_inst/input_reg_a[1][15]' (pe.v:21) (optimized to 0)
'pe_10_10_inst/pe_gen[95].pe_inst/input_reg_a[0][3]' (pe.v:21) (optimized to 0)
'pe_10_10_inst/pe_gen[95].pe_inst/input_reg_a[1][3]' (pe.v:21) (optimized to 0)
'pe_10_10_inst/pe_gen[59].pe_inst/input_reg_a[2][15]' (pe.v:21) (optimized to 0)
'pe_10_10_inst/pe_gen[67].pe_inst/input_reg_a[0][15]' (pe.v:21) (optimized to 0)
'pe_10_10_inst/pe_gen[67].pe_inst/input_reg_a[1][15]' (pe.v:21) (optimized to 0)
'pe_10_10_inst/pe_gen[69].pe_inst/input_reg_a[0][16]' (pe.v:21) (optimized to 0)
'pe_10_10_inst/pe_gen[69].pe_inst/input_reg_a[0][17]' (pe.v:21) (optimized to 0)
'pe_10_10_inst/pe_gen[69].pe_inst/input_reg_a[1][16]' (pe.v:21) (optimized to 0)
'pe_10_10_inst/pe_gen[69].pe_inst/input_reg_a[1][17]' (pe.v:21) (optimized to 0)
'pe_10_10_inst/pe_gen[69].pe_inst/input_reg_a[0][7]' (pe.v:21) (optimized to 0)
'pe_10_10_inst/pe_gen[69].pe_inst/input_reg_a[0][8]' (pe.v:21) (optimized to 0)
'pe_10_10_inst/pe_gen[69].pe_inst/input_reg_a[0][9]' (pe.v:21) (optimized to 0)
'pe_10_10_inst/pe_gen[69].pe_inst/input_reg_a[0][10]' (pe.v:21) (optimized to 0)
'pe_10_10_inst/pe_gen[69].pe_inst/input_reg_a[0][11]' (pe.v:21) (optimized to 0)
'pe_10_10_inst/pe_gen[69].pe_inst/input_reg_a[0][12]' (pe.v:21) (optimized to 0)
'pe_10_10_inst/pe_gen[69].pe_inst/input_reg_a[0][13]' (pe.v:21) (optimized to 0)
'pe_10_10_inst/pe_gen[69].pe_inst/input_reg_a[0][14]' (pe.v:21) (optimized to 0)
'pe_10_10_inst/pe_gen[69].pe_inst/input_reg_a[1][7]' (pe.v:21) (optimized to 0)
'pe_10_10_inst/pe_gen[69].pe_inst/input_reg_a[1][8]' (pe.v:21) (optimized to 0)
'pe_10_10_inst/pe_gen[69].pe_inst/input_reg_a[1][9]' (pe.v:21) (optimized to 0)
'pe_10_10_inst/pe_gen[69].pe_inst/input_reg_a[1][10]' (pe.v:21) (optimized to 0)
'pe_10_10_inst/pe_gen[69].pe_inst/input_reg_a[1][11]' (pe.v:21) (optimized to 0)
'pe_10_10_inst/pe_gen[69].pe_inst/input_reg_a[1][12]' (pe.v:21) (optimized to 0)
'pe_10_10_inst/pe_gen[69].pe_inst/input_reg_a[1][13]' (pe.v:21) (optimized to 0)
'pe_10_10_inst/pe_gen[69].pe_inst/input_reg_a[1][14]' (pe.v:21) (optimized to 0)
'pe_10_10_inst/pe_gen[76].pe_inst/input_reg_a[2][15]' (pe.v:21) (optimized to 0)
'pe_10_10_inst/pe_gen[78].pe_inst/input_reg_a[2][16]' (pe.v:21) (optimized to 0)
'pe_10_10_inst/pe_gen[78].pe_inst/input_reg_a[2][17]' (pe.v:21) (optimized to 0)
'pe_10_10_inst/pe_gen[78].pe_inst/input_reg_a[0][7]' (pe.v:21) (optimized to 0)
'pe_10_10_inst/pe_gen[78].pe_inst/input_reg_a[0][8]' (pe.v:21) (optimized to 0)
'pe_10_10_inst/pe_gen[78].pe_inst/input_reg_a[0][9]' (pe.v:21) (optimized to 0)
'pe_10_10_inst/pe_gen[78].pe_inst/input_reg_a[0][10]' (pe.v:21) (optimized to 0)
'pe_10_10_inst/pe_gen[78].pe_inst/input_reg_a[0][11]' (pe.v:21) (optimized to 0)
'pe_10_10_inst/pe_gen[78].pe_inst/input_reg_a[0][12]' (pe.v:21) (optimized to 0)
'pe_10_10_inst/pe_gen[78].pe_inst/input_reg_a[0][13]' (pe.v:21) (optimized to 0)
'pe_10_10_inst/pe_gen[78].pe_inst/input_reg_a[0][14]' (pe.v:21) (optimized to 0)
'pe_10_10_inst/pe_gen[78].pe_inst/input_reg_a[1][7]' (pe.v:21) (optimized to 0)
'pe_10_10_inst/pe_gen[78].pe_inst/input_reg_a[1][8]' (pe.v:21) (optimized to 0)
'pe_10_10_inst/pe_gen[78].pe_inst/input_reg_a[1][9]' (pe.v:21) (optimized to 0)
'pe_10_10_inst/pe_gen[78].pe_inst/input_reg_a[1][10]' (pe.v:21) (optimized to 0)
'pe_10_10_inst/pe_gen[78].pe_inst/input_reg_a[1][11]' (pe.v:21) (optimized to 0)
'pe_10_10_inst/pe_gen[78].pe_inst/input_reg_a[1][12]' (pe.v:21) (optimized to 0)
'pe_10_10_inst/pe_gen[78].pe_inst/input_reg_a[1][13]' (pe.v:21) (optimized to 0)
'pe_10_10_inst/pe_gen[78].pe_inst/input_reg_a[1][14]' (pe.v:21) (optimized to 0)
'pe_10_10_inst/pe_gen[84].pe_inst/input_reg_a[0][15]' (pe.v:21) (optimized to 0)
'pe_10_10_inst/pe_gen[84].pe_inst/input_reg_a[1][15]' (pe.v:21) (optimized to 0)
'pe_10_10_inst/pe_gen[87].pe_inst/input_reg_a[0][7]' (pe.v:21) (optimized to 0)
'pe_10_10_inst/pe_gen[87].pe_inst/input_reg_a[0][8]' (pe.v:21) (optimized to 0)
'pe_10_10_inst/pe_gen[87].pe_inst/input_reg_a[0][9]' (pe.v:21) (optimized to 0)
'pe_10_10_inst/pe_gen[87].pe_inst/input_reg_a[0][10]' (pe.v:21) (optimized to 0)
'pe_10_10_inst/pe_gen[87].pe_inst/input_reg_a[0][11]' (pe.v:21) (optimized to 0)
'pe_10_10_inst/pe_gen[87].pe_inst/input_reg_a[0][12]' (pe.v:21) (optimized to 0)
'pe_10_10_inst/pe_gen[87].pe_inst/input_reg_a[0][13]' (pe.v:21) (optimized to 0)
'pe_10_10_inst/pe_gen[87].pe_inst/input_reg_a[0][14]' (pe.v:21) (optimized to 0)
'pe_10_10_inst/pe_gen[87].pe_inst/input_reg_a[1][7]' (pe.v:21) (optimized to 0)
'pe_10_10_inst/pe_gen[87].pe_inst/input_reg_a[1][8]' (pe.v:21) (optimized to 0)
'pe_10_10_inst/pe_gen[87].pe_inst/input_reg_a[1][9]' (pe.v:21) (optimized to 0)
'pe_10_10_inst/pe_gen[87].pe_inst/input_reg_a[1][10]' (pe.v:21) (optimized to 0)
'pe_10_10_inst/pe_gen[87].pe_inst/input_reg_a[1][11]' (pe.v:21) (optimized to 0)
'pe_10_10_inst/pe_gen[87].pe_inst/input_reg_a[1][12]' (pe.v:21) (optimized to 0)
'pe_10_10_inst/pe_gen[87].pe_inst/input_reg_a[1][13]' (pe.v:21) (optimized to 0)
'pe_10_10_inst/pe_gen[87].pe_inst/input_reg_a[1][14]' (pe.v:21) (optimized to 0)
'pe_10_10_inst/pe_gen[93].pe_inst/input_reg_a[2][15]' (pe.v:21) (optimized to 0)
'pe_10_10_inst/pe_gen[95].pe_inst/input_reg_a[0][16]' (pe.v:21) (optimized to 0)
'pe_10_10_inst/pe_gen[95].pe_inst/input_reg_a[0][17]' (pe.v:21) (optimized to 0)
'pe_10_10_inst/pe_gen[95].pe_inst/input_reg_a[2][3]' (pe.v:21) (optimized to 0)
'pe_10_10_inst/pe_gen[95].pe_inst/input_reg_a[1][16]' (pe.v:21) (optimized to 0)
'pe_10_10_inst/pe_gen[95].pe_inst/input_reg_a[1][17]' (pe.v:21) (optimized to 0)
'pe_10_10_inst/pe_gen[96].pe_inst/input_reg_a[0][7]' (pe.v:21) (optimized to 0)
'pe_10_10_inst/pe_gen[96].pe_inst/input_reg_a[0][8]' (pe.v:21) (optimized to 0)
'pe_10_10_inst/pe_gen[96].pe_inst/input_reg_a[0][9]' (pe.v:21) (optimized to 0)
'pe_10_10_inst/pe_gen[96].pe_inst/input_reg_a[0][10]' (pe.v:21) (optimized to 0)
'pe_10_10_inst/pe_gen[96].pe_inst/input_reg_a[0][11]' (pe.v:21) (optimized to 0)
'pe_10_10_inst/pe_gen[96].pe_inst/input_reg_a[0][12]' (pe.v:21) (optimized to 0)
'pe_10_10_inst/pe_gen[96].pe_inst/input_reg_a[0][13]' (pe.v:21) (optimized to 0)
'pe_10_10_inst/pe_gen[96].pe_inst/input_reg_a[0][14]' (pe.v:21) (optimized to 0)
'pe_10_10_inst/pe_gen[96].pe_inst/input_reg_a[1][7]' (pe.v:21) (optimized to 0)
'pe_10_10_inst/pe_gen[96].pe_inst/input_reg_a[1][8]' (pe.v:21) (optimized to 0)
'pe_10_10_inst/pe_gen[96].pe_inst/input_reg_a[1][9]' (pe.v:21) (optimized to 0)
'pe_10_10_inst/pe_gen[96].pe_inst/input_reg_a[1][10]' (pe.v:21) (optimized to 0)
'pe_10_10_inst/pe_gen[96].pe_inst/input_reg_a[1][11]' (pe.v:21) (optimized to 0)
'pe_10_10_inst/pe_gen[96].pe_inst/input_reg_a[1][12]' (pe.v:21) (optimized to 0)
'pe_10_10_inst/pe_gen[96].pe_inst/input_reg_a[1][13]' (pe.v:21) (optimized to 0)
'pe_10_10_inst/pe_gen[96].pe_inst/input_reg_a[1][14]' (pe.v:21) (optimized to 0)
'pe_10_10_inst/pe_gen[58].pe_inst/input_reg_a[0][15]' (pe.v:21) (optimized to 0)
'pe_10_10_inst/pe_gen[58].pe_inst/input_reg_a[1][15]' (pe.v:21) (optimized to 0)
'pe_10_10_inst/pe_gen[67].pe_inst/input_reg_a[2][15]' (pe.v:21) (optimized to 0)
'pe_10_10_inst/pe_gen[69].pe_inst/input_reg_a[2][7]' (pe.v:21) (optimized to 0)
'pe_10_10_inst/pe_gen[69].pe_inst/input_reg_a[2][8]' (pe.v:21) (optimized to 0)
'pe_10_10_inst/pe_gen[69].pe_inst/input_reg_a[2][9]' (pe.v:21) (optimized to 0)
'pe_10_10_inst/pe_gen[69].pe_inst/input_reg_a[2][10]' (pe.v:21) (optimized to 0)
'pe_10_10_inst/pe_gen[69].pe_inst/input_reg_a[2][11]' (pe.v:21) (optimized to 0)
'pe_10_10_inst/pe_gen[69].pe_inst/input_reg_a[2][12]' (pe.v:21) (optimized to 0)
'pe_10_10_inst/pe_gen[69].pe_inst/input_reg_a[2][13]' (pe.v:21) (optimized to 0)
'pe_10_10_inst/pe_gen[69].pe_inst/input_reg_a[2][14]' (pe.v:21) (optimized to 0)
'pe_10_10_inst/pe_gen[69].pe_inst/input_reg_a[2][16]' (pe.v:21) (optimized to 0)
'pe_10_10_inst/pe_gen[69].pe_inst/input_reg_a[2][17]' (pe.v:21) (optimized to 0)
'pe_10_10_inst/pe_gen[75].pe_inst/input_reg_a[0][15]' (pe.v:21) (optimized to 0)
'pe_10_10_inst/pe_gen[75].pe_inst/input_reg_a[1][15]' (pe.v:21) (optimized to 0)
'pe_10_10_inst/pe_gen[78].pe_inst/input_reg_a[2][7]' (pe.v:21) (optimized to 0)
'pe_10_10_inst/pe_gen[78].pe_inst/input_reg_a[2][8]' (pe.v:21) (optimized to 0)
'pe_10_10_inst/pe_gen[78].pe_inst/input_reg_a[2][9]' (pe.v:21) (optimized to 0)
'pe_10_10_inst/pe_gen[78].pe_inst/input_reg_a[2][10]' (pe.v:21) (optimized to 0)
'pe_10_10_inst/pe_gen[78].pe_inst/input_reg_a[2][11]' (pe.v:21) (optimized to 0)
'pe_10_10_inst/pe_gen[78].pe_inst/input_reg_a[2][12]' (pe.v:21) (optimized to 0)
'pe_10_10_inst/pe_gen[78].pe_inst/input_reg_a[2][13]' (pe.v:21) (optimized to 0)
'pe_10_10_inst/pe_gen[78].pe_inst/input_reg_a[2][14]' (pe.v:21) (optimized to 0)
'pe_10_10_inst/pe_gen[84].pe_inst/input_reg_a[2][15]' (pe.v:21) (optimized to 0)
'pe_10_10_inst/pe_gen[86].pe_inst/input_reg_a[0][16]' (pe.v:21) (optimized to 0)
'pe_10_10_inst/pe_gen[86].pe_inst/input_reg_a[0][17]' (pe.v:21) (optimized to 0)
'pe_10_10_inst/pe_gen[86].pe_inst/input_reg_a[1][16]' (pe.v:21) (optimized to 0)
'pe_10_10_inst/pe_gen[86].pe_inst/input_reg_a[1][17]' (pe.v:21) (optimized to 0)
'pe_10_10_inst/pe_gen[87].pe_inst/input_reg_a[2][7]' (pe.v:21) (optimized to 0)
'pe_10_10_inst/pe_gen[87].pe_inst/input_reg_a[2][8]' (pe.v:21) (optimized to 0)
'pe_10_10_inst/pe_gen[87].pe_inst/input_reg_a[2][9]' (pe.v:21) (optimized to 0)
'pe_10_10_inst/pe_gen[87].pe_inst/input_reg_a[2][10]' (pe.v:21) (optimized to 0)
'pe_10_10_inst/pe_gen[87].pe_inst/input_reg_a[2][11]' (pe.v:21) (optimized to 0)
'pe_10_10_inst/pe_gen[87].pe_inst/input_reg_a[2][12]' (pe.v:21) (optimized to 0)
'pe_10_10_inst/pe_gen[87].pe_inst/input_reg_a[2][13]' (pe.v:21) (optimized to 0)
'pe_10_10_inst/pe_gen[87].pe_inst/input_reg_a[2][14]' (pe.v:21) (optimized to 0)
'pe_10_10_inst/pe_gen[92].pe_inst/input_reg_a[0][15]' (pe.v:21) (optimized to 0)
'pe_10_10_inst/pe_gen[92].pe_inst/input_reg_a[1][15]' (pe.v:21) (optimized to 0)
'pe_10_10_inst/pe_gen[95].pe_inst/input_reg_a[2][16]' (pe.v:21) (optimized to 0)
'pe_10_10_inst/pe_gen[95].pe_inst/input_reg_a[2][17]' (pe.v:21) (optimized to 0)
'pe_10_10_inst/pe_gen[96].pe_inst/input_reg_a[2][7]' (pe.v:21) (optimized to 0)
'pe_10_10_inst/pe_gen[96].pe_inst/input_reg_a[2][8]' (pe.v:21) (optimized to 0)
'pe_10_10_inst/pe_gen[96].pe_inst/input_reg_a[2][9]' (pe.v:21) (optimized to 0)
'pe_10_10_inst/pe_gen[96].pe_inst/input_reg_a[2][10]' (pe.v:21) (optimized to 0)
'pe_10_10_inst/pe_gen[96].pe_inst/input_reg_a[2][11]' (pe.v:21) (optimized to 0)
'pe_10_10_inst/pe_gen[96].pe_inst/input_reg_a[2][12]' (pe.v:21) (optimized to 0)
'pe_10_10_inst/pe_gen[96].pe_inst/input_reg_a[2][13]' (pe.v:21) (optimized to 0)
'pe_10_10_inst/pe_gen[96].pe_inst/input_reg_a[2][14]' (pe.v:21) (optimized to 0)
'pe_10_10_inst/pe_gen[49].pe_inst/input_reg_a[0][15]' (pe.v:21) (optimized to 0)
'pe_10_10_inst/pe_gen[49].pe_inst/input_reg_a[1][15]' (pe.v:21) (optimized to 0)
'pe_10_10_inst/pe_gen[58].pe_inst/input_reg_a[2][15]' (pe.v:21) (optimized to 0)
'pe_10_10_inst/pe_gen[66].pe_inst/input_reg_a[0][15]' (pe.v:21) (optimized to 0)
'pe_10_10_inst/pe_gen[66].pe_inst/input_reg_a[1][15]' (pe.v:21) (optimized to 0)
'pe_10_10_inst/pe_gen[75].pe_inst/input_reg_a[2][15]' (pe.v:21) (optimized to 0)
'pe_10_10_inst/pe_gen[77].pe_inst/input_reg_a[0][16]' (pe.v:21) (optimized to 0)
'pe_10_10_inst/pe_gen[77].pe_inst/input_reg_a[0][17]' (pe.v:21) (optimized to 0)
'pe_10_10_inst/pe_gen[77].pe_inst/input_reg_a[1][16]' (pe.v:21) (optimized to 0)
'pe_10_10_inst/pe_gen[77].pe_inst/input_reg_a[1][17]' (pe.v:21) (optimized to 0)
'pe_10_10_inst/pe_gen[83].pe_inst/input_reg_a[0][15]' (pe.v:21) (optimized to 0)
'pe_10_10_inst/pe_gen[83].pe_inst/input_reg_a[1][15]' (pe.v:21) (optimized to 0)
'pe_10_10_inst/pe_gen[86].pe_inst/input_reg_a[2][16]' (pe.v:21) (optimized to 0)
'pe_10_10_inst/pe_gen[86].pe_inst/input_reg_a[2][17]' (pe.v:21) (optimized to 0)
'pe_10_10_inst/pe_gen[92].pe_inst/input_reg_a[2][15]' (pe.v:21) (optimized to 0)
'pe_10_10_inst/pe_gen[94].pe_inst/input_reg_a[0][3]' (pe.v:21) (optimized to 0)
'pe_10_10_inst/pe_gen[94].pe_inst/input_reg_a[1][3]' (pe.v:21) (optimized to 0)
'pe_10_10_inst/pe_gen[49].pe_inst/input_reg_a[2][15]' (pe.v:21) (optimized to 0)
'pe_10_10_inst/pe_gen[57].pe_inst/input_reg_a[0][15]' (pe.v:21) (optimized to 0)
'pe_10_10_inst/pe_gen[57].pe_inst/input_reg_a[1][15]' (pe.v:21) (optimized to 0)
'pe_10_10_inst/pe_gen[66].pe_inst/input_reg_a[2][15]' (pe.v:21) (optimized to 0)
'pe_10_10_inst/pe_gen[68].pe_inst/input_reg_a[0][16]' (pe.v:21) (optimized to 0)
'pe_10_10_inst/pe_gen[68].pe_inst/input_reg_a[0][17]' (pe.v:21) (optimized to 0)
'pe_10_10_inst/pe_gen[68].pe_inst/input_reg_a[1][16]' (pe.v:21) (optimized to 0)
'pe_10_10_inst/pe_gen[68].pe_inst/input_reg_a[1][17]' (pe.v:21) (optimized to 0)
'pe_10_10_inst/pe_gen[69].pe_inst/input_reg_a[0][0]' (pe.v:21) (optimized to 0)
'pe_10_10_inst/pe_gen[69].pe_inst/input_reg_a[1][0]' (pe.v:21) (optimized to 0)
'pe_10_10_inst/pe_gen[74].pe_inst/input_reg_a[0][15]' (pe.v:21) (optimized to 0)
'pe_10_10_inst/pe_gen[74].pe_inst/input_reg_a[1][15]' (pe.v:21) (optimized to 0)
'pe_10_10_inst/pe_gen[77].pe_inst/input_reg_a[2][16]' (pe.v:21) (optimized to 0)
'pe_10_10_inst/pe_gen[77].pe_inst/input_reg_a[2][17]' (pe.v:21) (optimized to 0)
'pe_10_10_inst/pe_gen[83].pe_inst/input_reg_a[2][15]' (pe.v:21) (optimized to 0)
'pe_10_10_inst/pe_gen[91].pe_inst/input_reg_a[0][15]' (pe.v:21) (optimized to 0)
'pe_10_10_inst/pe_gen[91].pe_inst/input_reg_a[1][15]' (pe.v:21) (optimized to 0)
'pe_10_10_inst/pe_gen[94].pe_inst/input_reg_a[0][16]' (pe.v:21) (optimized to 0)
'pe_10_10_inst/pe_gen[94].pe_inst/input_reg_a[0][17]' (pe.v:21) (optimized to 0)
'pe_10_10_inst/pe_gen[94].pe_inst/input_reg_a[2][3]' (pe.v:21) (optimized to 0)
'pe_10_10_inst/pe_gen[94].pe_inst/input_reg_a[1][16]' (pe.v:21) (optimized to 0)
'pe_10_10_inst/pe_gen[94].pe_inst/input_reg_a[1][17]' (pe.v:21) (optimized to 0)
'pe_10_10_inst/pe_gen[48].pe_inst/input_reg_a[0][15]' (pe.v:21) (optimized to 0)
'pe_10_10_inst/pe_gen[48].pe_inst/input_reg_a[1][15]' (pe.v:21) (optimized to 0)
'pe_10_10_inst/pe_gen[57].pe_inst/input_reg_a[2][15]' (pe.v:21) (optimized to 0)
'pe_10_10_inst/pe_gen[59].pe_inst/input_reg_a[0][16]' (pe.v:21) (optimized to 0)
'pe_10_10_inst/pe_gen[59].pe_inst/input_reg_a[0][17]' (pe.v:21) (optimized to 0)
'pe_10_10_inst/pe_gen[59].pe_inst/input_reg_a[1][16]' (pe.v:21) (optimized to 0)
'pe_10_10_inst/pe_gen[59].pe_inst/input_reg_a[1][17]' (pe.v:21) (optimized to 0)
'pe_10_10_inst/pe_gen[59].pe_inst/input_reg_a[0][7]' (pe.v:21) (optimized to 0)
'pe_10_10_inst/pe_gen[59].pe_inst/input_reg_a[0][8]' (pe.v:21) (optimized to 0)
'pe_10_10_inst/pe_gen[59].pe_inst/input_reg_a[0][9]' (pe.v:21) (optimized to 0)
'pe_10_10_inst/pe_gen[59].pe_inst/input_reg_a[0][10]' (pe.v:21) (optimized to 0)
'pe_10_10_inst/pe_gen[59].pe_inst/input_reg_a[0][11]' (pe.v:21) (optimized to 0)
'pe_10_10_inst/pe_gen[59].pe_inst/input_reg_a[0][12]' (pe.v:21) (optimized to 0)
'pe_10_10_inst/pe_gen[59].pe_inst/input_reg_a[0][13]' (pe.v:21) (optimized to 0)
'pe_10_10_inst/pe_gen[59].pe_inst/input_reg_a[0][14]' (pe.v:21) (optimized to 0)
'pe_10_10_inst/pe_gen[59].pe_inst/input_reg_a[1][7]' (pe.v:21) (optimized to 0)
'pe_10_10_inst/pe_gen[59].pe_inst/input_reg_a[1][8]' (pe.v:21) (optimized to 0)
'pe_10_10_inst/pe_gen[59].pe_inst/input_reg_a[1][9]' (pe.v:21) (optimized to 0)
'pe_10_10_inst/pe_gen[59].pe_inst/input_reg_a[1][10]' (pe.v:21) (optimized to 0)
'pe_10_10_inst/pe_gen[59].pe_inst/input_reg_a[1][11]' (pe.v:21) (optimized to 0)
'pe_10_10_inst/pe_gen[59].pe_inst/input_reg_a[1][12]' (pe.v:21) (optimized to 0)
'pe_10_10_inst/pe_gen[59].pe_inst/input_reg_a[1][13]' (pe.v:21) (optimized to 0)
'pe_10_10_inst/pe_gen[59].pe_inst/input_reg_a[1][14]' (pe.v:21) (optimized to 0)
'pe_10_10_inst/pe_gen[65].pe_inst/input_reg_a[0][15]' (pe.v:21) (optimized to 0)
'pe_10_10_inst/pe_gen[65].pe_inst/input_reg_a[1][15]' (pe.v:21) (optimized to 0)
'pe_10_10_inst/pe_gen[68].pe_inst/input_reg_a[2][16]' (pe.v:21) (optimized to 0)
'pe_10_10_inst/pe_gen[68].pe_inst/input_reg_a[2][17]' (pe.v:21) (optimized to 0)
'pe_10_10_inst/pe_gen[68].pe_inst/input_reg_a[0][7]' (pe.v:21) (optimized to 0)
'pe_10_10_inst/pe_gen[68].pe_inst/input_reg_a[0][8]' (pe.v:21) (optimized to 0)
'pe_10_10_inst/pe_gen[68].pe_inst/input_reg_a[0][9]' (pe.v:21) (optimized to 0)
'pe_10_10_inst/pe_gen[68].pe_inst/input_reg_a[0][10]' (pe.v:21) (optimized to 0)
'pe_10_10_inst/pe_gen[68].pe_inst/input_reg_a[0][11]' (pe.v:21) (optimized to 0)
'pe_10_10_inst/pe_gen[68].pe_inst/input_reg_a[0][12]' (pe.v:21) (optimized to 0)
'pe_10_10_inst/pe_gen[68].pe_inst/input_reg_a[0][13]' (pe.v:21) (optimized to 0)
'pe_10_10_inst/pe_gen[68].pe_inst/input_reg_a[0][14]' (pe.v:21) (optimized to 0)
'pe_10_10_inst/pe_gen[68].pe_inst/input_reg_a[1][7]' (pe.v:21) (optimized to 0)
'pe_10_10_inst/pe_gen[68].pe_inst/input_reg_a[1][8]' (pe.v:21) (optimized to 0)
'pe_10_10_inst/pe_gen[68].pe_inst/input_reg_a[1][9]' (pe.v:21) (optimized to 0)
'pe_10_10_inst/pe_gen[68].pe_inst/input_reg_a[1][10]' (pe.v:21) (optimized to 0)
'pe_10_10_inst/pe_gen[68].pe_inst/input_reg_a[1][11]' (pe.v:21) (optimized to 0)
'pe_10_10_inst/pe_gen[68].pe_inst/input_reg_a[1][12]' (pe.v:21) (optimized to 0)
'pe_10_10_inst/pe_gen[68].pe_inst/input_reg_a[1][13]' (pe.v:21) (optimized to 0)
'pe_10_10_inst/pe_gen[68].pe_inst/input_reg_a[1][14]' (pe.v:21) (optimized to 0)
'pe_10_10_inst/pe_gen[69].pe_inst/input_reg_a[2][0]' (pe.v:21) (optimized to 0)
'pe_10_10_inst/pe_gen[74].pe_inst/input_reg_a[2][15]' (pe.v:21) (optimized to 0)
'pe_10_10_inst/pe_gen[77].pe_inst/input_reg_a[0][7]' (pe.v:21) (optimized to 0)
'pe_10_10_inst/pe_gen[77].pe_inst/input_reg_a[0][8]' (pe.v:21) (optimized to 0)
'pe_10_10_inst/pe_gen[77].pe_inst/input_reg_a[0][9]' (pe.v:21) (optimized to 0)
'pe_10_10_inst/pe_gen[77].pe_inst/input_reg_a[0][10]' (pe.v:21) (optimized to 0)
'pe_10_10_inst/pe_gen[77].pe_inst/input_reg_a[0][11]' (pe.v:21) (optimized to 0)
'pe_10_10_inst/pe_gen[77].pe_inst/input_reg_a[0][12]' (pe.v:21) (optimized to 0)
'pe_10_10_inst/pe_gen[77].pe_inst/input_reg_a[0][13]' (pe.v:21) (optimized to 0)
'pe_10_10_inst/pe_gen[77].pe_inst/input_reg_a[0][14]' (pe.v:21) (optimized to 0)
'pe_10_10_inst/pe_gen[77].pe_inst/input_reg_a[1][7]' (pe.v:21) (optimized to 0)
'pe_10_10_inst/pe_gen[77].pe_inst/input_reg_a[1][8]' (pe.v:21) (optimized to 0)
'pe_10_10_inst/pe_gen[77].pe_inst/input_reg_a[1][9]' (pe.v:21) (optimized to 0)
'pe_10_10_inst/pe_gen[77].pe_inst/input_reg_a[1][10]' (pe.v:21) (optimized to 0)
'pe_10_10_inst/pe_gen[77].pe_inst/input_reg_a[1][11]' (pe.v:21) (optimized to 0)
'pe_10_10_inst/pe_gen[77].pe_inst/input_reg_a[1][12]' (pe.v:21) (optimized to 0)
'pe_10_10_inst/pe_gen[77].pe_inst/input_reg_a[1][13]' (pe.v:21) (optimized to 0)
'pe_10_10_inst/pe_gen[77].pe_inst/input_reg_a[1][14]' (pe.v:21) (optimized to 0)
'pe_10_10_inst/pe_gen[82].pe_inst/input_reg_a[0][15]' (pe.v:21) (optimized to 0)
'pe_10_10_inst/pe_gen[82].pe_inst/input_reg_a[1][15]' (pe.v:21) (optimized to 0)
'pe_10_10_inst/pe_gen[85].pe_inst/input_reg_a[0][16]' (pe.v:21) (optimized to 0)
'pe_10_10_inst/pe_gen[85].pe_inst/input_reg_a[0][17]' (pe.v:21) (optimized to 0)
'pe_10_10_inst/pe_gen[85].pe_inst/input_reg_a[1][16]' (pe.v:21) (optimized to 0)
'pe_10_10_inst/pe_gen[85].pe_inst/input_reg_a[1][17]' (pe.v:21) (optimized to 0)
'pe_10_10_inst/pe_gen[86].pe_inst/input_reg_a[0][7]' (pe.v:21) (optimized to 0)
'pe_10_10_inst/pe_gen[86].pe_inst/input_reg_a[0][8]' (pe.v:21) (optimized to 0)
'pe_10_10_inst/pe_gen[86].pe_inst/input_reg_a[0][9]' (pe.v:21) (optimized to 0)
'pe_10_10_inst/pe_gen[86].pe_inst/input_reg_a[0][10]' (pe.v:21) (optimized to 0)
'pe_10_10_inst/pe_gen[86].pe_inst/input_reg_a[0][11]' (pe.v:21) (optimized to 0)
'pe_10_10_inst/pe_gen[86].pe_inst/input_reg_a[0][12]' (pe.v:21) (optimized to 0)
'pe_10_10_inst/pe_gen[86].pe_inst/input_reg_a[0][13]' (pe.v:21) (optimized to 0)
'pe_10_10_inst/pe_gen[86].pe_inst/input_reg_a[0][14]' (pe.v:21) (optimized to 0)
'pe_10_10_inst/pe_gen[86].pe_inst/input_reg_a[1][7]' (pe.v:21) (optimized to 0)
'pe_10_10_inst/pe_gen[86].pe_inst/input_reg_a[1][8]' (pe.v:21) (optimized to 0)
'pe_10_10_inst/pe_gen[86].pe_inst/input_reg_a[1][9]' (pe.v:21) (optimized to 0)
'pe_10_10_inst/pe_gen[86].pe_inst/input_reg_a[1][10]' (pe.v:21) (optimized to 0)
'pe_10_10_inst/pe_gen[86].pe_inst/input_reg_a[1][11]' (pe.v:21) (optimized to 0)
'pe_10_10_inst/pe_gen[86].pe_inst/input_reg_a[1][12]' (pe.v:21) (optimized to 0)
'pe_10_10_inst/pe_gen[86].pe_inst/input_reg_a[1][13]' (pe.v:21) (optimized to 0)
'pe_10_10_inst/pe_gen[86].pe_inst/input_reg_a[1][14]' (pe.v:21) (optimized to 0)
'pe_10_10_inst/pe_gen[91].pe_inst/input_reg_a[2][15]' (pe.v:21) (optimized to 0)
'pe_10_10_inst/pe_gen[94].pe_inst/input_reg_a[2][16]' (pe.v:21) (optimized to 0)
'pe_10_10_inst/pe_gen[94].pe_inst/input_reg_a[2][17]' (pe.v:21) (optimized to 0)
'pe_10_10_inst/pe_gen[95].pe_inst/input_reg_a[0][7]' (pe.v:21) (optimized to 0)
'pe_10_10_inst/pe_gen[95].pe_inst/input_reg_a[0][8]' (pe.v:21) (optimized to 0)
'pe_10_10_inst/pe_gen[95].pe_inst/input_reg_a[0][9]' (pe.v:21) (optimized to 0)
'pe_10_10_inst/pe_gen[95].pe_inst/input_reg_a[0][10]' (pe.v:21) (optimized to 0)
'pe_10_10_inst/pe_gen[95].pe_inst/input_reg_a[0][11]' (pe.v:21) (optimized to 0)
'pe_10_10_inst/pe_gen[95].pe_inst/input_reg_a[0][12]' (pe.v:21) (optimized to 0)
'pe_10_10_inst/pe_gen[95].pe_inst/input_reg_a[0][13]' (pe.v:21) (optimized to 0)
'pe_10_10_inst/pe_gen[95].pe_inst/input_reg_a[0][14]' (pe.v:21) (optimized to 0)
'pe_10_10_inst/pe_gen[95].pe_inst/input_reg_a[1][7]' (pe.v:21) (optimized to 0)
'pe_10_10_inst/pe_gen[95].pe_inst/input_reg_a[1][8]' (pe.v:21) (optimized to 0)
'pe_10_10_inst/pe_gen[95].pe_inst/input_reg_a[1][9]' (pe.v:21) (optimized to 0)
'pe_10_10_inst/pe_gen[95].pe_inst/input_reg_a[1][10]' (pe.v:21) (optimized to 0)
'pe_10_10_inst/pe_gen[95].pe_inst/input_reg_a[1][11]' (pe.v:21) (optimized to 0)
'pe_10_10_inst/pe_gen[95].pe_inst/input_reg_a[1][12]' (pe.v:21) (optimized to 0)
'pe_10_10_inst/pe_gen[95].pe_inst/input_reg_a[1][13]' (pe.v:21) (optimized to 0)
'pe_10_10_inst/pe_gen[95].pe_inst/input_reg_a[1][14]' (pe.v:21) (optimized to 0)
'pe_10_10_inst/pe_gen[39].pe_inst/input_reg_a[0][15]' (pe.v:21) (optimized to 0)
'pe_10_10_inst/pe_gen[39].pe_inst/input_reg_a[1][15]' (pe.v:21) (optimized to 0)
'pe_10_10_inst/pe_gen[48].pe_inst/input_reg_a[2][15]' (pe.v:21) (optimized to 0)
'pe_10_10_inst/pe_gen[56].pe_inst/input_reg_a[0][15]' (pe.v:21) (optimized to 0)
'pe_10_10_inst/pe_gen[56].pe_inst/input_reg_a[1][15]' (pe.v:21) (optimized to 0)
'pe_10_10_inst/pe_gen[59].pe_inst/input_reg_a[2][7]' (pe.v:21) (optimized to 0)
'pe_10_10_inst/pe_gen[59].pe_inst/input_reg_a[2][8]' (pe.v:21) (optimized to 0)
'pe_10_10_inst/pe_gen[59].pe_inst/input_reg_a[2][9]' (pe.v:21) (optimized to 0)
'pe_10_10_inst/pe_gen[59].pe_inst/input_reg_a[2][10]' (pe.v:21) (optimized to 0)
'pe_10_10_inst/pe_gen[59].pe_inst/input_reg_a[2][11]' (pe.v:21) (optimized to 0)
'pe_10_10_inst/pe_gen[59].pe_inst/input_reg_a[2][12]' (pe.v:21) (optimized to 0)
'pe_10_10_inst/pe_gen[59].pe_inst/input_reg_a[2][13]' (pe.v:21) (optimized to 0)
'pe_10_10_inst/pe_gen[59].pe_inst/input_reg_a[2][14]' (pe.v:21) (optimized to 0)
'pe_10_10_inst/pe_gen[59].pe_inst/input_reg_a[2][16]' (pe.v:21) (optimized to 0)
'pe_10_10_inst/pe_gen[59].pe_inst/input_reg_a[2][17]' (pe.v:21) (optimized to 0)
'pe_10_10_inst/pe_gen[65].pe_inst/input_reg_a[2][15]' (pe.v:21) (optimized to 0)
'pe_10_10_inst/pe_gen[68].pe_inst/input_reg_a[2][7]' (pe.v:21) (optimized to 0)
'pe_10_10_inst/pe_gen[68].pe_inst/input_reg_a[2][8]' (pe.v:21) (optimized to 0)
'pe_10_10_inst/pe_gen[68].pe_inst/input_reg_a[2][9]' (pe.v:21) (optimized to 0)
'pe_10_10_inst/pe_gen[68].pe_inst/input_reg_a[2][10]' (pe.v:21) (optimized to 0)
'pe_10_10_inst/pe_gen[68].pe_inst/input_reg_a[2][11]' (pe.v:21) (optimized to 0)
'pe_10_10_inst/pe_gen[68].pe_inst/input_reg_a[2][12]' (pe.v:21) (optimized to 0)
'pe_10_10_inst/pe_gen[68].pe_inst/input_reg_a[2][13]' (pe.v:21) (optimized to 0)
'pe_10_10_inst/pe_gen[68].pe_inst/input_reg_a[2][14]' (pe.v:21) (optimized to 0)
'pe_10_10_inst/pe_gen[73].pe_inst/input_reg_a[0][15]' (pe.v:21) (optimized to 0)
'pe_10_10_inst/pe_gen[73].pe_inst/input_reg_a[1][15]' (pe.v:21) (optimized to 0)
'pe_10_10_inst/pe_gen[76].pe_inst/input_reg_a[0][16]' (pe.v:21) (optimized to 0)
'pe_10_10_inst/pe_gen[76].pe_inst/input_reg_a[0][17]' (pe.v:21) (optimized to 0)
'pe_10_10_inst/pe_gen[76].pe_inst/input_reg_a[1][16]' (pe.v:21) (optimized to 0)
'pe_10_10_inst/pe_gen[76].pe_inst/input_reg_a[1][17]' (pe.v:21) (optimized to 0)
'pe_10_10_inst/pe_gen[77].pe_inst/input_reg_a[2][7]' (pe.v:21) (optimized to 0)
'pe_10_10_inst/pe_gen[77].pe_inst/input_reg_a[2][8]' (pe.v:21) (optimized to 0)
'pe_10_10_inst/pe_gen[77].pe_inst/input_reg_a[2][9]' (pe.v:21) (optimized to 0)
'pe_10_10_inst/pe_gen[77].pe_inst/input_reg_a[2][10]' (pe.v:21) (optimized to 0)
'pe_10_10_inst/pe_gen[77].pe_inst/input_reg_a[2][11]' (pe.v:21) (optimized to 0)
'pe_10_10_inst/pe_gen[77].pe_inst/input_reg_a[2][12]' (pe.v:21) (optimized to 0)
'pe_10_10_inst/pe_gen[77].pe_inst/input_reg_a[2][13]' (pe.v:21) (optimized to 0)
'pe_10_10_inst/pe_gen[77].pe_inst/input_reg_a[2][14]' (pe.v:21) (optimized to 0)
'pe_10_10_inst/pe_gen[82].pe_inst/input_reg_a[2][15]' (pe.v:21) (optimized to 0)
'pe_10_10_inst/pe_gen[85].pe_inst/input_reg_a[2][16]' (pe.v:21) (optimized to 0)
'pe_10_10_inst/pe_gen[85].pe_inst/input_reg_a[2][17]' (pe.v:21) (optimized to 0)
'pe_10_10_inst/pe_gen[86].pe_inst/input_reg_a[2][7]' (pe.v:21) (optimized to 0)
'pe_10_10_inst/pe_gen[86].pe_inst/input_reg_a[2][8]' (pe.v:21) (optimized to 0)
'pe_10_10_inst/pe_gen[86].pe_inst/input_reg_a[2][9]' (pe.v:21) (optimized to 0)
'pe_10_10_inst/pe_gen[86].pe_inst/input_reg_a[2][10]' (pe.v:21) (optimized to 0)
'pe_10_10_inst/pe_gen[86].pe_inst/input_reg_a[2][11]' (pe.v:21) (optimized to 0)
'pe_10_10_inst/pe_gen[86].pe_inst/input_reg_a[2][12]' (pe.v:21) (optimized to 0)
'pe_10_10_inst/pe_gen[86].pe_inst/input_reg_a[2][13]' (pe.v:21) (optimized to 0)
'pe_10_10_inst/pe_gen[86].pe_inst/input_reg_a[2][14]' (pe.v:21) (optimized to 0)
'pe_10_10_inst/pe_gen[90].pe_inst/input_reg_a[0][15]' (pe.v:21) (optimized to 0)
'pe_10_10_inst/pe_gen[90].pe_inst/input_reg_a[1][15]' (pe.v:21) (optimized to 0)
'pe_10_10_inst/pe_gen[93].pe_inst/input_reg_a[0][3]' (pe.v:21) (optimized to 0)
'pe_10_10_inst/pe_gen[93].pe_inst/input_reg_a[1][3]' (pe.v:21) (optimized to 0)
'pe_10_10_inst/pe_gen[95].pe_inst/input_reg_a[2][7]' (pe.v:21) (optimized to 0)
'pe_10_10_inst/pe_gen[95].pe_inst/input_reg_a[2][8]' (pe.v:21) (optimized to 0)
'pe_10_10_inst/pe_gen[95].pe_inst/input_reg_a[2][9]' (pe.v:21) (optimized to 0)
'pe_10_10_inst/pe_gen[95].pe_inst/input_reg_a[2][10]' (pe.v:21) (optimized to 0)
'pe_10_10_inst/pe_gen[95].pe_inst/input_reg_a[2][11]' (pe.v:21) (optimized to 0)
'pe_10_10_inst/pe_gen[95].pe_inst/input_reg_a[2][12]' (pe.v:21) (optimized to 0)
'pe_10_10_inst/pe_gen[95].pe_inst/input_reg_a[2][13]' (pe.v:21) (optimized to 0)
'pe_10_10_inst/pe_gen[95].pe_inst/input_reg_a[2][14]' (pe.v:21) (optimized to 0)
'pe_10_10_inst/pe_gen[39].pe_inst/input_reg_a[2][15]' (pe.v:21) (optimized to 0)
'pe_10_10_inst/pe_gen[47].pe_inst/input_reg_a[0][15]' (pe.v:21) (optimized to 0)
'pe_10_10_inst/pe_gen[47].pe_inst/input_reg_a[1][15]' (pe.v:21) (optimized to 0)
'pe_10_10_inst/pe_gen[56].pe_inst/input_reg_a[2][15]' (pe.v:21) (optimized to 0)
'pe_10_10_inst/pe_gen[64].pe_inst/input_reg_a[0][15]' (pe.v:21) (optimized to 0)
'pe_10_10_inst/pe_gen[64].pe_inst/input_reg_a[1][15]' (pe.v:21) (optimized to 0)
'pe_10_10_inst/pe_gen[67].pe_inst/input_reg_a[0][16]' (pe.v:21) (optimized to 0)
'pe_10_10_inst/pe_gen[67].pe_inst/input_reg_a[0][17]' (pe.v:21) (optimized to 0)
'pe_10_10_inst/pe_gen[67].pe_inst/input_reg_a[1][16]' (pe.v:21) (optimized to 0)
'pe_10_10_inst/pe_gen[67].pe_inst/input_reg_a[1][17]' (pe.v:21) (optimized to 0)
'pe_10_10_inst/pe_gen[73].pe_inst/input_reg_a[2][15]' (pe.v:21) (optimized to 0)
'pe_10_10_inst/pe_gen[76].pe_inst/input_reg_a[2][16]' (pe.v:21) (optimized to 0)
'pe_10_10_inst/pe_gen[76].pe_inst/input_reg_a[2][17]' (pe.v:21) (optimized to 0)
'pe_10_10_inst/pe_gen[81].pe_inst/input_reg_a[0][15]' (pe.v:21) (optimized to 0)
'pe_10_10_inst/pe_gen[81].pe_inst/input_reg_a[1][15]' (pe.v:21) (optimized to 0)
'pe_10_10_inst/pe_gen[90].pe_inst/input_reg_a[2][15]' (pe.v:21) (optimized to 0)
'pe_10_10_inst/pe_gen[93].pe_inst/input_reg_a[0][16]' (pe.v:21) (optimized to 0)
'pe_10_10_inst/pe_gen[93].pe_inst/input_reg_a[0][17]' (pe.v:21) (optimized to 0)
'pe_10_10_inst/pe_gen[93].pe_inst/input_reg_a[2][3]' (pe.v:21) (optimized to 0)
'pe_10_10_inst/pe_gen[93].pe_inst/input_reg_a[1][16]' (pe.v:21) (optimized to 0)
'pe_10_10_inst/pe_gen[93].pe_inst/input_reg_a[1][17]' (pe.v:21) (optimized to 0)
'pe_10_10_inst/pe_gen[38].pe_inst/input_reg_a[0][15]' (pe.v:21) (optimized to 0)
'pe_10_10_inst/pe_gen[38].pe_inst/input_reg_a[1][15]' (pe.v:21) (optimized to 0)
'pe_10_10_inst/pe_gen[47].pe_inst/input_reg_a[2][15]' (pe.v:21) (optimized to 0)
'pe_10_10_inst/pe_gen[55].pe_inst/input_reg_a[0][15]' (pe.v:21) (optimized to 0)
'pe_10_10_inst/pe_gen[55].pe_inst/input_reg_a[1][15]' (pe.v:21) (optimized to 0)
'pe_10_10_inst/pe_gen[58].pe_inst/input_reg_a[0][16]' (pe.v:21) (optimized to 0)
'pe_10_10_inst/pe_gen[58].pe_inst/input_reg_a[0][17]' (pe.v:21) (optimized to 0)
'pe_10_10_inst/pe_gen[58].pe_inst/input_reg_a[1][16]' (pe.v:21) (optimized to 0)
'pe_10_10_inst/pe_gen[58].pe_inst/input_reg_a[1][17]' (pe.v:21) (optimized to 0)
'pe_10_10_inst/pe_gen[64].pe_inst/input_reg_a[2][15]' (pe.v:21) (optimized to 0)
'pe_10_10_inst/pe_gen[67].pe_inst/input_reg_a[2][16]' (pe.v:21) (optimized to 0)
'pe_10_10_inst/pe_gen[67].pe_inst/input_reg_a[2][17]' (pe.v:21) (optimized to 0)
'pe_10_10_inst/pe_gen[72].pe_inst/input_reg_a[0][15]' (pe.v:21) (optimized to 0)
'pe_10_10_inst/pe_gen[72].pe_inst/input_reg_a[1][15]' (pe.v:21) (optimized to 0)
'pe_10_10_inst/pe_gen[81].pe_inst/input_reg_a[2][15]' (pe.v:21) (optimized to 0)
'pe_10_10_inst/pe_gen[84].pe_inst/input_reg_a[0][16]' (pe.v:21) (optimized to 0)
'pe_10_10_inst/pe_gen[84].pe_inst/input_reg_a[0][17]' (pe.v:21) (optimized to 0)
'pe_10_10_inst/pe_gen[84].pe_inst/input_reg_a[1][16]' (pe.v:21) (optimized to 0)
'pe_10_10_inst/pe_gen[84].pe_inst/input_reg_a[1][17]' (pe.v:21) (optimized to 0)
'pe_10_10_inst/pe_gen[93].pe_inst/input_reg_a[2][16]' (pe.v:21) (optimized to 0)
'pe_10_10_inst/pe_gen[93].pe_inst/input_reg_a[2][17]' (pe.v:21) (optimized to 0)
'pe_10_10_inst/pe_gen[29].pe_inst/input_reg_a[0][15]' (pe.v:21) (optimized to 0)
'pe_10_10_inst/pe_gen[29].pe_inst/input_reg_a[1][15]' (pe.v:21) (optimized to 0)
'pe_10_10_inst/pe_gen[38].pe_inst/input_reg_a[2][15]' (pe.v:21) (optimized to 0)
'pe_10_10_inst/pe_gen[46].pe_inst/input_reg_a[0][15]' (pe.v:21) (optimized to 0)
'pe_10_10_inst/pe_gen[46].pe_inst/input_reg_a[1][15]' (pe.v:21) (optimized to 0)
'pe_10_10_inst/pe_gen[49].pe_inst/input_reg_a[0][16]' (pe.v:21) (optimized to 0)
'pe_10_10_inst/pe_gen[49].pe_inst/input_reg_a[0][17]' (pe.v:21) (optimized to 0)
'pe_10_10_inst/pe_gen[49].pe_inst/input_reg_a[1][16]' (pe.v:21) (optimized to 0)
'pe_10_10_inst/pe_gen[49].pe_inst/input_reg_a[1][17]' (pe.v:21) (optimized to 0)
'pe_10_10_inst/pe_gen[49].pe_inst/input_reg_a[0][7]' (pe.v:21) (optimized to 0)
'pe_10_10_inst/pe_gen[49].pe_inst/input_reg_a[0][8]' (pe.v:21) (optimized to 0)
'pe_10_10_inst/pe_gen[49].pe_inst/input_reg_a[0][9]' (pe.v:21) (optimized to 0)
'pe_10_10_inst/pe_gen[49].pe_inst/input_reg_a[0][10]' (pe.v:21) (optimized to 0)
'pe_10_10_inst/pe_gen[49].pe_inst/input_reg_a[0][11]' (pe.v:21) (optimized to 0)
'pe_10_10_inst/pe_gen[49].pe_inst/input_reg_a[0][12]' (pe.v:21) (optimized to 0)
'pe_10_10_inst/pe_gen[49].pe_inst/input_reg_a[0][13]' (pe.v:21) (optimized to 0)
'pe_10_10_inst/pe_gen[49].pe_inst/input_reg_a[0][14]' (pe.v:21) (optimized to 0)
'pe_10_10_inst/pe_gen[49].pe_inst/input_reg_a[1][7]' (pe.v:21) (optimized to 0)
'pe_10_10_inst/pe_gen[49].pe_inst/input_reg_a[1][8]' (pe.v:21) (optimized to 0)
'pe_10_10_inst/pe_gen[49].pe_inst/input_reg_a[1][9]' (pe.v:21) (optimized to 0)
'pe_10_10_inst/pe_gen[49].pe_inst/input_reg_a[1][10]' (pe.v:21) (optimized to 0)
'pe_10_10_inst/pe_gen[49].pe_inst/input_reg_a[1][11]' (pe.v:21) (optimized to 0)
'pe_10_10_inst/pe_gen[49].pe_inst/input_reg_a[1][12]' (pe.v:21) (optimized to 0)
'pe_10_10_inst/pe_gen[49].pe_inst/input_reg_a[1][13]' (pe.v:21) (optimized to 0)
'pe_10_10_inst/pe_gen[49].pe_inst/input_reg_a[1][14]' (pe.v:21) (optimized to 0)
'pe_10_10_inst/pe_gen[55].pe_inst/input_reg_a[2][15]' (pe.v:21) (optimized to 0)
'pe_10_10_inst/pe_gen[58].pe_inst/input_reg_a[2][16]' (pe.v:21) (optimized to 0)
'pe_10_10_inst/pe_gen[58].pe_inst/input_reg_a[2][17]' (pe.v:21) (optimized to 0)
'pe_10_10_inst/pe_gen[58].pe_inst/input_reg_a[0][7]' (pe.v:21) (optimized to 0)
'pe_10_10_inst/pe_gen[58].pe_inst/input_reg_a[0][8]' (pe.v:21) (optimized to 0)
'pe_10_10_inst/pe_gen[58].pe_inst/input_reg_a[0][9]' (pe.v:21) (optimized to 0)
'pe_10_10_inst/pe_gen[58].pe_inst/input_reg_a[0][10]' (pe.v:21) (optimized to 0)
'pe_10_10_inst/pe_gen[58].pe_inst/input_reg_a[0][11]' (pe.v:21) (optimized to 0)
'pe_10_10_inst/pe_gen[58].pe_inst/input_reg_a[0][12]' (pe.v:21) (optimized to 0)
'pe_10_10_inst/pe_gen[58].pe_inst/input_reg_a[0][13]' (pe.v:21) (optimized to 0)
'pe_10_10_inst/pe_gen[58].pe_inst/input_reg_a[0][14]' (pe.v:21) (optimized to 0)
'pe_10_10_inst/pe_gen[58].pe_inst/input_reg_a[1][7]' (pe.v:21) (optimized to 0)
'pe_10_10_inst/pe_gen[58].pe_inst/input_reg_a[1][8]' (pe.v:21) (optimized to 0)
'pe_10_10_inst/pe_gen[58].pe_inst/input_reg_a[1][9]' (pe.v:21) (optimized to 0)
'pe_10_10_inst/pe_gen[58].pe_inst/input_reg_a[1][10]' (pe.v:21) (optimized to 0)
'pe_10_10_inst/pe_gen[58].pe_inst/input_reg_a[1][11]' (pe.v:21) (optimized to 0)
'pe_10_10_inst/pe_gen[58].pe_inst/input_reg_a[1][12]' (pe.v:21) (optimized to 0)
'pe_10_10_inst/pe_gen[58].pe_inst/input_reg_a[1][13]' (pe.v:21) (optimized to 0)
'pe_10_10_inst/pe_gen[58].pe_inst/input_reg_a[1][14]' (pe.v:21) (optimized to 0)
'pe_10_10_inst/pe_gen[59].pe_inst/input_reg_a[0][0]' (pe.v:21) (optimized to 0)
'pe_10_10_inst/pe_gen[59].pe_inst/input_reg_a[1][0]' (pe.v:21) (optimized to 0)
'pe_10_10_inst/pe_gen[63].pe_inst/input_reg_a[0][15]' (pe.v:21) (optimized to 0)
'pe_10_10_inst/pe_gen[63].pe_inst/input_reg_a[1][15]' (pe.v:21) (optimized to 0)
'pe_10_10_inst/pe_gen[67].pe_inst/input_reg_a[0][7]' (pe.v:21) (optimized to 0)
'pe_10_10_inst/pe_gen[67].pe_inst/input_reg_a[0][8]' (pe.v:21) (optimized to 0)
'pe_10_10_inst/pe_gen[67].pe_inst/input_reg_a[0][9]' (pe.v:21) (optimized to 0)
'pe_10_10_inst/pe_gen[67].pe_inst/input_reg_a[0][10]' (pe.v:21) (optimized to 0)
'pe_10_10_inst/pe_gen[67].pe_inst/input_reg_a[0][11]' (pe.v:21) (optimized to 0)
'pe_10_10_inst/pe_gen[67].pe_inst/input_reg_a[0][12]' (pe.v:21) (optimized to 0)
'pe_10_10_inst/pe_gen[67].pe_inst/input_reg_a[0][13]' (pe.v:21) (optimized to 0)
'pe_10_10_inst/pe_gen[67].pe_inst/input_reg_a[0][14]' (pe.v:21) (optimized to 0)
'pe_10_10_inst/pe_gen[67].pe_inst/input_reg_a[1][7]' (pe.v:21) (optimized to 0)
'pe_10_10_inst/pe_gen[67].pe_inst/input_reg_a[1][8]' (pe.v:21) (optimized to 0)
'pe_10_10_inst/pe_gen[67].pe_inst/input_reg_a[1][9]' (pe.v:21) (optimized to 0)
'pe_10_10_inst/pe_gen[67].pe_inst/input_reg_a[1][10]' (pe.v:21) (optimized to 0)
'pe_10_10_inst/pe_gen[67].pe_inst/input_reg_a[1][11]' (pe.v:21) (optimized to 0)
'pe_10_10_inst/pe_gen[67].pe_inst/input_reg_a[1][12]' (pe.v:21) (optimized to 0)
'pe_10_10_inst/pe_gen[67].pe_inst/input_reg_a[1][13]' (pe.v:21) (optimized to 0)
'pe_10_10_inst/pe_gen[67].pe_inst/input_reg_a[1][14]' (pe.v:21) (optimized to 0)
'pe_10_10_inst/pe_gen[72].pe_inst/input_reg_a[2][15]' (pe.v:21) (optimized to 0)
'pe_10_10_inst/pe_gen[75].pe_inst/input_reg_a[0][16]' (pe.v:21) (optimized to 0)
'pe_10_10_inst/pe_gen[75].pe_inst/input_reg_a[0][17]' (pe.v:21) (optimized to 0)
'pe_10_10_inst/pe_gen[75].pe_inst/input_reg_a[1][16]' (pe.v:21) (optimized to 0)
'pe_10_10_inst/pe_gen[75].pe_inst/input_reg_a[1][17]' (pe.v:21) (optimized to 0)
'pe_10_10_inst/pe_gen[76].pe_inst/input_reg_a[0][7]' (pe.v:21) (optimized to 0)
'pe_10_10_inst/pe_gen[76].pe_inst/input_reg_a[0][8]' (pe.v:21) (optimized to 0)
'pe_10_10_inst/pe_gen[76].pe_inst/input_reg_a[0][9]' (pe.v:21) (optimized to 0)
'pe_10_10_inst/pe_gen[76].pe_inst/input_reg_a[0][10]' (pe.v:21) (optimized to 0)
'pe_10_10_inst/pe_gen[76].pe_inst/input_reg_a[0][11]' (pe.v:21) (optimized to 0)
'pe_10_10_inst/pe_gen[76].pe_inst/input_reg_a[0][12]' (pe.v:21) (optimized to 0)
'pe_10_10_inst/pe_gen[76].pe_inst/input_reg_a[0][13]' (pe.v:21) (optimized to 0)
'pe_10_10_inst/pe_gen[76].pe_inst/input_reg_a[0][14]' (pe.v:21) (optimized to 0)
'pe_10_10_inst/pe_gen[76].pe_inst/input_reg_a[1][7]' (pe.v:21) (optimized to 0)
'pe_10_10_inst/pe_gen[76].pe_inst/input_reg_a[1][8]' (pe.v:21) (optimized to 0)
'pe_10_10_inst/pe_gen[76].pe_inst/input_reg_a[1][9]' (pe.v:21) (optimized to 0)
'pe_10_10_inst/pe_gen[76].pe_inst/input_reg_a[1][10]' (pe.v:21) (optimized to 0)
'pe_10_10_inst/pe_gen[76].pe_inst/input_reg_a[1][11]' (pe.v:21) (optimized to 0)
'pe_10_10_inst/pe_gen[76].pe_inst/input_reg_a[1][12]' (pe.v:21) (optimized to 0)
'pe_10_10_inst/pe_gen[76].pe_inst/input_reg_a[1][13]' (pe.v:21) (optimized to 0)
'pe_10_10_inst/pe_gen[76].pe_inst/input_reg_a[1][14]' (pe.v:21) (optimized to 0)
'pe_10_10_inst/pe_gen[80].pe_inst/input_reg_a[0][15]' (pe.v:21) (optimized to 0)
'pe_10_10_inst/pe_gen[80].pe_inst/input_reg_a[1][15]' (pe.v:21) (optimized to 0)
'pe_10_10_inst/pe_gen[84].pe_inst/input_reg_a[2][16]' (pe.v:21) (optimized to 0)
'pe_10_10_inst/pe_gen[84].pe_inst/input_reg_a[2][17]' (pe.v:21) (optimized to 0)
'pe_10_10_inst/pe_gen[85].pe_inst/input_reg_a[0][7]' (pe.v:21) (optimized to 0)
'pe_10_10_inst/pe_gen[85].pe_inst/input_reg_a[0][8]' (pe.v:21) (optimized to 0)
'pe_10_10_inst/pe_gen[85].pe_inst/input_reg_a[0][9]' (pe.v:21) (optimized to 0)
'pe_10_10_inst/pe_gen[85].pe_inst/input_reg_a[0][10]' (pe.v:21) (optimized to 0)
'pe_10_10_inst/pe_gen[85].pe_inst/input_reg_a[0][11]' (pe.v:21) (optimized to 0)
'pe_10_10_inst/pe_gen[85].pe_inst/input_reg_a[0][12]' (pe.v:21) (optimized to 0)
'pe_10_10_inst/pe_gen[85].pe_inst/input_reg_a[0][13]' (pe.v:21) (optimized to 0)
'pe_10_10_inst/pe_gen[85].pe_inst/input_reg_a[0][14]' (pe.v:21) (optimized to 0)
'pe_10_10_inst/pe_gen[85].pe_inst/input_reg_a[1][7]' (pe.v:21) (optimized to 0)
'pe_10_10_inst/pe_gen[85].pe_inst/input_reg_a[1][8]' (pe.v:21) (optimized to 0)
'pe_10_10_inst/pe_gen[85].pe_inst/input_reg_a[1][9]' (pe.v:21) (optimized to 0)
'pe_10_10_inst/pe_gen[85].pe_inst/input_reg_a[1][10]' (pe.v:21) (optimized to 0)
'pe_10_10_inst/pe_gen[85].pe_inst/input_reg_a[1][11]' (pe.v:21) (optimized to 0)
'pe_10_10_inst/pe_gen[85].pe_inst/input_reg_a[1][12]' (pe.v:21) (optimized to 0)
'pe_10_10_inst/pe_gen[85].pe_inst/input_reg_a[1][13]' (pe.v:21) (optimized to 0)
'pe_10_10_inst/pe_gen[85].pe_inst/input_reg_a[1][14]' (pe.v:21) (optimized to 0)
'pe_10_10_inst/pe_gen[94].pe_inst/input_reg_a[0][7]' (pe.v:21) (optimized to 0)
'pe_10_10_inst/pe_gen[94].pe_inst/input_reg_a[0][8]' (pe.v:21) (optimized to 0)
'pe_10_10_inst/pe_gen[94].pe_inst/input_reg_a[0][9]' (pe.v:21) (optimized to 0)
'pe_10_10_inst/pe_gen[94].pe_inst/input_reg_a[0][10]' (pe.v:21) (optimized to 0)
'pe_10_10_inst/pe_gen[94].pe_inst/input_reg_a[0][11]' (pe.v:21) (optimized to 0)
'pe_10_10_inst/pe_gen[94].pe_inst/input_reg_a[0][12]' (pe.v:21) (optimized to 0)
'pe_10_10_inst/pe_gen[94].pe_inst/input_reg_a[0][13]' (pe.v:21) (optimized to 0)
'pe_10_10_inst/pe_gen[94].pe_inst/input_reg_a[0][14]' (pe.v:21) (optimized to 0)
'pe_10_10_inst/pe_gen[94].pe_inst/input_reg_a[1][7]' (pe.v:21) (optimized to 0)
'pe_10_10_inst/pe_gen[94].pe_inst/input_reg_a[1][8]' (pe.v:21) (optimized to 0)
'pe_10_10_inst/pe_gen[94].pe_inst/input_reg_a[1][9]' (pe.v:21) (optimized to 0)
'pe_10_10_inst/pe_gen[94].pe_inst/input_reg_a[1][10]' (pe.v:21) (optimized to 0)
'pe_10_10_inst/pe_gen[94].pe_inst/input_reg_a[1][11]' (pe.v:21) (optimized to 0)
'pe_10_10_inst/pe_gen[94].pe_inst/input_reg_a[1][12]' (pe.v:21) (optimized to 0)
'pe_10_10_inst/pe_gen[94].pe_inst/input_reg_a[1][13]' (pe.v:21) (optimized to 0)
'pe_10_10_inst/pe_gen[94].pe_inst/input_reg_a[1][14]' (pe.v:21) (optimized to 0)
'pe_10_10_inst/pe_gen[29].pe_inst/input_reg_a[2][15]' (pe.v:21) (optimized to 0)
'pe_10_10_inst/pe_gen[37].pe_inst/input_reg_a[0][15]' (pe.v:21) (optimized to 0)
'pe_10_10_inst/pe_gen[37].pe_inst/input_reg_a[1][15]' (pe.v:21) (optimized to 0)
'pe_10_10_inst/pe_gen[46].pe_inst/input_reg_a[2][15]' (pe.v:21) (optimized to 0)
'pe_10_10_inst/pe_gen[49].pe_inst/input_reg_a[2][7]' (pe.v:21) (optimized to 0)
'pe_10_10_inst/pe_gen[49].pe_inst/input_reg_a[2][8]' (pe.v:21) (optimized to 0)
'pe_10_10_inst/pe_gen[49].pe_inst/input_reg_a[2][9]' (pe.v:21) (optimized to 0)
'pe_10_10_inst/pe_gen[49].pe_inst/input_reg_a[2][10]' (pe.v:21) (optimized to 0)
'pe_10_10_inst/pe_gen[49].pe_inst/input_reg_a[2][11]' (pe.v:21) (optimized to 0)
'pe_10_10_inst/pe_gen[49].pe_inst/input_reg_a[2][12]' (pe.v:21) (optimized to 0)
'pe_10_10_inst/pe_gen[49].pe_inst/input_reg_a[2][13]' (pe.v:21) (optimized to 0)
'pe_10_10_inst/pe_gen[49].pe_inst/input_reg_a[2][14]' (pe.v:21) (optimized to 0)
'pe_10_10_inst/pe_gen[49].pe_inst/input_reg_a[2][16]' (pe.v:21) (optimized to 0)
'pe_10_10_inst/pe_gen[49].pe_inst/input_reg_a[2][17]' (pe.v:21) (optimized to 0)
'pe_10_10_inst/pe_gen[54].pe_inst/input_reg_a[0][15]' (pe.v:21) (optimized to 0)
'pe_10_10_inst/pe_gen[54].pe_inst/input_reg_a[1][15]' (pe.v:21) (optimized to 0)
'pe_10_10_inst/pe_gen[58].pe_inst/input_reg_a[2][7]' (pe.v:21) (optimized to 0)
'pe_10_10_inst/pe_gen[58].pe_inst/input_reg_a[2][8]' (pe.v:21) (optimized to 0)
'pe_10_10_inst/pe_gen[58].pe_inst/input_reg_a[2][9]' (pe.v:21) (optimized to 0)
'pe_10_10_inst/pe_gen[58].pe_inst/input_reg_a[2][10]' (pe.v:21) (optimized to 0)
'pe_10_10_inst/pe_gen[58].pe_inst/input_reg_a[2][11]' (pe.v:21) (optimized to 0)
'pe_10_10_inst/pe_gen[58].pe_inst/input_reg_a[2][12]' (pe.v:21) (optimized to 0)
'pe_10_10_inst/pe_gen[58].pe_inst/input_reg_a[2][13]' (pe.v:21) (optimized to 0)
'pe_10_10_inst/pe_gen[58].pe_inst/input_reg_a[2][14]' (pe.v:21) (optimized to 0)
'pe_10_10_inst/pe_gen[59].pe_inst/input_reg_a[2][0]' (pe.v:21) (optimized to 0)
'pe_10_10_inst/pe_gen[63].pe_inst/input_reg_a[2][15]' (pe.v:21) (optimized to 0)
'pe_10_10_inst/pe_gen[66].pe_inst/input_reg_a[0][16]' (pe.v:21) (optimized to 0)
'pe_10_10_inst/pe_gen[66].pe_inst/input_reg_a[0][17]' (pe.v:21) (optimized to 0)
'pe_10_10_inst/pe_gen[66].pe_inst/input_reg_a[1][16]' (pe.v:21) (optimized to 0)
'pe_10_10_inst/pe_gen[66].pe_inst/input_reg_a[1][17]' (pe.v:21) (optimized to 0)
'pe_10_10_inst/pe_gen[67].pe_inst/input_reg_a[2][7]' (pe.v:21) (optimized to 0)
'pe_10_10_inst/pe_gen[67].pe_inst/input_reg_a[2][8]' (pe.v:21) (optimized to 0)
'pe_10_10_inst/pe_gen[67].pe_inst/input_reg_a[2][9]' (pe.v:21) (optimized to 0)
'pe_10_10_inst/pe_gen[67].pe_inst/input_reg_a[2][10]' (pe.v:21) (optimized to 0)
'pe_10_10_inst/pe_gen[67].pe_inst/input_reg_a[2][11]' (pe.v:21) (optimized to 0)
'pe_10_10_inst/pe_gen[67].pe_inst/input_reg_a[2][12]' (pe.v:21) (optimized to 0)
'pe_10_10_inst/pe_gen[67].pe_inst/input_reg_a[2][13]' (pe.v:21) (optimized to 0)
'pe_10_10_inst/pe_gen[67].pe_inst/input_reg_a[2][14]' (pe.v:21) (optimized to 0)
'pe_10_10_inst/pe_gen[71].pe_inst/input_reg_a[0][15]' (pe.v:21) (optimized to 0)
'pe_10_10_inst/pe_gen[71].pe_inst/input_reg_a[1][15]' (pe.v:21) (optimized to 0)
'pe_10_10_inst/pe_gen[75].pe_inst/input_reg_a[2][16]' (pe.v:21) (optimized to 0)
'pe_10_10_inst/pe_gen[75].pe_inst/input_reg_a[2][17]' (pe.v:21) (optimized to 0)
'pe_10_10_inst/pe_gen[76].pe_inst/input_reg_a[2][7]' (pe.v:21) (optimized to 0)
'pe_10_10_inst/pe_gen[76].pe_inst/input_reg_a[2][8]' (pe.v:21) (optimized to 0)
'pe_10_10_inst/pe_gen[76].pe_inst/input_reg_a[2][9]' (pe.v:21) (optimized to 0)
'pe_10_10_inst/pe_gen[76].pe_inst/input_reg_a[2][10]' (pe.v:21) (optimized to 0)
'pe_10_10_inst/pe_gen[76].pe_inst/input_reg_a[2][11]' (pe.v:21) (optimized to 0)
'pe_10_10_inst/pe_gen[76].pe_inst/input_reg_a[2][12]' (pe.v:21) (optimized to 0)
'pe_10_10_inst/pe_gen[76].pe_inst/input_reg_a[2][13]' (pe.v:21) (optimized to 0)
'pe_10_10_inst/pe_gen[76].pe_inst/input_reg_a[2][14]' (pe.v:21) (optimized to 0)
'pe_10_10_inst/pe_gen[80].pe_inst/input_reg_a[2][15]' (pe.v:21) (optimized to 0)
'pe_10_10_inst/pe_gen[85].pe_inst/input_reg_a[2][7]' (pe.v:21) (optimized to 0)
'pe_10_10_inst/pe_gen[85].pe_inst/input_reg_a[2][8]' (pe.v:21) (optimized to 0)
'pe_10_10_inst/pe_gen[85].pe_inst/input_reg_a[2][9]' (pe.v:21) (optimized to 0)
'pe_10_10_inst/pe_gen[85].pe_inst/input_reg_a[2][10]' (pe.v:21) (optimized to 0)
'pe_10_10_inst/pe_gen[85].pe_inst/input_reg_a[2][11]' (pe.v:21) (optimized to 0)
'pe_10_10_inst/pe_gen[85].pe_inst/input_reg_a[2][12]' (pe.v:21) (optimized to 0)
'pe_10_10_inst/pe_gen[85].pe_inst/input_reg_a[2][13]' (pe.v:21) (optimized to 0)
'pe_10_10_inst/pe_gen[85].pe_inst/input_reg_a[2][14]' (pe.v:21) (optimized to 0)
'pe_10_10_inst/pe_gen[92].pe_inst/input_reg_a[0][16]' (pe.v:21) (optimized to 0)
'pe_10_10_inst/pe_gen[92].pe_inst/input_reg_a[0][17]' (pe.v:21) (optimized to 0)
'pe_10_10_inst/pe_gen[92].pe_inst/input_reg_a[1][16]' (pe.v:21) (optimized to 0)
'pe_10_10_inst/pe_gen[92].pe_inst/input_reg_a[1][17]' (pe.v:21) (optimized to 0)
'pe_10_10_inst/pe_gen[94].pe_inst/input_reg_a[2][7]' (pe.v:21) (optimized to 0)
'pe_10_10_inst/pe_gen[94].pe_inst/input_reg_a[2][8]' (pe.v:21) (optimized to 0)
'pe_10_10_inst/pe_gen[94].pe_inst/input_reg_a[2][9]' (pe.v:21) (optimized to 0)
'pe_10_10_inst/pe_gen[94].pe_inst/input_reg_a[2][10]' (pe.v:21) (optimized to 0)
'pe_10_10_inst/pe_gen[94].pe_inst/input_reg_a[2][11]' (pe.v:21) (optimized to 0)
'pe_10_10_inst/pe_gen[94].pe_inst/input_reg_a[2][12]' (pe.v:21) (optimized to 0)
'pe_10_10_inst/pe_gen[94].pe_inst/input_reg_a[2][13]' (pe.v:21) (optimized to 0)
'pe_10_10_inst/pe_gen[94].pe_inst/input_reg_a[2][14]' (pe.v:21) (optimized to 0)
'pe_10_10_inst/pe_gen[28].pe_inst/input_reg_a[0][15]' (pe.v:21) (optimized to 0)
'pe_10_10_inst/pe_gen[28].pe_inst/input_reg_a[1][15]' (pe.v:21) (optimized to 0)
'pe_10_10_inst/pe_gen[37].pe_inst/input_reg_a[2][15]' (pe.v:21) (optimized to 0)
'pe_10_10_inst/pe_gen[45].pe_inst/input_reg_a[0][15]' (pe.v:21) (optimized to 0)
'pe_10_10_inst/pe_gen[45].pe_inst/input_reg_a[1][15]' (pe.v:21) (optimized to 0)
'pe_10_10_inst/pe_gen[54].pe_inst/input_reg_a[2][15]' (pe.v:21) (optimized to 0)
'pe_10_10_inst/pe_gen[57].pe_inst/input_reg_a[0][16]' (pe.v:21) (optimized to 0)
'pe_10_10_inst/pe_gen[57].pe_inst/input_reg_a[0][17]' (pe.v:21) (optimized to 0)
'pe_10_10_inst/pe_gen[57].pe_inst/input_reg_a[1][16]' (pe.v:21) (optimized to 0)
'pe_10_10_inst/pe_gen[57].pe_inst/input_reg_a[1][17]' (pe.v:21) (optimized to 0)
'pe_10_10_inst/pe_gen[62].pe_inst/input_reg_a[0][15]' (pe.v:21) (optimized to 0)
'pe_10_10_inst/pe_gen[62].pe_inst/input_reg_a[1][15]' (pe.v:21) (optimized to 0)
'pe_10_10_inst/pe_gen[66].pe_inst/input_reg_a[2][16]' (pe.v:21) (optimized to 0)
'pe_10_10_inst/pe_gen[66].pe_inst/input_reg_a[2][17]' (pe.v:21) (optimized to 0)
'pe_10_10_inst/pe_gen[71].pe_inst/input_reg_a[2][15]' (pe.v:21) (optimized to 0)
'pe_10_10_inst/pe_gen[83].pe_inst/input_reg_a[0][16]' (pe.v:21) (optimized to 0)
'pe_10_10_inst/pe_gen[83].pe_inst/input_reg_a[0][17]' (pe.v:21) (optimized to 0)
'pe_10_10_inst/pe_gen[83].pe_inst/input_reg_a[1][16]' (pe.v:21) (optimized to 0)
'pe_10_10_inst/pe_gen[83].pe_inst/input_reg_a[1][17]' (pe.v:21) (optimized to 0)
'pe_10_10_inst/pe_gen[92].pe_inst/input_reg_a[2][16]' (pe.v:21) (optimized to 0)
'pe_10_10_inst/pe_gen[92].pe_inst/input_reg_a[2][17]' (pe.v:21) (optimized to 0)
'pe_10_10_inst/pe_gen[19].pe_inst/input_reg_a[0][15]' (pe.v:21) (optimized to 0)
'pe_10_10_inst/pe_gen[19].pe_inst/input_reg_a[1][15]' (pe.v:21) (optimized to 0)
'pe_10_10_inst/pe_gen[28].pe_inst/input_reg_a[2][15]' (pe.v:21) (optimized to 0)
'pe_10_10_inst/pe_gen[36].pe_inst/input_reg_a[0][15]' (pe.v:21) (optimized to 0)
'pe_10_10_inst/pe_gen[36].pe_inst/input_reg_a[1][15]' (pe.v:21) (optimized to 0)
'pe_10_10_inst/pe_gen[45].pe_inst/input_reg_a[2][15]' (pe.v:21) (optimized to 0)
'pe_10_10_inst/pe_gen[48].pe_inst/input_reg_a[0][16]' (pe.v:21) (optimized to 0)
'pe_10_10_inst/pe_gen[48].pe_inst/input_reg_a[0][17]' (pe.v:21) (optimized to 0)
'pe_10_10_inst/pe_gen[48].pe_inst/input_reg_a[1][16]' (pe.v:21) (optimized to 0)
'pe_10_10_inst/pe_gen[48].pe_inst/input_reg_a[1][17]' (pe.v:21) (optimized to 0)
'pe_10_10_inst/pe_gen[53].pe_inst/input_reg_a[0][15]' (pe.v:21) (optimized to 0)
'pe_10_10_inst/pe_gen[53].pe_inst/input_reg_a[1][15]' (pe.v:21) (optimized to 0)
'pe_10_10_inst/pe_gen[57].pe_inst/input_reg_a[2][16]' (pe.v:21) (optimized to 0)
'pe_10_10_inst/pe_gen[57].pe_inst/input_reg_a[2][17]' (pe.v:21) (optimized to 0)
'pe_10_10_inst/pe_gen[62].pe_inst/input_reg_a[2][15]' (pe.v:21) (optimized to 0)
'pe_10_10_inst/pe_gen[70].pe_inst/input_reg_a[0][15]' (pe.v:21) (optimized to 0)
'pe_10_10_inst/pe_gen[70].pe_inst/input_reg_a[1][15]' (pe.v:21) (optimized to 0)
'pe_10_10_inst/pe_gen[74].pe_inst/input_reg_a[0][16]' (pe.v:21) (optimized to 0)
'pe_10_10_inst/pe_gen[74].pe_inst/input_reg_a[0][17]' (pe.v:21) (optimized to 0)
'pe_10_10_inst/pe_gen[74].pe_inst/input_reg_a[1][16]' (pe.v:21) (optimized to 0)
'pe_10_10_inst/pe_gen[74].pe_inst/input_reg_a[1][17]' (pe.v:21) (optimized to 0)
'pe_10_10_inst/pe_gen[83].pe_inst/input_reg_a[2][16]' (pe.v:21) (optimized to 0)
'pe_10_10_inst/pe_gen[83].pe_inst/input_reg_a[2][17]' (pe.v:21) (optimized to 0)
'pe_10_10_inst/pe_gen[19].pe_inst/input_reg_a[2][15]' (pe.v:21) (optimized to 0)
'pe_10_10_inst/pe_gen[27].pe_inst/input_reg_a[0][15]' (pe.v:21) (optimized to 0)
'pe_10_10_inst/pe_gen[27].pe_inst/input_reg_a[1][15]' (pe.v:21) (optimized to 0)
'pe_10_10_inst/pe_gen[36].pe_inst/input_reg_a[2][15]' (pe.v:21) (optimized to 0)
'pe_10_10_inst/pe_gen[39].pe_inst/input_reg_a[0][16]' (pe.v:21) (optimized to 0)
'pe_10_10_inst/pe_gen[39].pe_inst/input_reg_a[0][17]' (pe.v:21) (optimized to 0)
'pe_10_10_inst/pe_gen[39].pe_inst/input_reg_a[1][16]' (pe.v:21) (optimized to 0)
'pe_10_10_inst/pe_gen[39].pe_inst/input_reg_a[1][17]' (pe.v:21) (optimized to 0)
'pe_10_10_inst/pe_gen[39].pe_inst/input_reg_a[0][7]' (pe.v:21) (optimized to 0)
'pe_10_10_inst/pe_gen[39].pe_inst/input_reg_a[0][8]' (pe.v:21) (optimized to 0)
'pe_10_10_inst/pe_gen[39].pe_inst/input_reg_a[0][9]' (pe.v:21) (optimized to 0)
'pe_10_10_inst/pe_gen[39].pe_inst/input_reg_a[0][10]' (pe.v:21) (optimized to 0)
'pe_10_10_inst/pe_gen[39].pe_inst/input_reg_a[0][11]' (pe.v:21) (optimized to 0)
'pe_10_10_inst/pe_gen[39].pe_inst/input_reg_a[0][12]' (pe.v:21) (optimized to 0)
'pe_10_10_inst/pe_gen[39].pe_inst/input_reg_a[0][13]' (pe.v:21) (optimized to 0)
'pe_10_10_inst/pe_gen[39].pe_inst/input_reg_a[0][14]' (pe.v:21) (optimized to 0)
'pe_10_10_inst/pe_gen[39].pe_inst/input_reg_a[1][7]' (pe.v:21) (optimized to 0)
'pe_10_10_inst/pe_gen[39].pe_inst/input_reg_a[1][8]' (pe.v:21) (optimized to 0)
'pe_10_10_inst/pe_gen[39].pe_inst/input_reg_a[1][9]' (pe.v:21) (optimized to 0)
'pe_10_10_inst/pe_gen[39].pe_inst/input_reg_a[1][10]' (pe.v:21) (optimized to 0)
'pe_10_10_inst/pe_gen[39].pe_inst/input_reg_a[1][11]' (pe.v:21) (optimized to 0)
'pe_10_10_inst/pe_gen[39].pe_inst/input_reg_a[1][12]' (pe.v:21) (optimized to 0)
'pe_10_10_inst/pe_gen[39].pe_inst/input_reg_a[1][13]' (pe.v:21) (optimized to 0)
'pe_10_10_inst/pe_gen[39].pe_inst/input_reg_a[1][14]' (pe.v:21) (optimized to 0)
'pe_10_10_inst/pe_gen[44].pe_inst/input_reg_a[0][15]' (pe.v:21) (optimized to 0)
'pe_10_10_inst/pe_gen[44].pe_inst/input_reg_a[1][15]' (pe.v:21) (optimized to 0)
'pe_10_10_inst/pe_gen[48].pe_inst/input_reg_a[2][16]' (pe.v:21) (optimized to 0)
'pe_10_10_inst/pe_gen[48].pe_inst/input_reg_a[2][17]' (pe.v:21) (optimized to 0)
'pe_10_10_inst/pe_gen[48].pe_inst/input_reg_a[0][7]' (pe.v:21) (optimized to 0)
'pe_10_10_inst/pe_gen[48].pe_inst/input_reg_a[0][8]' (pe.v:21) (optimized to 0)
'pe_10_10_inst/pe_gen[48].pe_inst/input_reg_a[0][9]' (pe.v:21) (optimized to 0)
'pe_10_10_inst/pe_gen[48].pe_inst/input_reg_a[0][10]' (pe.v:21) (optimized to 0)
'pe_10_10_inst/pe_gen[48].pe_inst/input_reg_a[0][11]' (pe.v:21) (optimized to 0)
'pe_10_10_inst/pe_gen[48].pe_inst/input_reg_a[0][12]' (pe.v:21) (optimized to 0)
'pe_10_10_inst/pe_gen[48].pe_inst/input_reg_a[0][13]' (pe.v:21) (optimized to 0)
'pe_10_10_inst/pe_gen[48].pe_inst/input_reg_a[0][14]' (pe.v:21) (optimized to 0)
'pe_10_10_inst/pe_gen[48].pe_inst/input_reg_a[1][7]' (pe.v:21) (optimized to 0)
'pe_10_10_inst/pe_gen[48].pe_inst/input_reg_a[1][8]' (pe.v:21) (optimized to 0)
'pe_10_10_inst/pe_gen[48].pe_inst/input_reg_a[1][9]' (pe.v:21) (optimized to 0)
'pe_10_10_inst/pe_gen[48].pe_inst/input_reg_a[1][10]' (pe.v:21) (optimized to 0)
'pe_10_10_inst/pe_gen[48].pe_inst/input_reg_a[1][11]' (pe.v:21) (optimized to 0)
'pe_10_10_inst/pe_gen[48].pe_inst/input_reg_a[1][12]' (pe.v:21) (optimized to 0)
'pe_10_10_inst/pe_gen[48].pe_inst/input_reg_a[1][13]' (pe.v:21) (optimized to 0)
'pe_10_10_inst/pe_gen[48].pe_inst/input_reg_a[1][14]' (pe.v:21) (optimized to 0)
'pe_10_10_inst/pe_gen[53].pe_inst/input_reg_a[2][15]' (pe.v:21) (optimized to 0)
'pe_10_10_inst/pe_gen[57].pe_inst/input_reg_a[0][7]' (pe.v:21) (optimized to 0)
'pe_10_10_inst/pe_gen[57].pe_inst/input_reg_a[0][8]' (pe.v:21) (optimized to 0)
'pe_10_10_inst/pe_gen[57].pe_inst/input_reg_a[0][9]' (pe.v:21) (optimized to 0)
'pe_10_10_inst/pe_gen[57].pe_inst/input_reg_a[0][10]' (pe.v:21) (optimized to 0)
'pe_10_10_inst/pe_gen[57].pe_inst/input_reg_a[0][11]' (pe.v:21) (optimized to 0)
'pe_10_10_inst/pe_gen[57].pe_inst/input_reg_a[0][12]' (pe.v:21) (optimized to 0)
'pe_10_10_inst/pe_gen[57].pe_inst/input_reg_a[0][13]' (pe.v:21) (optimized to 0)
'pe_10_10_inst/pe_gen[57].pe_inst/input_reg_a[0][14]' (pe.v:21) (optimized to 0)
'pe_10_10_inst/pe_gen[57].pe_inst/input_reg_a[1][7]' (pe.v:21) (optimized to 0)
'pe_10_10_inst/pe_gen[57].pe_inst/input_reg_a[1][8]' (pe.v:21) (optimized to 0)
'pe_10_10_inst/pe_gen[57].pe_inst/input_reg_a[1][9]' (pe.v:21) (optimized to 0)
'pe_10_10_inst/pe_gen[57].pe_inst/input_reg_a[1][10]' (pe.v:21) (optimized to 0)
'pe_10_10_inst/pe_gen[57].pe_inst/input_reg_a[1][11]' (pe.v:21) (optimized to 0)
'pe_10_10_inst/pe_gen[57].pe_inst/input_reg_a[1][12]' (pe.v:21) (optimized to 0)
'pe_10_10_inst/pe_gen[57].pe_inst/input_reg_a[1][13]' (pe.v:21) (optimized to 0)
'pe_10_10_inst/pe_gen[57].pe_inst/input_reg_a[1][14]' (pe.v:21) (optimized to 0)
'pe_10_10_inst/pe_gen[61].pe_inst/input_reg_a[0][15]' (pe.v:21) (optimized to 0)
'pe_10_10_inst/pe_gen[61].pe_inst/input_reg_a[1][15]' (pe.v:21) (optimized to 0)
'pe_10_10_inst/pe_gen[65].pe_inst/input_reg_a[0][16]' (pe.v:21) (optimized to 0)
'pe_10_10_inst/pe_gen[65].pe_inst/input_reg_a[0][17]' (pe.v:21) (optimized to 0)
'pe_10_10_inst/pe_gen[65].pe_inst/input_reg_a[1][16]' (pe.v:21) (optimized to 0)
'pe_10_10_inst/pe_gen[65].pe_inst/input_reg_a[1][17]' (pe.v:21) (optimized to 0)
'pe_10_10_inst/pe_gen[66].pe_inst/input_reg_a[0][7]' (pe.v:21) (optimized to 0)
'pe_10_10_inst/pe_gen[66].pe_inst/input_reg_a[0][8]' (pe.v:21) (optimized to 0)
'pe_10_10_inst/pe_gen[66].pe_inst/input_reg_a[0][9]' (pe.v:21) (optimized to 0)
'pe_10_10_inst/pe_gen[66].pe_inst/input_reg_a[0][10]' (pe.v:21) (optimized to 0)
'pe_10_10_inst/pe_gen[66].pe_inst/input_reg_a[0][11]' (pe.v:21) (optimized to 0)
'pe_10_10_inst/pe_gen[66].pe_inst/input_reg_a[0][12]' (pe.v:21) (optimized to 0)
'pe_10_10_inst/pe_gen[66].pe_inst/input_reg_a[0][13]' (pe.v:21) (optimized to 0)
'pe_10_10_inst/pe_gen[66].pe_inst/input_reg_a[0][14]' (pe.v:21) (optimized to 0)
'pe_10_10_inst/pe_gen[66].pe_inst/input_reg_a[1][7]' (pe.v:21) (optimized to 0)
'pe_10_10_inst/pe_gen[66].pe_inst/input_reg_a[1][8]' (pe.v:21) (optimized to 0)
'pe_10_10_inst/pe_gen[66].pe_inst/input_reg_a[1][9]' (pe.v:21) (optimized to 0)
'pe_10_10_inst/pe_gen[66].pe_inst/input_reg_a[1][10]' (pe.v:21) (optimized to 0)
'pe_10_10_inst/pe_gen[66].pe_inst/input_reg_a[1][11]' (pe.v:21) (optimized to 0)
'pe_10_10_inst/pe_gen[66].pe_inst/input_reg_a[1][12]' (pe.v:21) (optimized to 0)
'pe_10_10_inst/pe_gen[66].pe_inst/input_reg_a[1][13]' (pe.v:21) (optimized to 0)
'pe_10_10_inst/pe_gen[66].pe_inst/input_reg_a[1][14]' (pe.v:21) (optimized to 0)
'pe_10_10_inst/pe_gen[70].pe_inst/input_reg_a[2][15]' (pe.v:21) (optimized to 0)
'pe_10_10_inst/pe_gen[74].pe_inst/input_reg_a[2][16]' (pe.v:21) (optimized to 0)
'pe_10_10_inst/pe_gen[74].pe_inst/input_reg_a[2][17]' (pe.v:21) (optimized to 0)
'pe_10_10_inst/pe_gen[75].pe_inst/input_reg_a[0][7]' (pe.v:21) (optimized to 0)
'pe_10_10_inst/pe_gen[75].pe_inst/input_reg_a[0][8]' (pe.v:21) (optimized to 0)
'pe_10_10_inst/pe_gen[75].pe_inst/input_reg_a[0][9]' (pe.v:21) (optimized to 0)
'pe_10_10_inst/pe_gen[75].pe_inst/input_reg_a[0][10]' (pe.v:21) (optimized to 0)
'pe_10_10_inst/pe_gen[75].pe_inst/input_reg_a[0][11]' (pe.v:21) (optimized to 0)
'pe_10_10_inst/pe_gen[75].pe_inst/input_reg_a[0][12]' (pe.v:21) (optimized to 0)
'pe_10_10_inst/pe_gen[75].pe_inst/input_reg_a[0][13]' (pe.v:21) (optimized to 0)
'pe_10_10_inst/pe_gen[75].pe_inst/input_reg_a[0][14]' (pe.v:21) (optimized to 0)
'pe_10_10_inst/pe_gen[75].pe_inst/input_reg_a[1][7]' (pe.v:21) (optimized to 0)
'pe_10_10_inst/pe_gen[75].pe_inst/input_reg_a[1][8]' (pe.v:21) (optimized to 0)
'pe_10_10_inst/pe_gen[75].pe_inst/input_reg_a[1][9]' (pe.v:21) (optimized to 0)
'pe_10_10_inst/pe_gen[75].pe_inst/input_reg_a[1][10]' (pe.v:21) (optimized to 0)
'pe_10_10_inst/pe_gen[75].pe_inst/input_reg_a[1][11]' (pe.v:21) (optimized to 0)
'pe_10_10_inst/pe_gen[75].pe_inst/input_reg_a[1][12]' (pe.v:21) (optimized to 0)
'pe_10_10_inst/pe_gen[75].pe_inst/input_reg_a[1][13]' (pe.v:21) (optimized to 0)
'pe_10_10_inst/pe_gen[75].pe_inst/input_reg_a[1][14]' (pe.v:21) (optimized to 0)
'pe_10_10_inst/pe_gen[84].pe_inst/input_reg_a[0][7]' (pe.v:21) (optimized to 0)
'pe_10_10_inst/pe_gen[84].pe_inst/input_reg_a[0][8]' (pe.v:21) (optimized to 0)
'pe_10_10_inst/pe_gen[84].pe_inst/input_reg_a[0][9]' (pe.v:21) (optimized to 0)
'pe_10_10_inst/pe_gen[84].pe_inst/input_reg_a[0][10]' (pe.v:21) (optimized to 0)
'pe_10_10_inst/pe_gen[84].pe_inst/input_reg_a[0][11]' (pe.v:21) (optimized to 0)
'pe_10_10_inst/pe_gen[84].pe_inst/input_reg_a[0][12]' (pe.v:21) (optimized to 0)
'pe_10_10_inst/pe_gen[84].pe_inst/input_reg_a[0][13]' (pe.v:21) (optimized to 0)
'pe_10_10_inst/pe_gen[84].pe_inst/input_reg_a[0][14]' (pe.v:21) (optimized to 0)
'pe_10_10_inst/pe_gen[84].pe_inst/input_reg_a[1][7]' (pe.v:21) (optimized to 0)
'pe_10_10_inst/pe_gen[84].pe_inst/input_reg_a[1][8]' (pe.v:21) (optimized to 0)
'pe_10_10_inst/pe_gen[84].pe_inst/input_reg_a[1][9]' (pe.v:21) (optimized to 0)
'pe_10_10_inst/pe_gen[84].pe_inst/input_reg_a[1][10]' (pe.v:21) (optimized to 0)
'pe_10_10_inst/pe_gen[84].pe_inst/input_reg_a[1][11]' (pe.v:21) (optimized to 0)
'pe_10_10_inst/pe_gen[84].pe_inst/input_reg_a[1][12]' (pe.v:21) (optimized to 0)
'pe_10_10_inst/pe_gen[84].pe_inst/input_reg_a[1][13]' (pe.v:21) (optimized to 0)
'pe_10_10_inst/pe_gen[84].pe_inst/input_reg_a[1][14]' (pe.v:21) (optimized to 0)
'pe_10_10_inst/pe_gen[91].pe_inst/input_reg_a[0][16]' (pe.v:21) (optimized to 0)
'pe_10_10_inst/pe_gen[91].pe_inst/input_reg_a[0][17]' (pe.v:21) (optimized to 0)
'pe_10_10_inst/pe_gen[91].pe_inst/input_reg_a[1][16]' (pe.v:21) (optimized to 0)
'pe_10_10_inst/pe_gen[91].pe_inst/input_reg_a[1][17]' (pe.v:21) (optimized to 0)
'pe_10_10_inst/pe_gen[93].pe_inst/input_reg_a[0][7]' (pe.v:21) (optimized to 0)
'pe_10_10_inst/pe_gen[93].pe_inst/input_reg_a[0][8]' (pe.v:21) (optimized to 0)
'pe_10_10_inst/pe_gen[93].pe_inst/input_reg_a[0][9]' (pe.v:21) (optimized to 0)
'pe_10_10_inst/pe_gen[93].pe_inst/input_reg_a[0][10]' (pe.v:21) (optimized to 0)
'pe_10_10_inst/pe_gen[93].pe_inst/input_reg_a[0][11]' (pe.v:21) (optimized to 0)
'pe_10_10_inst/pe_gen[93].pe_inst/input_reg_a[0][12]' (pe.v:21) (optimized to 0)
'pe_10_10_inst/pe_gen[93].pe_inst/input_reg_a[0][13]' (pe.v:21) (optimized to 0)
'pe_10_10_inst/pe_gen[93].pe_inst/input_reg_a[0][14]' (pe.v:21) (optimized to 0)
'pe_10_10_inst/pe_gen[93].pe_inst/input_reg_a[1][7]' (pe.v:21) (optimized to 0)
'pe_10_10_inst/pe_gen[93].pe_inst/input_reg_a[1][8]' (pe.v:21) (optimized to 0)
'pe_10_10_inst/pe_gen[93].pe_inst/input_reg_a[1][9]' (pe.v:21) (optimized to 0)
'pe_10_10_inst/pe_gen[93].pe_inst/input_reg_a[1][10]' (pe.v:21) (optimized to 0)
'pe_10_10_inst/pe_gen[93].pe_inst/input_reg_a[1][11]' (pe.v:21) (optimized to 0)
'pe_10_10_inst/pe_gen[93].pe_inst/input_reg_a[1][12]' (pe.v:21) (optimized to 0)
'pe_10_10_inst/pe_gen[93].pe_inst/input_reg_a[1][13]' (pe.v:21) (optimized to 0)
'pe_10_10_inst/pe_gen[93].pe_inst/input_reg_a[1][14]' (pe.v:21) (optimized to 0)
'pe_10_10_inst/pe_gen[18].pe_inst/input_reg_a[0][15]' (pe.v:21) (optimized to 0)
'pe_10_10_inst/pe_gen[18].pe_inst/input_reg_a[1][15]' (pe.v:21) (optimized to 0)
'pe_10_10_inst/pe_gen[27].pe_inst/input_reg_a[2][15]' (pe.v:21) (optimized to 0)
'pe_10_10_inst/pe_gen[35].pe_inst/input_reg_a[0][15]' (pe.v:21) (optimized to 0)
'pe_10_10_inst/pe_gen[35].pe_inst/input_reg_a[1][15]' (pe.v:21) (optimized to 0)
'pe_10_10_inst/pe_gen[39].pe_inst/input_reg_a[2][7]' (pe.v:21) (optimized to 0)
'pe_10_10_inst/pe_gen[39].pe_inst/input_reg_a[2][8]' (pe.v:21) (optimized to 0)
'pe_10_10_inst/pe_gen[39].pe_inst/input_reg_a[2][9]' (pe.v:21) (optimized to 0)
'pe_10_10_inst/pe_gen[39].pe_inst/input_reg_a[2][10]' (pe.v:21) (optimized to 0)
'pe_10_10_inst/pe_gen[39].pe_inst/input_reg_a[2][11]' (pe.v:21) (optimized to 0)
'pe_10_10_inst/pe_gen[39].pe_inst/input_reg_a[2][12]' (pe.v:21) (optimized to 0)
'pe_10_10_inst/pe_gen[39].pe_inst/input_reg_a[2][13]' (pe.v:21) (optimized to 0)
'pe_10_10_inst/pe_gen[39].pe_inst/input_reg_a[2][14]' (pe.v:21) (optimized to 0)
'pe_10_10_inst/pe_gen[39].pe_inst/input_reg_a[2][16]' (pe.v:21) (optimized to 0)
'pe_10_10_inst/pe_gen[39].pe_inst/input_reg_a[2][17]' (pe.v:21) (optimized to 0)
'pe_10_10_inst/pe_gen[44].pe_inst/input_reg_a[2][15]' (pe.v:21) (optimized to 0)
'pe_10_10_inst/pe_gen[48].pe_inst/input_reg_a[2][7]' (pe.v:21) (optimized to 0)
'pe_10_10_inst/pe_gen[48].pe_inst/input_reg_a[2][8]' (pe.v:21) (optimized to 0)
'pe_10_10_inst/pe_gen[48].pe_inst/input_reg_a[2][9]' (pe.v:21) (optimized to 0)
'pe_10_10_inst/pe_gen[48].pe_inst/input_reg_a[2][10]' (pe.v:21) (optimized to 0)
'pe_10_10_inst/pe_gen[48].pe_inst/input_reg_a[2][11]' (pe.v:21) (optimized to 0)
'pe_10_10_inst/pe_gen[48].pe_inst/input_reg_a[2][12]' (pe.v:21) (optimized to 0)
'pe_10_10_inst/pe_gen[48].pe_inst/input_reg_a[2][13]' (pe.v:21) (optimized to 0)
'pe_10_10_inst/pe_gen[48].pe_inst/input_reg_a[2][14]' (pe.v:21) (optimized to 0)
'pe_10_10_inst/pe_gen[49].pe_inst/input_reg_a[0][0]' (pe.v:21) (optimized to 0)
'pe_10_10_inst/pe_gen[49].pe_inst/input_reg_a[1][0]' (pe.v:21) (optimized to 0)
'pe_10_10_inst/pe_gen[52].pe_inst/input_reg_a[0][15]' (pe.v:21) (optimized to 0)
'pe_10_10_inst/pe_gen[52].pe_inst/input_reg_a[1][15]' (pe.v:21) (optimized to 0)
'pe_10_10_inst/pe_gen[56].pe_inst/input_reg_a[0][16]' (pe.v:21) (optimized to 0)
'pe_10_10_inst/pe_gen[56].pe_inst/input_reg_a[0][17]' (pe.v:21) (optimized to 0)
'pe_10_10_inst/pe_gen[56].pe_inst/input_reg_a[1][16]' (pe.v:21) (optimized to 0)
'pe_10_10_inst/pe_gen[56].pe_inst/input_reg_a[1][17]' (pe.v:21) (optimized to 0)
'pe_10_10_inst/pe_gen[57].pe_inst/input_reg_a[2][7]' (pe.v:21) (optimized to 0)
'pe_10_10_inst/pe_gen[57].pe_inst/input_reg_a[2][8]' (pe.v:21) (optimized to 0)
'pe_10_10_inst/pe_gen[57].pe_inst/input_reg_a[2][9]' (pe.v:21) (optimized to 0)
'pe_10_10_inst/pe_gen[57].pe_inst/input_reg_a[2][10]' (pe.v:21) (optimized to 0)
'pe_10_10_inst/pe_gen[57].pe_inst/input_reg_a[2][11]' (pe.v:21) (optimized to 0)
'pe_10_10_inst/pe_gen[57].pe_inst/input_reg_a[2][12]' (pe.v:21) (optimized to 0)
'pe_10_10_inst/pe_gen[57].pe_inst/input_reg_a[2][13]' (pe.v:21) (optimized to 0)
'pe_10_10_inst/pe_gen[57].pe_inst/input_reg_a[2][14]' (pe.v:21) (optimized to 0)
'pe_10_10_inst/pe_gen[61].pe_inst/input_reg_a[2][15]' (pe.v:21) (optimized to 0)
'pe_10_10_inst/pe_gen[65].pe_inst/input_reg_a[2][16]' (pe.v:21) (optimized to 0)
'pe_10_10_inst/pe_gen[65].pe_inst/input_reg_a[2][17]' (pe.v:21) (optimized to 0)
'pe_10_10_inst/pe_gen[66].pe_inst/input_reg_a[2][7]' (pe.v:21) (optimized to 0)
'pe_10_10_inst/pe_gen[66].pe_inst/input_reg_a[2][8]' (pe.v:21) (optimized to 0)
'pe_10_10_inst/pe_gen[66].pe_inst/input_reg_a[2][9]' (pe.v:21) (optimized to 0)
'pe_10_10_inst/pe_gen[66].pe_inst/input_reg_a[2][10]' (pe.v:21) (optimized to 0)
'pe_10_10_inst/pe_gen[66].pe_inst/input_reg_a[2][11]' (pe.v:21) (optimized to 0)
'pe_10_10_inst/pe_gen[66].pe_inst/input_reg_a[2][12]' (pe.v:21) (optimized to 0)
'pe_10_10_inst/pe_gen[66].pe_inst/input_reg_a[2][13]' (pe.v:21) (optimized to 0)
'pe_10_10_inst/pe_gen[66].pe_inst/input_reg_a[2][14]' (pe.v:21) (optimized to 0)
'pe_10_10_inst/pe_gen[75].pe_inst/input_reg_a[2][7]' (pe.v:21) (optimized to 0)
'pe_10_10_inst/pe_gen[75].pe_inst/input_reg_a[2][8]' (pe.v:21) (optimized to 0)
'pe_10_10_inst/pe_gen[75].pe_inst/input_reg_a[2][9]' (pe.v:21) (optimized to 0)
'pe_10_10_inst/pe_gen[75].pe_inst/input_reg_a[2][10]' (pe.v:21) (optimized to 0)
'pe_10_10_inst/pe_gen[75].pe_inst/input_reg_a[2][11]' (pe.v:21) (optimized to 0)
'pe_10_10_inst/pe_gen[75].pe_inst/input_reg_a[2][12]' (pe.v:21) (optimized to 0)
'pe_10_10_inst/pe_gen[75].pe_inst/input_reg_a[2][13]' (pe.v:21) (optimized to 0)
'pe_10_10_inst/pe_gen[75].pe_inst/input_reg_a[2][14]' (pe.v:21) (optimized to 0)
'pe_10_10_inst/pe_gen[82].pe_inst/input_reg_a[0][16]' (pe.v:21) (optimized to 0)
'pe_10_10_inst/pe_gen[82].pe_inst/input_reg_a[0][17]' (pe.v:21) (optimized to 0)
'pe_10_10_inst/pe_gen[82].pe_inst/input_reg_a[1][16]' (pe.v:21) (optimized to 0)
'pe_10_10_inst/pe_gen[82].pe_inst/input_reg_a[1][17]' (pe.v:21) (optimized to 0)
'pe_10_10_inst/pe_gen[84].pe_inst/input_reg_a[2][7]' (pe.v:21) (optimized to 0)
'pe_10_10_inst/pe_gen[84].pe_inst/input_reg_a[2][8]' (pe.v:21) (optimized to 0)
'pe_10_10_inst/pe_gen[84].pe_inst/input_reg_a[2][9]' (pe.v:21) (optimized to 0)
'pe_10_10_inst/pe_gen[84].pe_inst/input_reg_a[2][10]' (pe.v:21) (optimized to 0)
'pe_10_10_inst/pe_gen[84].pe_inst/input_reg_a[2][11]' (pe.v:21) (optimized to 0)
'pe_10_10_inst/pe_gen[84].pe_inst/input_reg_a[2][12]' (pe.v:21) (optimized to 0)
'pe_10_10_inst/pe_gen[84].pe_inst/input_reg_a[2][13]' (pe.v:21) (optimized to 0)
'pe_10_10_inst/pe_gen[84].pe_inst/input_reg_a[2][14]' (pe.v:21) (optimized to 0)
'pe_10_10_inst/pe_gen[91].pe_inst/input_reg_a[2][16]' (pe.v:21) (optimized to 0)
'pe_10_10_inst/pe_gen[91].pe_inst/input_reg_a[2][17]' (pe.v:21) (optimized to 0)
'pe_10_10_inst/pe_gen[93].pe_inst/input_reg_a[2][7]' (pe.v:21) (optimized to 0)
'pe_10_10_inst/pe_gen[93].pe_inst/input_reg_a[2][8]' (pe.v:21) (optimized to 0)
'pe_10_10_inst/pe_gen[93].pe_inst/input_reg_a[2][9]' (pe.v:21) (optimized to 0)
'pe_10_10_inst/pe_gen[93].pe_inst/input_reg_a[2][10]' (pe.v:21) (optimized to 0)
'pe_10_10_inst/pe_gen[93].pe_inst/input_reg_a[2][11]' (pe.v:21) (optimized to 0)
'pe_10_10_inst/pe_gen[93].pe_inst/input_reg_a[2][12]' (pe.v:21) (optimized to 0)
'pe_10_10_inst/pe_gen[93].pe_inst/input_reg_a[2][13]' (pe.v:21) (optimized to 0)
'pe_10_10_inst/pe_gen[93].pe_inst/input_reg_a[2][14]' (pe.v:21) (optimized to 0)
'pe_10_10_inst/pe_gen[9].pe_inst/input_reg_a[0][15]' (pe.v:21) (optimized to 0)
'pe_10_10_inst/pe_gen[18].pe_inst/input_reg_a[2][15]' (pe.v:21) (optimized to 0)
'pe_10_10_inst/pe_gen[26].pe_inst/input_reg_a[0][15]' (pe.v:21) (optimized to 0)
'pe_10_10_inst/pe_gen[26].pe_inst/input_reg_a[1][15]' (pe.v:21) (optimized to 0)
'pe_10_10_inst/pe_gen[35].pe_inst/input_reg_a[2][15]' (pe.v:21) (optimized to 0)
'pe_10_10_inst/pe_gen[43].pe_inst/input_reg_a[0][15]' (pe.v:21) (optimized to 0)
'pe_10_10_inst/pe_gen[43].pe_inst/input_reg_a[1][15]' (pe.v:21) (optimized to 0)
'pe_10_10_inst/pe_gen[47].pe_inst/input_reg_a[0][16]' (pe.v:21) (optimized to 0)
'pe_10_10_inst/pe_gen[47].pe_inst/input_reg_a[0][17]' (pe.v:21) (optimized to 0)
'pe_10_10_inst/pe_gen[47].pe_inst/input_reg_a[1][16]' (pe.v:21) (optimized to 0)
'pe_10_10_inst/pe_gen[47].pe_inst/input_reg_a[1][17]' (pe.v:21) (optimized to 0)
'pe_10_10_inst/pe_gen[49].pe_inst/input_reg_a[2][0]' (pe.v:21) (optimized to 0)
'pe_10_10_inst/pe_gen[52].pe_inst/input_reg_a[2][15]' (pe.v:21) (optimized to 0)
'pe_10_10_inst/pe_gen[56].pe_inst/input_reg_a[2][16]' (pe.v:21) (optimized to 0)
'pe_10_10_inst/pe_gen[56].pe_inst/input_reg_a[2][17]' (pe.v:21) (optimized to 0)
'pe_10_10_inst/pe_gen[60].pe_inst/input_reg_a[0][15]' (pe.v:21) (optimized to 0)
'pe_10_10_inst/pe_gen[60].pe_inst/input_reg_a[1][15]' (pe.v:21) (optimized to 0)
'pe_10_10_inst/pe_gen[73].pe_inst/input_reg_a[0][16]' (pe.v:21) (optimized to 0)
'pe_10_10_inst/pe_gen[73].pe_inst/input_reg_a[0][17]' (pe.v:21) (optimized to 0)
'pe_10_10_inst/pe_gen[73].pe_inst/input_reg_a[1][16]' (pe.v:21) (optimized to 0)
'pe_10_10_inst/pe_gen[73].pe_inst/input_reg_a[1][17]' (pe.v:21) (optimized to 0)
'pe_10_10_inst/pe_gen[82].pe_inst/input_reg_a[2][16]' (pe.v:21) (optimized to 0)
'pe_10_10_inst/pe_gen[82].pe_inst/input_reg_a[2][17]' (pe.v:21) (optimized to 0)
'pe_10_10_inst/pe_gen[17].pe_inst/input_reg_a[0][15]' (pe.v:21) (optimized to 0)
'pe_10_10_inst/pe_gen[17].pe_inst/input_reg_a[1][15]' (pe.v:21) (optimized to 0)
'pe_10_10_inst/pe_gen[26].pe_inst/input_reg_a[2][15]' (pe.v:21) (optimized to 0)
'pe_10_10_inst/pe_gen[34].pe_inst/input_reg_a[0][15]' (pe.v:21) (optimized to 0)
'pe_10_10_inst/pe_gen[34].pe_inst/input_reg_a[1][15]' (pe.v:21) (optimized to 0)
'pe_10_10_inst/pe_gen[38].pe_inst/input_reg_a[0][16]' (pe.v:21) (optimized to 0)
'pe_10_10_inst/pe_gen[38].pe_inst/input_reg_a[0][17]' (pe.v:21) (optimized to 0)
'pe_10_10_inst/pe_gen[38].pe_inst/input_reg_a[1][16]' (pe.v:21) (optimized to 0)
'pe_10_10_inst/pe_gen[38].pe_inst/input_reg_a[1][17]' (pe.v:21) (optimized to 0)
'pe_10_10_inst/pe_gen[43].pe_inst/input_reg_a[2][15]' (pe.v:21) (optimized to 0)
'pe_10_10_inst/pe_gen[47].pe_inst/input_reg_a[2][16]' (pe.v:21) (optimized to 0)
'pe_10_10_inst/pe_gen[47].pe_inst/input_reg_a[2][17]' (pe.v:21) (optimized to 0)
'pe_10_10_inst/pe_gen[51].pe_inst/input_reg_a[0][15]' (pe.v:21) (optimized to 0)
'pe_10_10_inst/pe_gen[51].pe_inst/input_reg_a[1][15]' (pe.v:21) (optimized to 0)
'pe_10_10_inst/pe_gen[60].pe_inst/input_reg_a[2][15]' (pe.v:21) (optimized to 0)
'pe_10_10_inst/pe_gen[64].pe_inst/input_reg_a[0][16]' (pe.v:21) (optimized to 0)
'pe_10_10_inst/pe_gen[64].pe_inst/input_reg_a[0][17]' (pe.v:21) (optimized to 0)
'pe_10_10_inst/pe_gen[64].pe_inst/input_reg_a[1][16]' (pe.v:21) (optimized to 0)
'pe_10_10_inst/pe_gen[64].pe_inst/input_reg_a[1][17]' (pe.v:21) (optimized to 0)
'pe_10_10_inst/pe_gen[73].pe_inst/input_reg_a[2][16]' (pe.v:21) (optimized to 0)
'pe_10_10_inst/pe_gen[73].pe_inst/input_reg_a[2][17]' (pe.v:21) (optimized to 0)
'pe_10_10_inst/pe_gen[90].pe_inst/input_reg_a[0][16]' (pe.v:21) (optimized to 0)
'pe_10_10_inst/pe_gen[90].pe_inst/input_reg_a[0][17]' (pe.v:21) (optimized to 0)
'pe_10_10_inst/pe_gen[90].pe_inst/input_reg_a[1][16]' (pe.v:21) (optimized to 0)
'pe_10_10_inst/pe_gen[90].pe_inst/input_reg_a[1][17]' (pe.v:21) (optimized to 0)
'pe_10_10_inst/pe_gen[8].pe_inst/input_reg_a[0][15]' (pe.v:21) (optimized to 0)
'pe_10_10_inst/pe_gen[17].pe_inst/input_reg_a[2][15]' (pe.v:21) (optimized to 0)
'pe_10_10_inst/pe_gen[25].pe_inst/input_reg_a[0][15]' (pe.v:21) (optimized to 0)
'pe_10_10_inst/pe_gen[25].pe_inst/input_reg_a[1][15]' (pe.v:21) (optimized to 0)
'pe_10_10_inst/pe_gen[29].pe_inst/input_reg_a[0][16]' (pe.v:21) (optimized to 0)
'pe_10_10_inst/pe_gen[29].pe_inst/input_reg_a[0][17]' (pe.v:21) (optimized to 0)
'pe_10_10_inst/pe_gen[29].pe_inst/input_reg_a[1][16]' (pe.v:21) (optimized to 0)
'pe_10_10_inst/pe_gen[29].pe_inst/input_reg_a[1][17]' (pe.v:21) (optimized to 0)
'pe_10_10_inst/pe_gen[29].pe_inst/input_reg_a[0][7]' (pe.v:21) (optimized to 0)
'pe_10_10_inst/pe_gen[29].pe_inst/input_reg_a[0][8]' (pe.v:21) (optimized to 0)
'pe_10_10_inst/pe_gen[29].pe_inst/input_reg_a[0][9]' (pe.v:21) (optimized to 0)
'pe_10_10_inst/pe_gen[29].pe_inst/input_reg_a[0][10]' (pe.v:21) (optimized to 0)
'pe_10_10_inst/pe_gen[29].pe_inst/input_reg_a[0][11]' (pe.v:21) (optimized to 0)
'pe_10_10_inst/pe_gen[29].pe_inst/input_reg_a[0][12]' (pe.v:21) (optimized to 0)
'pe_10_10_inst/pe_gen[29].pe_inst/input_reg_a[0][13]' (pe.v:21) (optimized to 0)
'pe_10_10_inst/pe_gen[29].pe_inst/input_reg_a[0][14]' (pe.v:21) (optimized to 0)
'pe_10_10_inst/pe_gen[29].pe_inst/input_reg_a[1][7]' (pe.v:21) (optimized to 0)
'pe_10_10_inst/pe_gen[29].pe_inst/input_reg_a[1][8]' (pe.v:21) (optimized to 0)
'pe_10_10_inst/pe_gen[29].pe_inst/input_reg_a[1][9]' (pe.v:21) (optimized to 0)
'pe_10_10_inst/pe_gen[29].pe_inst/input_reg_a[1][10]' (pe.v:21) (optimized to 0)
'pe_10_10_inst/pe_gen[29].pe_inst/input_reg_a[1][11]' (pe.v:21) (optimized to 0)
'pe_10_10_inst/pe_gen[29].pe_inst/input_reg_a[1][12]' (pe.v:21) (optimized to 0)
'pe_10_10_inst/pe_gen[29].pe_inst/input_reg_a[1][13]' (pe.v:21) (optimized to 0)
'pe_10_10_inst/pe_gen[29].pe_inst/input_reg_a[1][14]' (pe.v:21) (optimized to 0)
'pe_10_10_inst/pe_gen[34].pe_inst/input_reg_a[2][15]' (pe.v:21) (optimized to 0)
'pe_10_10_inst/pe_gen[38].pe_inst/input_reg_a[2][16]' (pe.v:21) (optimized to 0)
'pe_10_10_inst/pe_gen[38].pe_inst/input_reg_a[2][17]' (pe.v:21) (optimized to 0)
'pe_10_10_inst/pe_gen[38].pe_inst/input_reg_a[0][7]' (pe.v:21) (optimized to 0)
'pe_10_10_inst/pe_gen[38].pe_inst/input_reg_a[0][8]' (pe.v:21) (optimized to 0)
'pe_10_10_inst/pe_gen[38].pe_inst/input_reg_a[0][9]' (pe.v:21) (optimized to 0)
'pe_10_10_inst/pe_gen[38].pe_inst/input_reg_a[0][10]' (pe.v:21) (optimized to 0)
'pe_10_10_inst/pe_gen[38].pe_inst/input_reg_a[0][11]' (pe.v:21) (optimized to 0)
'pe_10_10_inst/pe_gen[38].pe_inst/input_reg_a[0][12]' (pe.v:21) (optimized to 0)
'pe_10_10_inst/pe_gen[38].pe_inst/input_reg_a[0][13]' (pe.v:21) (optimized to 0)
'pe_10_10_inst/pe_gen[38].pe_inst/input_reg_a[0][14]' (pe.v:21) (optimized to 0)
'pe_10_10_inst/pe_gen[38].pe_inst/input_reg_a[1][7]' (pe.v:21) (optimized to 0)
'pe_10_10_inst/pe_gen[38].pe_inst/input_reg_a[1][8]' (pe.v:21) (optimized to 0)
'pe_10_10_inst/pe_gen[38].pe_inst/input_reg_a[1][9]' (pe.v:21) (optimized to 0)
'pe_10_10_inst/pe_gen[38].pe_inst/input_reg_a[1][10]' (pe.v:21) (optimized to 0)
'pe_10_10_inst/pe_gen[38].pe_inst/input_reg_a[1][11]' (pe.v:21) (optimized to 0)
'pe_10_10_inst/pe_gen[38].pe_inst/input_reg_a[1][12]' (pe.v:21) (optimized to 0)
'pe_10_10_inst/pe_gen[38].pe_inst/input_reg_a[1][13]' (pe.v:21) (optimized to 0)
'pe_10_10_inst/pe_gen[38].pe_inst/input_reg_a[1][14]' (pe.v:21) (optimized to 0)
'pe_10_10_inst/pe_gen[42].pe_inst/input_reg_a[0][15]' (pe.v:21) (optimized to 0)
'pe_10_10_inst/pe_gen[42].pe_inst/input_reg_a[1][15]' (pe.v:21) (optimized to 0)
'pe_10_10_inst/pe_gen[47].pe_inst/input_reg_a[0][7]' (pe.v:21) (optimized to 0)
'pe_10_10_inst/pe_gen[47].pe_inst/input_reg_a[0][8]' (pe.v:21) (optimized to 0)
'pe_10_10_inst/pe_gen[47].pe_inst/input_reg_a[0][9]' (pe.v:21) (optimized to 0)
'pe_10_10_inst/pe_gen[47].pe_inst/input_reg_a[0][10]' (pe.v:21) (optimized to 0)
'pe_10_10_inst/pe_gen[47].pe_inst/input_reg_a[0][11]' (pe.v:21) (optimized to 0)
'pe_10_10_inst/pe_gen[47].pe_inst/input_reg_a[0][12]' (pe.v:21) (optimized to 0)
'pe_10_10_inst/pe_gen[47].pe_inst/input_reg_a[0][13]' (pe.v:21) (optimized to 0)
'pe_10_10_inst/pe_gen[47].pe_inst/input_reg_a[0][14]' (pe.v:21) (optimized to 0)
'pe_10_10_inst/pe_gen[47].pe_inst/input_reg_a[1][7]' (pe.v:21) (optimized to 0)
'pe_10_10_inst/pe_gen[47].pe_inst/input_reg_a[1][8]' (pe.v:21) (optimized to 0)
'pe_10_10_inst/pe_gen[47].pe_inst/input_reg_a[1][9]' (pe.v:21) (optimized to 0)
'pe_10_10_inst/pe_gen[47].pe_inst/input_reg_a[1][10]' (pe.v:21) (optimized to 0)
'pe_10_10_inst/pe_gen[47].pe_inst/input_reg_a[1][11]' (pe.v:21) (optimized to 0)
'pe_10_10_inst/pe_gen[47].pe_inst/input_reg_a[1][12]' (pe.v:21) (optimized to 0)
'pe_10_10_inst/pe_gen[47].pe_inst/input_reg_a[1][13]' (pe.v:21) (optimized to 0)
'pe_10_10_inst/pe_gen[47].pe_inst/input_reg_a[1][14]' (pe.v:21) (optimized to 0)
'pe_10_10_inst/pe_gen[51].pe_inst/input_reg_a[2][15]' (pe.v:21) (optimized to 0)
'pe_10_10_inst/pe_gen[55].pe_inst/input_reg_a[0][16]' (pe.v:21) (optimized to 0)
'pe_10_10_inst/pe_gen[55].pe_inst/input_reg_a[0][17]' (pe.v:21) (optimized to 0)
'pe_10_10_inst/pe_gen[55].pe_inst/input_reg_a[1][16]' (pe.v:21) (optimized to 0)
'pe_10_10_inst/pe_gen[55].pe_inst/input_reg_a[1][17]' (pe.v:21) (optimized to 0)
'pe_10_10_inst/pe_gen[56].pe_inst/input_reg_a[0][7]' (pe.v:21) (optimized to 0)
'pe_10_10_inst/pe_gen[56].pe_inst/input_reg_a[0][8]' (pe.v:21) (optimized to 0)
'pe_10_10_inst/pe_gen[56].pe_inst/input_reg_a[0][9]' (pe.v:21) (optimized to 0)
'pe_10_10_inst/pe_gen[56].pe_inst/input_reg_a[0][10]' (pe.v:21) (optimized to 0)
'pe_10_10_inst/pe_gen[56].pe_inst/input_reg_a[0][11]' (pe.v:21) (optimized to 0)
'pe_10_10_inst/pe_gen[56].pe_inst/input_reg_a[0][12]' (pe.v:21) (optimized to 0)
'pe_10_10_inst/pe_gen[56].pe_inst/input_reg_a[0][13]' (pe.v:21) (optimized to 0)
'pe_10_10_inst/pe_gen[56].pe_inst/input_reg_a[0][14]' (pe.v:21) (optimized to 0)
'pe_10_10_inst/pe_gen[56].pe_inst/input_reg_a[1][7]' (pe.v:21) (optimized to 0)
'pe_10_10_inst/pe_gen[56].pe_inst/input_reg_a[1][8]' (pe.v:21) (optimized to 0)
'pe_10_10_inst/pe_gen[56].pe_inst/input_reg_a[1][9]' (pe.v:21) (optimized to 0)
'pe_10_10_inst/pe_gen[56].pe_inst/input_reg_a[1][10]' (pe.v:21) (optimized to 0)
'pe_10_10_inst/pe_gen[56].pe_inst/input_reg_a[1][11]' (pe.v:21) (optimized to 0)
'pe_10_10_inst/pe_gen[56].pe_inst/input_reg_a[1][12]' (pe.v:21) (optimized to 0)
'pe_10_10_inst/pe_gen[56].pe_inst/input_reg_a[1][13]' (pe.v:21) (optimized to 0)
'pe_10_10_inst/pe_gen[56].pe_inst/input_reg_a[1][14]' (pe.v:21) (optimized to 0)
'pe_10_10_inst/pe_gen[64].pe_inst/input_reg_a[2][16]' (pe.v:21) (optimized to 0)
'pe_10_10_inst/pe_gen[64].pe_inst/input_reg_a[2][17]' (pe.v:21) (optimized to 0)
'pe_10_10_inst/pe_gen[65].pe_inst/input_reg_a[0][7]' (pe.v:21) (optimized to 0)
'pe_10_10_inst/pe_gen[65].pe_inst/input_reg_a[0][8]' (pe.v:21) (optimized to 0)
'pe_10_10_inst/pe_gen[65].pe_inst/input_reg_a[0][9]' (pe.v:21) (optimized to 0)
'pe_10_10_inst/pe_gen[65].pe_inst/input_reg_a[0][10]' (pe.v:21) (optimized to 0)
'pe_10_10_inst/pe_gen[65].pe_inst/input_reg_a[0][11]' (pe.v:21) (optimized to 0)
'pe_10_10_inst/pe_gen[65].pe_inst/input_reg_a[0][12]' (pe.v:21) (optimized to 0)
'pe_10_10_inst/pe_gen[65].pe_inst/input_reg_a[0][13]' (pe.v:21) (optimized to 0)
'pe_10_10_inst/pe_gen[65].pe_inst/input_reg_a[0][14]' (pe.v:21) (optimized to 0)
'pe_10_10_inst/pe_gen[65].pe_inst/input_reg_a[1][7]' (pe.v:21) (optimized to 0)
'pe_10_10_inst/pe_gen[65].pe_inst/input_reg_a[1][8]' (pe.v:21) (optimized to 0)
'pe_10_10_inst/pe_gen[65].pe_inst/input_reg_a[1][9]' (pe.v:21) (optimized to 0)
'pe_10_10_inst/pe_gen[65].pe_inst/input_reg_a[1][10]' (pe.v:21) (optimized to 0)
'pe_10_10_inst/pe_gen[65].pe_inst/input_reg_a[1][11]' (pe.v:21) (optimized to 0)
'pe_10_10_inst/pe_gen[65].pe_inst/input_reg_a[1][12]' (pe.v:21) (optimized to 0)
'pe_10_10_inst/pe_gen[65].pe_inst/input_reg_a[1][13]' (pe.v:21) (optimized to 0)
'pe_10_10_inst/pe_gen[65].pe_inst/input_reg_a[1][14]' (pe.v:21) (optimized to 0)
'pe_10_10_inst/pe_gen[74].pe_inst/input_reg_a[0][7]' (pe.v:21) (optimized to 0)
'pe_10_10_inst/pe_gen[74].pe_inst/input_reg_a[0][8]' (pe.v:21) (optimized to 0)
'pe_10_10_inst/pe_gen[74].pe_inst/input_reg_a[0][9]' (pe.v:21) (optimized to 0)
'pe_10_10_inst/pe_gen[74].pe_inst/input_reg_a[0][10]' (pe.v:21) (optimized to 0)
'pe_10_10_inst/pe_gen[74].pe_inst/input_reg_a[0][11]' (pe.v:21) (optimized to 0)
'pe_10_10_inst/pe_gen[74].pe_inst/input_reg_a[0][12]' (pe.v:21) (optimized to 0)
'pe_10_10_inst/pe_gen[74].pe_inst/input_reg_a[0][13]' (pe.v:21) (optimized to 0)
'pe_10_10_inst/pe_gen[74].pe_inst/input_reg_a[0][14]' (pe.v:21) (optimized to 0)
'pe_10_10_inst/pe_gen[74].pe_inst/input_reg_a[1][7]' (pe.v:21) (optimized to 0)
'pe_10_10_inst/pe_gen[74].pe_inst/input_reg_a[1][8]' (pe.v:21) (optimized to 0)
'pe_10_10_inst/pe_gen[74].pe_inst/input_reg_a[1][9]' (pe.v:21) (optimized to 0)
'pe_10_10_inst/pe_gen[74].pe_inst/input_reg_a[1][10]' (pe.v:21) (optimized to 0)
'pe_10_10_inst/pe_gen[74].pe_inst/input_reg_a[1][11]' (pe.v:21) (optimized to 0)
'pe_10_10_inst/pe_gen[74].pe_inst/input_reg_a[1][12]' (pe.v:21) (optimized to 0)
'pe_10_10_inst/pe_gen[74].pe_inst/input_reg_a[1][13]' (pe.v:21) (optimized to 0)
'pe_10_10_inst/pe_gen[74].pe_inst/input_reg_a[1][14]' (pe.v:21) (optimized to 0)
'pe_10_10_inst/pe_gen[81].pe_inst/input_reg_a[0][16]' (pe.v:21) (optimized to 0)
'pe_10_10_inst/pe_gen[81].pe_inst/input_reg_a[0][17]' (pe.v:21) (optimized to 0)
'pe_10_10_inst/pe_gen[81].pe_inst/input_reg_a[1][16]' (pe.v:21) (optimized to 0)
'pe_10_10_inst/pe_gen[81].pe_inst/input_reg_a[1][17]' (pe.v:21) (optimized to 0)
'pe_10_10_inst/pe_gen[83].pe_inst/input_reg_a[0][7]' (pe.v:21) (optimized to 0)
'pe_10_10_inst/pe_gen[83].pe_inst/input_reg_a[0][8]' (pe.v:21) (optimized to 0)
'pe_10_10_inst/pe_gen[83].pe_inst/input_reg_a[0][9]' (pe.v:21) (optimized to 0)
'pe_10_10_inst/pe_gen[83].pe_inst/input_reg_a[0][10]' (pe.v:21) (optimized to 0)
'pe_10_10_inst/pe_gen[83].pe_inst/input_reg_a[0][11]' (pe.v:21) (optimized to 0)
'pe_10_10_inst/pe_gen[83].pe_inst/input_reg_a[0][12]' (pe.v:21) (optimized to 0)
'pe_10_10_inst/pe_gen[83].pe_inst/input_reg_a[0][13]' (pe.v:21) (optimized to 0)
'pe_10_10_inst/pe_gen[83].pe_inst/input_reg_a[0][14]' (pe.v:21) (optimized to 0)
'pe_10_10_inst/pe_gen[83].pe_inst/input_reg_a[1][7]' (pe.v:21) (optimized to 0)
'pe_10_10_inst/pe_gen[83].pe_inst/input_reg_a[1][8]' (pe.v:21) (optimized to 0)
'pe_10_10_inst/pe_gen[83].pe_inst/input_reg_a[1][9]' (pe.v:21) (optimized to 0)
'pe_10_10_inst/pe_gen[83].pe_inst/input_reg_a[1][10]' (pe.v:21) (optimized to 0)
'pe_10_10_inst/pe_gen[83].pe_inst/input_reg_a[1][11]' (pe.v:21) (optimized to 0)
'pe_10_10_inst/pe_gen[83].pe_inst/input_reg_a[1][12]' (pe.v:21) (optimized to 0)
'pe_10_10_inst/pe_gen[83].pe_inst/input_reg_a[1][13]' (pe.v:21) (optimized to 0)
'pe_10_10_inst/pe_gen[83].pe_inst/input_reg_a[1][14]' (pe.v:21) (optimized to 0)
'pe_10_10_inst/pe_gen[90].pe_inst/input_reg_a[2][16]' (pe.v:21) (optimized to 0)
'pe_10_10_inst/pe_gen[90].pe_inst/input_reg_a[2][17]' (pe.v:21) (optimized to 0)
'pe_10_10_inst/pe_gen[92].pe_inst/input_reg_a[0][7]' (pe.v:21) (optimized to 0)
'pe_10_10_inst/pe_gen[92].pe_inst/input_reg_a[0][8]' (pe.v:21) (optimized to 0)
'pe_10_10_inst/pe_gen[92].pe_inst/input_reg_a[0][9]' (pe.v:21) (optimized to 0)
'pe_10_10_inst/pe_gen[92].pe_inst/input_reg_a[0][10]' (pe.v:21) (optimized to 0)
'pe_10_10_inst/pe_gen[92].pe_inst/input_reg_a[0][11]' (pe.v:21) (optimized to 0)
'pe_10_10_inst/pe_gen[92].pe_inst/input_reg_a[0][12]' (pe.v:21) (optimized to 0)
'pe_10_10_inst/pe_gen[92].pe_inst/input_reg_a[0][13]' (pe.v:21) (optimized to 0)
'pe_10_10_inst/pe_gen[92].pe_inst/input_reg_a[0][14]' (pe.v:21) (optimized to 0)
'pe_10_10_inst/pe_gen[92].pe_inst/input_reg_a[1][7]' (pe.v:21) (optimized to 0)
'pe_10_10_inst/pe_gen[92].pe_inst/input_reg_a[1][8]' (pe.v:21) (optimized to 0)
'pe_10_10_inst/pe_gen[92].pe_inst/input_reg_a[1][9]' (pe.v:21) (optimized to 0)
'pe_10_10_inst/pe_gen[92].pe_inst/input_reg_a[1][10]' (pe.v:21) (optimized to 0)
'pe_10_10_inst/pe_gen[92].pe_inst/input_reg_a[1][11]' (pe.v:21) (optimized to 0)
'pe_10_10_inst/pe_gen[92].pe_inst/input_reg_a[1][12]' (pe.v:21) (optimized to 0)
'pe_10_10_inst/pe_gen[92].pe_inst/input_reg_a[1][13]' (pe.v:21) (optimized to 0)
'pe_10_10_inst/pe_gen[92].pe_inst/input_reg_a[1][14]' (pe.v:21) (optimized to 0)
'pe_10_10_inst/pe_gen[16].pe_inst/input_reg_a[0][15]' (pe.v:21) (optimized to 0)
'pe_10_10_inst/pe_gen[16].pe_inst/input_reg_a[1][15]' (pe.v:21) (optimized to 0)
'pe_10_10_inst/pe_gen[25].pe_inst/input_reg_a[2][15]' (pe.v:21) (optimized to 0)
'pe_10_10_inst/pe_gen[29].pe_inst/input_reg_a[2][7]' (pe.v:21) (optimized to 0)
'pe_10_10_inst/pe_gen[29].pe_inst/input_reg_a[2][8]' (pe.v:21) (optimized to 0)
'pe_10_10_inst/pe_gen[29].pe_inst/input_reg_a[2][9]' (pe.v:21) (optimized to 0)
'pe_10_10_inst/pe_gen[29].pe_inst/input_reg_a[2][10]' (pe.v:21) (optimized to 0)
'pe_10_10_inst/pe_gen[29].pe_inst/input_reg_a[2][11]' (pe.v:21) (optimized to 0)
'pe_10_10_inst/pe_gen[29].pe_inst/input_reg_a[2][12]' (pe.v:21) (optimized to 0)
'pe_10_10_inst/pe_gen[29].pe_inst/input_reg_a[2][13]' (pe.v:21) (optimized to 0)
'pe_10_10_inst/pe_gen[29].pe_inst/input_reg_a[2][14]' (pe.v:21) (optimized to 0)
'pe_10_10_inst/pe_gen[29].pe_inst/input_reg_a[2][16]' (pe.v:21) (optimized to 0)
'pe_10_10_inst/pe_gen[29].pe_inst/input_reg_a[2][17]' (pe.v:21) (optimized to 0)
'pe_10_10_inst/pe_gen[33].pe_inst/input_reg_a[0][15]' (pe.v:21) (optimized to 0)
'pe_10_10_inst/pe_gen[33].pe_inst/input_reg_a[1][15]' (pe.v:21) (optimized to 0)
'pe_10_10_inst/pe_gen[38].pe_inst/input_reg_a[2][7]' (pe.v:21) (optimized to 0)
'pe_10_10_inst/pe_gen[38].pe_inst/input_reg_a[2][8]' (pe.v:21) (optimized to 0)
'pe_10_10_inst/pe_gen[38].pe_inst/input_reg_a[2][9]' (pe.v:21) (optimized to 0)
'pe_10_10_inst/pe_gen[38].pe_inst/input_reg_a[2][10]' (pe.v:21) (optimized to 0)
'pe_10_10_inst/pe_gen[38].pe_inst/input_reg_a[2][11]' (pe.v:21) (optimized to 0)
'pe_10_10_inst/pe_gen[38].pe_inst/input_reg_a[2][12]' (pe.v:21) (optimized to 0)
'pe_10_10_inst/pe_gen[38].pe_inst/input_reg_a[2][13]' (pe.v:21) (optimized to 0)
'pe_10_10_inst/pe_gen[38].pe_inst/input_reg_a[2][14]' (pe.v:21) (optimized to 0)
'pe_10_10_inst/pe_gen[42].pe_inst/input_reg_a[2][15]' (pe.v:21) (optimized to 0)
'pe_10_10_inst/pe_gen[46].pe_inst/input_reg_a[0][16]' (pe.v:21) (optimized to 0)
'pe_10_10_inst/pe_gen[46].pe_inst/input_reg_a[0][17]' (pe.v:21) (optimized to 0)
'pe_10_10_inst/pe_gen[46].pe_inst/input_reg_a[1][16]' (pe.v:21) (optimized to 0)
'pe_10_10_inst/pe_gen[46].pe_inst/input_reg_a[1][17]' (pe.v:21) (optimized to 0)
'pe_10_10_inst/pe_gen[47].pe_inst/input_reg_a[2][7]' (pe.v:21) (optimized to 0)
'pe_10_10_inst/pe_gen[47].pe_inst/input_reg_a[2][8]' (pe.v:21) (optimized to 0)
'pe_10_10_inst/pe_gen[47].pe_inst/input_reg_a[2][9]' (pe.v:21) (optimized to 0)
'pe_10_10_inst/pe_gen[47].pe_inst/input_reg_a[2][10]' (pe.v:21) (optimized to 0)
'pe_10_10_inst/pe_gen[47].pe_inst/input_reg_a[2][11]' (pe.v:21) (optimized to 0)
'pe_10_10_inst/pe_gen[47].pe_inst/input_reg_a[2][12]' (pe.v:21) (optimized to 0)
'pe_10_10_inst/pe_gen[47].pe_inst/input_reg_a[2][13]' (pe.v:21) (optimized to 0)
'pe_10_10_inst/pe_gen[47].pe_inst/input_reg_a[2][14]' (pe.v:21) (optimized to 0)
'pe_10_10_inst/pe_gen[50].pe_inst/input_reg_a[0][15]' (pe.v:21) (optimized to 0)
'pe_10_10_inst/pe_gen[50].pe_inst/input_reg_a[1][15]' (pe.v:21) (optimized to 0)
'pe_10_10_inst/pe_gen[55].pe_inst/input_reg_a[2][16]' (pe.v:21) (optimized to 0)
'pe_10_10_inst/pe_gen[55].pe_inst/input_reg_a[2][17]' (pe.v:21) (optimized to 0)
'pe_10_10_inst/pe_gen[56].pe_inst/input_reg_a[2][7]' (pe.v:21) (optimized to 0)
'pe_10_10_inst/pe_gen[56].pe_inst/input_reg_a[2][8]' (pe.v:21) (optimized to 0)
'pe_10_10_inst/pe_gen[56].pe_inst/input_reg_a[2][9]' (pe.v:21) (optimized to 0)
'pe_10_10_inst/pe_gen[56].pe_inst/input_reg_a[2][10]' (pe.v:21) (optimized to 0)
'pe_10_10_inst/pe_gen[56].pe_inst/input_reg_a[2][11]' (pe.v:21) (optimized to 0)
'pe_10_10_inst/pe_gen[56].pe_inst/input_reg_a[2][12]' (pe.v:21) (optimized to 0)
'pe_10_10_inst/pe_gen[56].pe_inst/input_reg_a[2][13]' (pe.v:21) (optimized to 0)
'pe_10_10_inst/pe_gen[56].pe_inst/input_reg_a[2][14]' (pe.v:21) (optimized to 0)
'pe_10_10_inst/pe_gen[65].pe_inst/input_reg_a[2][7]' (pe.v:21) (optimized to 0)
'pe_10_10_inst/pe_gen[65].pe_inst/input_reg_a[2][8]' (pe.v:21) (optimized to 0)
'pe_10_10_inst/pe_gen[65].pe_inst/input_reg_a[2][9]' (pe.v:21) (optimized to 0)
'pe_10_10_inst/pe_gen[65].pe_inst/input_reg_a[2][10]' (pe.v:21) (optimized to 0)
'pe_10_10_inst/pe_gen[65].pe_inst/input_reg_a[2][11]' (pe.v:21) (optimized to 0)
'pe_10_10_inst/pe_gen[65].pe_inst/input_reg_a[2][12]' (pe.v:21) (optimized to 0)
'pe_10_10_inst/pe_gen[65].pe_inst/input_reg_a[2][13]' (pe.v:21) (optimized to 0)
'pe_10_10_inst/pe_gen[65].pe_inst/input_reg_a[2][14]' (pe.v:21) (optimized to 0)
'pe_10_10_inst/pe_gen[72].pe_inst/input_reg_a[0][16]' (pe.v:21) (optimized to 0)
'pe_10_10_inst/pe_gen[72].pe_inst/input_reg_a[0][17]' (pe.v:21) (optimized to 0)
'pe_10_10_inst/pe_gen[72].pe_inst/input_reg_a[1][16]' (pe.v:21) (optimized to 0)
'pe_10_10_inst/pe_gen[72].pe_inst/input_reg_a[1][17]' (pe.v:21) (optimized to 0)
'pe_10_10_inst/pe_gen[74].pe_inst/input_reg_a[2][7]' (pe.v:21) (optimized to 0)
'pe_10_10_inst/pe_gen[74].pe_inst/input_reg_a[2][8]' (pe.v:21) (optimized to 0)
'pe_10_10_inst/pe_gen[74].pe_inst/input_reg_a[2][9]' (pe.v:21) (optimized to 0)
'pe_10_10_inst/pe_gen[74].pe_inst/input_reg_a[2][10]' (pe.v:21) (optimized to 0)
'pe_10_10_inst/pe_gen[74].pe_inst/input_reg_a[2][11]' (pe.v:21) (optimized to 0)
'pe_10_10_inst/pe_gen[74].pe_inst/input_reg_a[2][12]' (pe.v:21) (optimized to 0)
'pe_10_10_inst/pe_gen[74].pe_inst/input_reg_a[2][13]' (pe.v:21) (optimized to 0)
'pe_10_10_inst/pe_gen[74].pe_inst/input_reg_a[2][14]' (pe.v:21) (optimized to 0)
'pe_10_10_inst/pe_gen[81].pe_inst/input_reg_a[2][16]' (pe.v:21) (optimized to 0)
'pe_10_10_inst/pe_gen[81].pe_inst/input_reg_a[2][17]' (pe.v:21) (optimized to 0)
'pe_10_10_inst/pe_gen[83].pe_inst/input_reg_a[2][7]' (pe.v:21) (optimized to 0)
'pe_10_10_inst/pe_gen[83].pe_inst/input_reg_a[2][8]' (pe.v:21) (optimized to 0)
'pe_10_10_inst/pe_gen[83].pe_inst/input_reg_a[2][9]' (pe.v:21) (optimized to 0)
'pe_10_10_inst/pe_gen[83].pe_inst/input_reg_a[2][10]' (pe.v:21) (optimized to 0)
'pe_10_10_inst/pe_gen[83].pe_inst/input_reg_a[2][11]' (pe.v:21) (optimized to 0)
'pe_10_10_inst/pe_gen[83].pe_inst/input_reg_a[2][12]' (pe.v:21) (optimized to 0)
'pe_10_10_inst/pe_gen[83].pe_inst/input_reg_a[2][13]' (pe.v:21) (optimized to 0)
'pe_10_10_inst/pe_gen[83].pe_inst/input_reg_a[2][14]' (pe.v:21) (optimized to 0)
'pe_10_10_inst/pe_gen[92].pe_inst/input_reg_a[2][7]' (pe.v:21) (optimized to 0)
'pe_10_10_inst/pe_gen[92].pe_inst/input_reg_a[2][8]' (pe.v:21) (optimized to 0)
'pe_10_10_inst/pe_gen[92].pe_inst/input_reg_a[2][9]' (pe.v:21) (optimized to 0)
'pe_10_10_inst/pe_gen[92].pe_inst/input_reg_a[2][10]' (pe.v:21) (optimized to 0)
'pe_10_10_inst/pe_gen[92].pe_inst/input_reg_a[2][11]' (pe.v:21) (optimized to 0)
'pe_10_10_inst/pe_gen[92].pe_inst/input_reg_a[2][12]' (pe.v:21) (optimized to 0)
'pe_10_10_inst/pe_gen[92].pe_inst/input_reg_a[2][13]' (pe.v:21) (optimized to 0)
'pe_10_10_inst/pe_gen[92].pe_inst/input_reg_a[2][14]' (pe.v:21) (optimized to 0)
'pe_10_10_inst/pe_gen[7].pe_inst/input_reg_a[0][15]' (pe.v:21) (optimized to 0)
'pe_10_10_inst/pe_gen[16].pe_inst/input_reg_a[2][15]' (pe.v:21) (optimized to 0)
'pe_10_10_inst/pe_gen[24].pe_inst/input_reg_a[0][15]' (pe.v:21) (optimized to 0)
'pe_10_10_inst/pe_gen[24].pe_inst/input_reg_a[1][15]' (pe.v:21) (optimized to 0)
'pe_10_10_inst/pe_gen[33].pe_inst/input_reg_a[2][15]' (pe.v:21) (optimized to 0)
'pe_10_10_inst/pe_gen[37].pe_inst/input_reg_a[0][16]' (pe.v:21) (optimized to 0)
'pe_10_10_inst/pe_gen[37].pe_inst/input_reg_a[0][17]' (pe.v:21) (optimized to 0)
'pe_10_10_inst/pe_gen[37].pe_inst/input_reg_a[1][16]' (pe.v:21) (optimized to 0)
'pe_10_10_inst/pe_gen[37].pe_inst/input_reg_a[1][17]' (pe.v:21) (optimized to 0)
'pe_10_10_inst/pe_gen[39].pe_inst/input_reg_a[0][0]' (pe.v:21) (optimized to 0)
'pe_10_10_inst/pe_gen[39].pe_inst/input_reg_a[1][0]' (pe.v:21) (optimized to 0)
'pe_10_10_inst/pe_gen[41].pe_inst/input_reg_a[0][15]' (pe.v:21) (optimized to 0)
'pe_10_10_inst/pe_gen[41].pe_inst/input_reg_a[1][15]' (pe.v:21) (optimized to 0)
'pe_10_10_inst/pe_gen[46].pe_inst/input_reg_a[2][16]' (pe.v:21) (optimized to 0)
'pe_10_10_inst/pe_gen[46].pe_inst/input_reg_a[2][17]' (pe.v:21) (optimized to 0)
'pe_10_10_inst/pe_gen[50].pe_inst/input_reg_a[2][15]' (pe.v:21) (optimized to 0)
'pe_10_10_inst/pe_gen[63].pe_inst/input_reg_a[0][16]' (pe.v:21) (optimized to 0)
'pe_10_10_inst/pe_gen[63].pe_inst/input_reg_a[0][17]' (pe.v:21) (optimized to 0)
'pe_10_10_inst/pe_gen[63].pe_inst/input_reg_a[1][16]' (pe.v:21) (optimized to 0)
'pe_10_10_inst/pe_gen[63].pe_inst/input_reg_a[1][17]' (pe.v:21) (optimized to 0)
'pe_10_10_inst/pe_gen[72].pe_inst/input_reg_a[2][16]' (pe.v:21) (optimized to 0)
'pe_10_10_inst/pe_gen[72].pe_inst/input_reg_a[2][17]' (pe.v:21) (optimized to 0)
'pe_10_10_inst/pe_gen[15].pe_inst/input_reg_a[0][15]' (pe.v:21) (optimized to 0)
'pe_10_10_inst/pe_gen[15].pe_inst/input_reg_a[1][15]' (pe.v:21) (optimized to 0)
'pe_10_10_inst/pe_gen[24].pe_inst/input_reg_a[2][15]' (pe.v:21) (optimized to 0)
'pe_10_10_inst/pe_gen[28].pe_inst/input_reg_a[0][16]' (pe.v:21) (optimized to 0)
'pe_10_10_inst/pe_gen[28].pe_inst/input_reg_a[0][17]' (pe.v:21) (optimized to 0)
'pe_10_10_inst/pe_gen[28].pe_inst/input_reg_a[1][16]' (pe.v:21) (optimized to 0)
'pe_10_10_inst/pe_gen[28].pe_inst/input_reg_a[1][17]' (pe.v:21) (optimized to 0)
'pe_10_10_inst/pe_gen[32].pe_inst/input_reg_a[0][15]' (pe.v:21) (optimized to 0)
'pe_10_10_inst/pe_gen[32].pe_inst/input_reg_a[1][15]' (pe.v:21) (optimized to 0)
'pe_10_10_inst/pe_gen[37].pe_inst/input_reg_a[2][16]' (pe.v:21) (optimized to 0)
'pe_10_10_inst/pe_gen[37].pe_inst/input_reg_a[2][17]' (pe.v:21) (optimized to 0)
'pe_10_10_inst/pe_gen[39].pe_inst/input_reg_a[2][0]' (pe.v:21) (optimized to 0)
'pe_10_10_inst/pe_gen[41].pe_inst/input_reg_a[2][15]' (pe.v:21) (optimized to 0)
'pe_10_10_inst/pe_gen[54].pe_inst/input_reg_a[0][16]' (pe.v:21) (optimized to 0)
'pe_10_10_inst/pe_gen[54].pe_inst/input_reg_a[0][17]' (pe.v:21) (optimized to 0)
'pe_10_10_inst/pe_gen[54].pe_inst/input_reg_a[1][16]' (pe.v:21) (optimized to 0)
'pe_10_10_inst/pe_gen[54].pe_inst/input_reg_a[1][17]' (pe.v:21) (optimized to 0)
'pe_10_10_inst/pe_gen[63].pe_inst/input_reg_a[2][16]' (pe.v:21) (optimized to 0)
'pe_10_10_inst/pe_gen[63].pe_inst/input_reg_a[2][17]' (pe.v:21) (optimized to 0)
'pe_10_10_inst/pe_gen[80].pe_inst/input_reg_a[0][16]' (pe.v:21) (optimized to 0)
'pe_10_10_inst/pe_gen[80].pe_inst/input_reg_a[0][17]' (pe.v:21) (optimized to 0)
'pe_10_10_inst/pe_gen[80].pe_inst/input_reg_a[1][16]' (pe.v:21) (optimized to 0)
'pe_10_10_inst/pe_gen[80].pe_inst/input_reg_a[1][17]' (pe.v:21) (optimized to 0)
'pe_10_10_inst/pe_gen[6].pe_inst/input_reg_a[0][15]' (pe.v:21) (optimized to 0)
'pe_10_10_inst/pe_gen[15].pe_inst/input_reg_a[2][15]' (pe.v:21) (optimized to 0)
'pe_10_10_inst/pe_gen[19].pe_inst/input_reg_a[0][16]' (pe.v:21) (optimized to 0)
'pe_10_10_inst/pe_gen[19].pe_inst/input_reg_a[0][17]' (pe.v:21) (optimized to 0)
'pe_10_10_inst/pe_gen[19].pe_inst/input_reg_a[1][16]' (pe.v:21) (optimized to 0)
'pe_10_10_inst/pe_gen[19].pe_inst/input_reg_a[1][17]' (pe.v:21) (optimized to 0)
'pe_10_10_inst/pe_gen[19].pe_inst/input_reg_a[0][7]' (pe.v:21) (optimized to 0)
'pe_10_10_inst/pe_gen[19].pe_inst/input_reg_a[0][8]' (pe.v:21) (optimized to 0)
'pe_10_10_inst/pe_gen[19].pe_inst/input_reg_a[0][9]' (pe.v:21) (optimized to 0)
'pe_10_10_inst/pe_gen[19].pe_inst/input_reg_a[0][10]' (pe.v:21) (optimized to 0)
'pe_10_10_inst/pe_gen[19].pe_inst/input_reg_a[0][11]' (pe.v:21) (optimized to 0)
'pe_10_10_inst/pe_gen[19].pe_inst/input_reg_a[0][12]' (pe.v:21) (optimized to 0)
'pe_10_10_inst/pe_gen[19].pe_inst/input_reg_a[0][13]' (pe.v:21) (optimized to 0)
'pe_10_10_inst/pe_gen[19].pe_inst/input_reg_a[0][14]' (pe.v:21) (optimized to 0)
'pe_10_10_inst/pe_gen[19].pe_inst/input_reg_a[1][7]' (pe.v:21) (optimized to 0)
'pe_10_10_inst/pe_gen[19].pe_inst/input_reg_a[1][8]' (pe.v:21) (optimized to 0)
'pe_10_10_inst/pe_gen[19].pe_inst/input_reg_a[1][9]' (pe.v:21) (optimized to 0)
'pe_10_10_inst/pe_gen[19].pe_inst/input_reg_a[1][10]' (pe.v:21) (optimized to 0)
'pe_10_10_inst/pe_gen[19].pe_inst/input_reg_a[1][11]' (pe.v:21) (optimized to 0)
'pe_10_10_inst/pe_gen[19].pe_inst/input_reg_a[1][12]' (pe.v:21) (optimized to 0)
'pe_10_10_inst/pe_gen[19].pe_inst/input_reg_a[1][13]' (pe.v:21) (optimized to 0)
'pe_10_10_inst/pe_gen[19].pe_inst/input_reg_a[1][14]' (pe.v:21) (optimized to 0)
'pe_10_10_inst/pe_gen[23].pe_inst/input_reg_a[0][15]' (pe.v:21) (optimized to 0)
'pe_10_10_inst/pe_gen[23].pe_inst/input_reg_a[1][15]' (pe.v:21) (optimized to 0)
'pe_10_10_inst/pe_gen[28].pe_inst/input_reg_a[2][16]' (pe.v:21) (optimized to 0)
'pe_10_10_inst/pe_gen[28].pe_inst/input_reg_a[2][17]' (pe.v:21) (optimized to 0)
'pe_10_10_inst/pe_gen[28].pe_inst/input_reg_a[0][7]' (pe.v:21) (optimized to 0)
'pe_10_10_inst/pe_gen[28].pe_inst/input_reg_a[0][8]' (pe.v:21) (optimized to 0)
'pe_10_10_inst/pe_gen[28].pe_inst/input_reg_a[0][9]' (pe.v:21) (optimized to 0)
'pe_10_10_inst/pe_gen[28].pe_inst/input_reg_a[0][10]' (pe.v:21) (optimized to 0)
'pe_10_10_inst/pe_gen[28].pe_inst/input_reg_a[0][11]' (pe.v:21) (optimized to 0)
'pe_10_10_inst/pe_gen[28].pe_inst/input_reg_a[0][12]' (pe.v:21) (optimized to 0)
'pe_10_10_inst/pe_gen[28].pe_inst/input_reg_a[0][13]' (pe.v:21) (optimized to 0)
'pe_10_10_inst/pe_gen[28].pe_inst/input_reg_a[0][14]' (pe.v:21) (optimized to 0)
'pe_10_10_inst/pe_gen[28].pe_inst/input_reg_a[1][7]' (pe.v:21) (optimized to 0)
'pe_10_10_inst/pe_gen[28].pe_inst/input_reg_a[1][8]' (pe.v:21) (optimized to 0)
'pe_10_10_inst/pe_gen[28].pe_inst/input_reg_a[1][9]' (pe.v:21) (optimized to 0)
'pe_10_10_inst/pe_gen[28].pe_inst/input_reg_a[1][10]' (pe.v:21) (optimized to 0)
'pe_10_10_inst/pe_gen[28].pe_inst/input_reg_a[1][11]' (pe.v:21) (optimized to 0)
'pe_10_10_inst/pe_gen[28].pe_inst/input_reg_a[1][12]' (pe.v:21) (optimized to 0)
'pe_10_10_inst/pe_gen[28].pe_inst/input_reg_a[1][13]' (pe.v:21) (optimized to 0)
'pe_10_10_inst/pe_gen[28].pe_inst/input_reg_a[1][14]' (pe.v:21) (optimized to 0)
'pe_10_10_inst/pe_gen[32].pe_inst/input_reg_a[2][15]' (pe.v:21) (optimized to 0)
'pe_10_10_inst/pe_gen[37].pe_inst/input_reg_a[0][7]' (pe.v:21) (optimized to 0)
'pe_10_10_inst/pe_gen[37].pe_inst/input_reg_a[0][8]' (pe.v:21) (optimized to 0)
'pe_10_10_inst/pe_gen[37].pe_inst/input_reg_a[0][9]' (pe.v:21) (optimized to 0)
'pe_10_10_inst/pe_gen[37].pe_inst/input_reg_a[0][10]' (pe.v:21) (optimized to 0)
'pe_10_10_inst/pe_gen[37].pe_inst/input_reg_a[0][11]' (pe.v:21) (optimized to 0)
'pe_10_10_inst/pe_gen[37].pe_inst/input_reg_a[0][12]' (pe.v:21) (optimized to 0)
'pe_10_10_inst/pe_gen[37].pe_inst/input_reg_a[0][13]' (pe.v:21) (optimized to 0)
'pe_10_10_inst/pe_gen[37].pe_inst/input_reg_a[0][14]' (pe.v:21) (optimized to 0)
'pe_10_10_inst/pe_gen[37].pe_inst/input_reg_a[1][7]' (pe.v:21) (optimized to 0)
'pe_10_10_inst/pe_gen[37].pe_inst/input_reg_a[1][8]' (pe.v:21) (optimized to 0)
'pe_10_10_inst/pe_gen[37].pe_inst/input_reg_a[1][9]' (pe.v:21) (optimized to 0)
'pe_10_10_inst/pe_gen[37].pe_inst/input_reg_a[1][10]' (pe.v:21) (optimized to 0)
'pe_10_10_inst/pe_gen[37].pe_inst/input_reg_a[1][11]' (pe.v:21) (optimized to 0)
'pe_10_10_inst/pe_gen[37].pe_inst/input_reg_a[1][12]' (pe.v:21) (optimized to 0)
'pe_10_10_inst/pe_gen[37].pe_inst/input_reg_a[1][13]' (pe.v:21) (optimized to 0)
'pe_10_10_inst/pe_gen[37].pe_inst/input_reg_a[1][14]' (pe.v:21) (optimized to 0)
'pe_10_10_inst/pe_gen[40].pe_inst/input_reg_a[0][15]' (pe.v:21) (optimized to 0)
'pe_10_10_inst/pe_gen[40].pe_inst/input_reg_a[1][15]' (pe.v:21) (optimized to 0)
'pe_10_10_inst/pe_gen[45].pe_inst/input_reg_a[0][16]' (pe.v:21) (optimized to 0)
'pe_10_10_inst/pe_gen[45].pe_inst/input_reg_a[0][17]' (pe.v:21) (optimized to 0)
'pe_10_10_inst/pe_gen[45].pe_inst/input_reg_a[1][16]' (pe.v:21) (optimized to 0)
'pe_10_10_inst/pe_gen[45].pe_inst/input_reg_a[1][17]' (pe.v:21) (optimized to 0)
'pe_10_10_inst/pe_gen[46].pe_inst/input_reg_a[0][7]' (pe.v:21) (optimized to 0)
'pe_10_10_inst/pe_gen[46].pe_inst/input_reg_a[0][8]' (pe.v:21) (optimized to 0)
'pe_10_10_inst/pe_gen[46].pe_inst/input_reg_a[0][9]' (pe.v:21) (optimized to 0)
'pe_10_10_inst/pe_gen[46].pe_inst/input_reg_a[0][10]' (pe.v:21) (optimized to 0)
'pe_10_10_inst/pe_gen[46].pe_inst/input_reg_a[0][11]' (pe.v:21) (optimized to 0)
'pe_10_10_inst/pe_gen[46].pe_inst/input_reg_a[0][12]' (pe.v:21) (optimized to 0)
'pe_10_10_inst/pe_gen[46].pe_inst/input_reg_a[0][13]' (pe.v:21) (optimized to 0)
'pe_10_10_inst/pe_gen[46].pe_inst/input_reg_a[0][14]' (pe.v:21) (optimized to 0)
'pe_10_10_inst/pe_gen[46].pe_inst/input_reg_a[1][7]' (pe.v:21) (optimized to 0)
'pe_10_10_inst/pe_gen[46].pe_inst/input_reg_a[1][8]' (pe.v:21) (optimized to 0)
'pe_10_10_inst/pe_gen[46].pe_inst/input_reg_a[1][9]' (pe.v:21) (optimized to 0)
'pe_10_10_inst/pe_gen[46].pe_inst/input_reg_a[1][10]' (pe.v:21) (optimized to 0)
'pe_10_10_inst/pe_gen[46].pe_inst/input_reg_a[1][11]' (pe.v:21) (optimized to 0)
'pe_10_10_inst/pe_gen[46].pe_inst/input_reg_a[1][12]' (pe.v:21) (optimized to 0)
'pe_10_10_inst/pe_gen[46].pe_inst/input_reg_a[1][13]' (pe.v:21) (optimized to 0)
'pe_10_10_inst/pe_gen[46].pe_inst/input_reg_a[1][14]' (pe.v:21) (optimized to 0)
'pe_10_10_inst/pe_gen[54].pe_inst/input_reg_a[2][16]' (pe.v:21) (optimized to 0)
'pe_10_10_inst/pe_gen[54].pe_inst/input_reg_a[2][17]' (pe.v:21) (optimized to 0)
'pe_10_10_inst/pe_gen[55].pe_inst/input_reg_a[0][7]' (pe.v:21) (optimized to 0)
'pe_10_10_inst/pe_gen[55].pe_inst/input_reg_a[0][8]' (pe.v:21) (optimized to 0)
'pe_10_10_inst/pe_gen[55].pe_inst/input_reg_a[0][9]' (pe.v:21) (optimized to 0)
'pe_10_10_inst/pe_gen[55].pe_inst/input_reg_a[0][10]' (pe.v:21) (optimized to 0)
'pe_10_10_inst/pe_gen[55].pe_inst/input_reg_a[0][11]' (pe.v:21) (optimized to 0)
'pe_10_10_inst/pe_gen[55].pe_inst/input_reg_a[0][12]' (pe.v:21) (optimized to 0)
'pe_10_10_inst/pe_gen[55].pe_inst/input_reg_a[0][13]' (pe.v:21) (optimized to 0)
'pe_10_10_inst/pe_gen[55].pe_inst/input_reg_a[0][14]' (pe.v:21) (optimized to 0)
'pe_10_10_inst/pe_gen[55].pe_inst/input_reg_a[1][7]' (pe.v:21) (optimized to 0)
'pe_10_10_inst/pe_gen[55].pe_inst/input_reg_a[1][8]' (pe.v:21) (optimized to 0)
'pe_10_10_inst/pe_gen[55].pe_inst/input_reg_a[1][9]' (pe.v:21) (optimized to 0)
'pe_10_10_inst/pe_gen[55].pe_inst/input_reg_a[1][10]' (pe.v:21) (optimized to 0)
'pe_10_10_inst/pe_gen[55].pe_inst/input_reg_a[1][11]' (pe.v:21) (optimized to 0)
'pe_10_10_inst/pe_gen[55].pe_inst/input_reg_a[1][12]' (pe.v:21) (optimized to 0)
'pe_10_10_inst/pe_gen[55].pe_inst/input_reg_a[1][13]' (pe.v:21) (optimized to 0)
'pe_10_10_inst/pe_gen[55].pe_inst/input_reg_a[1][14]' (pe.v:21) (optimized to 0)
'pe_10_10_inst/pe_gen[64].pe_inst/input_reg_a[0][7]' (pe.v:21) (optimized to 0)
'pe_10_10_inst/pe_gen[64].pe_inst/input_reg_a[0][8]' (pe.v:21) (optimized to 0)
'pe_10_10_inst/pe_gen[64].pe_inst/input_reg_a[0][9]' (pe.v:21) (optimized to 0)
'pe_10_10_inst/pe_gen[64].pe_inst/input_reg_a[0][10]' (pe.v:21) (optimized to 0)
'pe_10_10_inst/pe_gen[64].pe_inst/input_reg_a[0][11]' (pe.v:21) (optimized to 0)
'pe_10_10_inst/pe_gen[64].pe_inst/input_reg_a[0][12]' (pe.v:21) (optimized to 0)
'pe_10_10_inst/pe_gen[64].pe_inst/input_reg_a[0][13]' (pe.v:21) (optimized to 0)
'pe_10_10_inst/pe_gen[64].pe_inst/input_reg_a[0][14]' (pe.v:21) (optimized to 0)
'pe_10_10_inst/pe_gen[64].pe_inst/input_reg_a[1][7]' (pe.v:21) (optimized to 0)
'pe_10_10_inst/pe_gen[64].pe_inst/input_reg_a[1][8]' (pe.v:21) (optimized to 0)
'pe_10_10_inst/pe_gen[64].pe_inst/input_reg_a[1][9]' (pe.v:21) (optimized to 0)
'pe_10_10_inst/pe_gen[64].pe_inst/input_reg_a[1][10]' (pe.v:21) (optimized to 0)
'pe_10_10_inst/pe_gen[64].pe_inst/input_reg_a[1][11]' (pe.v:21) (optimized to 0)
'pe_10_10_inst/pe_gen[64].pe_inst/input_reg_a[1][12]' (pe.v:21) (optimized to 0)
'pe_10_10_inst/pe_gen[64].pe_inst/input_reg_a[1][13]' (pe.v:21) (optimized to 0)
'pe_10_10_inst/pe_gen[64].pe_inst/input_reg_a[1][14]' (pe.v:21) (optimized to 0)
'pe_10_10_inst/pe_gen[71].pe_inst/input_reg_a[0][16]' (pe.v:21) (optimized to 0)
'pe_10_10_inst/pe_gen[71].pe_inst/input_reg_a[0][17]' (pe.v:21) (optimized to 0)
'pe_10_10_inst/pe_gen[71].pe_inst/input_reg_a[1][16]' (pe.v:21) (optimized to 0)
'pe_10_10_inst/pe_gen[71].pe_inst/input_reg_a[1][17]' (pe.v:21) (optimized to 0)
'pe_10_10_inst/pe_gen[73].pe_inst/input_reg_a[0][7]' (pe.v:21) (optimized to 0)
'pe_10_10_inst/pe_gen[73].pe_inst/input_reg_a[0][8]' (pe.v:21) (optimized to 0)
'pe_10_10_inst/pe_gen[73].pe_inst/input_reg_a[0][9]' (pe.v:21) (optimized to 0)
'pe_10_10_inst/pe_gen[73].pe_inst/input_reg_a[0][10]' (pe.v:21) (optimized to 0)
'pe_10_10_inst/pe_gen[73].pe_inst/input_reg_a[0][11]' (pe.v:21) (optimized to 0)
'pe_10_10_inst/pe_gen[73].pe_inst/input_reg_a[0][12]' (pe.v:21) (optimized to 0)
'pe_10_10_inst/pe_gen[73].pe_inst/input_reg_a[0][13]' (pe.v:21) (optimized to 0)
'pe_10_10_inst/pe_gen[73].pe_inst/input_reg_a[0][14]' (pe.v:21) (optimized to 0)
'pe_10_10_inst/pe_gen[73].pe_inst/input_reg_a[1][7]' (pe.v:21) (optimized to 0)
'pe_10_10_inst/pe_gen[73].pe_inst/input_reg_a[1][8]' (pe.v:21) (optimized to 0)
'pe_10_10_inst/pe_gen[73].pe_inst/input_reg_a[1][9]' (pe.v:21) (optimized to 0)
'pe_10_10_inst/pe_gen[73].pe_inst/input_reg_a[1][10]' (pe.v:21) (optimized to 0)
'pe_10_10_inst/pe_gen[73].pe_inst/input_reg_a[1][11]' (pe.v:21) (optimized to 0)
'pe_10_10_inst/pe_gen[73].pe_inst/input_reg_a[1][12]' (pe.v:21) (optimized to 0)
'pe_10_10_inst/pe_gen[73].pe_inst/input_reg_a[1][13]' (pe.v:21) (optimized to 0)
'pe_10_10_inst/pe_gen[73].pe_inst/input_reg_a[1][14]' (pe.v:21) (optimized to 0)
'pe_10_10_inst/pe_gen[80].pe_inst/input_reg_a[2][16]' (pe.v:21) (optimized to 0)
'pe_10_10_inst/pe_gen[80].pe_inst/input_reg_a[2][17]' (pe.v:21) (optimized to 0)
'pe_10_10_inst/pe_gen[82].pe_inst/input_reg_a[0][7]' (pe.v:21) (optimized to 0)
'pe_10_10_inst/pe_gen[82].pe_inst/input_reg_a[0][8]' (pe.v:21) (optimized to 0)
'pe_10_10_inst/pe_gen[82].pe_inst/input_reg_a[0][9]' (pe.v:21) (optimized to 0)
'pe_10_10_inst/pe_gen[82].pe_inst/input_reg_a[0][10]' (pe.v:21) (optimized to 0)
'pe_10_10_inst/pe_gen[82].pe_inst/input_reg_a[0][11]' (pe.v:21) (optimized to 0)
'pe_10_10_inst/pe_gen[82].pe_inst/input_reg_a[0][12]' (pe.v:21) (optimized to 0)
'pe_10_10_inst/pe_gen[82].pe_inst/input_reg_a[0][13]' (pe.v:21) (optimized to 0)
'pe_10_10_inst/pe_gen[82].pe_inst/input_reg_a[0][14]' (pe.v:21) (optimized to 0)
'pe_10_10_inst/pe_gen[82].pe_inst/input_reg_a[1][7]' (pe.v:21) (optimized to 0)
'pe_10_10_inst/pe_gen[82].pe_inst/input_reg_a[1][8]' (pe.v:21) (optimized to 0)
'pe_10_10_inst/pe_gen[82].pe_inst/input_reg_a[1][9]' (pe.v:21) (optimized to 0)
'pe_10_10_inst/pe_gen[82].pe_inst/input_reg_a[1][10]' (pe.v:21) (optimized to 0)
'pe_10_10_inst/pe_gen[82].pe_inst/input_reg_a[1][11]' (pe.v:21) (optimized to 0)
'pe_10_10_inst/pe_gen[82].pe_inst/input_reg_a[1][12]' (pe.v:21) (optimized to 0)
'pe_10_10_inst/pe_gen[82].pe_inst/input_reg_a[1][13]' (pe.v:21) (optimized to 0)
'pe_10_10_inst/pe_gen[82].pe_inst/input_reg_a[1][14]' (pe.v:21) (optimized to 0)
'pe_10_10_inst/pe_gen[91].pe_inst/input_reg_a[0][7]' (pe.v:21) (optimized to 0)
'pe_10_10_inst/pe_gen[91].pe_inst/input_reg_a[0][8]' (pe.v:21) (optimized to 0)
'pe_10_10_inst/pe_gen[91].pe_inst/input_reg_a[0][9]' (pe.v:21) (optimized to 0)
'pe_10_10_inst/pe_gen[91].pe_inst/input_reg_a[0][10]' (pe.v:21) (optimized to 0)
'pe_10_10_inst/pe_gen[91].pe_inst/input_reg_a[0][11]' (pe.v:21) (optimized to 0)
'pe_10_10_inst/pe_gen[91].pe_inst/input_reg_a[0][12]' (pe.v:21) (optimized to 0)
'pe_10_10_inst/pe_gen[91].pe_inst/input_reg_a[0][13]' (pe.v:21) (optimized to 0)
'pe_10_10_inst/pe_gen[91].pe_inst/input_reg_a[0][14]' (pe.v:21) (optimized to 0)
'pe_10_10_inst/pe_gen[91].pe_inst/input_reg_a[1][7]' (pe.v:21) (optimized to 0)
'pe_10_10_inst/pe_gen[91].pe_inst/input_reg_a[1][8]' (pe.v:21) (optimized to 0)
'pe_10_10_inst/pe_gen[91].pe_inst/input_reg_a[1][9]' (pe.v:21) (optimized to 0)
'pe_10_10_inst/pe_gen[91].pe_inst/input_reg_a[1][10]' (pe.v:21) (optimized to 0)
'pe_10_10_inst/pe_gen[91].pe_inst/input_reg_a[1][11]' (pe.v:21) (optimized to 0)
'pe_10_10_inst/pe_gen[91].pe_inst/input_reg_a[1][12]' (pe.v:21) (optimized to 0)
'pe_10_10_inst/pe_gen[91].pe_inst/input_reg_a[1][13]' (pe.v:21) (optimized to 0)
'pe_10_10_inst/pe_gen[91].pe_inst/input_reg_a[1][14]' (pe.v:21) (optimized to 0)
'pe_10_10_inst/pe_gen[14].pe_inst/input_reg_a[0][15]' (pe.v:21) (optimized to 0)
'pe_10_10_inst/pe_gen[14].pe_inst/input_reg_a[1][15]' (pe.v:21) (optimized to 0)
'pe_10_10_inst/pe_gen[19].pe_inst/input_reg_a[2][7]' (pe.v:21) (optimized to 0)
'pe_10_10_inst/pe_gen[19].pe_inst/input_reg_a[2][8]' (pe.v:21) (optimized to 0)
'pe_10_10_inst/pe_gen[19].pe_inst/input_reg_a[2][9]' (pe.v:21) (optimized to 0)
'pe_10_10_inst/pe_gen[19].pe_inst/input_reg_a[2][10]' (pe.v:21) (optimized to 0)
'pe_10_10_inst/pe_gen[19].pe_inst/input_reg_a[2][11]' (pe.v:21) (optimized to 0)
'pe_10_10_inst/pe_gen[19].pe_inst/input_reg_a[2][12]' (pe.v:21) (optimized to 0)
'pe_10_10_inst/pe_gen[19].pe_inst/input_reg_a[2][13]' (pe.v:21) (optimized to 0)
'pe_10_10_inst/pe_gen[19].pe_inst/input_reg_a[2][14]' (pe.v:21) (optimized to 0)
'pe_10_10_inst/pe_gen[19].pe_inst/input_reg_a[2][16]' (pe.v:21) (optimized to 0)
'pe_10_10_inst/pe_gen[19].pe_inst/input_reg_a[2][17]' (pe.v:21) (optimized to 0)
'pe_10_10_inst/pe_gen[23].pe_inst/input_reg_a[2][15]' (pe.v:21) (optimized to 0)
'pe_10_10_inst/pe_gen[28].pe_inst/input_reg_a[2][7]' (pe.v:21) (optimized to 0)
'pe_10_10_inst/pe_gen[28].pe_inst/input_reg_a[2][8]' (pe.v:21) (optimized to 0)
'pe_10_10_inst/pe_gen[28].pe_inst/input_reg_a[2][9]' (pe.v:21) (optimized to 0)
'pe_10_10_inst/pe_gen[28].pe_inst/input_reg_a[2][10]' (pe.v:21) (optimized to 0)
'pe_10_10_inst/pe_gen[28].pe_inst/input_reg_a[2][11]' (pe.v:21) (optimized to 0)
'pe_10_10_inst/pe_gen[28].pe_inst/input_reg_a[2][12]' (pe.v:21) (optimized to 0)
'pe_10_10_inst/pe_gen[28].pe_inst/input_reg_a[2][13]' (pe.v:21) (optimized to 0)
'pe_10_10_inst/pe_gen[28].pe_inst/input_reg_a[2][14]' (pe.v:21) (optimized to 0)
'pe_10_10_inst/pe_gen[31].pe_inst/input_reg_a[0][15]' (pe.v:21) (optimized to 0)
'pe_10_10_inst/pe_gen[31].pe_inst/input_reg_a[1][15]' (pe.v:21) (optimized to 0)
'pe_10_10_inst/pe_gen[36].pe_inst/input_reg_a[0][16]' (pe.v:21) (optimized to 0)
'pe_10_10_inst/pe_gen[36].pe_inst/input_reg_a[0][17]' (pe.v:21) (optimized to 0)
'pe_10_10_inst/pe_gen[36].pe_inst/input_reg_a[1][16]' (pe.v:21) (optimized to 0)
'pe_10_10_inst/pe_gen[36].pe_inst/input_reg_a[1][17]' (pe.v:21) (optimized to 0)
'pe_10_10_inst/pe_gen[37].pe_inst/input_reg_a[2][7]' (pe.v:21) (optimized to 0)
'pe_10_10_inst/pe_gen[37].pe_inst/input_reg_a[2][8]' (pe.v:21) (optimized to 0)
'pe_10_10_inst/pe_gen[37].pe_inst/input_reg_a[2][9]' (pe.v:21) (optimized to 0)
'pe_10_10_inst/pe_gen[37].pe_inst/input_reg_a[2][10]' (pe.v:21) (optimized to 0)
'pe_10_10_inst/pe_gen[37].pe_inst/input_reg_a[2][11]' (pe.v:21) (optimized to 0)
'pe_10_10_inst/pe_gen[37].pe_inst/input_reg_a[2][12]' (pe.v:21) (optimized to 0)
'pe_10_10_inst/pe_gen[37].pe_inst/input_reg_a[2][13]' (pe.v:21) (optimized to 0)
'pe_10_10_inst/pe_gen[37].pe_inst/input_reg_a[2][14]' (pe.v:21) (optimized to 0)
'pe_10_10_inst/pe_gen[40].pe_inst/input_reg_a[2][15]' (pe.v:21) (optimized to 0)
'pe_10_10_inst/pe_gen[45].pe_inst/input_reg_a[2][16]' (pe.v:21) (optimized to 0)
'pe_10_10_inst/pe_gen[45].pe_inst/input_reg_a[2][17]' (pe.v:21) (optimized to 0)
'pe_10_10_inst/pe_gen[46].pe_inst/input_reg_a[2][7]' (pe.v:21) (optimized to 0)
'pe_10_10_inst/pe_gen[46].pe_inst/input_reg_a[2][8]' (pe.v:21) (optimized to 0)
'pe_10_10_inst/pe_gen[46].pe_inst/input_reg_a[2][9]' (pe.v:21) (optimized to 0)
'pe_10_10_inst/pe_gen[46].pe_inst/input_reg_a[2][10]' (pe.v:21) (optimized to 0)
'pe_10_10_inst/pe_gen[46].pe_inst/input_reg_a[2][11]' (pe.v:21) (optimized to 0)
'pe_10_10_inst/pe_gen[46].pe_inst/input_reg_a[2][12]' (pe.v:21) (optimized to 0)
'pe_10_10_inst/pe_gen[46].pe_inst/input_reg_a[2][13]' (pe.v:21) (optimized to 0)
'pe_10_10_inst/pe_gen[46].pe_inst/input_reg_a[2][14]' (pe.v:21) (optimized to 0)
'pe_10_10_inst/pe_gen[55].pe_inst/input_reg_a[2][7]' (pe.v:21) (optimized to 0)
'pe_10_10_inst/pe_gen[55].pe_inst/input_reg_a[2][8]' (pe.v:21) (optimized to 0)
'pe_10_10_inst/pe_gen[55].pe_inst/input_reg_a[2][9]' (pe.v:21) (optimized to 0)
'pe_10_10_inst/pe_gen[55].pe_inst/input_reg_a[2][10]' (pe.v:21) (optimized to 0)
'pe_10_10_inst/pe_gen[55].pe_inst/input_reg_a[2][11]' (pe.v:21) (optimized to 0)
'pe_10_10_inst/pe_gen[55].pe_inst/input_reg_a[2][12]' (pe.v:21) (optimized to 0)
'pe_10_10_inst/pe_gen[55].pe_inst/input_reg_a[2][13]' (pe.v:21) (optimized to 0)
'pe_10_10_inst/pe_gen[55].pe_inst/input_reg_a[2][14]' (pe.v:21) (optimized to 0)
'pe_10_10_inst/pe_gen[62].pe_inst/input_reg_a[0][16]' (pe.v:21) (optimized to 0)
'pe_10_10_inst/pe_gen[62].pe_inst/input_reg_a[0][17]' (pe.v:21) (optimized to 0)
'pe_10_10_inst/pe_gen[62].pe_inst/input_reg_a[1][16]' (pe.v:21) (optimized to 0)
'pe_10_10_inst/pe_gen[62].pe_inst/input_reg_a[1][17]' (pe.v:21) (optimized to 0)
'pe_10_10_inst/pe_gen[64].pe_inst/input_reg_a[2][7]' (pe.v:21) (optimized to 0)
'pe_10_10_inst/pe_gen[64].pe_inst/input_reg_a[2][8]' (pe.v:21) (optimized to 0)
'pe_10_10_inst/pe_gen[64].pe_inst/input_reg_a[2][9]' (pe.v:21) (optimized to 0)
'pe_10_10_inst/pe_gen[64].pe_inst/input_reg_a[2][10]' (pe.v:21) (optimized to 0)
'pe_10_10_inst/pe_gen[64].pe_inst/input_reg_a[2][11]' (pe.v:21) (optimized to 0)
'pe_10_10_inst/pe_gen[64].pe_inst/input_reg_a[2][12]' (pe.v:21) (optimized to 0)
'pe_10_10_inst/pe_gen[64].pe_inst/input_reg_a[2][13]' (pe.v:21) (optimized to 0)
'pe_10_10_inst/pe_gen[64].pe_inst/input_reg_a[2][14]' (pe.v:21) (optimized to 0)
'pe_10_10_inst/pe_gen[71].pe_inst/input_reg_a[2][16]' (pe.v:21) (optimized to 0)
'pe_10_10_inst/pe_gen[71].pe_inst/input_reg_a[2][17]' (pe.v:21) (optimized to 0)
'pe_10_10_inst/pe_gen[73].pe_inst/input_reg_a[2][7]' (pe.v:21) (optimized to 0)
'pe_10_10_inst/pe_gen[73].pe_inst/input_reg_a[2][8]' (pe.v:21) (optimized to 0)
'pe_10_10_inst/pe_gen[73].pe_inst/input_reg_a[2][9]' (pe.v:21) (optimized to 0)
'pe_10_10_inst/pe_gen[73].pe_inst/input_reg_a[2][10]' (pe.v:21) (optimized to 0)
'pe_10_10_inst/pe_gen[73].pe_inst/input_reg_a[2][11]' (pe.v:21) (optimized to 0)
'pe_10_10_inst/pe_gen[73].pe_inst/input_reg_a[2][12]' (pe.v:21) (optimized to 0)
'pe_10_10_inst/pe_gen[73].pe_inst/input_reg_a[2][13]' (pe.v:21) (optimized to 0)
'pe_10_10_inst/pe_gen[73].pe_inst/input_reg_a[2][14]' (pe.v:21) (optimized to 0)
'pe_10_10_inst/pe_gen[82].pe_inst/input_reg_a[2][7]' (pe.v:21) (optimized to 0)
'pe_10_10_inst/pe_gen[82].pe_inst/input_reg_a[2][8]' (pe.v:21) (optimized to 0)
'pe_10_10_inst/pe_gen[82].pe_inst/input_reg_a[2][9]' (pe.v:21) (optimized to 0)
'pe_10_10_inst/pe_gen[82].pe_inst/input_reg_a[2][10]' (pe.v:21) (optimized to 0)
'pe_10_10_inst/pe_gen[82].pe_inst/input_reg_a[2][11]' (pe.v:21) (optimized to 0)
'pe_10_10_inst/pe_gen[82].pe_inst/input_reg_a[2][12]' (pe.v:21) (optimized to 0)
'pe_10_10_inst/pe_gen[82].pe_inst/input_reg_a[2][13]' (pe.v:21) (optimized to 0)
'pe_10_10_inst/pe_gen[82].pe_inst/input_reg_a[2][14]' (pe.v:21) (optimized to 0)
'pe_10_10_inst/pe_gen[91].pe_inst/input_reg_a[2][7]' (pe.v:21) (optimized to 0)
'pe_10_10_inst/pe_gen[91].pe_inst/input_reg_a[2][8]' (pe.v:21) (optimized to 0)
'pe_10_10_inst/pe_gen[91].pe_inst/input_reg_a[2][9]' (pe.v:21) (optimized to 0)
'pe_10_10_inst/pe_gen[91].pe_inst/input_reg_a[2][10]' (pe.v:21) (optimized to 0)
'pe_10_10_inst/pe_gen[91].pe_inst/input_reg_a[2][11]' (pe.v:21) (optimized to 0)
'pe_10_10_inst/pe_gen[91].pe_inst/input_reg_a[2][12]' (pe.v:21) (optimized to 0)
'pe_10_10_inst/pe_gen[91].pe_inst/input_reg_a[2][13]' (pe.v:21) (optimized to 0)
'pe_10_10_inst/pe_gen[91].pe_inst/input_reg_a[2][14]' (pe.v:21) (optimized to 0)
'pe_10_10_inst/pe_gen[5].pe_inst/input_reg_a[0][15]' (pe.v:21) (optimized to 0)
'pe_10_10_inst/pe_gen[14].pe_inst/input_reg_a[2][15]' (pe.v:21) (optimized to 0)
'pe_10_10_inst/pe_gen[22].pe_inst/input_reg_a[0][15]' (pe.v:21) (optimized to 0)
'pe_10_10_inst/pe_gen[22].pe_inst/input_reg_a[1][15]' (pe.v:21) (optimized to 0)
'pe_10_10_inst/pe_gen[27].pe_inst/input_reg_a[0][16]' (pe.v:21) (optimized to 0)
'pe_10_10_inst/pe_gen[27].pe_inst/input_reg_a[0][17]' (pe.v:21) (optimized to 0)
'pe_10_10_inst/pe_gen[27].pe_inst/input_reg_a[1][16]' (pe.v:21) (optimized to 0)
'pe_10_10_inst/pe_gen[27].pe_inst/input_reg_a[1][17]' (pe.v:21) (optimized to 0)
'pe_10_10_inst/pe_gen[31].pe_inst/input_reg_a[2][15]' (pe.v:21) (optimized to 0)
'pe_10_10_inst/pe_gen[36].pe_inst/input_reg_a[2][16]' (pe.v:21) (optimized to 0)
'pe_10_10_inst/pe_gen[36].pe_inst/input_reg_a[2][17]' (pe.v:21) (optimized to 0)
'pe_10_10_inst/pe_gen[53].pe_inst/input_reg_a[0][16]' (pe.v:21) (optimized to 0)
'pe_10_10_inst/pe_gen[53].pe_inst/input_reg_a[0][17]' (pe.v:21) (optimized to 0)
'pe_10_10_inst/pe_gen[53].pe_inst/input_reg_a[1][16]' (pe.v:21) (optimized to 0)
'pe_10_10_inst/pe_gen[53].pe_inst/input_reg_a[1][17]' (pe.v:21) (optimized to 0)
'pe_10_10_inst/pe_gen[62].pe_inst/input_reg_a[2][16]' (pe.v:21) (optimized to 0)
'pe_10_10_inst/pe_gen[62].pe_inst/input_reg_a[2][17]' (pe.v:21) (optimized to 0)
'pe_10_10_inst/pe_gen[13].pe_inst/input_reg_a[0][15]' (pe.v:21) (optimized to 0)
'pe_10_10_inst/pe_gen[13].pe_inst/input_reg_a[1][15]' (pe.v:21) (optimized to 0)
'pe_10_10_inst/pe_gen[18].pe_inst/input_reg_a[0][16]' (pe.v:21) (optimized to 0)
'pe_10_10_inst/pe_gen[18].pe_inst/input_reg_a[0][17]' (pe.v:21) (optimized to 0)
'pe_10_10_inst/pe_gen[18].pe_inst/input_reg_a[1][16]' (pe.v:21) (optimized to 0)
'pe_10_10_inst/pe_gen[18].pe_inst/input_reg_a[1][17]' (pe.v:21) (optimized to 0)
'pe_10_10_inst/pe_gen[22].pe_inst/input_reg_a[2][15]' (pe.v:21) (optimized to 0)
'pe_10_10_inst/pe_gen[27].pe_inst/input_reg_a[2][16]' (pe.v:21) (optimized to 0)
'pe_10_10_inst/pe_gen[27].pe_inst/input_reg_a[2][17]' (pe.v:21) (optimized to 0)
'pe_10_10_inst/pe_gen[29].pe_inst/input_reg_a[0][0]' (pe.v:21) (optimized to 0)
'pe_10_10_inst/pe_gen[29].pe_inst/input_reg_a[1][0]' (pe.v:21) (optimized to 0)
'pe_10_10_inst/pe_gen[30].pe_inst/input_reg_a[0][15]' (pe.v:21) (optimized to 0)
'pe_10_10_inst/pe_gen[30].pe_inst/input_reg_a[1][15]' (pe.v:21) (optimized to 0)
'pe_10_10_inst/pe_gen[44].pe_inst/input_reg_a[0][16]' (pe.v:21) (optimized to 0)
'pe_10_10_inst/pe_gen[44].pe_inst/input_reg_a[0][17]' (pe.v:21) (optimized to 0)
'pe_10_10_inst/pe_gen[44].pe_inst/input_reg_a[1][16]' (pe.v:21) (optimized to 0)
'pe_10_10_inst/pe_gen[44].pe_inst/input_reg_a[1][17]' (pe.v:21) (optimized to 0)
'pe_10_10_inst/pe_gen[53].pe_inst/input_reg_a[2][16]' (pe.v:21) (optimized to 0)
'pe_10_10_inst/pe_gen[53].pe_inst/input_reg_a[2][17]' (pe.v:21) (optimized to 0)
'pe_10_10_inst/pe_gen[70].pe_inst/input_reg_a[0][16]' (pe.v:21) (optimized to 0)
'pe_10_10_inst/pe_gen[70].pe_inst/input_reg_a[0][17]' (pe.v:21) (optimized to 0)
'pe_10_10_inst/pe_gen[70].pe_inst/input_reg_a[1][16]' (pe.v:21) (optimized to 0)
'pe_10_10_inst/pe_gen[70].pe_inst/input_reg_a[1][17]' (pe.v:21) (optimized to 0)
'pe_10_10_inst/pe_gen[4].pe_inst/input_reg_a[0][15]' (pe.v:21) (optimized to 0)
'pe_10_10_inst/pe_gen[9].pe_inst/input_reg_a[0][16]' (pe.v:21) (optimized to 0)
'pe_10_10_inst/pe_gen[9].pe_inst/input_reg_a[0][17]' (pe.v:21) (optimized to 0)
'pe_10_10_inst/pe_gen[9].pe_inst/input_reg_a[0][7]' (pe.v:21) (optimized to 0)
'pe_10_10_inst/pe_gen[9].pe_inst/input_reg_a[0][8]' (pe.v:21) (optimized to 0)
'pe_10_10_inst/pe_gen[9].pe_inst/input_reg_a[0][9]' (pe.v:21) (optimized to 0)
'pe_10_10_inst/pe_gen[9].pe_inst/input_reg_a[0][10]' (pe.v:21) (optimized to 0)
'pe_10_10_inst/pe_gen[9].pe_inst/input_reg_a[0][11]' (pe.v:21) (optimized to 0)
'pe_10_10_inst/pe_gen[9].pe_inst/input_reg_a[0][12]' (pe.v:21) (optimized to 0)
'pe_10_10_inst/pe_gen[9].pe_inst/input_reg_a[0][13]' (pe.v:21) (optimized to 0)
'pe_10_10_inst/pe_gen[9].pe_inst/input_reg_a[0][14]' (pe.v:21) (optimized to 0)
'pe_10_10_inst/pe_gen[13].pe_inst/input_reg_a[2][15]' (pe.v:21) (optimized to 0)
'pe_10_10_inst/pe_gen[18].pe_inst/input_reg_a[2][16]' (pe.v:21) (optimized to 0)
'pe_10_10_inst/pe_gen[18].pe_inst/input_reg_a[2][17]' (pe.v:21) (optimized to 0)
'pe_10_10_inst/pe_gen[18].pe_inst/input_reg_a[0][7]' (pe.v:21) (optimized to 0)
'pe_10_10_inst/pe_gen[18].pe_inst/input_reg_a[0][8]' (pe.v:21) (optimized to 0)
'pe_10_10_inst/pe_gen[18].pe_inst/input_reg_a[0][9]' (pe.v:21) (optimized to 0)
'pe_10_10_inst/pe_gen[18].pe_inst/input_reg_a[0][10]' (pe.v:21) (optimized to 0)
'pe_10_10_inst/pe_gen[18].pe_inst/input_reg_a[0][11]' (pe.v:21) (optimized to 0)
'pe_10_10_inst/pe_gen[18].pe_inst/input_reg_a[0][12]' (pe.v:21) (optimized to 0)
'pe_10_10_inst/pe_gen[18].pe_inst/input_reg_a[0][13]' (pe.v:21) (optimized to 0)
'pe_10_10_inst/pe_gen[18].pe_inst/input_reg_a[0][14]' (pe.v:21) (optimized to 0)
'pe_10_10_inst/pe_gen[18].pe_inst/input_reg_a[1][7]' (pe.v:21) (optimized to 0)
'pe_10_10_inst/pe_gen[18].pe_inst/input_reg_a[1][8]' (pe.v:21) (optimized to 0)
'pe_10_10_inst/pe_gen[18].pe_inst/input_reg_a[1][9]' (pe.v:21) (optimized to 0)
'pe_10_10_inst/pe_gen[18].pe_inst/input_reg_a[1][10]' (pe.v:21) (optimized to 0)
'pe_10_10_inst/pe_gen[18].pe_inst/input_reg_a[1][11]' (pe.v:21) (optimized to 0)
'pe_10_10_inst/pe_gen[18].pe_inst/input_reg_a[1][12]' (pe.v:21) (optimized to 0)
'pe_10_10_inst/pe_gen[18].pe_inst/input_reg_a[1][13]' (pe.v:21) (optimized to 0)
'pe_10_10_inst/pe_gen[18].pe_inst/input_reg_a[1][14]' (pe.v:21) (optimized to 0)
'pe_10_10_inst/pe_gen[21].pe_inst/input_reg_a[0][15]' (pe.v:21) (optimized to 0)
'pe_10_10_inst/pe_gen[21].pe_inst/input_reg_a[1][15]' (pe.v:21) (optimized to 0)
'pe_10_10_inst/pe_gen[27].pe_inst/input_reg_a[0][7]' (pe.v:21) (optimized to 0)
'pe_10_10_inst/pe_gen[27].pe_inst/input_reg_a[0][8]' (pe.v:21) (optimized to 0)
'pe_10_10_inst/pe_gen[27].pe_inst/input_reg_a[0][9]' (pe.v:21) (optimized to 0)
'pe_10_10_inst/pe_gen[27].pe_inst/input_reg_a[0][10]' (pe.v:21) (optimized to 0)
'pe_10_10_inst/pe_gen[27].pe_inst/input_reg_a[0][11]' (pe.v:21) (optimized to 0)
'pe_10_10_inst/pe_gen[27].pe_inst/input_reg_a[0][12]' (pe.v:21) (optimized to 0)
'pe_10_10_inst/pe_gen[27].pe_inst/input_reg_a[0][13]' (pe.v:21) (optimized to 0)
'pe_10_10_inst/pe_gen[27].pe_inst/input_reg_a[0][14]' (pe.v:21) (optimized to 0)
'pe_10_10_inst/pe_gen[27].pe_inst/input_reg_a[1][7]' (pe.v:21) (optimized to 0)
'pe_10_10_inst/pe_gen[27].pe_inst/input_reg_a[1][8]' (pe.v:21) (optimized to 0)
'pe_10_10_inst/pe_gen[27].pe_inst/input_reg_a[1][9]' (pe.v:21) (optimized to 0)
'pe_10_10_inst/pe_gen[27].pe_inst/input_reg_a[1][10]' (pe.v:21) (optimized to 0)
'pe_10_10_inst/pe_gen[27].pe_inst/input_reg_a[1][11]' (pe.v:21) (optimized to 0)
'pe_10_10_inst/pe_gen[27].pe_inst/input_reg_a[1][12]' (pe.v:21) (optimized to 0)
'pe_10_10_inst/pe_gen[27].pe_inst/input_reg_a[1][13]' (pe.v:21) (optimized to 0)
'pe_10_10_inst/pe_gen[27].pe_inst/input_reg_a[1][14]' (pe.v:21) (optimized to 0)
'pe_10_10_inst/pe_gen[29].pe_inst/input_reg_a[2][0]' (pe.v:21) (optimized to 0)
'pe_10_10_inst/pe_gen[30].pe_inst/input_reg_a[2][15]' (pe.v:21) (optimized to 0)
'pe_10_10_inst/pe_gen[35].pe_inst/input_reg_a[0][16]' (pe.v:21) (optimized to 0)
'pe_10_10_inst/pe_gen[35].pe_inst/input_reg_a[0][17]' (pe.v:21) (optimized to 0)
'pe_10_10_inst/pe_gen[35].pe_inst/input_reg_a[1][16]' (pe.v:21) (optimized to 0)
'pe_10_10_inst/pe_gen[35].pe_inst/input_reg_a[1][17]' (pe.v:21) (optimized to 0)
'pe_10_10_inst/pe_gen[36].pe_inst/input_reg_a[0][7]' (pe.v:21) (optimized to 0)
'pe_10_10_inst/pe_gen[36].pe_inst/input_reg_a[0][8]' (pe.v:21) (optimized to 0)
'pe_10_10_inst/pe_gen[36].pe_inst/input_reg_a[0][9]' (pe.v:21) (optimized to 0)
'pe_10_10_inst/pe_gen[36].pe_inst/input_reg_a[0][10]' (pe.v:21) (optimized to 0)
'pe_10_10_inst/pe_gen[36].pe_inst/input_reg_a[0][11]' (pe.v:21) (optimized to 0)
'pe_10_10_inst/pe_gen[36].pe_inst/input_reg_a[0][12]' (pe.v:21) (optimized to 0)
'pe_10_10_inst/pe_gen[36].pe_inst/input_reg_a[0][13]' (pe.v:21) (optimized to 0)
'pe_10_10_inst/pe_gen[36].pe_inst/input_reg_a[0][14]' (pe.v:21) (optimized to 0)
'pe_10_10_inst/pe_gen[36].pe_inst/input_reg_a[1][7]' (pe.v:21) (optimized to 0)
'pe_10_10_inst/pe_gen[36].pe_inst/input_reg_a[1][8]' (pe.v:21) (optimized to 0)
'pe_10_10_inst/pe_gen[36].pe_inst/input_reg_a[1][9]' (pe.v:21) (optimized to 0)
'pe_10_10_inst/pe_gen[36].pe_inst/input_reg_a[1][10]' (pe.v:21) (optimized to 0)
'pe_10_10_inst/pe_gen[36].pe_inst/input_reg_a[1][11]' (pe.v:21) (optimized to 0)
'pe_10_10_inst/pe_gen[36].pe_inst/input_reg_a[1][12]' (pe.v:21) (optimized to 0)
'pe_10_10_inst/pe_gen[36].pe_inst/input_reg_a[1][13]' (pe.v:21) (optimized to 0)
'pe_10_10_inst/pe_gen[36].pe_inst/input_reg_a[1][14]' (pe.v:21) (optimized to 0)
'pe_10_10_inst/pe_gen[44].pe_inst/input_reg_a[2][16]' (pe.v:21) (optimized to 0)
'pe_10_10_inst/pe_gen[44].pe_inst/input_reg_a[2][17]' (pe.v:21) (optimized to 0)
'pe_10_10_inst/pe_gen[45].pe_inst/input_reg_a[0][7]' (pe.v:21) (optimized to 0)
'pe_10_10_inst/pe_gen[45].pe_inst/input_reg_a[0][8]' (pe.v:21) (optimized to 0)
'pe_10_10_inst/pe_gen[45].pe_inst/input_reg_a[0][9]' (pe.v:21) (optimized to 0)
'pe_10_10_inst/pe_gen[45].pe_inst/input_reg_a[0][10]' (pe.v:21) (optimized to 0)
'pe_10_10_inst/pe_gen[45].pe_inst/input_reg_a[0][11]' (pe.v:21) (optimized to 0)
'pe_10_10_inst/pe_gen[45].pe_inst/input_reg_a[0][12]' (pe.v:21) (optimized to 0)
'pe_10_10_inst/pe_gen[45].pe_inst/input_reg_a[0][13]' (pe.v:21) (optimized to 0)
'pe_10_10_inst/pe_gen[45].pe_inst/input_reg_a[0][14]' (pe.v:21) (optimized to 0)
'pe_10_10_inst/pe_gen[45].pe_inst/input_reg_a[1][7]' (pe.v:21) (optimized to 0)
'pe_10_10_inst/pe_gen[45].pe_inst/input_reg_a[1][8]' (pe.v:21) (optimized to 0)
'pe_10_10_inst/pe_gen[45].pe_inst/input_reg_a[1][9]' (pe.v:21) (optimized to 0)
'pe_10_10_inst/pe_gen[45].pe_inst/input_reg_a[1][10]' (pe.v:21) (optimized to 0)
'pe_10_10_inst/pe_gen[45].pe_inst/input_reg_a[1][11]' (pe.v:21) (optimized to 0)
'pe_10_10_inst/pe_gen[45].pe_inst/input_reg_a[1][12]' (pe.v:21) (optimized to 0)
'pe_10_10_inst/pe_gen[45].pe_inst/input_reg_a[1][13]' (pe.v:21) (optimized to 0)
'pe_10_10_inst/pe_gen[45].pe_inst/input_reg_a[1][14]' (pe.v:21) (optimized to 0)
'pe_10_10_inst/pe_gen[54].pe_inst/input_reg_a[0][7]' (pe.v:21) (optimized to 0)
'pe_10_10_inst/pe_gen[54].pe_inst/input_reg_a[0][8]' (pe.v:21) (optimized to 0)
'pe_10_10_inst/pe_gen[54].pe_inst/input_reg_a[0][9]' (pe.v:21) (optimized to 0)
'pe_10_10_inst/pe_gen[54].pe_inst/input_reg_a[0][10]' (pe.v:21) (optimized to 0)
'pe_10_10_inst/pe_gen[54].pe_inst/input_reg_a[0][11]' (pe.v:21) (optimized to 0)
'pe_10_10_inst/pe_gen[54].pe_inst/input_reg_a[0][12]' (pe.v:21) (optimized to 0)
'pe_10_10_inst/pe_gen[54].pe_inst/input_reg_a[0][13]' (pe.v:21) (optimized to 0)
'pe_10_10_inst/pe_gen[54].pe_inst/input_reg_a[0][14]' (pe.v:21) (optimized to 0)
'pe_10_10_inst/pe_gen[54].pe_inst/input_reg_a[1][7]' (pe.v:21) (optimized to 0)
'pe_10_10_inst/pe_gen[54].pe_inst/input_reg_a[1][8]' (pe.v:21) (optimized to 0)
'pe_10_10_inst/pe_gen[54].pe_inst/input_reg_a[1][9]' (pe.v:21) (optimized to 0)
'pe_10_10_inst/pe_gen[54].pe_inst/input_reg_a[1][10]' (pe.v:21) (optimized to 0)
'pe_10_10_inst/pe_gen[54].pe_inst/input_reg_a[1][11]' (pe.v:21) (optimized to 0)
'pe_10_10_inst/pe_gen[54].pe_inst/input_reg_a[1][12]' (pe.v:21) (optimized to 0)
'pe_10_10_inst/pe_gen[54].pe_inst/input_reg_a[1][13]' (pe.v:21) (optimized to 0)
'pe_10_10_inst/pe_gen[54].pe_inst/input_reg_a[1][14]' (pe.v:21) (optimized to 0)
'pe_10_10_inst/pe_gen[61].pe_inst/input_reg_a[0][16]' (pe.v:21) (optimized to 0)
'pe_10_10_inst/pe_gen[61].pe_inst/input_reg_a[0][17]' (pe.v:21) (optimized to 0)
'pe_10_10_inst/pe_gen[61].pe_inst/input_reg_a[1][16]' (pe.v:21) (optimized to 0)
'pe_10_10_inst/pe_gen[61].pe_inst/input_reg_a[1][17]' (pe.v:21) (optimized to 0)
'pe_10_10_inst/pe_gen[63].pe_inst/input_reg_a[0][7]' (pe.v:21) (optimized to 0)
'pe_10_10_inst/pe_gen[63].pe_inst/input_reg_a[0][8]' (pe.v:21) (optimized to 0)
'pe_10_10_inst/pe_gen[63].pe_inst/input_reg_a[0][9]' (pe.v:21) (optimized to 0)
'pe_10_10_inst/pe_gen[63].pe_inst/input_reg_a[0][10]' (pe.v:21) (optimized to 0)
'pe_10_10_inst/pe_gen[63].pe_inst/input_reg_a[0][11]' (pe.v:21) (optimized to 0)
'pe_10_10_inst/pe_gen[63].pe_inst/input_reg_a[0][12]' (pe.v:21) (optimized to 0)
'pe_10_10_inst/pe_gen[63].pe_inst/input_reg_a[0][13]' (pe.v:21) (optimized to 0)
'pe_10_10_inst/pe_gen[63].pe_inst/input_reg_a[0][14]' (pe.v:21) (optimized to 0)
'pe_10_10_inst/pe_gen[63].pe_inst/input_reg_a[1][7]' (pe.v:21) (optimized to 0)
'pe_10_10_inst/pe_gen[63].pe_inst/input_reg_a[1][8]' (pe.v:21) (optimized to 0)
'pe_10_10_inst/pe_gen[63].pe_inst/input_reg_a[1][9]' (pe.v:21) (optimized to 0)
'pe_10_10_inst/pe_gen[63].pe_inst/input_reg_a[1][10]' (pe.v:21) (optimized to 0)
'pe_10_10_inst/pe_gen[63].pe_inst/input_reg_a[1][11]' (pe.v:21) (optimized to 0)
'pe_10_10_inst/pe_gen[63].pe_inst/input_reg_a[1][12]' (pe.v:21) (optimized to 0)
'pe_10_10_inst/pe_gen[63].pe_inst/input_reg_a[1][13]' (pe.v:21) (optimized to 0)
'pe_10_10_inst/pe_gen[63].pe_inst/input_reg_a[1][14]' (pe.v:21) (optimized to 0)
'pe_10_10_inst/pe_gen[70].pe_inst/input_reg_a[2][16]' (pe.v:21) (optimized to 0)
'pe_10_10_inst/pe_gen[70].pe_inst/input_reg_a[2][17]' (pe.v:21) (optimized to 0)
'pe_10_10_inst/pe_gen[72].pe_inst/input_reg_a[0][7]' (pe.v:21) (optimized to 0)
'pe_10_10_inst/pe_gen[72].pe_inst/input_reg_a[0][8]' (pe.v:21) (optimized to 0)
'pe_10_10_inst/pe_gen[72].pe_inst/input_reg_a[0][9]' (pe.v:21) (optimized to 0)
'pe_10_10_inst/pe_gen[72].pe_inst/input_reg_a[0][10]' (pe.v:21) (optimized to 0)
'pe_10_10_inst/pe_gen[72].pe_inst/input_reg_a[0][11]' (pe.v:21) (optimized to 0)
'pe_10_10_inst/pe_gen[72].pe_inst/input_reg_a[0][12]' (pe.v:21) (optimized to 0)
'pe_10_10_inst/pe_gen[72].pe_inst/input_reg_a[0][13]' (pe.v:21) (optimized to 0)
'pe_10_10_inst/pe_gen[72].pe_inst/input_reg_a[0][14]' (pe.v:21) (optimized to 0)
'pe_10_10_inst/pe_gen[72].pe_inst/input_reg_a[1][7]' (pe.v:21) (optimized to 0)
'pe_10_10_inst/pe_gen[72].pe_inst/input_reg_a[1][8]' (pe.v:21) (optimized to 0)
'pe_10_10_inst/pe_gen[72].pe_inst/input_reg_a[1][9]' (pe.v:21) (optimized to 0)
'pe_10_10_inst/pe_gen[72].pe_inst/input_reg_a[1][10]' (pe.v:21) (optimized to 0)
'pe_10_10_inst/pe_gen[72].pe_inst/input_reg_a[1][11]' (pe.v:21) (optimized to 0)
'pe_10_10_inst/pe_gen[72].pe_inst/input_reg_a[1][12]' (pe.v:21) (optimized to 0)
'pe_10_10_inst/pe_gen[72].pe_inst/input_reg_a[1][13]' (pe.v:21) (optimized to 0)
'pe_10_10_inst/pe_gen[72].pe_inst/input_reg_a[1][14]' (pe.v:21) (optimized to 0)
'pe_10_10_inst/pe_gen[81].pe_inst/input_reg_a[0][7]' (pe.v:21) (optimized to 0)
'pe_10_10_inst/pe_gen[81].pe_inst/input_reg_a[0][8]' (pe.v:21) (optimized to 0)
'pe_10_10_inst/pe_gen[81].pe_inst/input_reg_a[0][9]' (pe.v:21) (optimized to 0)
'pe_10_10_inst/pe_gen[81].pe_inst/input_reg_a[0][10]' (pe.v:21) (optimized to 0)
'pe_10_10_inst/pe_gen[81].pe_inst/input_reg_a[0][11]' (pe.v:21) (optimized to 0)
'pe_10_10_inst/pe_gen[81].pe_inst/input_reg_a[0][12]' (pe.v:21) (optimized to 0)
'pe_10_10_inst/pe_gen[81].pe_inst/input_reg_a[0][13]' (pe.v:21) (optimized to 0)
'pe_10_10_inst/pe_gen[81].pe_inst/input_reg_a[0][14]' (pe.v:21) (optimized to 0)
'pe_10_10_inst/pe_gen[81].pe_inst/input_reg_a[1][7]' (pe.v:21) (optimized to 0)
'pe_10_10_inst/pe_gen[81].pe_inst/input_reg_a[1][8]' (pe.v:21) (optimized to 0)
'pe_10_10_inst/pe_gen[81].pe_inst/input_reg_a[1][9]' (pe.v:21) (optimized to 0)
'pe_10_10_inst/pe_gen[81].pe_inst/input_reg_a[1][10]' (pe.v:21) (optimized to 0)
'pe_10_10_inst/pe_gen[81].pe_inst/input_reg_a[1][11]' (pe.v:21) (optimized to 0)
'pe_10_10_inst/pe_gen[81].pe_inst/input_reg_a[1][12]' (pe.v:21) (optimized to 0)
'pe_10_10_inst/pe_gen[81].pe_inst/input_reg_a[1][13]' (pe.v:21) (optimized to 0)
'pe_10_10_inst/pe_gen[81].pe_inst/input_reg_a[1][14]' (pe.v:21) (optimized to 0)
'pe_10_10_inst/pe_gen[90].pe_inst/input_reg_a[0][7]' (pe.v:21) (optimized to 0)
'pe_10_10_inst/pe_gen[90].pe_inst/input_reg_a[0][8]' (pe.v:21) (optimized to 0)
'pe_10_10_inst/pe_gen[90].pe_inst/input_reg_a[0][9]' (pe.v:21) (optimized to 0)
'pe_10_10_inst/pe_gen[90].pe_inst/input_reg_a[0][10]' (pe.v:21) (optimized to 0)
'pe_10_10_inst/pe_gen[90].pe_inst/input_reg_a[0][11]' (pe.v:21) (optimized to 0)
'pe_10_10_inst/pe_gen[90].pe_inst/input_reg_a[0][12]' (pe.v:21) (optimized to 0)
'pe_10_10_inst/pe_gen[90].pe_inst/input_reg_a[0][13]' (pe.v:21) (optimized to 0)
'pe_10_10_inst/pe_gen[90].pe_inst/input_reg_a[0][14]' (pe.v:21) (optimized to 0)
'pe_10_10_inst/pe_gen[90].pe_inst/input_reg_a[1][7]' (pe.v:21) (optimized to 0)
'pe_10_10_inst/pe_gen[90].pe_inst/input_reg_a[1][8]' (pe.v:21) (optimized to 0)
'pe_10_10_inst/pe_gen[90].pe_inst/input_reg_a[1][9]' (pe.v:21) (optimized to 0)
'pe_10_10_inst/pe_gen[90].pe_inst/input_reg_a[1][10]' (pe.v:21) (optimized to 0)
'pe_10_10_inst/pe_gen[90].pe_inst/input_reg_a[1][11]' (pe.v:21) (optimized to 0)
'pe_10_10_inst/pe_gen[90].pe_inst/input_reg_a[1][12]' (pe.v:21) (optimized to 0)
'pe_10_10_inst/pe_gen[90].pe_inst/input_reg_a[1][13]' (pe.v:21) (optimized to 0)
'pe_10_10_inst/pe_gen[90].pe_inst/input_reg_a[1][14]' (pe.v:21) (optimized to 0)
'pe_10_10_inst/pe_gen[12].pe_inst/input_reg_a[0][15]' (pe.v:21) (optimized to 0)
'pe_10_10_inst/pe_gen[12].pe_inst/input_reg_a[1][15]' (pe.v:21) (optimized to 0)
'pe_10_10_inst/pe_gen[18].pe_inst/input_reg_a[2][7]' (pe.v:21) (optimized to 0)
'pe_10_10_inst/pe_gen[18].pe_inst/input_reg_a[2][8]' (pe.v:21) (optimized to 0)
'pe_10_10_inst/pe_gen[18].pe_inst/input_reg_a[2][9]' (pe.v:21) (optimized to 0)
'pe_10_10_inst/pe_gen[18].pe_inst/input_reg_a[2][10]' (pe.v:21) (optimized to 0)
'pe_10_10_inst/pe_gen[18].pe_inst/input_reg_a[2][11]' (pe.v:21) (optimized to 0)
'pe_10_10_inst/pe_gen[18].pe_inst/input_reg_a[2][12]' (pe.v:21) (optimized to 0)
'pe_10_10_inst/pe_gen[18].pe_inst/input_reg_a[2][13]' (pe.v:21) (optimized to 0)
'pe_10_10_inst/pe_gen[18].pe_inst/input_reg_a[2][14]' (pe.v:21) (optimized to 0)
'pe_10_10_inst/pe_gen[21].pe_inst/input_reg_a[2][15]' (pe.v:21) (optimized to 0)
'pe_10_10_inst/pe_gen[26].pe_inst/input_reg_a[0][16]' (pe.v:21) (optimized to 0)
'pe_10_10_inst/pe_gen[26].pe_inst/input_reg_a[0][17]' (pe.v:21) (optimized to 0)
'pe_10_10_inst/pe_gen[26].pe_inst/input_reg_a[1][16]' (pe.v:21) (optimized to 0)
'pe_10_10_inst/pe_gen[26].pe_inst/input_reg_a[1][17]' (pe.v:21) (optimized to 0)
'pe_10_10_inst/pe_gen[27].pe_inst/input_reg_a[2][7]' (pe.v:21) (optimized to 0)
'pe_10_10_inst/pe_gen[27].pe_inst/input_reg_a[2][8]' (pe.v:21) (optimized to 0)
'pe_10_10_inst/pe_gen[27].pe_inst/input_reg_a[2][9]' (pe.v:21) (optimized to 0)
'pe_10_10_inst/pe_gen[27].pe_inst/input_reg_a[2][10]' (pe.v:21) (optimized to 0)
'pe_10_10_inst/pe_gen[27].pe_inst/input_reg_a[2][11]' (pe.v:21) (optimized to 0)
'pe_10_10_inst/pe_gen[27].pe_inst/input_reg_a[2][12]' (pe.v:21) (optimized to 0)
'pe_10_10_inst/pe_gen[27].pe_inst/input_reg_a[2][13]' (pe.v:21) (optimized to 0)
'pe_10_10_inst/pe_gen[27].pe_inst/input_reg_a[2][14]' (pe.v:21) (optimized to 0)
'pe_10_10_inst/pe_gen[35].pe_inst/input_reg_a[2][16]' (pe.v:21) (optimized to 0)
'pe_10_10_inst/pe_gen[35].pe_inst/input_reg_a[2][17]' (pe.v:21) (optimized to 0)
'pe_10_10_inst/pe_gen[36].pe_inst/input_reg_a[2][7]' (pe.v:21) (optimized to 0)
'pe_10_10_inst/pe_gen[36].pe_inst/input_reg_a[2][8]' (pe.v:21) (optimized to 0)
'pe_10_10_inst/pe_gen[36].pe_inst/input_reg_a[2][9]' (pe.v:21) (optimized to 0)
'pe_10_10_inst/pe_gen[36].pe_inst/input_reg_a[2][10]' (pe.v:21) (optimized to 0)
'pe_10_10_inst/pe_gen[36].pe_inst/input_reg_a[2][11]' (pe.v:21) (optimized to 0)
'pe_10_10_inst/pe_gen[36].pe_inst/input_reg_a[2][12]' (pe.v:21) (optimized to 0)
'pe_10_10_inst/pe_gen[36].pe_inst/input_reg_a[2][13]' (pe.v:21) (optimized to 0)
'pe_10_10_inst/pe_gen[36].pe_inst/input_reg_a[2][14]' (pe.v:21) (optimized to 0)
'pe_10_10_inst/pe_gen[45].pe_inst/input_reg_a[2][7]' (pe.v:21) (optimized to 0)
'pe_10_10_inst/pe_gen[45].pe_inst/input_reg_a[2][8]' (pe.v:21) (optimized to 0)
'pe_10_10_inst/pe_gen[45].pe_inst/input_reg_a[2][9]' (pe.v:21) (optimized to 0)
'pe_10_10_inst/pe_gen[45].pe_inst/input_reg_a[2][10]' (pe.v:21) (optimized to 0)
'pe_10_10_inst/pe_gen[45].pe_inst/input_reg_a[2][11]' (pe.v:21) (optimized to 0)
'pe_10_10_inst/pe_gen[45].pe_inst/input_reg_a[2][12]' (pe.v:21) (optimized to 0)
'pe_10_10_inst/pe_gen[45].pe_inst/input_reg_a[2][13]' (pe.v:21) (optimized to 0)
'pe_10_10_inst/pe_gen[45].pe_inst/input_reg_a[2][14]' (pe.v:21) (optimized to 0)
'pe_10_10_inst/pe_gen[52].pe_inst/input_reg_a[0][16]' (pe.v:21) (optimized to 0)
'pe_10_10_inst/pe_gen[52].pe_inst/input_reg_a[0][17]' (pe.v:21) (optimized to 0)
'pe_10_10_inst/pe_gen[52].pe_inst/input_reg_a[1][16]' (pe.v:21) (optimized to 0)
'pe_10_10_inst/pe_gen[52].pe_inst/input_reg_a[1][17]' (pe.v:21) (optimized to 0)
'pe_10_10_inst/pe_gen[54].pe_inst/input_reg_a[2][7]' (pe.v:21) (optimized to 0)
'pe_10_10_inst/pe_gen[54].pe_inst/input_reg_a[2][8]' (pe.v:21) (optimized to 0)
'pe_10_10_inst/pe_gen[54].pe_inst/input_reg_a[2][9]' (pe.v:21) (optimized to 0)
'pe_10_10_inst/pe_gen[54].pe_inst/input_reg_a[2][10]' (pe.v:21) (optimized to 0)
'pe_10_10_inst/pe_gen[54].pe_inst/input_reg_a[2][11]' (pe.v:21) (optimized to 0)
'pe_10_10_inst/pe_gen[54].pe_inst/input_reg_a[2][12]' (pe.v:21) (optimized to 0)
'pe_10_10_inst/pe_gen[54].pe_inst/input_reg_a[2][13]' (pe.v:21) (optimized to 0)
'pe_10_10_inst/pe_gen[54].pe_inst/input_reg_a[2][14]' (pe.v:21) (optimized to 0)
'pe_10_10_inst/pe_gen[61].pe_inst/input_reg_a[2][16]' (pe.v:21) (optimized to 0)
'pe_10_10_inst/pe_gen[61].pe_inst/input_reg_a[2][17]' (pe.v:21) (optimized to 0)
'pe_10_10_inst/pe_gen[63].pe_inst/input_reg_a[2][7]' (pe.v:21) (optimized to 0)
'pe_10_10_inst/pe_gen[63].pe_inst/input_reg_a[2][8]' (pe.v:21) (optimized to 0)
'pe_10_10_inst/pe_gen[63].pe_inst/input_reg_a[2][9]' (pe.v:21) (optimized to 0)
'pe_10_10_inst/pe_gen[63].pe_inst/input_reg_a[2][10]' (pe.v:21) (optimized to 0)
'pe_10_10_inst/pe_gen[63].pe_inst/input_reg_a[2][11]' (pe.v:21) (optimized to 0)
'pe_10_10_inst/pe_gen[63].pe_inst/input_reg_a[2][12]' (pe.v:21) (optimized to 0)
'pe_10_10_inst/pe_gen[63].pe_inst/input_reg_a[2][13]' (pe.v:21) (optimized to 0)
'pe_10_10_inst/pe_gen[63].pe_inst/input_reg_a[2][14]' (pe.v:21) (optimized to 0)
'pe_10_10_inst/pe_gen[72].pe_inst/input_reg_a[2][7]' (pe.v:21) (optimized to 0)
'pe_10_10_inst/pe_gen[72].pe_inst/input_reg_a[2][8]' (pe.v:21) (optimized to 0)
'pe_10_10_inst/pe_gen[72].pe_inst/input_reg_a[2][9]' (pe.v:21) (optimized to 0)
'pe_10_10_inst/pe_gen[72].pe_inst/input_reg_a[2][10]' (pe.v:21) (optimized to 0)
'pe_10_10_inst/pe_gen[72].pe_inst/input_reg_a[2][11]' (pe.v:21) (optimized to 0)
'pe_10_10_inst/pe_gen[72].pe_inst/input_reg_a[2][12]' (pe.v:21) (optimized to 0)
'pe_10_10_inst/pe_gen[72].pe_inst/input_reg_a[2][13]' (pe.v:21) (optimized to 0)
'pe_10_10_inst/pe_gen[72].pe_inst/input_reg_a[2][14]' (pe.v:21) (optimized to 0)
'pe_10_10_inst/pe_gen[81].pe_inst/input_reg_a[2][7]' (pe.v:21) (optimized to 0)
'pe_10_10_inst/pe_gen[81].pe_inst/input_reg_a[2][8]' (pe.v:21) (optimized to 0)
'pe_10_10_inst/pe_gen[81].pe_inst/input_reg_a[2][9]' (pe.v:21) (optimized to 0)
'pe_10_10_inst/pe_gen[81].pe_inst/input_reg_a[2][10]' (pe.v:21) (optimized to 0)
'pe_10_10_inst/pe_gen[81].pe_inst/input_reg_a[2][11]' (pe.v:21) (optimized to 0)
'pe_10_10_inst/pe_gen[81].pe_inst/input_reg_a[2][12]' (pe.v:21) (optimized to 0)
'pe_10_10_inst/pe_gen[81].pe_inst/input_reg_a[2][13]' (pe.v:21) (optimized to 0)
'pe_10_10_inst/pe_gen[81].pe_inst/input_reg_a[2][14]' (pe.v:21) (optimized to 0)
'pe_10_10_inst/pe_gen[90].pe_inst/input_reg_a[2][7]' (pe.v:21) (optimized to 0)
'pe_10_10_inst/pe_gen[90].pe_inst/input_reg_a[2][8]' (pe.v:21) (optimized to 0)
'pe_10_10_inst/pe_gen[90].pe_inst/input_reg_a[2][9]' (pe.v:21) (optimized to 0)
'pe_10_10_inst/pe_gen[90].pe_inst/input_reg_a[2][10]' (pe.v:21) (optimized to 0)
'pe_10_10_inst/pe_gen[90].pe_inst/input_reg_a[2][11]' (pe.v:21) (optimized to 0)
'pe_10_10_inst/pe_gen[90].pe_inst/input_reg_a[2][12]' (pe.v:21) (optimized to 0)
'pe_10_10_inst/pe_gen[90].pe_inst/input_reg_a[2][13]' (pe.v:21) (optimized to 0)
'pe_10_10_inst/pe_gen[90].pe_inst/input_reg_a[2][14]' (pe.v:21) (optimized to 0)
'pe_10_10_inst/pe_gen[3].pe_inst/input_reg_a[0][15]' (pe.v:21) (optimized to 0)
'pe_10_10_inst/pe_gen[12].pe_inst/input_reg_a[2][15]' (pe.v:21) (optimized to 0)
'pe_10_10_inst/pe_gen[17].pe_inst/input_reg_a[0][16]' (pe.v:21) (optimized to 0)
'pe_10_10_inst/pe_gen[17].pe_inst/input_reg_a[0][17]' (pe.v:21) (optimized to 0)
'pe_10_10_inst/pe_gen[17].pe_inst/input_reg_a[1][16]' (pe.v:21) (optimized to 0)
'pe_10_10_inst/pe_gen[17].pe_inst/input_reg_a[1][17]' (pe.v:21) (optimized to 0)
'pe_10_10_inst/pe_gen[20].pe_inst/input_reg_a[0][15]' (pe.v:21) (optimized to 0)
'pe_10_10_inst/pe_gen[20].pe_inst/input_reg_a[1][15]' (pe.v:21) (optimized to 0)
'pe_10_10_inst/pe_gen[26].pe_inst/input_reg_a[2][16]' (pe.v:21) (optimized to 0)
'pe_10_10_inst/pe_gen[26].pe_inst/input_reg_a[2][17]' (pe.v:21) (optimized to 0)
'pe_10_10_inst/pe_gen[43].pe_inst/input_reg_a[0][16]' (pe.v:21) (optimized to 0)
'pe_10_10_inst/pe_gen[43].pe_inst/input_reg_a[0][17]' (pe.v:21) (optimized to 0)
'pe_10_10_inst/pe_gen[43].pe_inst/input_reg_a[1][16]' (pe.v:21) (optimized to 0)
'pe_10_10_inst/pe_gen[43].pe_inst/input_reg_a[1][17]' (pe.v:21) (optimized to 0)
'pe_10_10_inst/pe_gen[52].pe_inst/input_reg_a[2][16]' (pe.v:21) (optimized to 0)
'pe_10_10_inst/pe_gen[52].pe_inst/input_reg_a[2][17]' (pe.v:21) (optimized to 0)
'pe_10_10_inst/pe_gen[8].pe_inst/input_reg_a[0][16]' (pe.v:21) (optimized to 0)
'pe_10_10_inst/pe_gen[8].pe_inst/input_reg_a[0][17]' (pe.v:21) (optimized to 0)
'pe_10_10_inst/pe_gen[11].pe_inst/input_reg_a[0][15]' (pe.v:21) (optimized to 0)
'pe_10_10_inst/pe_gen[11].pe_inst/input_reg_a[1][15]' (pe.v:21) (optimized to 0)
'pe_10_10_inst/pe_gen[17].pe_inst/input_reg_a[2][16]' (pe.v:21) (optimized to 0)
'pe_10_10_inst/pe_gen[17].pe_inst/input_reg_a[2][17]' (pe.v:21) (optimized to 0)
'pe_10_10_inst/pe_gen[20].pe_inst/input_reg_a[2][15]' (pe.v:21) (optimized to 0)
'pe_10_10_inst/pe_gen[34].pe_inst/input_reg_a[0][16]' (pe.v:21) (optimized to 0)
'pe_10_10_inst/pe_gen[34].pe_inst/input_reg_a[0][17]' (pe.v:21) (optimized to 0)
'pe_10_10_inst/pe_gen[34].pe_inst/input_reg_a[1][16]' (pe.v:21) (optimized to 0)
'pe_10_10_inst/pe_gen[34].pe_inst/input_reg_a[1][17]' (pe.v:21) (optimized to 0)
'pe_10_10_inst/pe_gen[43].pe_inst/input_reg_a[2][16]' (pe.v:21) (optimized to 0)
'pe_10_10_inst/pe_gen[43].pe_inst/input_reg_a[2][17]' (pe.v:21) (optimized to 0)
'pe_10_10_inst/pe_gen[60].pe_inst/input_reg_a[0][16]' (pe.v:21) (optimized to 0)
'pe_10_10_inst/pe_gen[60].pe_inst/input_reg_a[0][17]' (pe.v:21) (optimized to 0)
'pe_10_10_inst/pe_gen[60].pe_inst/input_reg_a[1][16]' (pe.v:21) (optimized to 0)
'pe_10_10_inst/pe_gen[60].pe_inst/input_reg_a[1][17]' (pe.v:21) (optimized to 0)
'pe_10_10_inst/pe_gen[2].pe_inst/input_reg_a[0][15]' (pe.v:21) (optimized to 0)
'pe_10_10_inst/pe_gen[8].pe_inst/input_reg_a[0][7]' (pe.v:21) (optimized to 0)
'pe_10_10_inst/pe_gen[8].pe_inst/input_reg_a[0][8]' (pe.v:21) (optimized to 0)
'pe_10_10_inst/pe_gen[8].pe_inst/input_reg_a[0][9]' (pe.v:21) (optimized to 0)
'pe_10_10_inst/pe_gen[8].pe_inst/input_reg_a[0][10]' (pe.v:21) (optimized to 0)
'pe_10_10_inst/pe_gen[8].pe_inst/input_reg_a[0][11]' (pe.v:21) (optimized to 0)
'pe_10_10_inst/pe_gen[8].pe_inst/input_reg_a[0][12]' (pe.v:21) (optimized to 0)
'pe_10_10_inst/pe_gen[8].pe_inst/input_reg_a[0][13]' (pe.v:21) (optimized to 0)
'pe_10_10_inst/pe_gen[8].pe_inst/input_reg_a[0][14]' (pe.v:21) (optimized to 0)
'pe_10_10_inst/pe_gen[11].pe_inst/input_reg_a[2][15]' (pe.v:21) (optimized to 0)
'pe_10_10_inst/pe_gen[17].pe_inst/input_reg_a[0][7]' (pe.v:21) (optimized to 0)
'pe_10_10_inst/pe_gen[17].pe_inst/input_reg_a[0][8]' (pe.v:21) (optimized to 0)
'pe_10_10_inst/pe_gen[17].pe_inst/input_reg_a[0][9]' (pe.v:21) (optimized to 0)
'pe_10_10_inst/pe_gen[17].pe_inst/input_reg_a[0][10]' (pe.v:21) (optimized to 0)
'pe_10_10_inst/pe_gen[17].pe_inst/input_reg_a[0][11]' (pe.v:21) (optimized to 0)
'pe_10_10_inst/pe_gen[17].pe_inst/input_reg_a[0][12]' (pe.v:21) (optimized to 0)
'pe_10_10_inst/pe_gen[17].pe_inst/input_reg_a[0][13]' (pe.v:21) (optimized to 0)
'pe_10_10_inst/pe_gen[17].pe_inst/input_reg_a[0][14]' (pe.v:21) (optimized to 0)
'pe_10_10_inst/pe_gen[17].pe_inst/input_reg_a[1][7]' (pe.v:21) (optimized to 0)
'pe_10_10_inst/pe_gen[17].pe_inst/input_reg_a[1][8]' (pe.v:21) (optimized to 0)
'pe_10_10_inst/pe_gen[17].pe_inst/input_reg_a[1][9]' (pe.v:21) (optimized to 0)
'pe_10_10_inst/pe_gen[17].pe_inst/input_reg_a[1][10]' (pe.v:21) (optimized to 0)
'pe_10_10_inst/pe_gen[17].pe_inst/input_reg_a[1][11]' (pe.v:21) (optimized to 0)
'pe_10_10_inst/pe_gen[17].pe_inst/input_reg_a[1][12]' (pe.v:21) (optimized to 0)
'pe_10_10_inst/pe_gen[17].pe_inst/input_reg_a[1][13]' (pe.v:21) (optimized to 0)
'pe_10_10_inst/pe_gen[17].pe_inst/input_reg_a[1][14]' (pe.v:21) (optimized to 0)
'pe_10_10_inst/pe_gen[19].pe_inst/input_reg_a[0][0]' (pe.v:21) (optimized to 0)
'pe_10_10_inst/pe_gen[19].pe_inst/input_reg_a[1][0]' (pe.v:21) (optimized to 0)
'pe_10_10_inst/pe_gen[25].pe_inst/input_reg_a[0][16]' (pe.v:21) (optimized to 0)
'pe_10_10_inst/pe_gen[25].pe_inst/input_reg_a[0][17]' (pe.v:21) (optimized to 0)
'pe_10_10_inst/pe_gen[25].pe_inst/input_reg_a[1][16]' (pe.v:21) (optimized to 0)
'pe_10_10_inst/pe_gen[25].pe_inst/input_reg_a[1][17]' (pe.v:21) (optimized to 0)
'pe_10_10_inst/pe_gen[26].pe_inst/input_reg_a[0][7]' (pe.v:21) (optimized to 0)
'pe_10_10_inst/pe_gen[26].pe_inst/input_reg_a[0][8]' (pe.v:21) (optimized to 0)
'pe_10_10_inst/pe_gen[26].pe_inst/input_reg_a[0][9]' (pe.v:21) (optimized to 0)
'pe_10_10_inst/pe_gen[26].pe_inst/input_reg_a[0][10]' (pe.v:21) (optimized to 0)
'pe_10_10_inst/pe_gen[26].pe_inst/input_reg_a[0][11]' (pe.v:21) (optimized to 0)
'pe_10_10_inst/pe_gen[26].pe_inst/input_reg_a[0][12]' (pe.v:21) (optimized to 0)
'pe_10_10_inst/pe_gen[26].pe_inst/input_reg_a[0][13]' (pe.v:21) (optimized to 0)
'pe_10_10_inst/pe_gen[26].pe_inst/input_reg_a[0][14]' (pe.v:21) (optimized to 0)
'pe_10_10_inst/pe_gen[26].pe_inst/input_reg_a[1][7]' (pe.v:21) (optimized to 0)
'pe_10_10_inst/pe_gen[26].pe_inst/input_reg_a[1][8]' (pe.v:21) (optimized to 0)
'pe_10_10_inst/pe_gen[26].pe_inst/input_reg_a[1][9]' (pe.v:21) (optimized to 0)
'pe_10_10_inst/pe_gen[26].pe_inst/input_reg_a[1][10]' (pe.v:21) (optimized to 0)
'pe_10_10_inst/pe_gen[26].pe_inst/input_reg_a[1][11]' (pe.v:21) (optimized to 0)
'pe_10_10_inst/pe_gen[26].pe_inst/input_reg_a[1][12]' (pe.v:21) (optimized to 0)
'pe_10_10_inst/pe_gen[26].pe_inst/input_reg_a[1][13]' (pe.v:21) (optimized to 0)
'pe_10_10_inst/pe_gen[26].pe_inst/input_reg_a[1][14]' (pe.v:21) (optimized to 0)
'pe_10_10_inst/pe_gen[34].pe_inst/input_reg_a[2][16]' (pe.v:21) (optimized to 0)
'pe_10_10_inst/pe_gen[34].pe_inst/input_reg_a[2][17]' (pe.v:21) (optimized to 0)
'pe_10_10_inst/pe_gen[35].pe_inst/input_reg_a[0][7]' (pe.v:21) (optimized to 0)
'pe_10_10_inst/pe_gen[35].pe_inst/input_reg_a[0][8]' (pe.v:21) (optimized to 0)
'pe_10_10_inst/pe_gen[35].pe_inst/input_reg_a[0][9]' (pe.v:21) (optimized to 0)
'pe_10_10_inst/pe_gen[35].pe_inst/input_reg_a[0][10]' (pe.v:21) (optimized to 0)
'pe_10_10_inst/pe_gen[35].pe_inst/input_reg_a[0][11]' (pe.v:21) (optimized to 0)
'pe_10_10_inst/pe_gen[35].pe_inst/input_reg_a[0][12]' (pe.v:21) (optimized to 0)
'pe_10_10_inst/pe_gen[35].pe_inst/input_reg_a[0][13]' (pe.v:21) (optimized to 0)
'pe_10_10_inst/pe_gen[35].pe_inst/input_reg_a[0][14]' (pe.v:21) (optimized to 0)
'pe_10_10_inst/pe_gen[35].pe_inst/input_reg_a[1][7]' (pe.v:21) (optimized to 0)
'pe_10_10_inst/pe_gen[35].pe_inst/input_reg_a[1][8]' (pe.v:21) (optimized to 0)
'pe_10_10_inst/pe_gen[35].pe_inst/input_reg_a[1][9]' (pe.v:21) (optimized to 0)
'pe_10_10_inst/pe_gen[35].pe_inst/input_reg_a[1][10]' (pe.v:21) (optimized to 0)
'pe_10_10_inst/pe_gen[35].pe_inst/input_reg_a[1][11]' (pe.v:21) (optimized to 0)
'pe_10_10_inst/pe_gen[35].pe_inst/input_reg_a[1][12]' (pe.v:21) (optimized to 0)
'pe_10_10_inst/pe_gen[35].pe_inst/input_reg_a[1][13]' (pe.v:21) (optimized to 0)
'pe_10_10_inst/pe_gen[35].pe_inst/input_reg_a[1][14]' (pe.v:21) (optimized to 0)
'pe_10_10_inst/pe_gen[44].pe_inst/input_reg_a[0][7]' (pe.v:21) (optimized to 0)
'pe_10_10_inst/pe_gen[44].pe_inst/input_reg_a[0][8]' (pe.v:21) (optimized to 0)
'pe_10_10_inst/pe_gen[44].pe_inst/input_reg_a[0][9]' (pe.v:21) (optimized to 0)
'pe_10_10_inst/pe_gen[44].pe_inst/input_reg_a[0][10]' (pe.v:21) (optimized to 0)
'pe_10_10_inst/pe_gen[44].pe_inst/input_reg_a[0][11]' (pe.v:21) (optimized to 0)
'pe_10_10_inst/pe_gen[44].pe_inst/input_reg_a[0][12]' (pe.v:21) (optimized to 0)
'pe_10_10_inst/pe_gen[44].pe_inst/input_reg_a[0][13]' (pe.v:21) (optimized to 0)
'pe_10_10_inst/pe_gen[44].pe_inst/input_reg_a[0][14]' (pe.v:21) (optimized to 0)
'pe_10_10_inst/pe_gen[44].pe_inst/input_reg_a[1][7]' (pe.v:21) (optimized to 0)
'pe_10_10_inst/pe_gen[44].pe_inst/input_reg_a[1][8]' (pe.v:21) (optimized to 0)
'pe_10_10_inst/pe_gen[44].pe_inst/input_reg_a[1][9]' (pe.v:21) (optimized to 0)
'pe_10_10_inst/pe_gen[44].pe_inst/input_reg_a[1][10]' (pe.v:21) (optimized to 0)
'pe_10_10_inst/pe_gen[44].pe_inst/input_reg_a[1][11]' (pe.v:21) (optimized to 0)
'pe_10_10_inst/pe_gen[44].pe_inst/input_reg_a[1][12]' (pe.v:21) (optimized to 0)
'pe_10_10_inst/pe_gen[44].pe_inst/input_reg_a[1][13]' (pe.v:21) (optimized to 0)
'pe_10_10_inst/pe_gen[44].pe_inst/input_reg_a[1][14]' (pe.v:21) (optimized to 0)
'pe_10_10_inst/pe_gen[51].pe_inst/input_reg_a[0][16]' (pe.v:21) (optimized to 0)
'pe_10_10_inst/pe_gen[51].pe_inst/input_reg_a[0][17]' (pe.v:21) (optimized to 0)
'pe_10_10_inst/pe_gen[51].pe_inst/input_reg_a[1][16]' (pe.v:21) (optimized to 0)
'pe_10_10_inst/pe_gen[51].pe_inst/input_reg_a[1][17]' (pe.v:21) (optimized to 0)
'pe_10_10_inst/pe_gen[53].pe_inst/input_reg_a[0][7]' (pe.v:21) (optimized to 0)
'pe_10_10_inst/pe_gen[53].pe_inst/input_reg_a[0][8]' (pe.v:21) (optimized to 0)
'pe_10_10_inst/pe_gen[53].pe_inst/input_reg_a[0][9]' (pe.v:21) (optimized to 0)
'pe_10_10_inst/pe_gen[53].pe_inst/input_reg_a[0][10]' (pe.v:21) (optimized to 0)
'pe_10_10_inst/pe_gen[53].pe_inst/input_reg_a[0][11]' (pe.v:21) (optimized to 0)
'pe_10_10_inst/pe_gen[53].pe_inst/input_reg_a[0][12]' (pe.v:21) (optimized to 0)
'pe_10_10_inst/pe_gen[53].pe_inst/input_reg_a[0][13]' (pe.v:21) (optimized to 0)
'pe_10_10_inst/pe_gen[53].pe_inst/input_reg_a[0][14]' (pe.v:21) (optimized to 0)
'pe_10_10_inst/pe_gen[53].pe_inst/input_reg_a[1][7]' (pe.v:21) (optimized to 0)
'pe_10_10_inst/pe_gen[53].pe_inst/input_reg_a[1][8]' (pe.v:21) (optimized to 0)
'pe_10_10_inst/pe_gen[53].pe_inst/input_reg_a[1][9]' (pe.v:21) (optimized to 0)
'pe_10_10_inst/pe_gen[53].pe_inst/input_reg_a[1][10]' (pe.v:21) (optimized to 0)
'pe_10_10_inst/pe_gen[53].pe_inst/input_reg_a[1][11]' (pe.v:21) (optimized to 0)
'pe_10_10_inst/pe_gen[53].pe_inst/input_reg_a[1][12]' (pe.v:21) (optimized to 0)
'pe_10_10_inst/pe_gen[53].pe_inst/input_reg_a[1][13]' (pe.v:21) (optimized to 0)
'pe_10_10_inst/pe_gen[53].pe_inst/input_reg_a[1][14]' (pe.v:21) (optimized to 0)
'pe_10_10_inst/pe_gen[60].pe_inst/input_reg_a[2][16]' (pe.v:21) (optimized to 0)
'pe_10_10_inst/pe_gen[60].pe_inst/input_reg_a[2][17]' (pe.v:21) (optimized to 0)
'pe_10_10_inst/pe_gen[62].pe_inst/input_reg_a[0][7]' (pe.v:21) (optimized to 0)
'pe_10_10_inst/pe_gen[62].pe_inst/input_reg_a[0][8]' (pe.v:21) (optimized to 0)
'pe_10_10_inst/pe_gen[62].pe_inst/input_reg_a[0][9]' (pe.v:21) (optimized to 0)
'pe_10_10_inst/pe_gen[62].pe_inst/input_reg_a[0][10]' (pe.v:21) (optimized to 0)
'pe_10_10_inst/pe_gen[62].pe_inst/input_reg_a[0][11]' (pe.v:21) (optimized to 0)
'pe_10_10_inst/pe_gen[62].pe_inst/input_reg_a[0][12]' (pe.v:21) (optimized to 0)
'pe_10_10_inst/pe_gen[62].pe_inst/input_reg_a[0][13]' (pe.v:21) (optimized to 0)
'pe_10_10_inst/pe_gen[62].pe_inst/input_reg_a[0][14]' (pe.v:21) (optimized to 0)
'pe_10_10_inst/pe_gen[62].pe_inst/input_reg_a[1][7]' (pe.v:21) (optimized to 0)
'pe_10_10_inst/pe_gen[62].pe_inst/input_reg_a[1][8]' (pe.v:21) (optimized to 0)
'pe_10_10_inst/pe_gen[62].pe_inst/input_reg_a[1][9]' (pe.v:21) (optimized to 0)
'pe_10_10_inst/pe_gen[62].pe_inst/input_reg_a[1][10]' (pe.v:21) (optimized to 0)
'pe_10_10_inst/pe_gen[62].pe_inst/input_reg_a[1][11]' (pe.v:21) (optimized to 0)
'pe_10_10_inst/pe_gen[62].pe_inst/input_reg_a[1][12]' (pe.v:21) (optimized to 0)
'pe_10_10_inst/pe_gen[62].pe_inst/input_reg_a[1][13]' (pe.v:21) (optimized to 0)
'pe_10_10_inst/pe_gen[62].pe_inst/input_reg_a[1][14]' (pe.v:21) (optimized to 0)
'pe_10_10_inst/pe_gen[71].pe_inst/input_reg_a[0][7]' (pe.v:21) (optimized to 0)
'pe_10_10_inst/pe_gen[71].pe_inst/input_reg_a[0][8]' (pe.v:21) (optimized to 0)
'pe_10_10_inst/pe_gen[71].pe_inst/input_reg_a[0][9]' (pe.v:21) (optimized to 0)
'pe_10_10_inst/pe_gen[71].pe_inst/input_reg_a[0][10]' (pe.v:21) (optimized to 0)
'pe_10_10_inst/pe_gen[71].pe_inst/input_reg_a[0][11]' (pe.v:21) (optimized to 0)
'pe_10_10_inst/pe_gen[71].pe_inst/input_reg_a[0][12]' (pe.v:21) (optimized to 0)
'pe_10_10_inst/pe_gen[71].pe_inst/input_reg_a[0][13]' (pe.v:21) (optimized to 0)
'pe_10_10_inst/pe_gen[71].pe_inst/input_reg_a[0][14]' (pe.v:21) (optimized to 0)
'pe_10_10_inst/pe_gen[71].pe_inst/input_reg_a[1][7]' (pe.v:21) (optimized to 0)
'pe_10_10_inst/pe_gen[71].pe_inst/input_reg_a[1][8]' (pe.v:21) (optimized to 0)
'pe_10_10_inst/pe_gen[71].pe_inst/input_reg_a[1][9]' (pe.v:21) (optimized to 0)
'pe_10_10_inst/pe_gen[71].pe_inst/input_reg_a[1][10]' (pe.v:21) (optimized to 0)
'pe_10_10_inst/pe_gen[71].pe_inst/input_reg_a[1][11]' (pe.v:21) (optimized to 0)
'pe_10_10_inst/pe_gen[71].pe_inst/input_reg_a[1][12]' (pe.v:21) (optimized to 0)
'pe_10_10_inst/pe_gen[71].pe_inst/input_reg_a[1][13]' (pe.v:21) (optimized to 0)
'pe_10_10_inst/pe_gen[71].pe_inst/input_reg_a[1][14]' (pe.v:21) (optimized to 0)
'pe_10_10_inst/pe_gen[80].pe_inst/input_reg_a[0][7]' (pe.v:21) (optimized to 0)
'pe_10_10_inst/pe_gen[80].pe_inst/input_reg_a[0][8]' (pe.v:21) (optimized to 0)
'pe_10_10_inst/pe_gen[80].pe_inst/input_reg_a[0][9]' (pe.v:21) (optimized to 0)
'pe_10_10_inst/pe_gen[80].pe_inst/input_reg_a[0][10]' (pe.v:21) (optimized to 0)
'pe_10_10_inst/pe_gen[80].pe_inst/input_reg_a[0][11]' (pe.v:21) (optimized to 0)
'pe_10_10_inst/pe_gen[80].pe_inst/input_reg_a[0][12]' (pe.v:21) (optimized to 0)
'pe_10_10_inst/pe_gen[80].pe_inst/input_reg_a[0][13]' (pe.v:21) (optimized to 0)
'pe_10_10_inst/pe_gen[80].pe_inst/input_reg_a[0][14]' (pe.v:21) (optimized to 0)
'pe_10_10_inst/pe_gen[80].pe_inst/input_reg_a[1][7]' (pe.v:21) (optimized to 0)
'pe_10_10_inst/pe_gen[80].pe_inst/input_reg_a[1][8]' (pe.v:21) (optimized to 0)
'pe_10_10_inst/pe_gen[80].pe_inst/input_reg_a[1][9]' (pe.v:21) (optimized to 0)
'pe_10_10_inst/pe_gen[80].pe_inst/input_reg_a[1][10]' (pe.v:21) (optimized to 0)
'pe_10_10_inst/pe_gen[80].pe_inst/input_reg_a[1][11]' (pe.v:21) (optimized to 0)
'pe_10_10_inst/pe_gen[80].pe_inst/input_reg_a[1][12]' (pe.v:21) (optimized to 0)
'pe_10_10_inst/pe_gen[80].pe_inst/input_reg_a[1][13]' (pe.v:21) (optimized to 0)
'pe_10_10_inst/pe_gen[80].pe_inst/input_reg_a[1][14]' (pe.v:21) (optimized to 0)
'pe_10_10_inst/pe_gen[10].pe_inst/input_reg_a[0][15]' (pe.v:21) (optimized to 0)
'pe_10_10_inst/pe_gen[10].pe_inst/input_reg_a[1][15]' (pe.v:21) (optimized to 0)
'pe_10_10_inst/pe_gen[16].pe_inst/input_reg_a[0][16]' (pe.v:21) (optimized to 0)
'pe_10_10_inst/pe_gen[16].pe_inst/input_reg_a[0][17]' (pe.v:21) (optimized to 0)
'pe_10_10_inst/pe_gen[16].pe_inst/input_reg_a[1][16]' (pe.v:21) (optimized to 0)
'pe_10_10_inst/pe_gen[16].pe_inst/input_reg_a[1][17]' (pe.v:21) (optimized to 0)
'pe_10_10_inst/pe_gen[17].pe_inst/input_reg_a[2][7]' (pe.v:21) (optimized to 0)
'pe_10_10_inst/pe_gen[17].pe_inst/input_reg_a[2][8]' (pe.v:21) (optimized to 0)
'pe_10_10_inst/pe_gen[17].pe_inst/input_reg_a[2][9]' (pe.v:21) (optimized to 0)
'pe_10_10_inst/pe_gen[17].pe_inst/input_reg_a[2][10]' (pe.v:21) (optimized to 0)
'pe_10_10_inst/pe_gen[17].pe_inst/input_reg_a[2][11]' (pe.v:21) (optimized to 0)
'pe_10_10_inst/pe_gen[17].pe_inst/input_reg_a[2][12]' (pe.v:21) (optimized to 0)
'pe_10_10_inst/pe_gen[17].pe_inst/input_reg_a[2][13]' (pe.v:21) (optimized to 0)
'pe_10_10_inst/pe_gen[17].pe_inst/input_reg_a[2][14]' (pe.v:21) (optimized to 0)
'pe_10_10_inst/pe_gen[19].pe_inst/input_reg_a[2][0]' (pe.v:21) (optimized to 0)
'pe_10_10_inst/pe_gen[25].pe_inst/input_reg_a[2][16]' (pe.v:21) (optimized to 0)
'pe_10_10_inst/pe_gen[25].pe_inst/input_reg_a[2][17]' (pe.v:21) (optimized to 0)
'pe_10_10_inst/pe_gen[26].pe_inst/input_reg_a[2][7]' (pe.v:21) (optimized to 0)
'pe_10_10_inst/pe_gen[26].pe_inst/input_reg_a[2][8]' (pe.v:21) (optimized to 0)
'pe_10_10_inst/pe_gen[26].pe_inst/input_reg_a[2][9]' (pe.v:21) (optimized to 0)
'pe_10_10_inst/pe_gen[26].pe_inst/input_reg_a[2][10]' (pe.v:21) (optimized to 0)
'pe_10_10_inst/pe_gen[26].pe_inst/input_reg_a[2][11]' (pe.v:21) (optimized to 0)
'pe_10_10_inst/pe_gen[26].pe_inst/input_reg_a[2][12]' (pe.v:21) (optimized to 0)
'pe_10_10_inst/pe_gen[26].pe_inst/input_reg_a[2][13]' (pe.v:21) (optimized to 0)
'pe_10_10_inst/pe_gen[26].pe_inst/input_reg_a[2][14]' (pe.v:21) (optimized to 0)
'pe_10_10_inst/pe_gen[35].pe_inst/input_reg_a[2][7]' (pe.v:21) (optimized to 0)
'pe_10_10_inst/pe_gen[35].pe_inst/input_reg_a[2][8]' (pe.v:21) (optimized to 0)
'pe_10_10_inst/pe_gen[35].pe_inst/input_reg_a[2][9]' (pe.v:21) (optimized to 0)
'pe_10_10_inst/pe_gen[35].pe_inst/input_reg_a[2][10]' (pe.v:21) (optimized to 0)
'pe_10_10_inst/pe_gen[35].pe_inst/input_reg_a[2][11]' (pe.v:21) (optimized to 0)
'pe_10_10_inst/pe_gen[35].pe_inst/input_reg_a[2][12]' (pe.v:21) (optimized to 0)
'pe_10_10_inst/pe_gen[35].pe_inst/input_reg_a[2][13]' (pe.v:21) (optimized to 0)
'pe_10_10_inst/pe_gen[35].pe_inst/input_reg_a[2][14]' (pe.v:21) (optimized to 0)
'pe_10_10_inst/pe_gen[42].pe_inst/input_reg_a[0][16]' (pe.v:21) (optimized to 0)
'pe_10_10_inst/pe_gen[42].pe_inst/input_reg_a[0][17]' (pe.v:21) (optimized to 0)
'pe_10_10_inst/pe_gen[42].pe_inst/input_reg_a[1][16]' (pe.v:21) (optimized to 0)
'pe_10_10_inst/pe_gen[42].pe_inst/input_reg_a[1][17]' (pe.v:21) (optimized to 0)
'pe_10_10_inst/pe_gen[44].pe_inst/input_reg_a[2][7]' (pe.v:21) (optimized to 0)
'pe_10_10_inst/pe_gen[44].pe_inst/input_reg_a[2][8]' (pe.v:21) (optimized to 0)
'pe_10_10_inst/pe_gen[44].pe_inst/input_reg_a[2][9]' (pe.v:21) (optimized to 0)
'pe_10_10_inst/pe_gen[44].pe_inst/input_reg_a[2][10]' (pe.v:21) (optimized to 0)
'pe_10_10_inst/pe_gen[44].pe_inst/input_reg_a[2][11]' (pe.v:21) (optimized to 0)
'pe_10_10_inst/pe_gen[44].pe_inst/input_reg_a[2][12]' (pe.v:21) (optimized to 0)
'pe_10_10_inst/pe_gen[44].pe_inst/input_reg_a[2][13]' (pe.v:21) (optimized to 0)
'pe_10_10_inst/pe_gen[44].pe_inst/input_reg_a[2][14]' (pe.v:21) (optimized to 0)
'pe_10_10_inst/pe_gen[51].pe_inst/input_reg_a[2][16]' (pe.v:21) (optimized to 0)
'pe_10_10_inst/pe_gen[51].pe_inst/input_reg_a[2][17]' (pe.v:21) (optimized to 0)
'pe_10_10_inst/pe_gen[53].pe_inst/input_reg_a[2][7]' (pe.v:21) (optimized to 0)
'pe_10_10_inst/pe_gen[53].pe_inst/input_reg_a[2][8]' (pe.v:21) (optimized to 0)
'pe_10_10_inst/pe_gen[53].pe_inst/input_reg_a[2][9]' (pe.v:21) (optimized to 0)
'pe_10_10_inst/pe_gen[53].pe_inst/input_reg_a[2][10]' (pe.v:21) (optimized to 0)
'pe_10_10_inst/pe_gen[53].pe_inst/input_reg_a[2][11]' (pe.v:21) (optimized to 0)
'pe_10_10_inst/pe_gen[53].pe_inst/input_reg_a[2][12]' (pe.v:21) (optimized to 0)
'pe_10_10_inst/pe_gen[53].pe_inst/input_reg_a[2][13]' (pe.v:21) (optimized to 0)
'pe_10_10_inst/pe_gen[53].pe_inst/input_reg_a[2][14]' (pe.v:21) (optimized to 0)
'pe_10_10_inst/pe_gen[62].pe_inst/input_reg_a[2][7]' (pe.v:21) (optimized to 0)
'pe_10_10_inst/pe_gen[62].pe_inst/input_reg_a[2][8]' (pe.v:21) (optimized to 0)
'pe_10_10_inst/pe_gen[62].pe_inst/input_reg_a[2][9]' (pe.v:21) (optimized to 0)
'pe_10_10_inst/pe_gen[62].pe_inst/input_reg_a[2][10]' (pe.v:21) (optimized to 0)
'pe_10_10_inst/pe_gen[62].pe_inst/input_reg_a[2][11]' (pe.v:21) (optimized to 0)
'pe_10_10_inst/pe_gen[62].pe_inst/input_reg_a[2][12]' (pe.v:21) (optimized to 0)
'pe_10_10_inst/pe_gen[62].pe_inst/input_reg_a[2][13]' (pe.v:21) (optimized to 0)
'pe_10_10_inst/pe_gen[62].pe_inst/input_reg_a[2][14]' (pe.v:21) (optimized to 0)
'pe_10_10_inst/pe_gen[71].pe_inst/input_reg_a[2][7]' (pe.v:21) (optimized to 0)
'pe_10_10_inst/pe_gen[71].pe_inst/input_reg_a[2][8]' (pe.v:21) (optimized to 0)
'pe_10_10_inst/pe_gen[71].pe_inst/input_reg_a[2][9]' (pe.v:21) (optimized to 0)
'pe_10_10_inst/pe_gen[71].pe_inst/input_reg_a[2][10]' (pe.v:21) (optimized to 0)
'pe_10_10_inst/pe_gen[71].pe_inst/input_reg_a[2][11]' (pe.v:21) (optimized to 0)
'pe_10_10_inst/pe_gen[71].pe_inst/input_reg_a[2][12]' (pe.v:21) (optimized to 0)
'pe_10_10_inst/pe_gen[71].pe_inst/input_reg_a[2][13]' (pe.v:21) (optimized to 0)
'pe_10_10_inst/pe_gen[71].pe_inst/input_reg_a[2][14]' (pe.v:21) (optimized to 0)
'pe_10_10_inst/pe_gen[80].pe_inst/input_reg_a[2][7]' (pe.v:21) (optimized to 0)
'pe_10_10_inst/pe_gen[80].pe_inst/input_reg_a[2][8]' (pe.v:21) (optimized to 0)
'pe_10_10_inst/pe_gen[80].pe_inst/input_reg_a[2][9]' (pe.v:21) (optimized to 0)
'pe_10_10_inst/pe_gen[80].pe_inst/input_reg_a[2][10]' (pe.v:21) (optimized to 0)
'pe_10_10_inst/pe_gen[80].pe_inst/input_reg_a[2][11]' (pe.v:21) (optimized to 0)
'pe_10_10_inst/pe_gen[80].pe_inst/input_reg_a[2][12]' (pe.v:21) (optimized to 0)
'pe_10_10_inst/pe_gen[80].pe_inst/input_reg_a[2][13]' (pe.v:21) (optimized to 0)
'pe_10_10_inst/pe_gen[80].pe_inst/input_reg_a[2][14]' (pe.v:21) (optimized to 0)
'pe_10_10_inst/pe_gen[1].pe_inst/input_reg_a[0][15]' (pe.v:21) (optimized to 0)
'pe_10_10_inst/pe_gen[7].pe_inst/input_reg_a[0][16]' (pe.v:21) (optimized to 0)
'pe_10_10_inst/pe_gen[7].pe_inst/input_reg_a[0][17]' (pe.v:21) (optimized to 0)
'pe_10_10_inst/pe_gen[10].pe_inst/input_reg_a[2][15]' (pe.v:21) (optimized to 0)
'pe_10_10_inst/pe_gen[16].pe_inst/input_reg_a[2][16]' (pe.v:21) (optimized to 0)
'pe_10_10_inst/pe_gen[16].pe_inst/input_reg_a[2][17]' (pe.v:21) (optimized to 0)
'pe_10_10_inst/pe_gen[33].pe_inst/input_reg_a[0][16]' (pe.v:21) (optimized to 0)
'pe_10_10_inst/pe_gen[33].pe_inst/input_reg_a[0][17]' (pe.v:21) (optimized to 0)
'pe_10_10_inst/pe_gen[33].pe_inst/input_reg_a[1][16]' (pe.v:21) (optimized to 0)
'pe_10_10_inst/pe_gen[33].pe_inst/input_reg_a[1][17]' (pe.v:21) (optimized to 0)
'pe_10_10_inst/pe_gen[42].pe_inst/input_reg_a[2][16]' (pe.v:21) (optimized to 0)
'pe_10_10_inst/pe_gen[42].pe_inst/input_reg_a[2][17]' (pe.v:21) (optimized to 0)
'pe_10_10_inst/pe_gen[24].pe_inst/input_reg_a[0][16]' (pe.v:21) (optimized to 0)
'pe_10_10_inst/pe_gen[24].pe_inst/input_reg_a[0][17]' (pe.v:21) (optimized to 0)
'pe_10_10_inst/pe_gen[24].pe_inst/input_reg_a[1][16]' (pe.v:21) (optimized to 0)
'pe_10_10_inst/pe_gen[24].pe_inst/input_reg_a[1][17]' (pe.v:21) (optimized to 0)
'pe_10_10_inst/pe_gen[33].pe_inst/input_reg_a[2][16]' (pe.v:21) (optimized to 0)
'pe_10_10_inst/pe_gen[33].pe_inst/input_reg_a[2][17]' (pe.v:21) (optimized to 0)
'pe_10_10_inst/pe_gen[50].pe_inst/input_reg_a[0][16]' (pe.v:21) (optimized to 0)
'pe_10_10_inst/pe_gen[50].pe_inst/input_reg_a[0][17]' (pe.v:21) (optimized to 0)
'pe_10_10_inst/pe_gen[50].pe_inst/input_reg_a[1][16]' (pe.v:21) (optimized to 0)
'pe_10_10_inst/pe_gen[50].pe_inst/input_reg_a[1][17]' (pe.v:21) (optimized to 0)
'pe_10_10_inst/pe_gen[7].pe_inst/input_reg_a[0][7]' (pe.v:21) (optimized to 0)
'pe_10_10_inst/pe_gen[7].pe_inst/input_reg_a[0][8]' (pe.v:21) (optimized to 0)
'pe_10_10_inst/pe_gen[7].pe_inst/input_reg_a[0][9]' (pe.v:21) (optimized to 0)
'pe_10_10_inst/pe_gen[7].pe_inst/input_reg_a[0][10]' (pe.v:21) (optimized to 0)
'pe_10_10_inst/pe_gen[7].pe_inst/input_reg_a[0][11]' (pe.v:21) (optimized to 0)
'pe_10_10_inst/pe_gen[7].pe_inst/input_reg_a[0][12]' (pe.v:21) (optimized to 0)
'pe_10_10_inst/pe_gen[7].pe_inst/input_reg_a[0][13]' (pe.v:21) (optimized to 0)
'pe_10_10_inst/pe_gen[7].pe_inst/input_reg_a[0][14]' (pe.v:21) (optimized to 0)
'pe_10_10_inst/pe_gen[15].pe_inst/input_reg_a[0][16]' (pe.v:21) (optimized to 0)
'pe_10_10_inst/pe_gen[15].pe_inst/input_reg_a[0][17]' (pe.v:21) (optimized to 0)
'pe_10_10_inst/pe_gen[15].pe_inst/input_reg_a[1][16]' (pe.v:21) (optimized to 0)
'pe_10_10_inst/pe_gen[15].pe_inst/input_reg_a[1][17]' (pe.v:21) (optimized to 0)
'pe_10_10_inst/pe_gen[16].pe_inst/input_reg_a[0][7]' (pe.v:21) (optimized to 0)
'pe_10_10_inst/pe_gen[16].pe_inst/input_reg_a[0][8]' (pe.v:21) (optimized to 0)
'pe_10_10_inst/pe_gen[16].pe_inst/input_reg_a[0][9]' (pe.v:21) (optimized to 0)
'pe_10_10_inst/pe_gen[16].pe_inst/input_reg_a[0][10]' (pe.v:21) (optimized to 0)
'pe_10_10_inst/pe_gen[16].pe_inst/input_reg_a[0][11]' (pe.v:21) (optimized to 0)
'pe_10_10_inst/pe_gen[16].pe_inst/input_reg_a[0][12]' (pe.v:21) (optimized to 0)
'pe_10_10_inst/pe_gen[16].pe_inst/input_reg_a[0][13]' (pe.v:21) (optimized to 0)
'pe_10_10_inst/pe_gen[16].pe_inst/input_reg_a[0][14]' (pe.v:21) (optimized to 0)
'pe_10_10_inst/pe_gen[16].pe_inst/input_reg_a[1][7]' (pe.v:21) (optimized to 0)
'pe_10_10_inst/pe_gen[16].pe_inst/input_reg_a[1][8]' (pe.v:21) (optimized to 0)
'pe_10_10_inst/pe_gen[16].pe_inst/input_reg_a[1][9]' (pe.v:21) (optimized to 0)
'pe_10_10_inst/pe_gen[16].pe_inst/input_reg_a[1][10]' (pe.v:21) (optimized to 0)
'pe_10_10_inst/pe_gen[16].pe_inst/input_reg_a[1][11]' (pe.v:21) (optimized to 0)
'pe_10_10_inst/pe_gen[16].pe_inst/input_reg_a[1][12]' (pe.v:21) (optimized to 0)
'pe_10_10_inst/pe_gen[16].pe_inst/input_reg_a[1][13]' (pe.v:21) (optimized to 0)
'pe_10_10_inst/pe_gen[16].pe_inst/input_reg_a[1][14]' (pe.v:21) (optimized to 0)
'pe_10_10_inst/pe_gen[24].pe_inst/input_reg_a[2][16]' (pe.v:21) (optimized to 0)
'pe_10_10_inst/pe_gen[24].pe_inst/input_reg_a[2][17]' (pe.v:21) (optimized to 0)
'pe_10_10_inst/pe_gen[25].pe_inst/input_reg_a[0][7]' (pe.v:21) (optimized to 0)
'pe_10_10_inst/pe_gen[25].pe_inst/input_reg_a[0][8]' (pe.v:21) (optimized to 0)
'pe_10_10_inst/pe_gen[25].pe_inst/input_reg_a[0][9]' (pe.v:21) (optimized to 0)
'pe_10_10_inst/pe_gen[25].pe_inst/input_reg_a[0][10]' (pe.v:21) (optimized to 0)
'pe_10_10_inst/pe_gen[25].pe_inst/input_reg_a[0][11]' (pe.v:21) (optimized to 0)
'pe_10_10_inst/pe_gen[25].pe_inst/input_reg_a[0][12]' (pe.v:21) (optimized to 0)
'pe_10_10_inst/pe_gen[25].pe_inst/input_reg_a[0][13]' (pe.v:21) (optimized to 0)
'pe_10_10_inst/pe_gen[25].pe_inst/input_reg_a[0][14]' (pe.v:21) (optimized to 0)
'pe_10_10_inst/pe_gen[25].pe_inst/input_reg_a[1][7]' (pe.v:21) (optimized to 0)
'pe_10_10_inst/pe_gen[25].pe_inst/input_reg_a[1][8]' (pe.v:21) (optimized to 0)
'pe_10_10_inst/pe_gen[25].pe_inst/input_reg_a[1][9]' (pe.v:21) (optimized to 0)
'pe_10_10_inst/pe_gen[25].pe_inst/input_reg_a[1][10]' (pe.v:21) (optimized to 0)
'pe_10_10_inst/pe_gen[25].pe_inst/input_reg_a[1][11]' (pe.v:21) (optimized to 0)
'pe_10_10_inst/pe_gen[25].pe_inst/input_reg_a[1][12]' (pe.v:21) (optimized to 0)
'pe_10_10_inst/pe_gen[25].pe_inst/input_reg_a[1][13]' (pe.v:21) (optimized to 0)
'pe_10_10_inst/pe_gen[25].pe_inst/input_reg_a[1][14]' (pe.v:21) (optimized to 0)
'pe_10_10_inst/pe_gen[34].pe_inst/input_reg_a[0][7]' (pe.v:21) (optimized to 0)
'pe_10_10_inst/pe_gen[34].pe_inst/input_reg_a[0][8]' (pe.v:21) (optimized to 0)
'pe_10_10_inst/pe_gen[34].pe_inst/input_reg_a[0][9]' (pe.v:21) (optimized to 0)
'pe_10_10_inst/pe_gen[34].pe_inst/input_reg_a[0][10]' (pe.v:21) (optimized to 0)
'pe_10_10_inst/pe_gen[34].pe_inst/input_reg_a[0][11]' (pe.v:21) (optimized to 0)
'pe_10_10_inst/pe_gen[34].pe_inst/input_reg_a[0][12]' (pe.v:21) (optimized to 0)
'pe_10_10_inst/pe_gen[34].pe_inst/input_reg_a[0][13]' (pe.v:21) (optimized to 0)
'pe_10_10_inst/pe_gen[34].pe_inst/input_reg_a[0][14]' (pe.v:21) (optimized to 0)
'pe_10_10_inst/pe_gen[34].pe_inst/input_reg_a[1][7]' (pe.v:21) (optimized to 0)
'pe_10_10_inst/pe_gen[34].pe_inst/input_reg_a[1][8]' (pe.v:21) (optimized to 0)
'pe_10_10_inst/pe_gen[34].pe_inst/input_reg_a[1][9]' (pe.v:21) (optimized to 0)
'pe_10_10_inst/pe_gen[34].pe_inst/input_reg_a[1][10]' (pe.v:21) (optimized to 0)
'pe_10_10_inst/pe_gen[34].pe_inst/input_reg_a[1][11]' (pe.v:21) (optimized to 0)
'pe_10_10_inst/pe_gen[34].pe_inst/input_reg_a[1][12]' (pe.v:21) (optimized to 0)
'pe_10_10_inst/pe_gen[34].pe_inst/input_reg_a[1][13]' (pe.v:21) (optimized to 0)
'pe_10_10_inst/pe_gen[34].pe_inst/input_reg_a[1][14]' (pe.v:21) (optimized to 0)
'pe_10_10_inst/pe_gen[41].pe_inst/input_reg_a[0][16]' (pe.v:21) (optimized to 0)
'pe_10_10_inst/pe_gen[41].pe_inst/input_reg_a[0][17]' (pe.v:21) (optimized to 0)
'pe_10_10_inst/pe_gen[41].pe_inst/input_reg_a[1][16]' (pe.v:21) (optimized to 0)
'pe_10_10_inst/pe_gen[41].pe_inst/input_reg_a[1][17]' (pe.v:21) (optimized to 0)
'pe_10_10_inst/pe_gen[43].pe_inst/input_reg_a[0][7]' (pe.v:21) (optimized to 0)
'pe_10_10_inst/pe_gen[43].pe_inst/input_reg_a[0][8]' (pe.v:21) (optimized to 0)
'pe_10_10_inst/pe_gen[43].pe_inst/input_reg_a[0][9]' (pe.v:21) (optimized to 0)
'pe_10_10_inst/pe_gen[43].pe_inst/input_reg_a[0][10]' (pe.v:21) (optimized to 0)
'pe_10_10_inst/pe_gen[43].pe_inst/input_reg_a[0][11]' (pe.v:21) (optimized to 0)
'pe_10_10_inst/pe_gen[43].pe_inst/input_reg_a[0][12]' (pe.v:21) (optimized to 0)
'pe_10_10_inst/pe_gen[43].pe_inst/input_reg_a[0][13]' (pe.v:21) (optimized to 0)
'pe_10_10_inst/pe_gen[43].pe_inst/input_reg_a[0][14]' (pe.v:21) (optimized to 0)
'pe_10_10_inst/pe_gen[43].pe_inst/input_reg_a[1][7]' (pe.v:21) (optimized to 0)
'pe_10_10_inst/pe_gen[43].pe_inst/input_reg_a[1][8]' (pe.v:21) (optimized to 0)
'pe_10_10_inst/pe_gen[43].pe_inst/input_reg_a[1][9]' (pe.v:21) (optimized to 0)
'pe_10_10_inst/pe_gen[43].pe_inst/input_reg_a[1][10]' (pe.v:21) (optimized to 0)
'pe_10_10_inst/pe_gen[43].pe_inst/input_reg_a[1][11]' (pe.v:21) (optimized to 0)
'pe_10_10_inst/pe_gen[43].pe_inst/input_reg_a[1][12]' (pe.v:21) (optimized to 0)
'pe_10_10_inst/pe_gen[43].pe_inst/input_reg_a[1][13]' (pe.v:21) (optimized to 0)
'pe_10_10_inst/pe_gen[43].pe_inst/input_reg_a[1][14]' (pe.v:21) (optimized to 0)
'pe_10_10_inst/pe_gen[50].pe_inst/input_reg_a[2][16]' (pe.v:21) (optimized to 0)
'pe_10_10_inst/pe_gen[50].pe_inst/input_reg_a[2][17]' (pe.v:21) (optimized to 0)
'pe_10_10_inst/pe_gen[52].pe_inst/input_reg_a[0][7]' (pe.v:21) (optimized to 0)
'pe_10_10_inst/pe_gen[52].pe_inst/input_reg_a[0][8]' (pe.v:21) (optimized to 0)
'pe_10_10_inst/pe_gen[52].pe_inst/input_reg_a[0][9]' (pe.v:21) (optimized to 0)
'pe_10_10_inst/pe_gen[52].pe_inst/input_reg_a[0][10]' (pe.v:21) (optimized to 0)
'pe_10_10_inst/pe_gen[52].pe_inst/input_reg_a[0][11]' (pe.v:21) (optimized to 0)
'pe_10_10_inst/pe_gen[52].pe_inst/input_reg_a[0][12]' (pe.v:21) (optimized to 0)
'pe_10_10_inst/pe_gen[52].pe_inst/input_reg_a[0][13]' (pe.v:21) (optimized to 0)
'pe_10_10_inst/pe_gen[52].pe_inst/input_reg_a[0][14]' (pe.v:21) (optimized to 0)
'pe_10_10_inst/pe_gen[52].pe_inst/input_reg_a[1][7]' (pe.v:21) (optimized to 0)
'pe_10_10_inst/pe_gen[52].pe_inst/input_reg_a[1][8]' (pe.v:21) (optimized to 0)
'pe_10_10_inst/pe_gen[52].pe_inst/input_reg_a[1][9]' (pe.v:21) (optimized to 0)
'pe_10_10_inst/pe_gen[52].pe_inst/input_reg_a[1][10]' (pe.v:21) (optimized to 0)
'pe_10_10_inst/pe_gen[52].pe_inst/input_reg_a[1][11]' (pe.v:21) (optimized to 0)
'pe_10_10_inst/pe_gen[52].pe_inst/input_reg_a[1][12]' (pe.v:21) (optimized to 0)
'pe_10_10_inst/pe_gen[52].pe_inst/input_reg_a[1][13]' (pe.v:21) (optimized to 0)
'pe_10_10_inst/pe_gen[52].pe_inst/input_reg_a[1][14]' (pe.v:21) (optimized to 0)
'pe_10_10_inst/pe_gen[61].pe_inst/input_reg_a[0][7]' (pe.v:21) (optimized to 0)
'pe_10_10_inst/pe_gen[61].pe_inst/input_reg_a[0][8]' (pe.v:21) (optimized to 0)
'pe_10_10_inst/pe_gen[61].pe_inst/input_reg_a[0][9]' (pe.v:21) (optimized to 0)
'pe_10_10_inst/pe_gen[61].pe_inst/input_reg_a[0][10]' (pe.v:21) (optimized to 0)
'pe_10_10_inst/pe_gen[61].pe_inst/input_reg_a[0][11]' (pe.v:21) (optimized to 0)
'pe_10_10_inst/pe_gen[61].pe_inst/input_reg_a[0][12]' (pe.v:21) (optimized to 0)
'pe_10_10_inst/pe_gen[61].pe_inst/input_reg_a[0][13]' (pe.v:21) (optimized to 0)
'pe_10_10_inst/pe_gen[61].pe_inst/input_reg_a[0][14]' (pe.v:21) (optimized to 0)
'pe_10_10_inst/pe_gen[61].pe_inst/input_reg_a[1][7]' (pe.v:21) (optimized to 0)
'pe_10_10_inst/pe_gen[61].pe_inst/input_reg_a[1][8]' (pe.v:21) (optimized to 0)
'pe_10_10_inst/pe_gen[61].pe_inst/input_reg_a[1][9]' (pe.v:21) (optimized to 0)
'pe_10_10_inst/pe_gen[61].pe_inst/input_reg_a[1][10]' (pe.v:21) (optimized to 0)
'pe_10_10_inst/pe_gen[61].pe_inst/input_reg_a[1][11]' (pe.v:21) (optimized to 0)
'pe_10_10_inst/pe_gen[61].pe_inst/input_reg_a[1][12]' (pe.v:21) (optimized to 0)
'pe_10_10_inst/pe_gen[61].pe_inst/input_reg_a[1][13]' (pe.v:21) (optimized to 0)
'pe_10_10_inst/pe_gen[61].pe_inst/input_reg_a[1][14]' (pe.v:21) (optimized to 0)
'pe_10_10_inst/pe_gen[70].pe_inst/input_reg_a[0][7]' (pe.v:21) (optimized to 0)
'pe_10_10_inst/pe_gen[70].pe_inst/input_reg_a[0][8]' (pe.v:21) (optimized to 0)
'pe_10_10_inst/pe_gen[70].pe_inst/input_reg_a[0][9]' (pe.v:21) (optimized to 0)
'pe_10_10_inst/pe_gen[70].pe_inst/input_reg_a[0][10]' (pe.v:21) (optimized to 0)
'pe_10_10_inst/pe_gen[70].pe_inst/input_reg_a[0][11]' (pe.v:21) (optimized to 0)
'pe_10_10_inst/pe_gen[70].pe_inst/input_reg_a[0][12]' (pe.v:21) (optimized to 0)
'pe_10_10_inst/pe_gen[70].pe_inst/input_reg_a[0][13]' (pe.v:21) (optimized to 0)
'pe_10_10_inst/pe_gen[70].pe_inst/input_reg_a[0][14]' (pe.v:21) (optimized to 0)
'pe_10_10_inst/pe_gen[70].pe_inst/input_reg_a[1][7]' (pe.v:21) (optimized to 0)
'pe_10_10_inst/pe_gen[70].pe_inst/input_reg_a[1][8]' (pe.v:21) (optimized to 0)
'pe_10_10_inst/pe_gen[70].pe_inst/input_reg_a[1][9]' (pe.v:21) (optimized to 0)
'pe_10_10_inst/pe_gen[70].pe_inst/input_reg_a[1][10]' (pe.v:21) (optimized to 0)
'pe_10_10_inst/pe_gen[70].pe_inst/input_reg_a[1][11]' (pe.v:21) (optimized to 0)
'pe_10_10_inst/pe_gen[70].pe_inst/input_reg_a[1][12]' (pe.v:21) (optimized to 0)
'pe_10_10_inst/pe_gen[70].pe_inst/input_reg_a[1][13]' (pe.v:21) (optimized to 0)
'pe_10_10_inst/pe_gen[70].pe_inst/input_reg_a[1][14]' (pe.v:21) (optimized to 0)
'pe_10_10_inst/pe_gen[0].pe_inst/input_reg_a[0][15]' (pe.v:21) (optimized to 0)
'pe_10_10_inst/pe_gen[6].pe_inst/input_reg_a[0][16]' (pe.v:21) (optimized to 0)
'pe_10_10_inst/pe_gen[6].pe_inst/input_reg_a[0][17]' (pe.v:21) (optimized to 0)
'pe_10_10_inst/pe_gen[9].pe_inst/input_reg_a[0][0]' (pe.v:21) (optimized to 0)
'pe_10_10_inst/pe_gen[15].pe_inst/input_reg_a[2][16]' (pe.v:21) (optimized to 0)
'pe_10_10_inst/pe_gen[15].pe_inst/input_reg_a[2][17]' (pe.v:21) (optimized to 0)
'pe_10_10_inst/pe_gen[16].pe_inst/input_reg_a[2][7]' (pe.v:21) (optimized to 0)
'pe_10_10_inst/pe_gen[16].pe_inst/input_reg_a[2][8]' (pe.v:21) (optimized to 0)
'pe_10_10_inst/pe_gen[16].pe_inst/input_reg_a[2][9]' (pe.v:21) (optimized to 0)
'pe_10_10_inst/pe_gen[16].pe_inst/input_reg_a[2][10]' (pe.v:21) (optimized to 0)
'pe_10_10_inst/pe_gen[16].pe_inst/input_reg_a[2][11]' (pe.v:21) (optimized to 0)
'pe_10_10_inst/pe_gen[16].pe_inst/input_reg_a[2][12]' (pe.v:21) (optimized to 0)
'pe_10_10_inst/pe_gen[16].pe_inst/input_reg_a[2][13]' (pe.v:21) (optimized to 0)
'pe_10_10_inst/pe_gen[16].pe_inst/input_reg_a[2][14]' (pe.v:21) (optimized to 0)
'pe_10_10_inst/pe_gen[25].pe_inst/input_reg_a[2][7]' (pe.v:21) (optimized to 0)
'pe_10_10_inst/pe_gen[25].pe_inst/input_reg_a[2][8]' (pe.v:21) (optimized to 0)
'pe_10_10_inst/pe_gen[25].pe_inst/input_reg_a[2][9]' (pe.v:21) (optimized to 0)
'pe_10_10_inst/pe_gen[25].pe_inst/input_reg_a[2][10]' (pe.v:21) (optimized to 0)
'pe_10_10_inst/pe_gen[25].pe_inst/input_reg_a[2][11]' (pe.v:21) (optimized to 0)
'pe_10_10_inst/pe_gen[25].pe_inst/input_reg_a[2][12]' (pe.v:21) (optimized to 0)
'pe_10_10_inst/pe_gen[25].pe_inst/input_reg_a[2][13]' (pe.v:21) (optimized to 0)
'pe_10_10_inst/pe_gen[25].pe_inst/input_reg_a[2][14]' (pe.v:21) (optimized to 0)
'pe_10_10_inst/pe_gen[32].pe_inst/input_reg_a[0][16]' (pe.v:21) (optimized to 0)
'pe_10_10_inst/pe_gen[32].pe_inst/input_reg_a[0][17]' (pe.v:21) (optimized to 0)
'pe_10_10_inst/pe_gen[32].pe_inst/input_reg_a[1][16]' (pe.v:21) (optimized to 0)
'pe_10_10_inst/pe_gen[32].pe_inst/input_reg_a[1][17]' (pe.v:21) (optimized to 0)
'pe_10_10_inst/pe_gen[34].pe_inst/input_reg_a[2][7]' (pe.v:21) (optimized to 0)
'pe_10_10_inst/pe_gen[34].pe_inst/input_reg_a[2][8]' (pe.v:21) (optimized to 0)
'pe_10_10_inst/pe_gen[34].pe_inst/input_reg_a[2][9]' (pe.v:21) (optimized to 0)
'pe_10_10_inst/pe_gen[34].pe_inst/input_reg_a[2][10]' (pe.v:21) (optimized to 0)
'pe_10_10_inst/pe_gen[34].pe_inst/input_reg_a[2][11]' (pe.v:21) (optimized to 0)
'pe_10_10_inst/pe_gen[34].pe_inst/input_reg_a[2][12]' (pe.v:21) (optimized to 0)
'pe_10_10_inst/pe_gen[34].pe_inst/input_reg_a[2][13]' (pe.v:21) (optimized to 0)
'pe_10_10_inst/pe_gen[34].pe_inst/input_reg_a[2][14]' (pe.v:21) (optimized to 0)
'pe_10_10_inst/pe_gen[41].pe_inst/input_reg_a[2][16]' (pe.v:21) (optimized to 0)
'pe_10_10_inst/pe_gen[41].pe_inst/input_reg_a[2][17]' (pe.v:21) (optimized to 0)
'pe_10_10_inst/pe_gen[43].pe_inst/input_reg_a[2][7]' (pe.v:21) (optimized to 0)
'pe_10_10_inst/pe_gen[43].pe_inst/input_reg_a[2][8]' (pe.v:21) (optimized to 0)
'pe_10_10_inst/pe_gen[43].pe_inst/input_reg_a[2][9]' (pe.v:21) (optimized to 0)
'pe_10_10_inst/pe_gen[43].pe_inst/input_reg_a[2][10]' (pe.v:21) (optimized to 0)
'pe_10_10_inst/pe_gen[43].pe_inst/input_reg_a[2][11]' (pe.v:21) (optimized to 0)
'pe_10_10_inst/pe_gen[43].pe_inst/input_reg_a[2][12]' (pe.v:21) (optimized to 0)
'pe_10_10_inst/pe_gen[43].pe_inst/input_reg_a[2][13]' (pe.v:21) (optimized to 0)
'pe_10_10_inst/pe_gen[43].pe_inst/input_reg_a[2][14]' (pe.v:21) (optimized to 0)
'pe_10_10_inst/pe_gen[52].pe_inst/input_reg_a[2][7]' (pe.v:21) (optimized to 0)
'pe_10_10_inst/pe_gen[52].pe_inst/input_reg_a[2][8]' (pe.v:21) (optimized to 0)
'pe_10_10_inst/pe_gen[52].pe_inst/input_reg_a[2][9]' (pe.v:21) (optimized to 0)
'pe_10_10_inst/pe_gen[52].pe_inst/input_reg_a[2][10]' (pe.v:21) (optimized to 0)
'pe_10_10_inst/pe_gen[52].pe_inst/input_reg_a[2][11]' (pe.v:21) (optimized to 0)
'pe_10_10_inst/pe_gen[52].pe_inst/input_reg_a[2][12]' (pe.v:21) (optimized to 0)
'pe_10_10_inst/pe_gen[52].pe_inst/input_reg_a[2][13]' (pe.v:21) (optimized to 0)
'pe_10_10_inst/pe_gen[52].pe_inst/input_reg_a[2][14]' (pe.v:21) (optimized to 0)
'pe_10_10_inst/pe_gen[61].pe_inst/input_reg_a[2][7]' (pe.v:21) (optimized to 0)
'pe_10_10_inst/pe_gen[61].pe_inst/input_reg_a[2][8]' (pe.v:21) (optimized to 0)
'pe_10_10_inst/pe_gen[61].pe_inst/input_reg_a[2][9]' (pe.v:21) (optimized to 0)
'pe_10_10_inst/pe_gen[61].pe_inst/input_reg_a[2][10]' (pe.v:21) (optimized to 0)
'pe_10_10_inst/pe_gen[61].pe_inst/input_reg_a[2][11]' (pe.v:21) (optimized to 0)
'pe_10_10_inst/pe_gen[61].pe_inst/input_reg_a[2][12]' (pe.v:21) (optimized to 0)
'pe_10_10_inst/pe_gen[61].pe_inst/input_reg_a[2][13]' (pe.v:21) (optimized to 0)
'pe_10_10_inst/pe_gen[61].pe_inst/input_reg_a[2][14]' (pe.v:21) (optimized to 0)
'pe_10_10_inst/pe_gen[70].pe_inst/input_reg_a[2][7]' (pe.v:21) (optimized to 0)
'pe_10_10_inst/pe_gen[70].pe_inst/input_reg_a[2][8]' (pe.v:21) (optimized to 0)
'pe_10_10_inst/pe_gen[70].pe_inst/input_reg_a[2][9]' (pe.v:21) (optimized to 0)
'pe_10_10_inst/pe_gen[70].pe_inst/input_reg_a[2][10]' (pe.v:21) (optimized to 0)
'pe_10_10_inst/pe_gen[70].pe_inst/input_reg_a[2][11]' (pe.v:21) (optimized to 0)
'pe_10_10_inst/pe_gen[70].pe_inst/input_reg_a[2][12]' (pe.v:21) (optimized to 0)
'pe_10_10_inst/pe_gen[70].pe_inst/input_reg_a[2][13]' (pe.v:21) (optimized to 0)
'pe_10_10_inst/pe_gen[70].pe_inst/input_reg_a[2][14]' (pe.v:21) (optimized to 0)
'pe_10_10_inst/pe_gen[23].pe_inst/input_reg_a[0][16]' (pe.v:21) (optimized to 0)
'pe_10_10_inst/pe_gen[23].pe_inst/input_reg_a[0][17]' (pe.v:21) (optimized to 0)
'pe_10_10_inst/pe_gen[23].pe_inst/input_reg_a[1][16]' (pe.v:21) (optimized to 0)
'pe_10_10_inst/pe_gen[23].pe_inst/input_reg_a[1][17]' (pe.v:21) (optimized to 0)
'pe_10_10_inst/pe_gen[32].pe_inst/input_reg_a[2][16]' (pe.v:21) (optimized to 0)
'pe_10_10_inst/pe_gen[32].pe_inst/input_reg_a[2][17]' (pe.v:21) (optimized to 0)
'pe_10_10_inst/pe_gen[14].pe_inst/input_reg_a[0][16]' (pe.v:21) (optimized to 0)
'pe_10_10_inst/pe_gen[14].pe_inst/input_reg_a[0][17]' (pe.v:21) (optimized to 0)
'pe_10_10_inst/pe_gen[14].pe_inst/input_reg_a[1][16]' (pe.v:21) (optimized to 0)
'pe_10_10_inst/pe_gen[14].pe_inst/input_reg_a[1][17]' (pe.v:21) (optimized to 0)
'pe_10_10_inst/pe_gen[23].pe_inst/input_reg_a[2][16]' (pe.v:21) (optimized to 0)
'pe_10_10_inst/pe_gen[23].pe_inst/input_reg_a[2][17]' (pe.v:21) (optimized to 0)
'pe_10_10_inst/pe_gen[40].pe_inst/input_reg_a[0][16]' (pe.v:21) (optimized to 0)
'pe_10_10_inst/pe_gen[40].pe_inst/input_reg_a[0][17]' (pe.v:21) (optimized to 0)
'pe_10_10_inst/pe_gen[40].pe_inst/input_reg_a[1][16]' (pe.v:21) (optimized to 0)
'pe_10_10_inst/pe_gen[40].pe_inst/input_reg_a[1][17]' (pe.v:21) (optimized to 0)
'pe_10_10_inst/pe_gen[5].pe_inst/input_reg_a[0][16]' (pe.v:21) (optimized to 0)
'pe_10_10_inst/pe_gen[5].pe_inst/input_reg_a[0][17]' (pe.v:21) (optimized to 0)
'pe_10_10_inst/pe_gen[6].pe_inst/input_reg_a[0][7]' (pe.v:21) (optimized to 0)
'pe_10_10_inst/pe_gen[6].pe_inst/input_reg_a[0][8]' (pe.v:21) (optimized to 0)
'pe_10_10_inst/pe_gen[6].pe_inst/input_reg_a[0][9]' (pe.v:21) (optimized to 0)
'pe_10_10_inst/pe_gen[6].pe_inst/input_reg_a[0][10]' (pe.v:21) (optimized to 0)
'pe_10_10_inst/pe_gen[6].pe_inst/input_reg_a[0][11]' (pe.v:21) (optimized to 0)
'pe_10_10_inst/pe_gen[6].pe_inst/input_reg_a[0][12]' (pe.v:21) (optimized to 0)
'pe_10_10_inst/pe_gen[6].pe_inst/input_reg_a[0][13]' (pe.v:21) (optimized to 0)
'pe_10_10_inst/pe_gen[6].pe_inst/input_reg_a[0][14]' (pe.v:21) (optimized to 0)
'pe_10_10_inst/pe_gen[14].pe_inst/input_reg_a[2][16]' (pe.v:21) (optimized to 0)
'pe_10_10_inst/pe_gen[14].pe_inst/input_reg_a[2][17]' (pe.v:21) (optimized to 0)
'pe_10_10_inst/pe_gen[15].pe_inst/input_reg_a[0][7]' (pe.v:21) (optimized to 0)
'pe_10_10_inst/pe_gen[15].pe_inst/input_reg_a[0][8]' (pe.v:21) (optimized to 0)
'pe_10_10_inst/pe_gen[15].pe_inst/input_reg_a[0][9]' (pe.v:21) (optimized to 0)
'pe_10_10_inst/pe_gen[15].pe_inst/input_reg_a[0][10]' (pe.v:21) (optimized to 0)
'pe_10_10_inst/pe_gen[15].pe_inst/input_reg_a[0][11]' (pe.v:21) (optimized to 0)
'pe_10_10_inst/pe_gen[15].pe_inst/input_reg_a[0][12]' (pe.v:21) (optimized to 0)
'pe_10_10_inst/pe_gen[15].pe_inst/input_reg_a[0][13]' (pe.v:21) (optimized to 0)
'pe_10_10_inst/pe_gen[15].pe_inst/input_reg_a[0][14]' (pe.v:21) (optimized to 0)
'pe_10_10_inst/pe_gen[15].pe_inst/input_reg_a[1][7]' (pe.v:21) (optimized to 0)
'pe_10_10_inst/pe_gen[15].pe_inst/input_reg_a[1][8]' (pe.v:21) (optimized to 0)
'pe_10_10_inst/pe_gen[15].pe_inst/input_reg_a[1][9]' (pe.v:21) (optimized to 0)
'pe_10_10_inst/pe_gen[15].pe_inst/input_reg_a[1][10]' (pe.v:21) (optimized to 0)
'pe_10_10_inst/pe_gen[15].pe_inst/input_reg_a[1][11]' (pe.v:21) (optimized to 0)
'pe_10_10_inst/pe_gen[15].pe_inst/input_reg_a[1][12]' (pe.v:21) (optimized to 0)
'pe_10_10_inst/pe_gen[15].pe_inst/input_reg_a[1][13]' (pe.v:21) (optimized to 0)
'pe_10_10_inst/pe_gen[15].pe_inst/input_reg_a[1][14]' (pe.v:21) (optimized to 0)
'pe_10_10_inst/pe_gen[24].pe_inst/input_reg_a[0][7]' (pe.v:21) (optimized to 0)
'pe_10_10_inst/pe_gen[24].pe_inst/input_reg_a[0][8]' (pe.v:21) (optimized to 0)
'pe_10_10_inst/pe_gen[24].pe_inst/input_reg_a[0][9]' (pe.v:21) (optimized to 0)
'pe_10_10_inst/pe_gen[24].pe_inst/input_reg_a[0][10]' (pe.v:21) (optimized to 0)
'pe_10_10_inst/pe_gen[24].pe_inst/input_reg_a[0][11]' (pe.v:21) (optimized to 0)
'pe_10_10_inst/pe_gen[24].pe_inst/input_reg_a[0][12]' (pe.v:21) (optimized to 0)
'pe_10_10_inst/pe_gen[24].pe_inst/input_reg_a[0][13]' (pe.v:21) (optimized to 0)
'pe_10_10_inst/pe_gen[24].pe_inst/input_reg_a[0][14]' (pe.v:21) (optimized to 0)
'pe_10_10_inst/pe_gen[24].pe_inst/input_reg_a[1][7]' (pe.v:21) (optimized to 0)
'pe_10_10_inst/pe_gen[24].pe_inst/input_reg_a[1][8]' (pe.v:21) (optimized to 0)
'pe_10_10_inst/pe_gen[24].pe_inst/input_reg_a[1][9]' (pe.v:21) (optimized to 0)
'pe_10_10_inst/pe_gen[24].pe_inst/input_reg_a[1][10]' (pe.v:21) (optimized to 0)
'pe_10_10_inst/pe_gen[24].pe_inst/input_reg_a[1][11]' (pe.v:21) (optimized to 0)
'pe_10_10_inst/pe_gen[24].pe_inst/input_reg_a[1][12]' (pe.v:21) (optimized to 0)
'pe_10_10_inst/pe_gen[24].pe_inst/input_reg_a[1][13]' (pe.v:21) (optimized to 0)
'pe_10_10_inst/pe_gen[24].pe_inst/input_reg_a[1][14]' (pe.v:21) (optimized to 0)
'pe_10_10_inst/pe_gen[31].pe_inst/input_reg_a[0][16]' (pe.v:21) (optimized to 0)
'pe_10_10_inst/pe_gen[31].pe_inst/input_reg_a[0][17]' (pe.v:21) (optimized to 0)
'pe_10_10_inst/pe_gen[31].pe_inst/input_reg_a[1][16]' (pe.v:21) (optimized to 0)
'pe_10_10_inst/pe_gen[31].pe_inst/input_reg_a[1][17]' (pe.v:21) (optimized to 0)
'pe_10_10_inst/pe_gen[33].pe_inst/input_reg_a[0][7]' (pe.v:21) (optimized to 0)
'pe_10_10_inst/pe_gen[33].pe_inst/input_reg_a[0][8]' (pe.v:21) (optimized to 0)
'pe_10_10_inst/pe_gen[33].pe_inst/input_reg_a[0][9]' (pe.v:21) (optimized to 0)
'pe_10_10_inst/pe_gen[33].pe_inst/input_reg_a[0][10]' (pe.v:21) (optimized to 0)
'pe_10_10_inst/pe_gen[33].pe_inst/input_reg_a[0][11]' (pe.v:21) (optimized to 0)
'pe_10_10_inst/pe_gen[33].pe_inst/input_reg_a[0][12]' (pe.v:21) (optimized to 0)
'pe_10_10_inst/pe_gen[33].pe_inst/input_reg_a[0][13]' (pe.v:21) (optimized to 0)
'pe_10_10_inst/pe_gen[33].pe_inst/input_reg_a[0][14]' (pe.v:21) (optimized to 0)
'pe_10_10_inst/pe_gen[33].pe_inst/input_reg_a[1][7]' (pe.v:21) (optimized to 0)
'pe_10_10_inst/pe_gen[33].pe_inst/input_reg_a[1][8]' (pe.v:21) (optimized to 0)
'pe_10_10_inst/pe_gen[33].pe_inst/input_reg_a[1][9]' (pe.v:21) (optimized to 0)
'pe_10_10_inst/pe_gen[33].pe_inst/input_reg_a[1][10]' (pe.v:21) (optimized to 0)
'pe_10_10_inst/pe_gen[33].pe_inst/input_reg_a[1][11]' (pe.v:21) (optimized to 0)
'pe_10_10_inst/pe_gen[33].pe_inst/input_reg_a[1][12]' (pe.v:21) (optimized to 0)
'pe_10_10_inst/pe_gen[33].pe_inst/input_reg_a[1][13]' (pe.v:21) (optimized to 0)
'pe_10_10_inst/pe_gen[33].pe_inst/input_reg_a[1][14]' (pe.v:21) (optimized to 0)
'pe_10_10_inst/pe_gen[40].pe_inst/input_reg_a[2][16]' (pe.v:21) (optimized to 0)
'pe_10_10_inst/pe_gen[40].pe_inst/input_reg_a[2][17]' (pe.v:21) (optimized to 0)
'pe_10_10_inst/pe_gen[42].pe_inst/input_reg_a[0][7]' (pe.v:21) (optimized to 0)
'pe_10_10_inst/pe_gen[42].pe_inst/input_reg_a[0][8]' (pe.v:21) (optimized to 0)
'pe_10_10_inst/pe_gen[42].pe_inst/input_reg_a[0][9]' (pe.v:21) (optimized to 0)
'pe_10_10_inst/pe_gen[42].pe_inst/input_reg_a[0][10]' (pe.v:21) (optimized to 0)
'pe_10_10_inst/pe_gen[42].pe_inst/input_reg_a[0][11]' (pe.v:21) (optimized to 0)
'pe_10_10_inst/pe_gen[42].pe_inst/input_reg_a[0][12]' (pe.v:21) (optimized to 0)
'pe_10_10_inst/pe_gen[42].pe_inst/input_reg_a[0][13]' (pe.v:21) (optimized to 0)
'pe_10_10_inst/pe_gen[42].pe_inst/input_reg_a[0][14]' (pe.v:21) (optimized to 0)
'pe_10_10_inst/pe_gen[42].pe_inst/input_reg_a[1][7]' (pe.v:21) (optimized to 0)
'pe_10_10_inst/pe_gen[42].pe_inst/input_reg_a[1][8]' (pe.v:21) (optimized to 0)
'pe_10_10_inst/pe_gen[42].pe_inst/input_reg_a[1][9]' (pe.v:21) (optimized to 0)
'pe_10_10_inst/pe_gen[42].pe_inst/input_reg_a[1][10]' (pe.v:21) (optimized to 0)
'pe_10_10_inst/pe_gen[42].pe_inst/input_reg_a[1][11]' (pe.v:21) (optimized to 0)
'pe_10_10_inst/pe_gen[42].pe_inst/input_reg_a[1][12]' (pe.v:21) (optimized to 0)
'pe_10_10_inst/pe_gen[42].pe_inst/input_reg_a[1][13]' (pe.v:21) (optimized to 0)
'pe_10_10_inst/pe_gen[42].pe_inst/input_reg_a[1][14]' (pe.v:21) (optimized to 0)
'pe_10_10_inst/pe_gen[51].pe_inst/input_reg_a[0][7]' (pe.v:21) (optimized to 0)
'pe_10_10_inst/pe_gen[51].pe_inst/input_reg_a[0][8]' (pe.v:21) (optimized to 0)
'pe_10_10_inst/pe_gen[51].pe_inst/input_reg_a[0][9]' (pe.v:21) (optimized to 0)
'pe_10_10_inst/pe_gen[51].pe_inst/input_reg_a[0][10]' (pe.v:21) (optimized to 0)
'pe_10_10_inst/pe_gen[51].pe_inst/input_reg_a[0][11]' (pe.v:21) (optimized to 0)
'pe_10_10_inst/pe_gen[51].pe_inst/input_reg_a[0][12]' (pe.v:21) (optimized to 0)
'pe_10_10_inst/pe_gen[51].pe_inst/input_reg_a[0][13]' (pe.v:21) (optimized to 0)
'pe_10_10_inst/pe_gen[51].pe_inst/input_reg_a[0][14]' (pe.v:21) (optimized to 0)
'pe_10_10_inst/pe_gen[51].pe_inst/input_reg_a[1][7]' (pe.v:21) (optimized to 0)
'pe_10_10_inst/pe_gen[51].pe_inst/input_reg_a[1][8]' (pe.v:21) (optimized to 0)
'pe_10_10_inst/pe_gen[51].pe_inst/input_reg_a[1][9]' (pe.v:21) (optimized to 0)
'pe_10_10_inst/pe_gen[51].pe_inst/input_reg_a[1][10]' (pe.v:21) (optimized to 0)
'pe_10_10_inst/pe_gen[51].pe_inst/input_reg_a[1][11]' (pe.v:21) (optimized to 0)
'pe_10_10_inst/pe_gen[51].pe_inst/input_reg_a[1][12]' (pe.v:21) (optimized to 0)
'pe_10_10_inst/pe_gen[51].pe_inst/input_reg_a[1][13]' (pe.v:21) (optimized to 0)
'pe_10_10_inst/pe_gen[51].pe_inst/input_reg_a[1][14]' (pe.v:21) (optimized to 0)
'pe_10_10_inst/pe_gen[60].pe_inst/input_reg_a[0][7]' (pe.v:21) (optimized to 0)
'pe_10_10_inst/pe_gen[60].pe_inst/input_reg_a[0][8]' (pe.v:21) (optimized to 0)
'pe_10_10_inst/pe_gen[60].pe_inst/input_reg_a[0][9]' (pe.v:21) (optimized to 0)
'pe_10_10_inst/pe_gen[60].pe_inst/input_reg_a[0][10]' (pe.v:21) (optimized to 0)
'pe_10_10_inst/pe_gen[60].pe_inst/input_reg_a[0][11]' (pe.v:21) (optimized to 0)
'pe_10_10_inst/pe_gen[60].pe_inst/input_reg_a[0][12]' (pe.v:21) (optimized to 0)
'pe_10_10_inst/pe_gen[60].pe_inst/input_reg_a[0][13]' (pe.v:21) (optimized to 0)
'pe_10_10_inst/pe_gen[60].pe_inst/input_reg_a[0][14]' (pe.v:21) (optimized to 0)
'pe_10_10_inst/pe_gen[60].pe_inst/input_reg_a[1][7]' (pe.v:21) (optimized to 0)
'pe_10_10_inst/pe_gen[60].pe_inst/input_reg_a[1][8]' (pe.v:21) (optimized to 0)
'pe_10_10_inst/pe_gen[60].pe_inst/input_reg_a[1][9]' (pe.v:21) (optimized to 0)
'pe_10_10_inst/pe_gen[60].pe_inst/input_reg_a[1][10]' (pe.v:21) (optimized to 0)
'pe_10_10_inst/pe_gen[60].pe_inst/input_reg_a[1][11]' (pe.v:21) (optimized to 0)
'pe_10_10_inst/pe_gen[60].pe_inst/input_reg_a[1][12]' (pe.v:21) (optimized to 0)
'pe_10_10_inst/pe_gen[60].pe_inst/input_reg_a[1][13]' (pe.v:21) (optimized to 0)
'pe_10_10_inst/pe_gen[60].pe_inst/input_reg_a[1][14]' (pe.v:21) (optimized to 0)
'pe_10_10_inst/pe_gen[15].pe_inst/input_reg_a[2][7]' (pe.v:21) (optimized to 0)
'pe_10_10_inst/pe_gen[15].pe_inst/input_reg_a[2][8]' (pe.v:21) (optimized to 0)
'pe_10_10_inst/pe_gen[15].pe_inst/input_reg_a[2][9]' (pe.v:21) (optimized to 0)
'pe_10_10_inst/pe_gen[15].pe_inst/input_reg_a[2][10]' (pe.v:21) (optimized to 0)
'pe_10_10_inst/pe_gen[15].pe_inst/input_reg_a[2][11]' (pe.v:21) (optimized to 0)
'pe_10_10_inst/pe_gen[15].pe_inst/input_reg_a[2][12]' (pe.v:21) (optimized to 0)
'pe_10_10_inst/pe_gen[15].pe_inst/input_reg_a[2][13]' (pe.v:21) (optimized to 0)
'pe_10_10_inst/pe_gen[15].pe_inst/input_reg_a[2][14]' (pe.v:21) (optimized to 0)
'pe_10_10_inst/pe_gen[22].pe_inst/input_reg_a[0][16]' (pe.v:21) (optimized to 0)
'pe_10_10_inst/pe_gen[22].pe_inst/input_reg_a[0][17]' (pe.v:21) (optimized to 0)
'pe_10_10_inst/pe_gen[22].pe_inst/input_reg_a[1][16]' (pe.v:21) (optimized to 0)
'pe_10_10_inst/pe_gen[22].pe_inst/input_reg_a[1][17]' (pe.v:21) (optimized to 0)
'pe_10_10_inst/pe_gen[24].pe_inst/input_reg_a[2][7]' (pe.v:21) (optimized to 0)
'pe_10_10_inst/pe_gen[24].pe_inst/input_reg_a[2][8]' (pe.v:21) (optimized to 0)
'pe_10_10_inst/pe_gen[24].pe_inst/input_reg_a[2][9]' (pe.v:21) (optimized to 0)
'pe_10_10_inst/pe_gen[24].pe_inst/input_reg_a[2][10]' (pe.v:21) (optimized to 0)
'pe_10_10_inst/pe_gen[24].pe_inst/input_reg_a[2][11]' (pe.v:21) (optimized to 0)
'pe_10_10_inst/pe_gen[24].pe_inst/input_reg_a[2][12]' (pe.v:21) (optimized to 0)
'pe_10_10_inst/pe_gen[24].pe_inst/input_reg_a[2][13]' (pe.v:21) (optimized to 0)
'pe_10_10_inst/pe_gen[24].pe_inst/input_reg_a[2][14]' (pe.v:21) (optimized to 0)
'pe_10_10_inst/pe_gen[31].pe_inst/input_reg_a[2][16]' (pe.v:21) (optimized to 0)
'pe_10_10_inst/pe_gen[31].pe_inst/input_reg_a[2][17]' (pe.v:21) (optimized to 0)
'pe_10_10_inst/pe_gen[33].pe_inst/input_reg_a[2][7]' (pe.v:21) (optimized to 0)
'pe_10_10_inst/pe_gen[33].pe_inst/input_reg_a[2][8]' (pe.v:21) (optimized to 0)
'pe_10_10_inst/pe_gen[33].pe_inst/input_reg_a[2][9]' (pe.v:21) (optimized to 0)
'pe_10_10_inst/pe_gen[33].pe_inst/input_reg_a[2][10]' (pe.v:21) (optimized to 0)
'pe_10_10_inst/pe_gen[33].pe_inst/input_reg_a[2][11]' (pe.v:21) (optimized to 0)
'pe_10_10_inst/pe_gen[33].pe_inst/input_reg_a[2][12]' (pe.v:21) (optimized to 0)
'pe_10_10_inst/pe_gen[33].pe_inst/input_reg_a[2][13]' (pe.v:21) (optimized to 0)
'pe_10_10_inst/pe_gen[33].pe_inst/input_reg_a[2][14]' (pe.v:21) (optimized to 0)
'pe_10_10_inst/pe_gen[42].pe_inst/input_reg_a[2][7]' (pe.v:21) (optimized to 0)
'pe_10_10_inst/pe_gen[42].pe_inst/input_reg_a[2][8]' (pe.v:21) (optimized to 0)
'pe_10_10_inst/pe_gen[42].pe_inst/input_reg_a[2][9]' (pe.v:21) (optimized to 0)
'pe_10_10_inst/pe_gen[42].pe_inst/input_reg_a[2][10]' (pe.v:21) (optimized to 0)
'pe_10_10_inst/pe_gen[42].pe_inst/input_reg_a[2][11]' (pe.v:21) (optimized to 0)
'pe_10_10_inst/pe_gen[42].pe_inst/input_reg_a[2][12]' (pe.v:21) (optimized to 0)
'pe_10_10_inst/pe_gen[42].pe_inst/input_reg_a[2][13]' (pe.v:21) (optimized to 0)
'pe_10_10_inst/pe_gen[42].pe_inst/input_reg_a[2][14]' (pe.v:21) (optimized to 0)
'pe_10_10_inst/pe_gen[51].pe_inst/input_reg_a[2][7]' (pe.v:21) (optimized to 0)
'pe_10_10_inst/pe_gen[51].pe_inst/input_reg_a[2][8]' (pe.v:21) (optimized to 0)
'pe_10_10_inst/pe_gen[51].pe_inst/input_reg_a[2][9]' (pe.v:21) (optimized to 0)
'pe_10_10_inst/pe_gen[51].pe_inst/input_reg_a[2][10]' (pe.v:21) (optimized to 0)
'pe_10_10_inst/pe_gen[51].pe_inst/input_reg_a[2][11]' (pe.v:21) (optimized to 0)
'pe_10_10_inst/pe_gen[51].pe_inst/input_reg_a[2][12]' (pe.v:21) (optimized to 0)
'pe_10_10_inst/pe_gen[51].pe_inst/input_reg_a[2][13]' (pe.v:21) (optimized to 0)
'pe_10_10_inst/pe_gen[51].pe_inst/input_reg_a[2][14]' (pe.v:21) (optimized to 0)
'pe_10_10_inst/pe_gen[60].pe_inst/input_reg_a[2][7]' (pe.v:21) (optimized to 0)
'pe_10_10_inst/pe_gen[60].pe_inst/input_reg_a[2][8]' (pe.v:21) (optimized to 0)
'pe_10_10_inst/pe_gen[60].pe_inst/input_reg_a[2][9]' (pe.v:21) (optimized to 0)
'pe_10_10_inst/pe_gen[60].pe_inst/input_reg_a[2][10]' (pe.v:21) (optimized to 0)
'pe_10_10_inst/pe_gen[60].pe_inst/input_reg_a[2][11]' (pe.v:21) (optimized to 0)
'pe_10_10_inst/pe_gen[60].pe_inst/input_reg_a[2][12]' (pe.v:21) (optimized to 0)
'pe_10_10_inst/pe_gen[60].pe_inst/input_reg_a[2][13]' (pe.v:21) (optimized to 0)
'pe_10_10_inst/pe_gen[60].pe_inst/input_reg_a[2][14]' (pe.v:21) (optimized to 0)
'pe_10_10_inst/pe_gen[13].pe_inst/input_reg_a[0][16]' (pe.v:21) (optimized to 0)
'pe_10_10_inst/pe_gen[13].pe_inst/input_reg_a[0][17]' (pe.v:21) (optimized to 0)
'pe_10_10_inst/pe_gen[13].pe_inst/input_reg_a[1][16]' (pe.v:21) (optimized to 0)
'pe_10_10_inst/pe_gen[13].pe_inst/input_reg_a[1][17]' (pe.v:21) (optimized to 0)
'pe_10_10_inst/pe_gen[22].pe_inst/input_reg_a[2][16]' (pe.v:21) (optimized to 0)
'pe_10_10_inst/pe_gen[22].pe_inst/input_reg_a[2][17]' (pe.v:21) (optimized to 0)
'pe_10_10_inst/pe_gen[4].pe_inst/input_reg_a[0][16]' (pe.v:21) (optimized to 0)
'pe_10_10_inst/pe_gen[4].pe_inst/input_reg_a[0][17]' (pe.v:21) (optimized to 0)
'pe_10_10_inst/pe_gen[13].pe_inst/input_reg_a[2][16]' (pe.v:21) (optimized to 0)
'pe_10_10_inst/pe_gen[13].pe_inst/input_reg_a[2][17]' (pe.v:21) (optimized to 0)
'pe_10_10_inst/pe_gen[30].pe_inst/input_reg_a[0][16]' (pe.v:21) (optimized to 0)
'pe_10_10_inst/pe_gen[30].pe_inst/input_reg_a[0][17]' (pe.v:21) (optimized to 0)
'pe_10_10_inst/pe_gen[30].pe_inst/input_reg_a[1][16]' (pe.v:21) (optimized to 0)
'pe_10_10_inst/pe_gen[30].pe_inst/input_reg_a[1][17]' (pe.v:21) (optimized to 0)
'pe_10_10_inst/pe_gen[5].pe_inst/input_reg_a[0][7]' (pe.v:21) (optimized to 0)
'pe_10_10_inst/pe_gen[5].pe_inst/input_reg_a[0][8]' (pe.v:21) (optimized to 0)
'pe_10_10_inst/pe_gen[5].pe_inst/input_reg_a[0][9]' (pe.v:21) (optimized to 0)
'pe_10_10_inst/pe_gen[5].pe_inst/input_reg_a[0][10]' (pe.v:21) (optimized to 0)
'pe_10_10_inst/pe_gen[5].pe_inst/input_reg_a[0][11]' (pe.v:21) (optimized to 0)
'pe_10_10_inst/pe_gen[5].pe_inst/input_reg_a[0][12]' (pe.v:21) (optimized to 0)
'pe_10_10_inst/pe_gen[5].pe_inst/input_reg_a[0][13]' (pe.v:21) (optimized to 0)
'pe_10_10_inst/pe_gen[5].pe_inst/input_reg_a[0][14]' (pe.v:21) (optimized to 0)
'pe_10_10_inst/pe_gen[14].pe_inst/input_reg_a[0][7]' (pe.v:21) (optimized to 0)
'pe_10_10_inst/pe_gen[14].pe_inst/input_reg_a[0][8]' (pe.v:21) (optimized to 0)
'pe_10_10_inst/pe_gen[14].pe_inst/input_reg_a[0][9]' (pe.v:21) (optimized to 0)
'pe_10_10_inst/pe_gen[14].pe_inst/input_reg_a[0][10]' (pe.v:21) (optimized to 0)
'pe_10_10_inst/pe_gen[14].pe_inst/input_reg_a[0][11]' (pe.v:21) (optimized to 0)
'pe_10_10_inst/pe_gen[14].pe_inst/input_reg_a[0][12]' (pe.v:21) (optimized to 0)
'pe_10_10_inst/pe_gen[14].pe_inst/input_reg_a[0][13]' (pe.v:21) (optimized to 0)
'pe_10_10_inst/pe_gen[14].pe_inst/input_reg_a[0][14]' (pe.v:21) (optimized to 0)
'pe_10_10_inst/pe_gen[14].pe_inst/input_reg_a[1][7]' (pe.v:21) (optimized to 0)
'pe_10_10_inst/pe_gen[14].pe_inst/input_reg_a[1][8]' (pe.v:21) (optimized to 0)
'pe_10_10_inst/pe_gen[14].pe_inst/input_reg_a[1][9]' (pe.v:21) (optimized to 0)
'pe_10_10_inst/pe_gen[14].pe_inst/input_reg_a[1][10]' (pe.v:21) (optimized to 0)
'pe_10_10_inst/pe_gen[14].pe_inst/input_reg_a[1][11]' (pe.v:21) (optimized to 0)
'pe_10_10_inst/pe_gen[14].pe_inst/input_reg_a[1][12]' (pe.v:21) (optimized to 0)
'pe_10_10_inst/pe_gen[14].pe_inst/input_reg_a[1][13]' (pe.v:21) (optimized to 0)
'pe_10_10_inst/pe_gen[14].pe_inst/input_reg_a[1][14]' (pe.v:21) (optimized to 0)
'pe_10_10_inst/pe_gen[21].pe_inst/input_reg_a[0][16]' (pe.v:21) (optimized to 0)
'pe_10_10_inst/pe_gen[21].pe_inst/input_reg_a[0][17]' (pe.v:21) (optimized to 0)
'pe_10_10_inst/pe_gen[21].pe_inst/input_reg_a[1][16]' (pe.v:21) (optimized to 0)
'pe_10_10_inst/pe_gen[21].pe_inst/input_reg_a[1][17]' (pe.v:21) (optimized to 0)
'pe_10_10_inst/pe_gen[23].pe_inst/input_reg_a[0][7]' (pe.v:21) (optimized to 0)
'pe_10_10_inst/pe_gen[23].pe_inst/input_reg_a[0][8]' (pe.v:21) (optimized to 0)
'pe_10_10_inst/pe_gen[23].pe_inst/input_reg_a[0][9]' (pe.v:21) (optimized to 0)
'pe_10_10_inst/pe_gen[23].pe_inst/input_reg_a[0][10]' (pe.v:21) (optimized to 0)
'pe_10_10_inst/pe_gen[23].pe_inst/input_reg_a[0][11]' (pe.v:21) (optimized to 0)
'pe_10_10_inst/pe_gen[23].pe_inst/input_reg_a[0][12]' (pe.v:21) (optimized to 0)
'pe_10_10_inst/pe_gen[23].pe_inst/input_reg_a[0][13]' (pe.v:21) (optimized to 0)
'pe_10_10_inst/pe_gen[23].pe_inst/input_reg_a[0][14]' (pe.v:21) (optimized to 0)
'pe_10_10_inst/pe_gen[23].pe_inst/input_reg_a[1][7]' (pe.v:21) (optimized to 0)
'pe_10_10_inst/pe_gen[23].pe_inst/input_reg_a[1][8]' (pe.v:21) (optimized to 0)
'pe_10_10_inst/pe_gen[23].pe_inst/input_reg_a[1][9]' (pe.v:21) (optimized to 0)
'pe_10_10_inst/pe_gen[23].pe_inst/input_reg_a[1][10]' (pe.v:21) (optimized to 0)
'pe_10_10_inst/pe_gen[23].pe_inst/input_reg_a[1][11]' (pe.v:21) (optimized to 0)
'pe_10_10_inst/pe_gen[23].pe_inst/input_reg_a[1][12]' (pe.v:21) (optimized to 0)
'pe_10_10_inst/pe_gen[23].pe_inst/input_reg_a[1][13]' (pe.v:21) (optimized to 0)
'pe_10_10_inst/pe_gen[23].pe_inst/input_reg_a[1][14]' (pe.v:21) (optimized to 0)
'pe_10_10_inst/pe_gen[30].pe_inst/input_reg_a[2][16]' (pe.v:21) (optimized to 0)
'pe_10_10_inst/pe_gen[30].pe_inst/input_reg_a[2][17]' (pe.v:21) (optimized to 0)
'pe_10_10_inst/pe_gen[32].pe_inst/input_reg_a[0][7]' (pe.v:21) (optimized to 0)
'pe_10_10_inst/pe_gen[32].pe_inst/input_reg_a[0][8]' (pe.v:21) (optimized to 0)
'pe_10_10_inst/pe_gen[32].pe_inst/input_reg_a[0][9]' (pe.v:21) (optimized to 0)
'pe_10_10_inst/pe_gen[32].pe_inst/input_reg_a[0][10]' (pe.v:21) (optimized to 0)
'pe_10_10_inst/pe_gen[32].pe_inst/input_reg_a[0][11]' (pe.v:21) (optimized to 0)
'pe_10_10_inst/pe_gen[32].pe_inst/input_reg_a[0][12]' (pe.v:21) (optimized to 0)
'pe_10_10_inst/pe_gen[32].pe_inst/input_reg_a[0][13]' (pe.v:21) (optimized to 0)
'pe_10_10_inst/pe_gen[32].pe_inst/input_reg_a[0][14]' (pe.v:21) (optimized to 0)
'pe_10_10_inst/pe_gen[32].pe_inst/input_reg_a[1][7]' (pe.v:21) (optimized to 0)
'pe_10_10_inst/pe_gen[32].pe_inst/input_reg_a[1][8]' (pe.v:21) (optimized to 0)
'pe_10_10_inst/pe_gen[32].pe_inst/input_reg_a[1][9]' (pe.v:21) (optimized to 0)
'pe_10_10_inst/pe_gen[32].pe_inst/input_reg_a[1][10]' (pe.v:21) (optimized to 0)
'pe_10_10_inst/pe_gen[32].pe_inst/input_reg_a[1][11]' (pe.v:21) (optimized to 0)
'pe_10_10_inst/pe_gen[32].pe_inst/input_reg_a[1][12]' (pe.v:21) (optimized to 0)
'pe_10_10_inst/pe_gen[32].pe_inst/input_reg_a[1][13]' (pe.v:21) (optimized to 0)
'pe_10_10_inst/pe_gen[32].pe_inst/input_reg_a[1][14]' (pe.v:21) (optimized to 0)
'pe_10_10_inst/pe_gen[41].pe_inst/input_reg_a[0][7]' (pe.v:21) (optimized to 0)
'pe_10_10_inst/pe_gen[41].pe_inst/input_reg_a[0][8]' (pe.v:21) (optimized to 0)
'pe_10_10_inst/pe_gen[41].pe_inst/input_reg_a[0][9]' (pe.v:21) (optimized to 0)
'pe_10_10_inst/pe_gen[41].pe_inst/input_reg_a[0][10]' (pe.v:21) (optimized to 0)
'pe_10_10_inst/pe_gen[41].pe_inst/input_reg_a[0][11]' (pe.v:21) (optimized to 0)
'pe_10_10_inst/pe_gen[41].pe_inst/input_reg_a[0][12]' (pe.v:21) (optimized to 0)
'pe_10_10_inst/pe_gen[41].pe_inst/input_reg_a[0][13]' (pe.v:21) (optimized to 0)
'pe_10_10_inst/pe_gen[41].pe_inst/input_reg_a[0][14]' (pe.v:21) (optimized to 0)
'pe_10_10_inst/pe_gen[41].pe_inst/input_reg_a[1][7]' (pe.v:21) (optimized to 0)
'pe_10_10_inst/pe_gen[41].pe_inst/input_reg_a[1][8]' (pe.v:21) (optimized to 0)
'pe_10_10_inst/pe_gen[41].pe_inst/input_reg_a[1][9]' (pe.v:21) (optimized to 0)
'pe_10_10_inst/pe_gen[41].pe_inst/input_reg_a[1][10]' (pe.v:21) (optimized to 0)
'pe_10_10_inst/pe_gen[41].pe_inst/input_reg_a[1][11]' (pe.v:21) (optimized to 0)
'pe_10_10_inst/pe_gen[41].pe_inst/input_reg_a[1][12]' (pe.v:21) (optimized to 0)
'pe_10_10_inst/pe_gen[41].pe_inst/input_reg_a[1][13]' (pe.v:21) (optimized to 0)
'pe_10_10_inst/pe_gen[41].pe_inst/input_reg_a[1][14]' (pe.v:21) (optimized to 0)
'pe_10_10_inst/pe_gen[50].pe_inst/input_reg_a[0][7]' (pe.v:21) (optimized to 0)
'pe_10_10_inst/pe_gen[50].pe_inst/input_reg_a[0][8]' (pe.v:21) (optimized to 0)
'pe_10_10_inst/pe_gen[50].pe_inst/input_reg_a[0][9]' (pe.v:21) (optimized to 0)
'pe_10_10_inst/pe_gen[50].pe_inst/input_reg_a[0][10]' (pe.v:21) (optimized to 0)
'pe_10_10_inst/pe_gen[50].pe_inst/input_reg_a[0][11]' (pe.v:21) (optimized to 0)
'pe_10_10_inst/pe_gen[50].pe_inst/input_reg_a[0][12]' (pe.v:21) (optimized to 0)
'pe_10_10_inst/pe_gen[50].pe_inst/input_reg_a[0][13]' (pe.v:21) (optimized to 0)
'pe_10_10_inst/pe_gen[50].pe_inst/input_reg_a[0][14]' (pe.v:21) (optimized to 0)
'pe_10_10_inst/pe_gen[50].pe_inst/input_reg_a[1][7]' (pe.v:21) (optimized to 0)
'pe_10_10_inst/pe_gen[50].pe_inst/input_reg_a[1][8]' (pe.v:21) (optimized to 0)
'pe_10_10_inst/pe_gen[50].pe_inst/input_reg_a[1][9]' (pe.v:21) (optimized to 0)
'pe_10_10_inst/pe_gen[50].pe_inst/input_reg_a[1][10]' (pe.v:21) (optimized to 0)
'pe_10_10_inst/pe_gen[50].pe_inst/input_reg_a[1][11]' (pe.v:21) (optimized to 0)
'pe_10_10_inst/pe_gen[50].pe_inst/input_reg_a[1][12]' (pe.v:21) (optimized to 0)
'pe_10_10_inst/pe_gen[50].pe_inst/input_reg_a[1][13]' (pe.v:21) (optimized to 0)
'pe_10_10_inst/pe_gen[50].pe_inst/input_reg_a[1][14]' (pe.v:21) (optimized to 0)
'pe_10_10_inst/pe_gen[12].pe_inst/input_reg_a[0][16]' (pe.v:21) (optimized to 0)
'pe_10_10_inst/pe_gen[12].pe_inst/input_reg_a[0][17]' (pe.v:21) (optimized to 0)
'pe_10_10_inst/pe_gen[12].pe_inst/input_reg_a[1][16]' (pe.v:21) (optimized to 0)
'pe_10_10_inst/pe_gen[12].pe_inst/input_reg_a[1][17]' (pe.v:21) (optimized to 0)
'pe_10_10_inst/pe_gen[14].pe_inst/input_reg_a[2][7]' (pe.v:21) (optimized to 0)
'pe_10_10_inst/pe_gen[14].pe_inst/input_reg_a[2][8]' (pe.v:21) (optimized to 0)
'pe_10_10_inst/pe_gen[14].pe_inst/input_reg_a[2][9]' (pe.v:21) (optimized to 0)
'pe_10_10_inst/pe_gen[14].pe_inst/input_reg_a[2][10]' (pe.v:21) (optimized to 0)
'pe_10_10_inst/pe_gen[14].pe_inst/input_reg_a[2][11]' (pe.v:21) (optimized to 0)
'pe_10_10_inst/pe_gen[14].pe_inst/input_reg_a[2][12]' (pe.v:21) (optimized to 0)
'pe_10_10_inst/pe_gen[14].pe_inst/input_reg_a[2][13]' (pe.v:21) (optimized to 0)
'pe_10_10_inst/pe_gen[14].pe_inst/input_reg_a[2][14]' (pe.v:21) (optimized to 0)
'pe_10_10_inst/pe_gen[21].pe_inst/input_reg_a[2][16]' (pe.v:21) (optimized to 0)
'pe_10_10_inst/pe_gen[21].pe_inst/input_reg_a[2][17]' (pe.v:21) (optimized to 0)
'pe_10_10_inst/pe_gen[23].pe_inst/input_reg_a[2][7]' (pe.v:21) (optimized to 0)
'pe_10_10_inst/pe_gen[23].pe_inst/input_reg_a[2][8]' (pe.v:21) (optimized to 0)
'pe_10_10_inst/pe_gen[23].pe_inst/input_reg_a[2][9]' (pe.v:21) (optimized to 0)
'pe_10_10_inst/pe_gen[23].pe_inst/input_reg_a[2][10]' (pe.v:21) (optimized to 0)
'pe_10_10_inst/pe_gen[23].pe_inst/input_reg_a[2][11]' (pe.v:21) (optimized to 0)
'pe_10_10_inst/pe_gen[23].pe_inst/input_reg_a[2][12]' (pe.v:21) (optimized to 0)
'pe_10_10_inst/pe_gen[23].pe_inst/input_reg_a[2][13]' (pe.v:21) (optimized to 0)
'pe_10_10_inst/pe_gen[23].pe_inst/input_reg_a[2][14]' (pe.v:21) (optimized to 0)
'pe_10_10_inst/pe_gen[32].pe_inst/input_reg_a[2][7]' (pe.v:21) (optimized to 0)
'pe_10_10_inst/pe_gen[32].pe_inst/input_reg_a[2][8]' (pe.v:21) (optimized to 0)
'pe_10_10_inst/pe_gen[32].pe_inst/input_reg_a[2][9]' (pe.v:21) (optimized to 0)
'pe_10_10_inst/pe_gen[32].pe_inst/input_reg_a[2][10]' (pe.v:21) (optimized to 0)
'pe_10_10_inst/pe_gen[32].pe_inst/input_reg_a[2][11]' (pe.v:21) (optimized to 0)
'pe_10_10_inst/pe_gen[32].pe_inst/input_reg_a[2][12]' (pe.v:21) (optimized to 0)
'pe_10_10_inst/pe_gen[32].pe_inst/input_reg_a[2][13]' (pe.v:21) (optimized to 0)
'pe_10_10_inst/pe_gen[32].pe_inst/input_reg_a[2][14]' (pe.v:21) (optimized to 0)
'pe_10_10_inst/pe_gen[41].pe_inst/input_reg_a[2][7]' (pe.v:21) (optimized to 0)
'pe_10_10_inst/pe_gen[41].pe_inst/input_reg_a[2][8]' (pe.v:21) (optimized to 0)
'pe_10_10_inst/pe_gen[41].pe_inst/input_reg_a[2][9]' (pe.v:21) (optimized to 0)
'pe_10_10_inst/pe_gen[41].pe_inst/input_reg_a[2][10]' (pe.v:21) (optimized to 0)
'pe_10_10_inst/pe_gen[41].pe_inst/input_reg_a[2][11]' (pe.v:21) (optimized to 0)
'pe_10_10_inst/pe_gen[41].pe_inst/input_reg_a[2][12]' (pe.v:21) (optimized to 0)
'pe_10_10_inst/pe_gen[41].pe_inst/input_reg_a[2][13]' (pe.v:21) (optimized to 0)
'pe_10_10_inst/pe_gen[41].pe_inst/input_reg_a[2][14]' (pe.v:21) (optimized to 0)
'pe_10_10_inst/pe_gen[50].pe_inst/input_reg_a[2][7]' (pe.v:21) (optimized to 0)
'pe_10_10_inst/pe_gen[50].pe_inst/input_reg_a[2][8]' (pe.v:21) (optimized to 0)
'pe_10_10_inst/pe_gen[50].pe_inst/input_reg_a[2][9]' (pe.v:21) (optimized to 0)
'pe_10_10_inst/pe_gen[50].pe_inst/input_reg_a[2][10]' (pe.v:21) (optimized to 0)
'pe_10_10_inst/pe_gen[50].pe_inst/input_reg_a[2][11]' (pe.v:21) (optimized to 0)
'pe_10_10_inst/pe_gen[50].pe_inst/input_reg_a[2][12]' (pe.v:21) (optimized to 0)
'pe_10_10_inst/pe_gen[50].pe_inst/input_reg_a[2][13]' (pe.v:21) (optimized to 0)
'pe_10_10_inst/pe_gen[50].pe_inst/input_reg_a[2][14]' (pe.v:21) (optimized to 0)
'pe_10_10_inst/pe_gen[3].pe_inst/input_reg_a[0][16]' (pe.v:21) (optimized to 0)
'pe_10_10_inst/pe_gen[3].pe_inst/input_reg_a[0][17]' (pe.v:21) (optimized to 0)
'pe_10_10_inst/pe_gen[12].pe_inst/input_reg_a[2][16]' (pe.v:21) (optimized to 0)
'pe_10_10_inst/pe_gen[12].pe_inst/input_reg_a[2][17]' (pe.v:21) (optimized to 0)
'pe_10_10_inst/pe_gen[20].pe_inst/input_reg_a[0][16]' (pe.v:21) (optimized to 0)
'pe_10_10_inst/pe_gen[20].pe_inst/input_reg_a[0][17]' (pe.v:21) (optimized to 0)
'pe_10_10_inst/pe_gen[20].pe_inst/input_reg_a[1][16]' (pe.v:21) (optimized to 0)
'pe_10_10_inst/pe_gen[20].pe_inst/input_reg_a[1][17]' (pe.v:21) (optimized to 0)
'pe_10_10_inst/pe_gen[4].pe_inst/input_reg_a[0][7]' (pe.v:21) (optimized to 0)
'pe_10_10_inst/pe_gen[4].pe_inst/input_reg_a[0][8]' (pe.v:21) (optimized to 0)
'pe_10_10_inst/pe_gen[4].pe_inst/input_reg_a[0][9]' (pe.v:21) (optimized to 0)
'pe_10_10_inst/pe_gen[4].pe_inst/input_reg_a[0][10]' (pe.v:21) (optimized to 0)
'pe_10_10_inst/pe_gen[4].pe_inst/input_reg_a[0][11]' (pe.v:21) (optimized to 0)
'pe_10_10_inst/pe_gen[4].pe_inst/input_reg_a[0][12]' (pe.v:21) (optimized to 0)
'pe_10_10_inst/pe_gen[4].pe_inst/input_reg_a[0][13]' (pe.v:21) (optimized to 0)
'pe_10_10_inst/pe_gen[4].pe_inst/input_reg_a[0][14]' (pe.v:21) (optimized to 0)
'pe_10_10_inst/pe_gen[11].pe_inst/input_reg_a[0][16]' (pe.v:21) (optimized to 0)
'pe_10_10_inst/pe_gen[11].pe_inst/input_reg_a[0][17]' (pe.v:21) (optimized to 0)
'pe_10_10_inst/pe_gen[11].pe_inst/input_reg_a[1][16]' (pe.v:21) (optimized to 0)
'pe_10_10_inst/pe_gen[11].pe_inst/input_reg_a[1][17]' (pe.v:21) (optimized to 0)
'pe_10_10_inst/pe_gen[13].pe_inst/input_reg_a[0][7]' (pe.v:21) (optimized to 0)
'pe_10_10_inst/pe_gen[13].pe_inst/input_reg_a[0][8]' (pe.v:21) (optimized to 0)
'pe_10_10_inst/pe_gen[13].pe_inst/input_reg_a[0][9]' (pe.v:21) (optimized to 0)
'pe_10_10_inst/pe_gen[13].pe_inst/input_reg_a[0][10]' (pe.v:21) (optimized to 0)
'pe_10_10_inst/pe_gen[13].pe_inst/input_reg_a[0][11]' (pe.v:21) (optimized to 0)
'pe_10_10_inst/pe_gen[13].pe_inst/input_reg_a[0][12]' (pe.v:21) (optimized to 0)
'pe_10_10_inst/pe_gen[13].pe_inst/input_reg_a[0][13]' (pe.v:21) (optimized to 0)
'pe_10_10_inst/pe_gen[13].pe_inst/input_reg_a[0][14]' (pe.v:21) (optimized to 0)
'pe_10_10_inst/pe_gen[13].pe_inst/input_reg_a[1][7]' (pe.v:21) (optimized to 0)
'pe_10_10_inst/pe_gen[13].pe_inst/input_reg_a[1][8]' (pe.v:21) (optimized to 0)
'pe_10_10_inst/pe_gen[13].pe_inst/input_reg_a[1][9]' (pe.v:21) (optimized to 0)
'pe_10_10_inst/pe_gen[13].pe_inst/input_reg_a[1][10]' (pe.v:21) (optimized to 0)
'pe_10_10_inst/pe_gen[13].pe_inst/input_reg_a[1][11]' (pe.v:21) (optimized to 0)
'pe_10_10_inst/pe_gen[13].pe_inst/input_reg_a[1][12]' (pe.v:21) (optimized to 0)
'pe_10_10_inst/pe_gen[13].pe_inst/input_reg_a[1][13]' (pe.v:21) (optimized to 0)
'pe_10_10_inst/pe_gen[13].pe_inst/input_reg_a[1][14]' (pe.v:21) (optimized to 0)
'pe_10_10_inst/pe_gen[20].pe_inst/input_reg_a[2][16]' (pe.v:21) (optimized to 0)
'pe_10_10_inst/pe_gen[20].pe_inst/input_reg_a[2][17]' (pe.v:21) (optimized to 0)
'pe_10_10_inst/pe_gen[22].pe_inst/input_reg_a[0][7]' (pe.v:21) (optimized to 0)
'pe_10_10_inst/pe_gen[22].pe_inst/input_reg_a[0][8]' (pe.v:21) (optimized to 0)
'pe_10_10_inst/pe_gen[22].pe_inst/input_reg_a[0][9]' (pe.v:21) (optimized to 0)
'pe_10_10_inst/pe_gen[22].pe_inst/input_reg_a[0][10]' (pe.v:21) (optimized to 0)
'pe_10_10_inst/pe_gen[22].pe_inst/input_reg_a[0][11]' (pe.v:21) (optimized to 0)
'pe_10_10_inst/pe_gen[22].pe_inst/input_reg_a[0][12]' (pe.v:21) (optimized to 0)
'pe_10_10_inst/pe_gen[22].pe_inst/input_reg_a[0][13]' (pe.v:21) (optimized to 0)
'pe_10_10_inst/pe_gen[22].pe_inst/input_reg_a[0][14]' (pe.v:21) (optimized to 0)
'pe_10_10_inst/pe_gen[22].pe_inst/input_reg_a[1][7]' (pe.v:21) (optimized to 0)
'pe_10_10_inst/pe_gen[22].pe_inst/input_reg_a[1][8]' (pe.v:21) (optimized to 0)
'pe_10_10_inst/pe_gen[22].pe_inst/input_reg_a[1][9]' (pe.v:21) (optimized to 0)
'pe_10_10_inst/pe_gen[22].pe_inst/input_reg_a[1][10]' (pe.v:21) (optimized to 0)
'pe_10_10_inst/pe_gen[22].pe_inst/input_reg_a[1][11]' (pe.v:21) (optimized to 0)
'pe_10_10_inst/pe_gen[22].pe_inst/input_reg_a[1][12]' (pe.v:21) (optimized to 0)
'pe_10_10_inst/pe_gen[22].pe_inst/input_reg_a[1][13]' (pe.v:21) (optimized to 0)
'pe_10_10_inst/pe_gen[22].pe_inst/input_reg_a[1][14]' (pe.v:21) (optimized to 0)
'pe_10_10_inst/pe_gen[31].pe_inst/input_reg_a[0][7]' (pe.v:21) (optimized to 0)
'pe_10_10_inst/pe_gen[31].pe_inst/input_reg_a[0][8]' (pe.v:21) (optimized to 0)
'pe_10_10_inst/pe_gen[31].pe_inst/input_reg_a[0][9]' (pe.v:21) (optimized to 0)
'pe_10_10_inst/pe_gen[31].pe_inst/input_reg_a[0][10]' (pe.v:21) (optimized to 0)
'pe_10_10_inst/pe_gen[31].pe_inst/input_reg_a[0][11]' (pe.v:21) (optimized to 0)
'pe_10_10_inst/pe_gen[31].pe_inst/input_reg_a[0][12]' (pe.v:21) (optimized to 0)
'pe_10_10_inst/pe_gen[31].pe_inst/input_reg_a[0][13]' (pe.v:21) (optimized to 0)
'pe_10_10_inst/pe_gen[31].pe_inst/input_reg_a[0][14]' (pe.v:21) (optimized to 0)
'pe_10_10_inst/pe_gen[31].pe_inst/input_reg_a[1][7]' (pe.v:21) (optimized to 0)
'pe_10_10_inst/pe_gen[31].pe_inst/input_reg_a[1][8]' (pe.v:21) (optimized to 0)
'pe_10_10_inst/pe_gen[31].pe_inst/input_reg_a[1][9]' (pe.v:21) (optimized to 0)
'pe_10_10_inst/pe_gen[31].pe_inst/input_reg_a[1][10]' (pe.v:21) (optimized to 0)
'pe_10_10_inst/pe_gen[31].pe_inst/input_reg_a[1][11]' (pe.v:21) (optimized to 0)
'pe_10_10_inst/pe_gen[31].pe_inst/input_reg_a[1][12]' (pe.v:21) (optimized to 0)
'pe_10_10_inst/pe_gen[31].pe_inst/input_reg_a[1][13]' (pe.v:21) (optimized to 0)
'pe_10_10_inst/pe_gen[31].pe_inst/input_reg_a[1][14]' (pe.v:21) (optimized to 0)
'pe_10_10_inst/pe_gen[40].pe_inst/input_reg_a[0][7]' (pe.v:21) (optimized to 0)
'pe_10_10_inst/pe_gen[40].pe_inst/input_reg_a[0][8]' (pe.v:21) (optimized to 0)
'pe_10_10_inst/pe_gen[40].pe_inst/input_reg_a[0][9]' (pe.v:21) (optimized to 0)
'pe_10_10_inst/pe_gen[40].pe_inst/input_reg_a[0][10]' (pe.v:21) (optimized to 0)
'pe_10_10_inst/pe_gen[40].pe_inst/input_reg_a[0][11]' (pe.v:21) (optimized to 0)
'pe_10_10_inst/pe_gen[40].pe_inst/input_reg_a[0][12]' (pe.v:21) (optimized to 0)
'pe_10_10_inst/pe_gen[40].pe_inst/input_reg_a[0][13]' (pe.v:21) (optimized to 0)
'pe_10_10_inst/pe_gen[40].pe_inst/input_reg_a[0][14]' (pe.v:21) (optimized to 0)
'pe_10_10_inst/pe_gen[40].pe_inst/input_reg_a[1][7]' (pe.v:21) (optimized to 0)
'pe_10_10_inst/pe_gen[40].pe_inst/input_reg_a[1][8]' (pe.v:21) (optimized to 0)
'pe_10_10_inst/pe_gen[40].pe_inst/input_reg_a[1][9]' (pe.v:21) (optimized to 0)
'pe_10_10_inst/pe_gen[40].pe_inst/input_reg_a[1][10]' (pe.v:21) (optimized to 0)
'pe_10_10_inst/pe_gen[40].pe_inst/input_reg_a[1][11]' (pe.v:21) (optimized to 0)
'pe_10_10_inst/pe_gen[40].pe_inst/input_reg_a[1][12]' (pe.v:21) (optimized to 0)
'pe_10_10_inst/pe_gen[40].pe_inst/input_reg_a[1][13]' (pe.v:21) (optimized to 0)
'pe_10_10_inst/pe_gen[40].pe_inst/input_reg_a[1][14]' (pe.v:21) (optimized to 0)
'pe_10_10_inst/pe_gen[2].pe_inst/input_reg_a[0][16]' (pe.v:21) (optimized to 0)
'pe_10_10_inst/pe_gen[2].pe_inst/input_reg_a[0][17]' (pe.v:21) (optimized to 0)
'pe_10_10_inst/pe_gen[11].pe_inst/input_reg_a[2][16]' (pe.v:21) (optimized to 0)
'pe_10_10_inst/pe_gen[11].pe_inst/input_reg_a[2][17]' (pe.v:21) (optimized to 0)
'pe_10_10_inst/pe_gen[13].pe_inst/input_reg_a[2][7]' (pe.v:21) (optimized to 0)
'pe_10_10_inst/pe_gen[13].pe_inst/input_reg_a[2][8]' (pe.v:21) (optimized to 0)
'pe_10_10_inst/pe_gen[13].pe_inst/input_reg_a[2][9]' (pe.v:21) (optimized to 0)
'pe_10_10_inst/pe_gen[13].pe_inst/input_reg_a[2][10]' (pe.v:21) (optimized to 0)
'pe_10_10_inst/pe_gen[13].pe_inst/input_reg_a[2][11]' (pe.v:21) (optimized to 0)
'pe_10_10_inst/pe_gen[13].pe_inst/input_reg_a[2][12]' (pe.v:21) (optimized to 0)
'pe_10_10_inst/pe_gen[13].pe_inst/input_reg_a[2][13]' (pe.v:21) (optimized to 0)
'pe_10_10_inst/pe_gen[13].pe_inst/input_reg_a[2][14]' (pe.v:21) (optimized to 0)
'pe_10_10_inst/pe_gen[22].pe_inst/input_reg_a[2][7]' (pe.v:21) (optimized to 0)
'pe_10_10_inst/pe_gen[22].pe_inst/input_reg_a[2][8]' (pe.v:21) (optimized to 0)
'pe_10_10_inst/pe_gen[22].pe_inst/input_reg_a[2][9]' (pe.v:21) (optimized to 0)
'pe_10_10_inst/pe_gen[22].pe_inst/input_reg_a[2][10]' (pe.v:21) (optimized to 0)
'pe_10_10_inst/pe_gen[22].pe_inst/input_reg_a[2][11]' (pe.v:21) (optimized to 0)
'pe_10_10_inst/pe_gen[22].pe_inst/input_reg_a[2][12]' (pe.v:21) (optimized to 0)
'pe_10_10_inst/pe_gen[22].pe_inst/input_reg_a[2][13]' (pe.v:21) (optimized to 0)
'pe_10_10_inst/pe_gen[22].pe_inst/input_reg_a[2][14]' (pe.v:21) (optimized to 0)
'pe_10_10_inst/pe_gen[31].pe_inst/input_reg_a[2][7]' (pe.v:21) (optimized to 0)
'pe_10_10_inst/pe_gen[31].pe_inst/input_reg_a[2][8]' (pe.v:21) (optimized to 0)
'pe_10_10_inst/pe_gen[31].pe_inst/input_reg_a[2][9]' (pe.v:21) (optimized to 0)
'pe_10_10_inst/pe_gen[31].pe_inst/input_reg_a[2][10]' (pe.v:21) (optimized to 0)
'pe_10_10_inst/pe_gen[31].pe_inst/input_reg_a[2][11]' (pe.v:21) (optimized to 0)
'pe_10_10_inst/pe_gen[31].pe_inst/input_reg_a[2][12]' (pe.v:21) (optimized to 0)
'pe_10_10_inst/pe_gen[31].pe_inst/input_reg_a[2][13]' (pe.v:21) (optimized to 0)
'pe_10_10_inst/pe_gen[31].pe_inst/input_reg_a[2][14]' (pe.v:21) (optimized to 0)
'pe_10_10_inst/pe_gen[40].pe_inst/input_reg_a[2][7]' (pe.v:21) (optimized to 0)
'pe_10_10_inst/pe_gen[40].pe_inst/input_reg_a[2][8]' (pe.v:21) (optimized to 0)
'pe_10_10_inst/pe_gen[40].pe_inst/input_reg_a[2][9]' (pe.v:21) (optimized to 0)
'pe_10_10_inst/pe_gen[40].pe_inst/input_reg_a[2][10]' (pe.v:21) (optimized to 0)
'pe_10_10_inst/pe_gen[40].pe_inst/input_reg_a[2][11]' (pe.v:21) (optimized to 0)
'pe_10_10_inst/pe_gen[40].pe_inst/input_reg_a[2][12]' (pe.v:21) (optimized to 0)
'pe_10_10_inst/pe_gen[40].pe_inst/input_reg_a[2][13]' (pe.v:21) (optimized to 0)
'pe_10_10_inst/pe_gen[40].pe_inst/input_reg_a[2][14]' (pe.v:21) (optimized to 0)
'pe_10_10_inst/pe_gen[10].pe_inst/input_reg_a[0][16]' (pe.v:21) (optimized to 0)
'pe_10_10_inst/pe_gen[10].pe_inst/input_reg_a[0][17]' (pe.v:21) (optimized to 0)
'pe_10_10_inst/pe_gen[10].pe_inst/input_reg_a[1][16]' (pe.v:21) (optimized to 0)
'pe_10_10_inst/pe_gen[10].pe_inst/input_reg_a[1][17]' (pe.v:21) (optimized to 0)
'pe_10_10_inst/pe_gen[1].pe_inst/input_reg_a[0][16]' (pe.v:21) (optimized to 0)
'pe_10_10_inst/pe_gen[1].pe_inst/input_reg_a[0][17]' (pe.v:21) (optimized to 0)
'pe_10_10_inst/pe_gen[3].pe_inst/input_reg_a[0][7]' (pe.v:21) (optimized to 0)
'pe_10_10_inst/pe_gen[3].pe_inst/input_reg_a[0][8]' (pe.v:21) (optimized to 0)
'pe_10_10_inst/pe_gen[3].pe_inst/input_reg_a[0][9]' (pe.v:21) (optimized to 0)
'pe_10_10_inst/pe_gen[3].pe_inst/input_reg_a[0][10]' (pe.v:21) (optimized to 0)
'pe_10_10_inst/pe_gen[3].pe_inst/input_reg_a[0][11]' (pe.v:21) (optimized to 0)
'pe_10_10_inst/pe_gen[3].pe_inst/input_reg_a[0][12]' (pe.v:21) (optimized to 0)
'pe_10_10_inst/pe_gen[3].pe_inst/input_reg_a[0][13]' (pe.v:21) (optimized to 0)
'pe_10_10_inst/pe_gen[3].pe_inst/input_reg_a[0][14]' (pe.v:21) (optimized to 0)
'pe_10_10_inst/pe_gen[10].pe_inst/input_reg_a[2][16]' (pe.v:21) (optimized to 0)
'pe_10_10_inst/pe_gen[10].pe_inst/input_reg_a[2][17]' (pe.v:21) (optimized to 0)
'pe_10_10_inst/pe_gen[12].pe_inst/input_reg_a[0][7]' (pe.v:21) (optimized to 0)
'pe_10_10_inst/pe_gen[12].pe_inst/input_reg_a[0][8]' (pe.v:21) (optimized to 0)
'pe_10_10_inst/pe_gen[12].pe_inst/input_reg_a[0][9]' (pe.v:21) (optimized to 0)
'pe_10_10_inst/pe_gen[12].pe_inst/input_reg_a[0][10]' (pe.v:21) (optimized to 0)
'pe_10_10_inst/pe_gen[12].pe_inst/input_reg_a[0][11]' (pe.v:21) (optimized to 0)
'pe_10_10_inst/pe_gen[12].pe_inst/input_reg_a[0][12]' (pe.v:21) (optimized to 0)
'pe_10_10_inst/pe_gen[12].pe_inst/input_reg_a[0][13]' (pe.v:21) (optimized to 0)
'pe_10_10_inst/pe_gen[12].pe_inst/input_reg_a[0][14]' (pe.v:21) (optimized to 0)
'pe_10_10_inst/pe_gen[12].pe_inst/input_reg_a[1][7]' (pe.v:21) (optimized to 0)
'pe_10_10_inst/pe_gen[12].pe_inst/input_reg_a[1][8]' (pe.v:21) (optimized to 0)
'pe_10_10_inst/pe_gen[12].pe_inst/input_reg_a[1][9]' (pe.v:21) (optimized to 0)
'pe_10_10_inst/pe_gen[12].pe_inst/input_reg_a[1][10]' (pe.v:21) (optimized to 0)
'pe_10_10_inst/pe_gen[12].pe_inst/input_reg_a[1][11]' (pe.v:21) (optimized to 0)
'pe_10_10_inst/pe_gen[12].pe_inst/input_reg_a[1][12]' (pe.v:21) (optimized to 0)
'pe_10_10_inst/pe_gen[12].pe_inst/input_reg_a[1][13]' (pe.v:21) (optimized to 0)
'pe_10_10_inst/pe_gen[12].pe_inst/input_reg_a[1][14]' (pe.v:21) (optimized to 0)
'pe_10_10_inst/pe_gen[21].pe_inst/input_reg_a[0][7]' (pe.v:21) (optimized to 0)
'pe_10_10_inst/pe_gen[21].pe_inst/input_reg_a[0][8]' (pe.v:21) (optimized to 0)
'pe_10_10_inst/pe_gen[21].pe_inst/input_reg_a[0][9]' (pe.v:21) (optimized to 0)
'pe_10_10_inst/pe_gen[21].pe_inst/input_reg_a[0][10]' (pe.v:21) (optimized to 0)
'pe_10_10_inst/pe_gen[21].pe_inst/input_reg_a[0][11]' (pe.v:21) (optimized to 0)
'pe_10_10_inst/pe_gen[21].pe_inst/input_reg_a[0][12]' (pe.v:21) (optimized to 0)
'pe_10_10_inst/pe_gen[21].pe_inst/input_reg_a[0][13]' (pe.v:21) (optimized to 0)
'pe_10_10_inst/pe_gen[21].pe_inst/input_reg_a[0][14]' (pe.v:21) (optimized to 0)
'pe_10_10_inst/pe_gen[21].pe_inst/input_reg_a[1][7]' (pe.v:21) (optimized to 0)
'pe_10_10_inst/pe_gen[21].pe_inst/input_reg_a[1][8]' (pe.v:21) (optimized to 0)
'pe_10_10_inst/pe_gen[21].pe_inst/input_reg_a[1][9]' (pe.v:21) (optimized to 0)
'pe_10_10_inst/pe_gen[21].pe_inst/input_reg_a[1][10]' (pe.v:21) (optimized to 0)
'pe_10_10_inst/pe_gen[21].pe_inst/input_reg_a[1][11]' (pe.v:21) (optimized to 0)
'pe_10_10_inst/pe_gen[21].pe_inst/input_reg_a[1][12]' (pe.v:21) (optimized to 0)
'pe_10_10_inst/pe_gen[21].pe_inst/input_reg_a[1][13]' (pe.v:21) (optimized to 0)
'pe_10_10_inst/pe_gen[21].pe_inst/input_reg_a[1][14]' (pe.v:21) (optimized to 0)
'pe_10_10_inst/pe_gen[30].pe_inst/input_reg_a[0][7]' (pe.v:21) (optimized to 0)
'pe_10_10_inst/pe_gen[30].pe_inst/input_reg_a[0][8]' (pe.v:21) (optimized to 0)
'pe_10_10_inst/pe_gen[30].pe_inst/input_reg_a[0][9]' (pe.v:21) (optimized to 0)
'pe_10_10_inst/pe_gen[30].pe_inst/input_reg_a[0][10]' (pe.v:21) (optimized to 0)
'pe_10_10_inst/pe_gen[30].pe_inst/input_reg_a[0][11]' (pe.v:21) (optimized to 0)
'pe_10_10_inst/pe_gen[30].pe_inst/input_reg_a[0][12]' (pe.v:21) (optimized to 0)
'pe_10_10_inst/pe_gen[30].pe_inst/input_reg_a[0][13]' (pe.v:21) (optimized to 0)
'pe_10_10_inst/pe_gen[30].pe_inst/input_reg_a[0][14]' (pe.v:21) (optimized to 0)
'pe_10_10_inst/pe_gen[30].pe_inst/input_reg_a[1][7]' (pe.v:21) (optimized to 0)
'pe_10_10_inst/pe_gen[30].pe_inst/input_reg_a[1][8]' (pe.v:21) (optimized to 0)
'pe_10_10_inst/pe_gen[30].pe_inst/input_reg_a[1][9]' (pe.v:21) (optimized to 0)
'pe_10_10_inst/pe_gen[30].pe_inst/input_reg_a[1][10]' (pe.v:21) (optimized to 0)
'pe_10_10_inst/pe_gen[30].pe_inst/input_reg_a[1][11]' (pe.v:21) (optimized to 0)
'pe_10_10_inst/pe_gen[30].pe_inst/input_reg_a[1][12]' (pe.v:21) (optimized to 0)
'pe_10_10_inst/pe_gen[30].pe_inst/input_reg_a[1][13]' (pe.v:21) (optimized to 0)
'pe_10_10_inst/pe_gen[30].pe_inst/input_reg_a[1][14]' (pe.v:21) (optimized to 0)
'pe_10_10_inst/pe_gen[12].pe_inst/input_reg_a[2][7]' (pe.v:21) (optimized to 0)
'pe_10_10_inst/pe_gen[12].pe_inst/input_reg_a[2][8]' (pe.v:21) (optimized to 0)
'pe_10_10_inst/pe_gen[12].pe_inst/input_reg_a[2][9]' (pe.v:21) (optimized to 0)
'pe_10_10_inst/pe_gen[12].pe_inst/input_reg_a[2][10]' (pe.v:21) (optimized to 0)
'pe_10_10_inst/pe_gen[12].pe_inst/input_reg_a[2][11]' (pe.v:21) (optimized to 0)
'pe_10_10_inst/pe_gen[12].pe_inst/input_reg_a[2][12]' (pe.v:21) (optimized to 0)
'pe_10_10_inst/pe_gen[12].pe_inst/input_reg_a[2][13]' (pe.v:21) (optimized to 0)
'pe_10_10_inst/pe_gen[12].pe_inst/input_reg_a[2][14]' (pe.v:21) (optimized to 0)
'pe_10_10_inst/pe_gen[21].pe_inst/input_reg_a[2][7]' (pe.v:21) (optimized to 0)
'pe_10_10_inst/pe_gen[21].pe_inst/input_reg_a[2][8]' (pe.v:21) (optimized to 0)
'pe_10_10_inst/pe_gen[21].pe_inst/input_reg_a[2][9]' (pe.v:21) (optimized to 0)
'pe_10_10_inst/pe_gen[21].pe_inst/input_reg_a[2][10]' (pe.v:21) (optimized to 0)
'pe_10_10_inst/pe_gen[21].pe_inst/input_reg_a[2][11]' (pe.v:21) (optimized to 0)
'pe_10_10_inst/pe_gen[21].pe_inst/input_reg_a[2][12]' (pe.v:21) (optimized to 0)
'pe_10_10_inst/pe_gen[21].pe_inst/input_reg_a[2][13]' (pe.v:21) (optimized to 0)
'pe_10_10_inst/pe_gen[21].pe_inst/input_reg_a[2][14]' (pe.v:21) (optimized to 0)
'pe_10_10_inst/pe_gen[30].pe_inst/input_reg_a[2][7]' (pe.v:21) (optimized to 0)
'pe_10_10_inst/pe_gen[30].pe_inst/input_reg_a[2][8]' (pe.v:21) (optimized to 0)
'pe_10_10_inst/pe_gen[30].pe_inst/input_reg_a[2][9]' (pe.v:21) (optimized to 0)
'pe_10_10_inst/pe_gen[30].pe_inst/input_reg_a[2][10]' (pe.v:21) (optimized to 0)
'pe_10_10_inst/pe_gen[30].pe_inst/input_reg_a[2][11]' (pe.v:21) (optimized to 0)
'pe_10_10_inst/pe_gen[30].pe_inst/input_reg_a[2][12]' (pe.v:21) (optimized to 0)
'pe_10_10_inst/pe_gen[30].pe_inst/input_reg_a[2][13]' (pe.v:21) (optimized to 0)
'pe_10_10_inst/pe_gen[30].pe_inst/input_reg_a[2][14]' (pe.v:21) (optimized to 0)
'pe_10_10_inst/pe_gen[0].pe_inst/input_reg_a[0][17]' (pe.v:21) (optimized to 0)
'pe_10_10_inst/pe_gen[0].pe_inst/input_reg_a[0][16]' (pe.v:21) (optimized to 0)
'pe_10_10_inst/pe_gen[2].pe_inst/input_reg_a[0][7]' (pe.v:21) (optimized to 0)
'pe_10_10_inst/pe_gen[2].pe_inst/input_reg_a[0][8]' (pe.v:21) (optimized to 0)
'pe_10_10_inst/pe_gen[2].pe_inst/input_reg_a[0][9]' (pe.v:21) (optimized to 0)
'pe_10_10_inst/pe_gen[2].pe_inst/input_reg_a[0][10]' (pe.v:21) (optimized to 0)
'pe_10_10_inst/pe_gen[2].pe_inst/input_reg_a[0][11]' (pe.v:21) (optimized to 0)
'pe_10_10_inst/pe_gen[2].pe_inst/input_reg_a[0][12]' (pe.v:21) (optimized to 0)
'pe_10_10_inst/pe_gen[2].pe_inst/input_reg_a[0][13]' (pe.v:21) (optimized to 0)
'pe_10_10_inst/pe_gen[2].pe_inst/input_reg_a[0][14]' (pe.v:21) (optimized to 0)
'pe_10_10_inst/pe_gen[11].pe_inst/input_reg_a[0][7]' (pe.v:21) (optimized to 0)
'pe_10_10_inst/pe_gen[11].pe_inst/input_reg_a[0][8]' (pe.v:21) (optimized to 0)
'pe_10_10_inst/pe_gen[11].pe_inst/input_reg_a[0][9]' (pe.v:21) (optimized to 0)
'pe_10_10_inst/pe_gen[11].pe_inst/input_reg_a[0][10]' (pe.v:21) (optimized to 0)
'pe_10_10_inst/pe_gen[11].pe_inst/input_reg_a[0][11]' (pe.v:21) (optimized to 0)
'pe_10_10_inst/pe_gen[11].pe_inst/input_reg_a[0][12]' (pe.v:21) (optimized to 0)
'pe_10_10_inst/pe_gen[11].pe_inst/input_reg_a[0][13]' (pe.v:21) (optimized to 0)
'pe_10_10_inst/pe_gen[11].pe_inst/input_reg_a[0][14]' (pe.v:21) (optimized to 0)
'pe_10_10_inst/pe_gen[11].pe_inst/input_reg_a[1][7]' (pe.v:21) (optimized to 0)
'pe_10_10_inst/pe_gen[11].pe_inst/input_reg_a[1][8]' (pe.v:21) (optimized to 0)
'pe_10_10_inst/pe_gen[11].pe_inst/input_reg_a[1][9]' (pe.v:21) (optimized to 0)
'pe_10_10_inst/pe_gen[11].pe_inst/input_reg_a[1][10]' (pe.v:21) (optimized to 0)
'pe_10_10_inst/pe_gen[11].pe_inst/input_reg_a[1][11]' (pe.v:21) (optimized to 0)
'pe_10_10_inst/pe_gen[11].pe_inst/input_reg_a[1][12]' (pe.v:21) (optimized to 0)
'pe_10_10_inst/pe_gen[11].pe_inst/input_reg_a[1][13]' (pe.v:21) (optimized to 0)
'pe_10_10_inst/pe_gen[11].pe_inst/input_reg_a[1][14]' (pe.v:21) (optimized to 0)
'pe_10_10_inst/pe_gen[20].pe_inst/input_reg_a[0][7]' (pe.v:21) (optimized to 0)
'pe_10_10_inst/pe_gen[20].pe_inst/input_reg_a[0][8]' (pe.v:21) (optimized to 0)
'pe_10_10_inst/pe_gen[20].pe_inst/input_reg_a[0][9]' (pe.v:21) (optimized to 0)
'pe_10_10_inst/pe_gen[20].pe_inst/input_reg_a[0][10]' (pe.v:21) (optimized to 0)
'pe_10_10_inst/pe_gen[20].pe_inst/input_reg_a[0][11]' (pe.v:21) (optimized to 0)
'pe_10_10_inst/pe_gen[20].pe_inst/input_reg_a[0][12]' (pe.v:21) (optimized to 0)
'pe_10_10_inst/pe_gen[20].pe_inst/input_reg_a[0][13]' (pe.v:21) (optimized to 0)
'pe_10_10_inst/pe_gen[20].pe_inst/input_reg_a[0][14]' (pe.v:21) (optimized to 0)
'pe_10_10_inst/pe_gen[20].pe_inst/input_reg_a[1][7]' (pe.v:21) (optimized to 0)
'pe_10_10_inst/pe_gen[20].pe_inst/input_reg_a[1][8]' (pe.v:21) (optimized to 0)
'pe_10_10_inst/pe_gen[20].pe_inst/input_reg_a[1][9]' (pe.v:21) (optimized to 0)
'pe_10_10_inst/pe_gen[20].pe_inst/input_reg_a[1][10]' (pe.v:21) (optimized to 0)
'pe_10_10_inst/pe_gen[20].pe_inst/input_reg_a[1][11]' (pe.v:21) (optimized to 0)
'pe_10_10_inst/pe_gen[20].pe_inst/input_reg_a[1][12]' (pe.v:21) (optimized to 0)
'pe_10_10_inst/pe_gen[20].pe_inst/input_reg_a[1][13]' (pe.v:21) (optimized to 0)
'pe_10_10_inst/pe_gen[20].pe_inst/input_reg_a[1][14]' (pe.v:21) (optimized to 0)
'pe_10_10_inst/pe_gen[11].pe_inst/input_reg_a[2][7]' (pe.v:21) (optimized to 0)
'pe_10_10_inst/pe_gen[11].pe_inst/input_reg_a[2][8]' (pe.v:21) (optimized to 0)
'pe_10_10_inst/pe_gen[11].pe_inst/input_reg_a[2][9]' (pe.v:21) (optimized to 0)
'pe_10_10_inst/pe_gen[11].pe_inst/input_reg_a[2][10]' (pe.v:21) (optimized to 0)
'pe_10_10_inst/pe_gen[11].pe_inst/input_reg_a[2][11]' (pe.v:21) (optimized to 0)
'pe_10_10_inst/pe_gen[11].pe_inst/input_reg_a[2][12]' (pe.v:21) (optimized to 0)
'pe_10_10_inst/pe_gen[11].pe_inst/input_reg_a[2][13]' (pe.v:21) (optimized to 0)
'pe_10_10_inst/pe_gen[11].pe_inst/input_reg_a[2][14]' (pe.v:21) (optimized to 0)
'pe_10_10_inst/pe_gen[20].pe_inst/input_reg_a[2][7]' (pe.v:21) (optimized to 0)
'pe_10_10_inst/pe_gen[20].pe_inst/input_reg_a[2][8]' (pe.v:21) (optimized to 0)
'pe_10_10_inst/pe_gen[20].pe_inst/input_reg_a[2][9]' (pe.v:21) (optimized to 0)
'pe_10_10_inst/pe_gen[20].pe_inst/input_reg_a[2][10]' (pe.v:21) (optimized to 0)
'pe_10_10_inst/pe_gen[20].pe_inst/input_reg_a[2][11]' (pe.v:21) (optimized to 0)
'pe_10_10_inst/pe_gen[20].pe_inst/input_reg_a[2][12]' (pe.v:21) (optimized to 0)
'pe_10_10_inst/pe_gen[20].pe_inst/input_reg_a[2][13]' (pe.v:21) (optimized to 0)
'pe_10_10_inst/pe_gen[20].pe_inst/input_reg_a[2][14]' (pe.v:21) (optimized to 0)
'pe_10_10_inst/pe_gen[1].pe_inst/input_reg_a[0][7]' (pe.v:21) (optimized to 0)
'pe_10_10_inst/pe_gen[1].pe_inst/input_reg_a[0][8]' (pe.v:21) (optimized to 0)
'pe_10_10_inst/pe_gen[1].pe_inst/input_reg_a[0][9]' (pe.v:21) (optimized to 0)
'pe_10_10_inst/pe_gen[1].pe_inst/input_reg_a[0][10]' (pe.v:21) (optimized to 0)
'pe_10_10_inst/pe_gen[1].pe_inst/input_reg_a[0][11]' (pe.v:21) (optimized to 0)
'pe_10_10_inst/pe_gen[1].pe_inst/input_reg_a[0][12]' (pe.v:21) (optimized to 0)
'pe_10_10_inst/pe_gen[1].pe_inst/input_reg_a[0][13]' (pe.v:21) (optimized to 0)
'pe_10_10_inst/pe_gen[1].pe_inst/input_reg_a[0][14]' (pe.v:21) (optimized to 0)
'pe_10_10_inst/pe_gen[10].pe_inst/input_reg_a[0][7]' (pe.v:21) (optimized to 0)
'pe_10_10_inst/pe_gen[10].pe_inst/input_reg_a[0][8]' (pe.v:21) (optimized to 0)
'pe_10_10_inst/pe_gen[10].pe_inst/input_reg_a[0][9]' (pe.v:21) (optimized to 0)
'pe_10_10_inst/pe_gen[10].pe_inst/input_reg_a[0][10]' (pe.v:21) (optimized to 0)
'pe_10_10_inst/pe_gen[10].pe_inst/input_reg_a[0][11]' (pe.v:21) (optimized to 0)
'pe_10_10_inst/pe_gen[10].pe_inst/input_reg_a[0][12]' (pe.v:21) (optimized to 0)
'pe_10_10_inst/pe_gen[10].pe_inst/input_reg_a[0][13]' (pe.v:21) (optimized to 0)
'pe_10_10_inst/pe_gen[10].pe_inst/input_reg_a[0][14]' (pe.v:21) (optimized to 0)
'pe_10_10_inst/pe_gen[10].pe_inst/input_reg_a[1][7]' (pe.v:21) (optimized to 0)
'pe_10_10_inst/pe_gen[10].pe_inst/input_reg_a[1][8]' (pe.v:21) (optimized to 0)
'pe_10_10_inst/pe_gen[10].pe_inst/input_reg_a[1][9]' (pe.v:21) (optimized to 0)
'pe_10_10_inst/pe_gen[10].pe_inst/input_reg_a[1][10]' (pe.v:21) (optimized to 0)
'pe_10_10_inst/pe_gen[10].pe_inst/input_reg_a[1][11]' (pe.v:21) (optimized to 0)
'pe_10_10_inst/pe_gen[10].pe_inst/input_reg_a[1][12]' (pe.v:21) (optimized to 0)
'pe_10_10_inst/pe_gen[10].pe_inst/input_reg_a[1][13]' (pe.v:21) (optimized to 0)
'pe_10_10_inst/pe_gen[10].pe_inst/input_reg_a[1][14]' (pe.v:21) (optimized to 0)
'pe_10_10_inst/pe_gen[10].pe_inst/input_reg_a[2][7]' (pe.v:21) (optimized to 0)
'pe_10_10_inst/pe_gen[10].pe_inst/input_reg_a[2][8]' (pe.v:21) (optimized to 0)
'pe_10_10_inst/pe_gen[10].pe_inst/input_reg_a[2][9]' (pe.v:21) (optimized to 0)
'pe_10_10_inst/pe_gen[10].pe_inst/input_reg_a[2][10]' (pe.v:21) (optimized to 0)
'pe_10_10_inst/pe_gen[10].pe_inst/input_reg_a[2][11]' (pe.v:21) (optimized to 0)
'pe_10_10_inst/pe_gen[10].pe_inst/input_reg_a[2][12]' (pe.v:21) (optimized to 0)
'pe_10_10_inst/pe_gen[10].pe_inst/input_reg_a[2][13]' (pe.v:21) (optimized to 0)
'pe_10_10_inst/pe_gen[10].pe_inst/input_reg_a[2][14]' (pe.v:21) (optimized to 0)
'pe_10_10_inst/pe_gen[0].pe_inst/input_reg_a[0][14]' (pe.v:21) (optimized to 0)
'pe_10_10_inst/pe_gen[0].pe_inst/input_reg_a[0][13]' (pe.v:21) (optimized to 0)
'pe_10_10_inst/pe_gen[0].pe_inst/input_reg_a[0][12]' (pe.v:21) (optimized to 0)
'pe_10_10_inst/pe_gen[0].pe_inst/input_reg_a[0][11]' (pe.v:21) (optimized to 0)
'pe_10_10_inst/pe_gen[0].pe_inst/input_reg_a[0][10]' (pe.v:21) (optimized to 0)
'pe_10_10_inst/pe_gen[0].pe_inst/input_reg_a[0][9]' (pe.v:21) (optimized to 0)
'pe_10_10_inst/pe_gen[0].pe_inst/input_reg_a[0][8]' (pe.v:21) (optimized to 0)
'pe_10_10_inst/pe_gen[0].pe_inst/input_reg_a[0][7]' (pe.v:21) (optimized to 0)
'loard_b_in[1][0]' (pe_10_10_conv_top.v:13) (merged to equivalence)
'pe_10_10_inst/pe_gen[1].pe_inst/op_reg' (pe.v:33) (merged to equivalence)
'ceg_net2' (pe_10_10_conv_top.v:26) (merged to equivalence)
'pe_10_10_inst/pe_gen[11].pe_inst/loard_a_in_opt_reg1' (pe.v:23) (merged to equivalence)
'pe_10_10_inst/pe_gen[11].pe_inst/loard_a_in_opt_reg2' (pe.v:24) (merged to equivalence)
'pe_10_10_inst/pe_gen[11].pe_inst/loard_a_in_opt_reg3' (pe.v:25) (merged to equivalence)
'pe_10_10_inst/pe_gen[11].pe_inst/loard_a_in_opt_reg4' (pe.v:26) (merged to equivalence)
'pe_10_10_inst/pe_gen[11].pe_inst/loard_a_in_opt_reg5' (pe.v:27) (merged to equivalence)
'pe_10_10_inst/pe_gen[11].pe_inst/op_reg' (pe.v:33) (merged to equivalence)
'pe_10_10_inst/pe_gen[21].pe_inst/loard_a_in_opt_reg1' (pe.v:23) (merged to equivalence)
'pe_10_10_inst/pe_gen[21].pe_inst/loard_a_in_opt_reg2' (pe.v:24) (merged to equivalence)
'pe_10_10_inst/pe_gen[21].pe_inst/loard_a_in_opt_reg3' (pe.v:25) (merged to equivalence)
'pe_10_10_inst/pe_gen[21].pe_inst/loard_a_in_opt_reg4' (pe.v:26) (merged to equivalence)
'pe_10_10_inst/pe_gen[21].pe_inst/loard_a_in_opt_reg5' (pe.v:27) (merged to equivalence)
'pe_10_10_inst/pe_gen[21].pe_inst/op_reg' (pe.v:33) (merged to equivalence)
'pe_10_10_inst/pe_gen[31].pe_inst/loard_a_in_opt_reg1' (pe.v:23) (merged to equivalence)
'pe_10_10_inst/pe_gen[31].pe_inst/loard_a_in_opt_reg2' (pe.v:24) (merged to equivalence)
'pe_10_10_inst/pe_gen[31].pe_inst/loard_a_in_opt_reg3' (pe.v:25) (merged to equivalence)
'pe_10_10_inst/pe_gen[31].pe_inst/loard_a_in_opt_reg4' (pe.v:26) (merged to equivalence)
'pe_10_10_inst/pe_gen[31].pe_inst/loard_a_in_opt_reg5' (pe.v:27) (merged to equivalence)
'pe_10_10_inst/pe_gen[31].pe_inst/op_reg' (pe.v:33) (merged to equivalence)
'pe_10_10_inst/pe_gen[41].pe_inst/loard_a_in_opt_reg1' (pe.v:23) (merged to equivalence)
'pe_10_10_inst/pe_gen[41].pe_inst/loard_a_in_opt_reg2' (pe.v:24) (merged to equivalence)
'pe_10_10_inst/pe_gen[41].pe_inst/loard_a_in_opt_reg3' (pe.v:25) (merged to equivalence)
'pe_10_10_inst/pe_gen[41].pe_inst/loard_a_in_opt_reg4' (pe.v:26) (merged to equivalence)
'pe_10_10_inst/pe_gen[41].pe_inst/loard_a_in_opt_reg5' (pe.v:27) (merged to equivalence)
'pe_10_10_inst/pe_gen[41].pe_inst/op_reg' (pe.v:33) (merged to equivalence)
'pe_10_10_inst/pe_gen[51].pe_inst/loard_a_in_opt_reg1' (pe.v:23) (merged to equivalence)
'pe_10_10_inst/pe_gen[51].pe_inst/loard_a_in_opt_reg2' (pe.v:24) (merged to equivalence)
'pe_10_10_inst/pe_gen[51].pe_inst/loard_a_in_opt_reg3' (pe.v:25) (merged to equivalence)
'pe_10_10_inst/pe_gen[51].pe_inst/loard_a_in_opt_reg4' (pe.v:26) (merged to equivalence)
'pe_10_10_inst/pe_gen[51].pe_inst/loard_a_in_opt_reg5' (pe.v:27) (merged to equivalence)
'pe_10_10_inst/pe_gen[51].pe_inst/op_reg' (pe.v:33) (merged to equivalence)
'pe_10_10_inst/pe_gen[61].pe_inst/loard_a_in_opt_reg1' (pe.v:23) (merged to equivalence)
'pe_10_10_inst/pe_gen[61].pe_inst/loard_a_in_opt_reg2' (pe.v:24) (merged to equivalence)
'pe_10_10_inst/pe_gen[61].pe_inst/loard_a_in_opt_reg3' (pe.v:25) (merged to equivalence)
'pe_10_10_inst/pe_gen[61].pe_inst/loard_a_in_opt_reg4' (pe.v:26) (merged to equivalence)
'pe_10_10_inst/pe_gen[61].pe_inst/loard_a_in_opt_reg5' (pe.v:27) (merged to equivalence)
'pe_10_10_inst/pe_gen[61].pe_inst/op_reg' (pe.v:33) (merged to equivalence)
'pe_10_10_inst/pe_gen[71].pe_inst/loard_a_in_opt_reg1' (pe.v:23) (merged to equivalence)
'pe_10_10_inst/pe_gen[71].pe_inst/loard_a_in_opt_reg2' (pe.v:24) (merged to equivalence)
'pe_10_10_inst/pe_gen[71].pe_inst/loard_a_in_opt_reg3' (pe.v:25) (merged to equivalence)
'pe_10_10_inst/pe_gen[71].pe_inst/loard_a_in_opt_reg4' (pe.v:26) (merged to equivalence)
'pe_10_10_inst/pe_gen[71].pe_inst/loard_a_in_opt_reg5' (pe.v:27) (merged to equivalence)
'pe_10_10_inst/pe_gen[71].pe_inst/op_reg' (pe.v:33) (merged to equivalence)
'pe_10_10_inst/pe_gen[81].pe_inst/loard_a_in_opt_reg1' (pe.v:23) (merged to equivalence)
'pe_10_10_inst/pe_gen[81].pe_inst/loard_a_in_opt_reg2' (pe.v:24) (merged to equivalence)
'pe_10_10_inst/pe_gen[81].pe_inst/loard_a_in_opt_reg3' (pe.v:25) (merged to equivalence)
'pe_10_10_inst/pe_gen[81].pe_inst/loard_a_in_opt_reg4' (pe.v:26) (merged to equivalence)
'pe_10_10_inst/pe_gen[81].pe_inst/loard_a_in_opt_reg5' (pe.v:27) (merged to equivalence)
'pe_10_10_inst/pe_gen[81].pe_inst/op_reg' (pe.v:33) (merged to equivalence)
'pe_10_10_inst/pe_gen[91].pe_inst/loard_a_in_opt_reg1' (pe.v:23) (merged to equivalence)
'pe_10_10_inst/pe_gen[91].pe_inst/loard_a_in_opt_reg2' (pe.v:24) (merged to equivalence)
'pe_10_10_inst/pe_gen[91].pe_inst/loard_a_in_opt_reg3' (pe.v:25) (merged to equivalence)
'pe_10_10_inst/pe_gen[91].pe_inst/loard_a_in_opt_reg4' (pe.v:26) (merged to equivalence)
'pe_10_10_inst/pe_gen[91].pe_inst/loard_a_in_opt_reg5' (pe.v:27) (merged to equivalence)
'pe_10_10_inst/pe_gen[91].pe_inst/op_reg' (pe.v:33) (merged to equivalence)
'pe_10_10_inst/pe_gen[92].pe_inst/loard_a_in_opt_reg1' (pe.v:23) (merged to equivalence)
'pe_10_10_inst/pe_gen[92].pe_inst/loard_a_in_opt_reg2' (pe.v:24) (merged to equivalence)
'pe_10_10_inst/pe_gen[92].pe_inst/loard_a_in_opt_reg3' (pe.v:25) (merged to equivalence)
'pe_10_10_inst/pe_gen[92].pe_inst/loard_a_in_opt_reg4' (pe.v:26) (merged to equivalence)
'pe_10_10_inst/pe_gen[92].pe_inst/loard_a_in_opt_reg5' (pe.v:27) (merged to equivalence)
'pe_10_10_inst/pe_gen[92].pe_inst/op_reg' (pe.v:33) (merged to equivalence)
'wdata[110][0]' (pe_10_10_conv_top.v:11) (merged to equivalence)
'pe_10_10_inst/pe_gen[93].pe_inst/loard_a_in_opt_reg1' (pe.v:23) (merged to equivalence)
'pe_10_10_inst/pe_gen[93].pe_inst/loard_a_in_opt_reg2' (pe.v:24) (merged to equivalence)
'pe_10_10_inst/pe_gen[93].pe_inst/loard_a_in_opt_reg3' (pe.v:25) (merged to equivalence)
'pe_10_10_inst/pe_gen[93].pe_inst/loard_a_in_opt_reg4' (pe.v:26) (merged to equivalence)
'pe_10_10_inst/pe_gen[93].pe_inst/loard_a_in_opt_reg5' (pe.v:27) (merged to equivalence)
'pe_10_10_inst/pe_gen[93].pe_inst/op_reg' (pe.v:33) (merged to equivalence)
'pe_10_10_inst/pe_gen[94].pe_inst/loard_a_in_opt_reg1' (pe.v:23) (merged to equivalence)
'pe_10_10_inst/pe_gen[94].pe_inst/loard_a_in_opt_reg2' (pe.v:24) (merged to equivalence)
'pe_10_10_inst/pe_gen[94].pe_inst/loard_a_in_opt_reg3' (pe.v:25) (merged to equivalence)
'pe_10_10_inst/pe_gen[94].pe_inst/loard_a_in_opt_reg4' (pe.v:26) (merged to equivalence)
'pe_10_10_inst/pe_gen[94].pe_inst/loard_a_in_opt_reg5' (pe.v:27) (merged to equivalence)
'pe_10_10_inst/pe_gen[94].pe_inst/op_reg' (pe.v:33) (merged to equivalence)
'wdata[112][0]' (pe_10_10_conv_top.v:11) (merged to equivalence)
'pe_10_10_inst/pe_gen[95].pe_inst/loard_a_in_opt_reg1' (pe.v:23) (merged to equivalence)
'pe_10_10_inst/pe_gen[95].pe_inst/loard_a_in_opt_reg2' (pe.v:24) (merged to equivalence)
'pe_10_10_inst/pe_gen[95].pe_inst/loard_a_in_opt_reg3' (pe.v:25) (merged to equivalence)
'pe_10_10_inst/pe_gen[95].pe_inst/loard_a_in_opt_reg4' (pe.v:26) (merged to equivalence)
'pe_10_10_inst/pe_gen[95].pe_inst/loard_a_in_opt_reg5' (pe.v:27) (merged to equivalence)
'pe_10_10_inst/pe_gen[95].pe_inst/op_reg' (pe.v:33) (merged to equivalence)
'pe_10_10_inst/pe_gen[96].pe_inst/loard_a_in_opt_reg1' (pe.v:23) (merged to equivalence)
'pe_10_10_inst/pe_gen[96].pe_inst/loard_a_in_opt_reg2' (pe.v:24) (merged to equivalence)
'pe_10_10_inst/pe_gen[96].pe_inst/loard_a_in_opt_reg3' (pe.v:25) (merged to equivalence)
'pe_10_10_inst/pe_gen[96].pe_inst/loard_a_in_opt_reg4' (pe.v:26) (merged to equivalence)
'pe_10_10_inst/pe_gen[96].pe_inst/loard_a_in_opt_reg5' (pe.v:27) (merged to equivalence)
'pe_10_10_inst/pe_gen[96].pe_inst/op_reg' (pe.v:33) (merged to equivalence)
'wdata[114][0]' (pe_10_10_conv_top.v:11) (merged to equivalence)
'pe_10_10_inst/pe_gen[97].pe_inst/loard_a_in_opt_reg1' (pe.v:23) (merged to equivalence)
'pe_10_10_inst/pe_gen[97].pe_inst/loard_a_in_opt_reg2' (pe.v:24) (merged to equivalence)
'pe_10_10_inst/pe_gen[97].pe_inst/loard_a_in_opt_reg3' (pe.v:25) (merged to equivalence)
'pe_10_10_inst/pe_gen[97].pe_inst/loard_a_in_opt_reg4' (pe.v:26) (merged to equivalence)
'pe_10_10_inst/pe_gen[97].pe_inst/loard_a_in_opt_reg5' (pe.v:27) (merged to equivalence)
'pe_10_10_inst/pe_gen[97].pe_inst/op_reg' (pe.v:33) (merged to equivalence)
'pe_10_10_inst/pe_gen[98].pe_inst/loard_a_in_opt_reg1' (pe.v:23) (merged to equivalence)
'pe_10_10_inst/pe_gen[98].pe_inst/loard_a_in_opt_reg2' (pe.v:24) (merged to equivalence)
'pe_10_10_inst/pe_gen[98].pe_inst/loard_a_in_opt_reg3' (pe.v:25) (merged to equivalence)
'pe_10_10_inst/pe_gen[98].pe_inst/loard_a_in_opt_reg4' (pe.v:26) (merged to equivalence)
'pe_10_10_inst/pe_gen[98].pe_inst/loard_a_in_opt_reg5' (pe.v:27) (merged to equivalence)
'pe_10_10_inst/pe_gen[98].pe_inst/op_reg' (pe.v:33) (merged to equivalence)
'wdata[116][0]' (pe_10_10_conv_top.v:11) (merged to equivalence)
'pe_10_10_inst/pe_gen[82].pe_inst/loard_a_in_opt_reg1' (pe.v:23) (merged to equivalence)
'pe_10_10_inst/pe_gen[82].pe_inst/loard_a_in_opt_reg2' (pe.v:24) (merged to equivalence)
'pe_10_10_inst/pe_gen[82].pe_inst/loard_a_in_opt_reg3' (pe.v:25) (merged to equivalence)
'pe_10_10_inst/pe_gen[82].pe_inst/loard_a_in_opt_reg4' (pe.v:26) (merged to equivalence)
'pe_10_10_inst/pe_gen[82].pe_inst/loard_a_in_opt_reg5' (pe.v:27) (merged to equivalence)
'pe_10_10_inst/pe_gen[82].pe_inst/op_reg' (pe.v:33) (merged to equivalence)
'wdata[98][0]' (pe_10_10_conv_top.v:11) (merged to equivalence)
'pe_10_10_inst/pe_gen[83].pe_inst/loard_a_in_opt_reg1' (pe.v:23) (merged to equivalence)
'pe_10_10_inst/pe_gen[83].pe_inst/loard_a_in_opt_reg2' (pe.v:24) (merged to equivalence)
'pe_10_10_inst/pe_gen[83].pe_inst/loard_a_in_opt_reg3' (pe.v:25) (merged to equivalence)
'pe_10_10_inst/pe_gen[83].pe_inst/loard_a_in_opt_reg4' (pe.v:26) (merged to equivalence)
'pe_10_10_inst/pe_gen[83].pe_inst/loard_a_in_opt_reg5' (pe.v:27) (merged to equivalence)
'pe_10_10_inst/pe_gen[83].pe_inst/op_reg' (pe.v:33) (merged to equivalence)
'pe_10_10_inst/pe_gen[84].pe_inst/loard_a_in_opt_reg1' (pe.v:23) (merged to equivalence)
'pe_10_10_inst/pe_gen[84].pe_inst/loard_a_in_opt_reg2' (pe.v:24) (merged to equivalence)
'pe_10_10_inst/pe_gen[84].pe_inst/loard_a_in_opt_reg3' (pe.v:25) (merged to equivalence)
'pe_10_10_inst/pe_gen[84].pe_inst/loard_a_in_opt_reg4' (pe.v:26) (merged to equivalence)
'pe_10_10_inst/pe_gen[84].pe_inst/loard_a_in_opt_reg5' (pe.v:27) (merged to equivalence)
'pe_10_10_inst/pe_gen[84].pe_inst/op_reg' (pe.v:33) (merged to equivalence)
'wdata[100][0]' (pe_10_10_conv_top.v:11) (merged to equivalence)
'pe_10_10_inst/pe_gen[85].pe_inst/loard_a_in_opt_reg1' (pe.v:23) (merged to equivalence)
'pe_10_10_inst/pe_gen[85].pe_inst/loard_a_in_opt_reg2' (pe.v:24) (merged to equivalence)
'pe_10_10_inst/pe_gen[85].pe_inst/loard_a_in_opt_reg3' (pe.v:25) (merged to equivalence)
'pe_10_10_inst/pe_gen[85].pe_inst/loard_a_in_opt_reg4' (pe.v:26) (merged to equivalence)
'pe_10_10_inst/pe_gen[85].pe_inst/loard_a_in_opt_reg5' (pe.v:27) (merged to equivalence)
'pe_10_10_inst/pe_gen[85].pe_inst/op_reg' (pe.v:33) (merged to equivalence)
'pe_10_10_inst/pe_gen[86].pe_inst/loard_a_in_opt_reg1' (pe.v:23) (merged to equivalence)
'pe_10_10_inst/pe_gen[86].pe_inst/loard_a_in_opt_reg2' (pe.v:24) (merged to equivalence)
'pe_10_10_inst/pe_gen[86].pe_inst/loard_a_in_opt_reg3' (pe.v:25) (merged to equivalence)
'pe_10_10_inst/pe_gen[86].pe_inst/loard_a_in_opt_reg4' (pe.v:26) (merged to equivalence)
'pe_10_10_inst/pe_gen[86].pe_inst/loard_a_in_opt_reg5' (pe.v:27) (merged to equivalence)
'pe_10_10_inst/pe_gen[86].pe_inst/op_reg' (pe.v:33) (merged to equivalence)
'wdata[102][0]' (pe_10_10_conv_top.v:11) (merged to equivalence)
'pe_10_10_inst/pe_gen[87].pe_inst/loard_a_in_opt_reg1' (pe.v:23) (merged to equivalence)
'pe_10_10_inst/pe_gen[87].pe_inst/loard_a_in_opt_reg2' (pe.v:24) (merged to equivalence)
'pe_10_10_inst/pe_gen[87].pe_inst/loard_a_in_opt_reg3' (pe.v:25) (merged to equivalence)
'pe_10_10_inst/pe_gen[87].pe_inst/loard_a_in_opt_reg4' (pe.v:26) (merged to equivalence)
'pe_10_10_inst/pe_gen[87].pe_inst/loard_a_in_opt_reg5' (pe.v:27) (merged to equivalence)
'pe_10_10_inst/pe_gen[87].pe_inst/op_reg' (pe.v:33) (merged to equivalence)
'pe_10_10_inst/pe_gen[88].pe_inst/loard_a_in_opt_reg1' (pe.v:23) (merged to equivalence)
'pe_10_10_inst/pe_gen[88].pe_inst/loard_a_in_opt_reg2' (pe.v:24) (merged to equivalence)
'pe_10_10_inst/pe_gen[88].pe_inst/loard_a_in_opt_reg3' (pe.v:25) (merged to equivalence)
'pe_10_10_inst/pe_gen[88].pe_inst/loard_a_in_opt_reg4' (pe.v:26) (merged to equivalence)
'pe_10_10_inst/pe_gen[88].pe_inst/loard_a_in_opt_reg5' (pe.v:27) (merged to equivalence)
'pe_10_10_inst/pe_gen[88].pe_inst/op_reg' (pe.v:33) (merged to equivalence)
'wdata[104][0]' (pe_10_10_conv_top.v:11) (merged to equivalence)
'pe_10_10_inst/pe_gen[72].pe_inst/loard_a_in_opt_reg1' (pe.v:23) (merged to equivalence)
'pe_10_10_inst/pe_gen[72].pe_inst/loard_a_in_opt_reg2' (pe.v:24) (merged to equivalence)
'pe_10_10_inst/pe_gen[72].pe_inst/loard_a_in_opt_reg3' (pe.v:25) (merged to equivalence)
'pe_10_10_inst/pe_gen[72].pe_inst/loard_a_in_opt_reg4' (pe.v:26) (merged to equivalence)
'pe_10_10_inst/pe_gen[72].pe_inst/loard_a_in_opt_reg5' (pe.v:27) (merged to equivalence)
'pe_10_10_inst/pe_gen[72].pe_inst/op_reg' (pe.v:33) (merged to equivalence)
'wdata[86][0]' (pe_10_10_conv_top.v:11) (merged to equivalence)
'pe_10_10_inst/pe_gen[73].pe_inst/loard_a_in_opt_reg1' (pe.v:23) (merged to equivalence)
'pe_10_10_inst/pe_gen[73].pe_inst/loard_a_in_opt_reg2' (pe.v:24) (merged to equivalence)
'pe_10_10_inst/pe_gen[73].pe_inst/loard_a_in_opt_reg3' (pe.v:25) (merged to equivalence)
'pe_10_10_inst/pe_gen[73].pe_inst/loard_a_in_opt_reg4' (pe.v:26) (merged to equivalence)
'pe_10_10_inst/pe_gen[73].pe_inst/loard_a_in_opt_reg5' (pe.v:27) (merged to equivalence)
'pe_10_10_inst/pe_gen[73].pe_inst/op_reg' (pe.v:33) (merged to equivalence)
'pe_10_10_inst/pe_gen[74].pe_inst/loard_a_in_opt_reg1' (pe.v:23) (merged to equivalence)
'pe_10_10_inst/pe_gen[74].pe_inst/loard_a_in_opt_reg2' (pe.v:24) (merged to equivalence)
'pe_10_10_inst/pe_gen[74].pe_inst/loard_a_in_opt_reg3' (pe.v:25) (merged to equivalence)
'pe_10_10_inst/pe_gen[74].pe_inst/loard_a_in_opt_reg4' (pe.v:26) (merged to equivalence)
'pe_10_10_inst/pe_gen[74].pe_inst/loard_a_in_opt_reg5' (pe.v:27) (merged to equivalence)
'pe_10_10_inst/pe_gen[74].pe_inst/op_reg' (pe.v:33) (merged to equivalence)
'wdata[88][0]' (pe_10_10_conv_top.v:11) (merged to equivalence)
'pe_10_10_inst/pe_gen[75].pe_inst/loard_a_in_opt_reg1' (pe.v:23) (merged to equivalence)
'pe_10_10_inst/pe_gen[75].pe_inst/loard_a_in_opt_reg2' (pe.v:24) (merged to equivalence)
'pe_10_10_inst/pe_gen[75].pe_inst/loard_a_in_opt_reg3' (pe.v:25) (merged to equivalence)
'pe_10_10_inst/pe_gen[75].pe_inst/loard_a_in_opt_reg4' (pe.v:26) (merged to equivalence)
'pe_10_10_inst/pe_gen[75].pe_inst/loard_a_in_opt_reg5' (pe.v:27) (merged to equivalence)
'pe_10_10_inst/pe_gen[75].pe_inst/op_reg' (pe.v:33) (merged to equivalence)
'pe_10_10_inst/pe_gen[76].pe_inst/loard_a_in_opt_reg1' (pe.v:23) (merged to equivalence)
'pe_10_10_inst/pe_gen[76].pe_inst/loard_a_in_opt_reg2' (pe.v:24) (merged to equivalence)
'pe_10_10_inst/pe_gen[76].pe_inst/loard_a_in_opt_reg3' (pe.v:25) (merged to equivalence)
'pe_10_10_inst/pe_gen[76].pe_inst/loard_a_in_opt_reg4' (pe.v:26) (merged to equivalence)
'pe_10_10_inst/pe_gen[76].pe_inst/loard_a_in_opt_reg5' (pe.v:27) (merged to equivalence)
'pe_10_10_inst/pe_gen[76].pe_inst/op_reg' (pe.v:33) (merged to equivalence)
'wdata[90][0]' (pe_10_10_conv_top.v:11) (merged to equivalence)
'pe_10_10_inst/pe_gen[77].pe_inst/loard_a_in_opt_reg1' (pe.v:23) (merged to equivalence)
'pe_10_10_inst/pe_gen[77].pe_inst/loard_a_in_opt_reg2' (pe.v:24) (merged to equivalence)
'pe_10_10_inst/pe_gen[77].pe_inst/loard_a_in_opt_reg3' (pe.v:25) (merged to equivalence)
'pe_10_10_inst/pe_gen[77].pe_inst/loard_a_in_opt_reg4' (pe.v:26) (merged to equivalence)
'pe_10_10_inst/pe_gen[77].pe_inst/loard_a_in_opt_reg5' (pe.v:27) (merged to equivalence)
'pe_10_10_inst/pe_gen[77].pe_inst/op_reg' (pe.v:33) (merged to equivalence)
'pe_10_10_inst/pe_gen[78].pe_inst/loard_a_in_opt_reg1' (pe.v:23) (merged to equivalence)
'pe_10_10_inst/pe_gen[78].pe_inst/loard_a_in_opt_reg2' (pe.v:24) (merged to equivalence)
'pe_10_10_inst/pe_gen[78].pe_inst/loard_a_in_opt_reg3' (pe.v:25) (merged to equivalence)
'pe_10_10_inst/pe_gen[78].pe_inst/loard_a_in_opt_reg4' (pe.v:26) (merged to equivalence)
'pe_10_10_inst/pe_gen[78].pe_inst/loard_a_in_opt_reg5' (pe.v:27) (merged to equivalence)
'pe_10_10_inst/pe_gen[78].pe_inst/op_reg' (pe.v:33) (merged to equivalence)
'wdata[92][0]' (pe_10_10_conv_top.v:11) (merged to equivalence)
'pe_10_10_inst/pe_gen[62].pe_inst/loard_a_in_opt_reg1' (pe.v:23) (merged to equivalence)
'pe_10_10_inst/pe_gen[62].pe_inst/loard_a_in_opt_reg2' (pe.v:24) (merged to equivalence)
'pe_10_10_inst/pe_gen[62].pe_inst/loard_a_in_opt_reg3' (pe.v:25) (merged to equivalence)
'pe_10_10_inst/pe_gen[62].pe_inst/loard_a_in_opt_reg4' (pe.v:26) (merged to equivalence)
'pe_10_10_inst/pe_gen[62].pe_inst/loard_a_in_opt_reg5' (pe.v:27) (merged to equivalence)
'pe_10_10_inst/pe_gen[62].pe_inst/op_reg' (pe.v:33) (merged to equivalence)
'wdata[74][0]' (pe_10_10_conv_top.v:11) (merged to equivalence)
'pe_10_10_inst/pe_gen[63].pe_inst/loard_a_in_opt_reg1' (pe.v:23) (merged to equivalence)
'pe_10_10_inst/pe_gen[63].pe_inst/loard_a_in_opt_reg2' (pe.v:24) (merged to equivalence)
'pe_10_10_inst/pe_gen[63].pe_inst/loard_a_in_opt_reg3' (pe.v:25) (merged to equivalence)
'pe_10_10_inst/pe_gen[63].pe_inst/loard_a_in_opt_reg4' (pe.v:26) (merged to equivalence)
'pe_10_10_inst/pe_gen[63].pe_inst/loard_a_in_opt_reg5' (pe.v:27) (merged to equivalence)
'pe_10_10_inst/pe_gen[63].pe_inst/op_reg' (pe.v:33) (merged to equivalence)
'pe_10_10_inst/pe_gen[64].pe_inst/loard_a_in_opt_reg1' (pe.v:23) (merged to equivalence)
'pe_10_10_inst/pe_gen[64].pe_inst/loard_a_in_opt_reg2' (pe.v:24) (merged to equivalence)
'pe_10_10_inst/pe_gen[64].pe_inst/loard_a_in_opt_reg3' (pe.v:25) (merged to equivalence)
'pe_10_10_inst/pe_gen[64].pe_inst/loard_a_in_opt_reg4' (pe.v:26) (merged to equivalence)
'pe_10_10_inst/pe_gen[64].pe_inst/loard_a_in_opt_reg5' (pe.v:27) (merged to equivalence)
'pe_10_10_inst/pe_gen[64].pe_inst/op_reg' (pe.v:33) (merged to equivalence)
'wdata[76][0]' (pe_10_10_conv_top.v:11) (merged to equivalence)
'pe_10_10_inst/pe_gen[65].pe_inst/loard_a_in_opt_reg1' (pe.v:23) (merged to equivalence)
'pe_10_10_inst/pe_gen[65].pe_inst/loard_a_in_opt_reg2' (pe.v:24) (merged to equivalence)
'pe_10_10_inst/pe_gen[65].pe_inst/loard_a_in_opt_reg3' (pe.v:25) (merged to equivalence)
'pe_10_10_inst/pe_gen[65].pe_inst/loard_a_in_opt_reg4' (pe.v:26) (merged to equivalence)
'pe_10_10_inst/pe_gen[65].pe_inst/loard_a_in_opt_reg5' (pe.v:27) (merged to equivalence)
'pe_10_10_inst/pe_gen[65].pe_inst/op_reg' (pe.v:33) (merged to equivalence)
'pe_10_10_inst/pe_gen[66].pe_inst/loard_a_in_opt_reg1' (pe.v:23) (merged to equivalence)
'pe_10_10_inst/pe_gen[66].pe_inst/loard_a_in_opt_reg2' (pe.v:24) (merged to equivalence)
'pe_10_10_inst/pe_gen[66].pe_inst/loard_a_in_opt_reg3' (pe.v:25) (merged to equivalence)
'pe_10_10_inst/pe_gen[66].pe_inst/loard_a_in_opt_reg4' (pe.v:26) (merged to equivalence)
'pe_10_10_inst/pe_gen[66].pe_inst/loard_a_in_opt_reg5' (pe.v:27) (merged to equivalence)
'pe_10_10_inst/pe_gen[66].pe_inst/op_reg' (pe.v:33) (merged to equivalence)
'wdata[78][0]' (pe_10_10_conv_top.v:11) (merged to equivalence)
'pe_10_10_inst/pe_gen[67].pe_inst/loard_a_in_opt_reg1' (pe.v:23) (merged to equivalence)
'pe_10_10_inst/pe_gen[67].pe_inst/loard_a_in_opt_reg2' (pe.v:24) (merged to equivalence)
'pe_10_10_inst/pe_gen[67].pe_inst/loard_a_in_opt_reg3' (pe.v:25) (merged to equivalence)
'pe_10_10_inst/pe_gen[67].pe_inst/loard_a_in_opt_reg4' (pe.v:26) (merged to equivalence)
'pe_10_10_inst/pe_gen[67].pe_inst/loard_a_in_opt_reg5' (pe.v:27) (merged to equivalence)
'pe_10_10_inst/pe_gen[67].pe_inst/op_reg' (pe.v:33) (merged to equivalence)
'pe_10_10_inst/pe_gen[68].pe_inst/loard_a_in_opt_reg1' (pe.v:23) (merged to equivalence)
'pe_10_10_inst/pe_gen[68].pe_inst/loard_a_in_opt_reg2' (pe.v:24) (merged to equivalence)
'pe_10_10_inst/pe_gen[68].pe_inst/loard_a_in_opt_reg3' (pe.v:25) (merged to equivalence)
'pe_10_10_inst/pe_gen[68].pe_inst/loard_a_in_opt_reg4' (pe.v:26) (merged to equivalence)
'pe_10_10_inst/pe_gen[68].pe_inst/loard_a_in_opt_reg5' (pe.v:27) (merged to equivalence)
'pe_10_10_inst/pe_gen[68].pe_inst/op_reg' (pe.v:33) (merged to equivalence)
'wdata[80][0]' (pe_10_10_conv_top.v:11) (merged to equivalence)
'pe_10_10_inst/pe_gen[52].pe_inst/loard_a_in_opt_reg1' (pe.v:23) (merged to equivalence)
'pe_10_10_inst/pe_gen[52].pe_inst/loard_a_in_opt_reg2' (pe.v:24) (merged to equivalence)
'pe_10_10_inst/pe_gen[52].pe_inst/loard_a_in_opt_reg3' (pe.v:25) (merged to equivalence)
'pe_10_10_inst/pe_gen[52].pe_inst/loard_a_in_opt_reg4' (pe.v:26) (merged to equivalence)
'pe_10_10_inst/pe_gen[52].pe_inst/loard_a_in_opt_reg5' (pe.v:27) (merged to equivalence)
'pe_10_10_inst/pe_gen[52].pe_inst/op_reg' (pe.v:33) (merged to equivalence)
'wdata[62][0]' (pe_10_10_conv_top.v:11) (merged to equivalence)
'pe_10_10_inst/pe_gen[53].pe_inst/loard_a_in_opt_reg1' (pe.v:23) (merged to equivalence)
'pe_10_10_inst/pe_gen[53].pe_inst/loard_a_in_opt_reg2' (pe.v:24) (merged to equivalence)
'pe_10_10_inst/pe_gen[53].pe_inst/loard_a_in_opt_reg3' (pe.v:25) (merged to equivalence)
'pe_10_10_inst/pe_gen[53].pe_inst/loard_a_in_opt_reg4' (pe.v:26) (merged to equivalence)
'pe_10_10_inst/pe_gen[53].pe_inst/loard_a_in_opt_reg5' (pe.v:27) (merged to equivalence)
'pe_10_10_inst/pe_gen[53].pe_inst/op_reg' (pe.v:33) (merged to equivalence)
'pe_10_10_inst/pe_gen[54].pe_inst/loard_a_in_opt_reg1' (pe.v:23) (merged to equivalence)
'pe_10_10_inst/pe_gen[54].pe_inst/loard_a_in_opt_reg2' (pe.v:24) (merged to equivalence)
'pe_10_10_inst/pe_gen[54].pe_inst/loard_a_in_opt_reg3' (pe.v:25) (merged to equivalence)
'pe_10_10_inst/pe_gen[54].pe_inst/loard_a_in_opt_reg4' (pe.v:26) (merged to equivalence)
'pe_10_10_inst/pe_gen[54].pe_inst/loard_a_in_opt_reg5' (pe.v:27) (merged to equivalence)
'pe_10_10_inst/pe_gen[54].pe_inst/op_reg' (pe.v:33) (merged to equivalence)
'wdata[64][0]' (pe_10_10_conv_top.v:11) (merged to equivalence)
'pe_10_10_inst/pe_gen[55].pe_inst/loard_a_in_opt_reg1' (pe.v:23) (merged to equivalence)
'pe_10_10_inst/pe_gen[55].pe_inst/loard_a_in_opt_reg2' (pe.v:24) (merged to equivalence)
'pe_10_10_inst/pe_gen[55].pe_inst/loard_a_in_opt_reg3' (pe.v:25) (merged to equivalence)
'pe_10_10_inst/pe_gen[55].pe_inst/loard_a_in_opt_reg4' (pe.v:26) (merged to equivalence)
'pe_10_10_inst/pe_gen[55].pe_inst/loard_a_in_opt_reg5' (pe.v:27) (merged to equivalence)
'pe_10_10_inst/pe_gen[55].pe_inst/op_reg' (pe.v:33) (merged to equivalence)
'pe_10_10_inst/pe_gen[56].pe_inst/loard_a_in_opt_reg1' (pe.v:23) (merged to equivalence)
'pe_10_10_inst/pe_gen[56].pe_inst/loard_a_in_opt_reg2' (pe.v:24) (merged to equivalence)
'pe_10_10_inst/pe_gen[56].pe_inst/loard_a_in_opt_reg3' (pe.v:25) (merged to equivalence)
'pe_10_10_inst/pe_gen[56].pe_inst/loard_a_in_opt_reg4' (pe.v:26) (merged to equivalence)
'pe_10_10_inst/pe_gen[56].pe_inst/loard_a_in_opt_reg5' (pe.v:27) (merged to equivalence)
'pe_10_10_inst/pe_gen[56].pe_inst/op_reg' (pe.v:33) (merged to equivalence)
'wdata[66][0]' (pe_10_10_conv_top.v:11) (merged to equivalence)
'pe_10_10_inst/pe_gen[57].pe_inst/loard_a_in_opt_reg1' (pe.v:23) (merged to equivalence)
'pe_10_10_inst/pe_gen[57].pe_inst/loard_a_in_opt_reg2' (pe.v:24) (merged to equivalence)
'pe_10_10_inst/pe_gen[57].pe_inst/loard_a_in_opt_reg3' (pe.v:25) (merged to equivalence)
'pe_10_10_inst/pe_gen[57].pe_inst/loard_a_in_opt_reg4' (pe.v:26) (merged to equivalence)
'pe_10_10_inst/pe_gen[57].pe_inst/loard_a_in_opt_reg5' (pe.v:27) (merged to equivalence)
'pe_10_10_inst/pe_gen[57].pe_inst/op_reg' (pe.v:33) (merged to equivalence)
'pe_10_10_inst/pe_gen[58].pe_inst/loard_a_in_opt_reg1' (pe.v:23) (merged to equivalence)
'pe_10_10_inst/pe_gen[58].pe_inst/loard_a_in_opt_reg2' (pe.v:24) (merged to equivalence)
'pe_10_10_inst/pe_gen[58].pe_inst/loard_a_in_opt_reg3' (pe.v:25) (merged to equivalence)
'pe_10_10_inst/pe_gen[58].pe_inst/loard_a_in_opt_reg4' (pe.v:26) (merged to equivalence)
'pe_10_10_inst/pe_gen[58].pe_inst/loard_a_in_opt_reg5' (pe.v:27) (merged to equivalence)
'pe_10_10_inst/pe_gen[58].pe_inst/op_reg' (pe.v:33) (merged to equivalence)
'wdata[68][0]' (pe_10_10_conv_top.v:11) (merged to equivalence)
'pe_10_10_inst/pe_gen[42].pe_inst/loard_a_in_opt_reg1' (pe.v:23) (merged to equivalence)
'pe_10_10_inst/pe_gen[42].pe_inst/loard_a_in_opt_reg2' (pe.v:24) (merged to equivalence)
'pe_10_10_inst/pe_gen[42].pe_inst/loard_a_in_opt_reg3' (pe.v:25) (merged to equivalence)
'pe_10_10_inst/pe_gen[42].pe_inst/loard_a_in_opt_reg4' (pe.v:26) (merged to equivalence)
'pe_10_10_inst/pe_gen[42].pe_inst/loard_a_in_opt_reg5' (pe.v:27) (merged to equivalence)
'pe_10_10_inst/pe_gen[42].pe_inst/op_reg' (pe.v:33) (merged to equivalence)
'wdata[50][0]' (pe_10_10_conv_top.v:11) (merged to equivalence)
'pe_10_10_inst/pe_gen[43].pe_inst/loard_a_in_opt_reg1' (pe.v:23) (merged to equivalence)
'pe_10_10_inst/pe_gen[43].pe_inst/loard_a_in_opt_reg2' (pe.v:24) (merged to equivalence)
'pe_10_10_inst/pe_gen[43].pe_inst/loard_a_in_opt_reg3' (pe.v:25) (merged to equivalence)
'pe_10_10_inst/pe_gen[43].pe_inst/loard_a_in_opt_reg4' (pe.v:26) (merged to equivalence)
'pe_10_10_inst/pe_gen[43].pe_inst/loard_a_in_opt_reg5' (pe.v:27) (merged to equivalence)
'pe_10_10_inst/pe_gen[43].pe_inst/op_reg' (pe.v:33) (merged to equivalence)
'pe_10_10_inst/pe_gen[44].pe_inst/loard_a_in_opt_reg1' (pe.v:23) (merged to equivalence)
'pe_10_10_inst/pe_gen[44].pe_inst/loard_a_in_opt_reg2' (pe.v:24) (merged to equivalence)
'pe_10_10_inst/pe_gen[44].pe_inst/loard_a_in_opt_reg3' (pe.v:25) (merged to equivalence)
'pe_10_10_inst/pe_gen[44].pe_inst/loard_a_in_opt_reg4' (pe.v:26) (merged to equivalence)
'pe_10_10_inst/pe_gen[44].pe_inst/loard_a_in_opt_reg5' (pe.v:27) (merged to equivalence)
'pe_10_10_inst/pe_gen[44].pe_inst/op_reg' (pe.v:33) (merged to equivalence)
'wdata[52][0]' (pe_10_10_conv_top.v:11) (merged to equivalence)
'pe_10_10_inst/pe_gen[45].pe_inst/loard_a_in_opt_reg1' (pe.v:23) (merged to equivalence)
'pe_10_10_inst/pe_gen[45].pe_inst/loard_a_in_opt_reg2' (pe.v:24) (merged to equivalence)
'pe_10_10_inst/pe_gen[45].pe_inst/loard_a_in_opt_reg3' (pe.v:25) (merged to equivalence)
'pe_10_10_inst/pe_gen[45].pe_inst/loard_a_in_opt_reg4' (pe.v:26) (merged to equivalence)
'pe_10_10_inst/pe_gen[45].pe_inst/loard_a_in_opt_reg5' (pe.v:27) (merged to equivalence)
'pe_10_10_inst/pe_gen[45].pe_inst/op_reg' (pe.v:33) (merged to equivalence)
'pe_10_10_inst/pe_gen[46].pe_inst/loard_a_in_opt_reg1' (pe.v:23) (merged to equivalence)
'pe_10_10_inst/pe_gen[46].pe_inst/loard_a_in_opt_reg2' (pe.v:24) (merged to equivalence)
'pe_10_10_inst/pe_gen[46].pe_inst/loard_a_in_opt_reg3' (pe.v:25) (merged to equivalence)
'pe_10_10_inst/pe_gen[46].pe_inst/loard_a_in_opt_reg4' (pe.v:26) (merged to equivalence)
'pe_10_10_inst/pe_gen[46].pe_inst/loard_a_in_opt_reg5' (pe.v:27) (merged to equivalence)
'pe_10_10_inst/pe_gen[46].pe_inst/op_reg' (pe.v:33) (merged to equivalence)
'wdata[54][0]' (pe_10_10_conv_top.v:11) (merged to equivalence)
'pe_10_10_inst/pe_gen[47].pe_inst/loard_a_in_opt_reg1' (pe.v:23) (merged to equivalence)
'pe_10_10_inst/pe_gen[47].pe_inst/loard_a_in_opt_reg2' (pe.v:24) (merged to equivalence)
'pe_10_10_inst/pe_gen[47].pe_inst/loard_a_in_opt_reg3' (pe.v:25) (merged to equivalence)
'pe_10_10_inst/pe_gen[47].pe_inst/loard_a_in_opt_reg4' (pe.v:26) (merged to equivalence)
'pe_10_10_inst/pe_gen[47].pe_inst/loard_a_in_opt_reg5' (pe.v:27) (merged to equivalence)
'pe_10_10_inst/pe_gen[47].pe_inst/op_reg' (pe.v:33) (merged to equivalence)
'pe_10_10_inst/pe_gen[48].pe_inst/loard_a_in_opt_reg1' (pe.v:23) (merged to equivalence)
'pe_10_10_inst/pe_gen[48].pe_inst/loard_a_in_opt_reg2' (pe.v:24) (merged to equivalence)
'pe_10_10_inst/pe_gen[48].pe_inst/loard_a_in_opt_reg3' (pe.v:25) (merged to equivalence)
'pe_10_10_inst/pe_gen[48].pe_inst/loard_a_in_opt_reg4' (pe.v:26) (merged to equivalence)
'pe_10_10_inst/pe_gen[48].pe_inst/loard_a_in_opt_reg5' (pe.v:27) (merged to equivalence)
'pe_10_10_inst/pe_gen[48].pe_inst/op_reg' (pe.v:33) (merged to equivalence)
'wdata[56][0]' (pe_10_10_conv_top.v:11) (merged to equivalence)
'pe_10_10_inst/pe_gen[32].pe_inst/loard_a_in_opt_reg1' (pe.v:23) (merged to equivalence)
'pe_10_10_inst/pe_gen[32].pe_inst/loard_a_in_opt_reg2' (pe.v:24) (merged to equivalence)
'pe_10_10_inst/pe_gen[32].pe_inst/loard_a_in_opt_reg3' (pe.v:25) (merged to equivalence)
'pe_10_10_inst/pe_gen[32].pe_inst/loard_a_in_opt_reg4' (pe.v:26) (merged to equivalence)
'pe_10_10_inst/pe_gen[32].pe_inst/loard_a_in_opt_reg5' (pe.v:27) (merged to equivalence)
'pe_10_10_inst/pe_gen[32].pe_inst/op_reg' (pe.v:33) (merged to equivalence)
'wdata[38][0]' (pe_10_10_conv_top.v:11) (merged to equivalence)
'pe_10_10_inst/pe_gen[33].pe_inst/loard_a_in_opt_reg1' (pe.v:23) (merged to equivalence)
'pe_10_10_inst/pe_gen[33].pe_inst/loard_a_in_opt_reg2' (pe.v:24) (merged to equivalence)
'pe_10_10_inst/pe_gen[33].pe_inst/loard_a_in_opt_reg3' (pe.v:25) (merged to equivalence)
'pe_10_10_inst/pe_gen[33].pe_inst/loard_a_in_opt_reg4' (pe.v:26) (merged to equivalence)
'pe_10_10_inst/pe_gen[33].pe_inst/loard_a_in_opt_reg5' (pe.v:27) (merged to equivalence)
'pe_10_10_inst/pe_gen[33].pe_inst/op_reg' (pe.v:33) (merged to equivalence)
'pe_10_10_inst/pe_gen[34].pe_inst/loard_a_in_opt_reg1' (pe.v:23) (merged to equivalence)
'pe_10_10_inst/pe_gen[34].pe_inst/loard_a_in_opt_reg2' (pe.v:24) (merged to equivalence)
'pe_10_10_inst/pe_gen[34].pe_inst/loard_a_in_opt_reg3' (pe.v:25) (merged to equivalence)
'pe_10_10_inst/pe_gen[34].pe_inst/loard_a_in_opt_reg4' (pe.v:26) (merged to equivalence)
'pe_10_10_inst/pe_gen[34].pe_inst/loard_a_in_opt_reg5' (pe.v:27) (merged to equivalence)
'pe_10_10_inst/pe_gen[34].pe_inst/op_reg' (pe.v:33) (merged to equivalence)
'wdata[40][0]' (pe_10_10_conv_top.v:11) (merged to equivalence)
'pe_10_10_inst/pe_gen[35].pe_inst/loard_a_in_opt_reg1' (pe.v:23) (merged to equivalence)
'pe_10_10_inst/pe_gen[35].pe_inst/loard_a_in_opt_reg2' (pe.v:24) (merged to equivalence)
'pe_10_10_inst/pe_gen[35].pe_inst/loard_a_in_opt_reg3' (pe.v:25) (merged to equivalence)
'pe_10_10_inst/pe_gen[35].pe_inst/loard_a_in_opt_reg4' (pe.v:26) (merged to equivalence)
'pe_10_10_inst/pe_gen[35].pe_inst/loard_a_in_opt_reg5' (pe.v:27) (merged to equivalence)
'pe_10_10_inst/pe_gen[35].pe_inst/op_reg' (pe.v:33) (merged to equivalence)
'pe_10_10_inst/pe_gen[36].pe_inst/loard_a_in_opt_reg1' (pe.v:23) (merged to equivalence)
'pe_10_10_inst/pe_gen[36].pe_inst/loard_a_in_opt_reg2' (pe.v:24) (merged to equivalence)
'pe_10_10_inst/pe_gen[36].pe_inst/loard_a_in_opt_reg3' (pe.v:25) (merged to equivalence)
'pe_10_10_inst/pe_gen[36].pe_inst/loard_a_in_opt_reg4' (pe.v:26) (merged to equivalence)
'pe_10_10_inst/pe_gen[36].pe_inst/loard_a_in_opt_reg5' (pe.v:27) (merged to equivalence)
'pe_10_10_inst/pe_gen[36].pe_inst/op_reg' (pe.v:33) (merged to equivalence)
'wdata[42][0]' (pe_10_10_conv_top.v:11) (merged to equivalence)
'pe_10_10_inst/pe_gen[37].pe_inst/loard_a_in_opt_reg1' (pe.v:23) (merged to equivalence)
'pe_10_10_inst/pe_gen[37].pe_inst/loard_a_in_opt_reg2' (pe.v:24) (merged to equivalence)
'pe_10_10_inst/pe_gen[37].pe_inst/loard_a_in_opt_reg3' (pe.v:25) (merged to equivalence)
'pe_10_10_inst/pe_gen[37].pe_inst/loard_a_in_opt_reg4' (pe.v:26) (merged to equivalence)
'pe_10_10_inst/pe_gen[37].pe_inst/loard_a_in_opt_reg5' (pe.v:27) (merged to equivalence)
'pe_10_10_inst/pe_gen[37].pe_inst/op_reg' (pe.v:33) (merged to equivalence)
'pe_10_10_inst/pe_gen[38].pe_inst/loard_a_in_opt_reg1' (pe.v:23) (merged to equivalence)
'pe_10_10_inst/pe_gen[38].pe_inst/loard_a_in_opt_reg2' (pe.v:24) (merged to equivalence)
'pe_10_10_inst/pe_gen[38].pe_inst/loard_a_in_opt_reg3' (pe.v:25) (merged to equivalence)
'pe_10_10_inst/pe_gen[38].pe_inst/loard_a_in_opt_reg4' (pe.v:26) (merged to equivalence)
'pe_10_10_inst/pe_gen[38].pe_inst/loard_a_in_opt_reg5' (pe.v:27) (merged to equivalence)
'pe_10_10_inst/pe_gen[38].pe_inst/op_reg' (pe.v:33) (merged to equivalence)
'wdata[44][0]' (pe_10_10_conv_top.v:11) (merged to equivalence)
'pe_10_10_inst/pe_gen[22].pe_inst/loard_a_in_opt_reg1' (pe.v:23) (merged to equivalence)
'pe_10_10_inst/pe_gen[22].pe_inst/loard_a_in_opt_reg2' (pe.v:24) (merged to equivalence)
'pe_10_10_inst/pe_gen[22].pe_inst/loard_a_in_opt_reg3' (pe.v:25) (merged to equivalence)
'pe_10_10_inst/pe_gen[22].pe_inst/loard_a_in_opt_reg4' (pe.v:26) (merged to equivalence)
'pe_10_10_inst/pe_gen[22].pe_inst/loard_a_in_opt_reg5' (pe.v:27) (merged to equivalence)
'pe_10_10_inst/pe_gen[22].pe_inst/op_reg' (pe.v:33) (merged to equivalence)
'wdata[26][0]' (pe_10_10_conv_top.v:11) (merged to equivalence)
'pe_10_10_inst/pe_gen[23].pe_inst/loard_a_in_opt_reg1' (pe.v:23) (merged to equivalence)
'pe_10_10_inst/pe_gen[23].pe_inst/loard_a_in_opt_reg2' (pe.v:24) (merged to equivalence)
'pe_10_10_inst/pe_gen[23].pe_inst/loard_a_in_opt_reg3' (pe.v:25) (merged to equivalence)
'pe_10_10_inst/pe_gen[23].pe_inst/loard_a_in_opt_reg4' (pe.v:26) (merged to equivalence)
'pe_10_10_inst/pe_gen[23].pe_inst/loard_a_in_opt_reg5' (pe.v:27) (merged to equivalence)
'pe_10_10_inst/pe_gen[23].pe_inst/op_reg' (pe.v:33) (merged to equivalence)
'pe_10_10_inst/pe_gen[24].pe_inst/loard_a_in_opt_reg1' (pe.v:23) (merged to equivalence)
'pe_10_10_inst/pe_gen[24].pe_inst/loard_a_in_opt_reg2' (pe.v:24) (merged to equivalence)
'pe_10_10_inst/pe_gen[24].pe_inst/loard_a_in_opt_reg3' (pe.v:25) (merged to equivalence)
'pe_10_10_inst/pe_gen[24].pe_inst/loard_a_in_opt_reg4' (pe.v:26) (merged to equivalence)
'pe_10_10_inst/pe_gen[24].pe_inst/loard_a_in_opt_reg5' (pe.v:27) (merged to equivalence)
'pe_10_10_inst/pe_gen[24].pe_inst/op_reg' (pe.v:33) (merged to equivalence)
'wdata[28][0]' (pe_10_10_conv_top.v:11) (merged to equivalence)
'pe_10_10_inst/pe_gen[25].pe_inst/loard_a_in_opt_reg1' (pe.v:23) (merged to equivalence)
'pe_10_10_inst/pe_gen[25].pe_inst/loard_a_in_opt_reg2' (pe.v:24) (merged to equivalence)
'pe_10_10_inst/pe_gen[25].pe_inst/loard_a_in_opt_reg3' (pe.v:25) (merged to equivalence)
'pe_10_10_inst/pe_gen[25].pe_inst/loard_a_in_opt_reg4' (pe.v:26) (merged to equivalence)
'pe_10_10_inst/pe_gen[25].pe_inst/loard_a_in_opt_reg5' (pe.v:27) (merged to equivalence)
'pe_10_10_inst/pe_gen[25].pe_inst/op_reg' (pe.v:33) (merged to equivalence)
'pe_10_10_inst/pe_gen[26].pe_inst/loard_a_in_opt_reg1' (pe.v:23) (merged to equivalence)
'pe_10_10_inst/pe_gen[26].pe_inst/loard_a_in_opt_reg2' (pe.v:24) (merged to equivalence)
'pe_10_10_inst/pe_gen[26].pe_inst/loard_a_in_opt_reg3' (pe.v:25) (merged to equivalence)
'pe_10_10_inst/pe_gen[26].pe_inst/loard_a_in_opt_reg4' (pe.v:26) (merged to equivalence)
'pe_10_10_inst/pe_gen[26].pe_inst/loard_a_in_opt_reg5' (pe.v:27) (merged to equivalence)
'pe_10_10_inst/pe_gen[26].pe_inst/op_reg' (pe.v:33) (merged to equivalence)
'wdata[30][0]' (pe_10_10_conv_top.v:11) (merged to equivalence)
'pe_10_10_inst/pe_gen[27].pe_inst/loard_a_in_opt_reg1' (pe.v:23) (merged to equivalence)
'pe_10_10_inst/pe_gen[27].pe_inst/loard_a_in_opt_reg2' (pe.v:24) (merged to equivalence)
'pe_10_10_inst/pe_gen[27].pe_inst/loard_a_in_opt_reg3' (pe.v:25) (merged to equivalence)
'pe_10_10_inst/pe_gen[27].pe_inst/loard_a_in_opt_reg4' (pe.v:26) (merged to equivalence)
'pe_10_10_inst/pe_gen[27].pe_inst/loard_a_in_opt_reg5' (pe.v:27) (merged to equivalence)
'pe_10_10_inst/pe_gen[27].pe_inst/op_reg' (pe.v:33) (merged to equivalence)
'pe_10_10_inst/pe_gen[28].pe_inst/loard_a_in_opt_reg1' (pe.v:23) (merged to equivalence)
'pe_10_10_inst/pe_gen[28].pe_inst/loard_a_in_opt_reg2' (pe.v:24) (merged to equivalence)
'pe_10_10_inst/pe_gen[28].pe_inst/loard_a_in_opt_reg3' (pe.v:25) (merged to equivalence)
'pe_10_10_inst/pe_gen[28].pe_inst/loard_a_in_opt_reg4' (pe.v:26) (merged to equivalence)
'pe_10_10_inst/pe_gen[28].pe_inst/loard_a_in_opt_reg5' (pe.v:27) (merged to equivalence)
'pe_10_10_inst/pe_gen[28].pe_inst/op_reg' (pe.v:33) (merged to equivalence)
'wdata[32][0]' (pe_10_10_conv_top.v:11) (merged to equivalence)
'pe_10_10_inst/pe_gen[12].pe_inst/loard_a_in_opt_reg1' (pe.v:23) (merged to equivalence)
'pe_10_10_inst/pe_gen[12].pe_inst/loard_a_in_opt_reg2' (pe.v:24) (merged to equivalence)
'pe_10_10_inst/pe_gen[12].pe_inst/loard_a_in_opt_reg3' (pe.v:25) (merged to equivalence)
'pe_10_10_inst/pe_gen[12].pe_inst/loard_a_in_opt_reg4' (pe.v:26) (merged to equivalence)
'pe_10_10_inst/pe_gen[12].pe_inst/loard_a_in_opt_reg5' (pe.v:27) (merged to equivalence)
'pe_10_10_inst/pe_gen[12].pe_inst/op_reg' (pe.v:33) (merged to equivalence)
'wdata[14][0]' (pe_10_10_conv_top.v:11) (merged to equivalence)
'pe_10_10_inst/pe_gen[13].pe_inst/loard_a_in_opt_reg1' (pe.v:23) (merged to equivalence)
'pe_10_10_inst/pe_gen[13].pe_inst/loard_a_in_opt_reg2' (pe.v:24) (merged to equivalence)
'pe_10_10_inst/pe_gen[13].pe_inst/loard_a_in_opt_reg3' (pe.v:25) (merged to equivalence)
'pe_10_10_inst/pe_gen[13].pe_inst/loard_a_in_opt_reg4' (pe.v:26) (merged to equivalence)
'pe_10_10_inst/pe_gen[13].pe_inst/loard_a_in_opt_reg5' (pe.v:27) (merged to equivalence)
'pe_10_10_inst/pe_gen[13].pe_inst/op_reg' (pe.v:33) (merged to equivalence)
'pe_10_10_inst/pe_gen[14].pe_inst/loard_a_in_opt_reg1' (pe.v:23) (merged to equivalence)
'pe_10_10_inst/pe_gen[14].pe_inst/loard_a_in_opt_reg2' (pe.v:24) (merged to equivalence)
'pe_10_10_inst/pe_gen[14].pe_inst/loard_a_in_opt_reg3' (pe.v:25) (merged to equivalence)
'pe_10_10_inst/pe_gen[14].pe_inst/loard_a_in_opt_reg4' (pe.v:26) (merged to equivalence)
'pe_10_10_inst/pe_gen[14].pe_inst/loard_a_in_opt_reg5' (pe.v:27) (merged to equivalence)
'pe_10_10_inst/pe_gen[14].pe_inst/op_reg' (pe.v:33) (merged to equivalence)
'wdata[16][0]' (pe_10_10_conv_top.v:11) (merged to equivalence)
'pe_10_10_inst/pe_gen[15].pe_inst/loard_a_in_opt_reg1' (pe.v:23) (merged to equivalence)
'pe_10_10_inst/pe_gen[15].pe_inst/loard_a_in_opt_reg2' (pe.v:24) (merged to equivalence)
'pe_10_10_inst/pe_gen[15].pe_inst/loard_a_in_opt_reg3' (pe.v:25) (merged to equivalence)
'pe_10_10_inst/pe_gen[15].pe_inst/loard_a_in_opt_reg4' (pe.v:26) (merged to equivalence)
'pe_10_10_inst/pe_gen[15].pe_inst/loard_a_in_opt_reg5' (pe.v:27) (merged to equivalence)
'pe_10_10_inst/pe_gen[15].pe_inst/op_reg' (pe.v:33) (merged to equivalence)
'pe_10_10_inst/pe_gen[16].pe_inst/loard_a_in_opt_reg1' (pe.v:23) (merged to equivalence)
'pe_10_10_inst/pe_gen[16].pe_inst/loard_a_in_opt_reg2' (pe.v:24) (merged to equivalence)
'pe_10_10_inst/pe_gen[16].pe_inst/loard_a_in_opt_reg3' (pe.v:25) (merged to equivalence)
'pe_10_10_inst/pe_gen[16].pe_inst/loard_a_in_opt_reg4' (pe.v:26) (merged to equivalence)
'pe_10_10_inst/pe_gen[16].pe_inst/loard_a_in_opt_reg5' (pe.v:27) (merged to equivalence)
'pe_10_10_inst/pe_gen[16].pe_inst/op_reg' (pe.v:33) (merged to equivalence)
'wdata[18][0]' (pe_10_10_conv_top.v:11) (merged to equivalence)
'pe_10_10_inst/pe_gen[17].pe_inst/loard_a_in_opt_reg1' (pe.v:23) (merged to equivalence)
'pe_10_10_inst/pe_gen[17].pe_inst/loard_a_in_opt_reg2' (pe.v:24) (merged to equivalence)
'pe_10_10_inst/pe_gen[17].pe_inst/loard_a_in_opt_reg3' (pe.v:25) (merged to equivalence)
'pe_10_10_inst/pe_gen[17].pe_inst/loard_a_in_opt_reg4' (pe.v:26) (merged to equivalence)
'pe_10_10_inst/pe_gen[17].pe_inst/loard_a_in_opt_reg5' (pe.v:27) (merged to equivalence)
'pe_10_10_inst/pe_gen[17].pe_inst/op_reg' (pe.v:33) (merged to equivalence)
'pe_10_10_inst/pe_gen[18].pe_inst/loard_a_in_opt_reg1' (pe.v:23) (merged to equivalence)
'pe_10_10_inst/pe_gen[18].pe_inst/loard_a_in_opt_reg2' (pe.v:24) (merged to equivalence)
'pe_10_10_inst/pe_gen[18].pe_inst/loard_a_in_opt_reg3' (pe.v:25) (merged to equivalence)
'pe_10_10_inst/pe_gen[18].pe_inst/loard_a_in_opt_reg4' (pe.v:26) (merged to equivalence)
'pe_10_10_inst/pe_gen[18].pe_inst/loard_a_in_opt_reg5' (pe.v:27) (merged to equivalence)
'pe_10_10_inst/pe_gen[18].pe_inst/op_reg' (pe.v:33) (merged to equivalence)
'wdata[20][0]' (pe_10_10_conv_top.v:11) (merged to equivalence)
'pe_10_10_inst/pe_gen[2].pe_inst/loard_a_in_opt_reg1' (pe.v:23) (merged to equivalence)
'pe_10_10_inst/pe_gen[2].pe_inst/loard_a_in_opt_reg2' (pe.v:24) (merged to equivalence)
'pe_10_10_inst/pe_gen[2].pe_inst/loard_a_in_opt_reg3' (pe.v:25) (merged to equivalence)
'pe_10_10_inst/pe_gen[2].pe_inst/loard_a_in_opt_reg4' (pe.v:26) (merged to equivalence)
'pe_10_10_inst/pe_gen[2].pe_inst/loard_a_in_opt_reg5' (pe.v:27) (merged to equivalence)
'pe_10_10_inst/pe_gen[2].pe_inst/op_reg' (pe.v:33) (merged to equivalence)
'wdata[2][0]' (pe_10_10_conv_top.v:11) (merged to equivalence)
'pe_10_10_inst/pe_gen[3].pe_inst/loard_a_in_opt_reg1' (pe.v:23) (merged to equivalence)
'pe_10_10_inst/pe_gen[3].pe_inst/loard_a_in_opt_reg2' (pe.v:24) (merged to equivalence)
'pe_10_10_inst/pe_gen[3].pe_inst/loard_a_in_opt_reg3' (pe.v:25) (merged to equivalence)
'pe_10_10_inst/pe_gen[3].pe_inst/loard_a_in_opt_reg4' (pe.v:26) (merged to equivalence)
'pe_10_10_inst/pe_gen[3].pe_inst/loard_a_in_opt_reg5' (pe.v:27) (merged to equivalence)
'pe_10_10_inst/pe_gen[3].pe_inst/op_reg' (pe.v:33) (merged to equivalence)
'pe_10_10_inst/pe_gen[4].pe_inst/loard_a_in_opt_reg1' (pe.v:23) (merged to equivalence)
'pe_10_10_inst/pe_gen[4].pe_inst/loard_a_in_opt_reg2' (pe.v:24) (merged to equivalence)
'pe_10_10_inst/pe_gen[4].pe_inst/loard_a_in_opt_reg3' (pe.v:25) (merged to equivalence)
'pe_10_10_inst/pe_gen[4].pe_inst/loard_a_in_opt_reg4' (pe.v:26) (merged to equivalence)
'pe_10_10_inst/pe_gen[4].pe_inst/loard_a_in_opt_reg5' (pe.v:27) (merged to equivalence)
'pe_10_10_inst/pe_gen[4].pe_inst/op_reg' (pe.v:33) (merged to equivalence)
'wdata[4][0]' (pe_10_10_conv_top.v:11) (merged to equivalence)
'pe_10_10_inst/pe_gen[5].pe_inst/loard_a_in_opt_reg1' (pe.v:23) (merged to equivalence)
'pe_10_10_inst/pe_gen[5].pe_inst/loard_a_in_opt_reg2' (pe.v:24) (merged to equivalence)
'pe_10_10_inst/pe_gen[5].pe_inst/loard_a_in_opt_reg3' (pe.v:25) (merged to equivalence)
'pe_10_10_inst/pe_gen[5].pe_inst/loard_a_in_opt_reg4' (pe.v:26) (merged to equivalence)
'pe_10_10_inst/pe_gen[5].pe_inst/loard_a_in_opt_reg5' (pe.v:27) (merged to equivalence)
'pe_10_10_inst/pe_gen[5].pe_inst/op_reg' (pe.v:33) (merged to equivalence)
'pe_10_10_inst/pe_gen[6].pe_inst/loard_a_in_opt_reg1' (pe.v:23) (merged to equivalence)
'pe_10_10_inst/pe_gen[6].pe_inst/loard_a_in_opt_reg2' (pe.v:24) (merged to equivalence)
'pe_10_10_inst/pe_gen[6].pe_inst/loard_a_in_opt_reg3' (pe.v:25) (merged to equivalence)
'pe_10_10_inst/pe_gen[6].pe_inst/loard_a_in_opt_reg4' (pe.v:26) (merged to equivalence)
'pe_10_10_inst/pe_gen[6].pe_inst/loard_a_in_opt_reg5' (pe.v:27) (merged to equivalence)
'pe_10_10_inst/pe_gen[6].pe_inst/op_reg' (pe.v:33) (merged to equivalence)
'wdata[6][0]' (pe_10_10_conv_top.v:11) (merged to equivalence)
'pe_10_10_inst/pe_gen[7].pe_inst/loard_a_in_opt_reg1' (pe.v:23) (merged to equivalence)
'pe_10_10_inst/pe_gen[7].pe_inst/loard_a_in_opt_reg2' (pe.v:24) (merged to equivalence)
'pe_10_10_inst/pe_gen[7].pe_inst/loard_a_in_opt_reg3' (pe.v:25) (merged to equivalence)
'pe_10_10_inst/pe_gen[7].pe_inst/loard_a_in_opt_reg4' (pe.v:26) (merged to equivalence)
'pe_10_10_inst/pe_gen[7].pe_inst/loard_a_in_opt_reg5' (pe.v:27) (merged to equivalence)
'pe_10_10_inst/pe_gen[7].pe_inst/op_reg' (pe.v:33) (merged to equivalence)
'pe_10_10_inst/pe_gen[8].pe_inst/loard_a_in_opt_reg1' (pe.v:23) (merged to equivalence)
'pe_10_10_inst/pe_gen[8].pe_inst/loard_a_in_opt_reg2' (pe.v:24) (merged to equivalence)
'pe_10_10_inst/pe_gen[8].pe_inst/loard_a_in_opt_reg3' (pe.v:25) (merged to equivalence)
'pe_10_10_inst/pe_gen[8].pe_inst/loard_a_in_opt_reg4' (pe.v:26) (merged to equivalence)
'pe_10_10_inst/pe_gen[8].pe_inst/loard_a_in_opt_reg5' (pe.v:27) (merged to equivalence)
'pe_10_10_inst/pe_gen[8].pe_inst/op_reg' (pe.v:33) (merged to equivalence)
'wdata[8][0]' (pe_10_10_conv_top.v:11) (merged to equivalence)
'wdata[1][1]' (pe_10_10_conv_top.v:11) (merged to equivalence)
'wdata[13][1]' (pe_10_10_conv_top.v:11) (merged to equivalence)
'wdata[25][1]' (pe_10_10_conv_top.v:11) (merged to equivalence)
'wdata[37][1]' (pe_10_10_conv_top.v:11) (merged to equivalence)
'wdata[49][1]' (pe_10_10_conv_top.v:11) (merged to equivalence)
'wdata[61][1]' (pe_10_10_conv_top.v:11) (merged to equivalence)
'wdata[73][1]' (pe_10_10_conv_top.v:11) (merged to equivalence)
'wdata[85][1]' (pe_10_10_conv_top.v:11) (merged to equivalence)
'wdata[97][1]' (pe_10_10_conv_top.v:11) (merged to equivalence)
'wdata[109][1]' (pe_10_10_conv_top.v:11) (merged to equivalence)
'wdata[110][1]' (pe_10_10_conv_top.v:11) (merged to equivalence)
'wdata[113][1]' (pe_10_10_conv_top.v:11) (merged to equivalence)
'wdata[114][1]' (pe_10_10_conv_top.v:11) (merged to equivalence)
'pe_10_10_inst/pe_gen[99].pe_inst/loard_a_in_opt_reg1' (pe.v:23) (merged to equivalence)
'pe_10_10_inst/pe_gen[99].pe_inst/loard_a_in_opt_reg2' (pe.v:24) (merged to equivalence)
'pe_10_10_inst/pe_gen[99].pe_inst/loard_a_in_opt_reg3' (pe.v:25) (merged to equivalence)
'pe_10_10_inst/pe_gen[99].pe_inst/loard_a_in_opt_reg4' (pe.v:26) (merged to equivalence)
'pe_10_10_inst/pe_gen[99].pe_inst/loard_a_in_opt_reg5' (pe.v:27) (merged to equivalence)
'pe_10_10_inst/pe_gen[99].pe_inst/op_reg' (pe.v:33) (merged to equivalence)
'wdata[117][1]' (pe_10_10_conv_top.v:11) (merged to equivalence)
'wdata[98][1]' (pe_10_10_conv_top.v:11) (merged to equivalence)
'wdata[101][1]' (pe_10_10_conv_top.v:11) (merged to equivalence)
'wdata[102][1]' (pe_10_10_conv_top.v:11) (merged to equivalence)
'pe_10_10_inst/pe_gen[89].pe_inst/loard_a_in_opt_reg1' (pe.v:23) (merged to equivalence)
'pe_10_10_inst/pe_gen[89].pe_inst/loard_a_in_opt_reg2' (pe.v:24) (merged to equivalence)
'pe_10_10_inst/pe_gen[89].pe_inst/loard_a_in_opt_reg3' (pe.v:25) (merged to equivalence)
'pe_10_10_inst/pe_gen[89].pe_inst/loard_a_in_opt_reg4' (pe.v:26) (merged to equivalence)
'pe_10_10_inst/pe_gen[89].pe_inst/loard_a_in_opt_reg5' (pe.v:27) (merged to equivalence)
'pe_10_10_inst/pe_gen[89].pe_inst/op_reg' (pe.v:33) (merged to equivalence)
'wdata[105][1]' (pe_10_10_conv_top.v:11) (merged to equivalence)
'wdata[86][1]' (pe_10_10_conv_top.v:11) (merged to equivalence)
'wdata[89][1]' (pe_10_10_conv_top.v:11) (merged to equivalence)
'wdata[90][1]' (pe_10_10_conv_top.v:11) (merged to equivalence)
'pe_10_10_inst/pe_gen[79].pe_inst/loard_a_in_opt_reg1' (pe.v:23) (merged to equivalence)
'pe_10_10_inst/pe_gen[79].pe_inst/loard_a_in_opt_reg2' (pe.v:24) (merged to equivalence)
'pe_10_10_inst/pe_gen[79].pe_inst/loard_a_in_opt_reg3' (pe.v:25) (merged to equivalence)
'pe_10_10_inst/pe_gen[79].pe_inst/loard_a_in_opt_reg4' (pe.v:26) (merged to equivalence)
'pe_10_10_inst/pe_gen[79].pe_inst/loard_a_in_opt_reg5' (pe.v:27) (merged to equivalence)
'pe_10_10_inst/pe_gen[79].pe_inst/op_reg' (pe.v:33) (merged to equivalence)
'wdata[93][1]' (pe_10_10_conv_top.v:11) (merged to equivalence)
'wdata[74][1]' (pe_10_10_conv_top.v:11) (merged to equivalence)
'wdata[77][1]' (pe_10_10_conv_top.v:11) (merged to equivalence)
'wdata[78][1]' (pe_10_10_conv_top.v:11) (merged to equivalence)
'pe_10_10_inst/pe_gen[69].pe_inst/loard_a_in_opt_reg1' (pe.v:23) (merged to equivalence)
'pe_10_10_inst/pe_gen[69].pe_inst/loard_a_in_opt_reg2' (pe.v:24) (merged to equivalence)
'pe_10_10_inst/pe_gen[69].pe_inst/loard_a_in_opt_reg3' (pe.v:25) (merged to equivalence)
'pe_10_10_inst/pe_gen[69].pe_inst/loard_a_in_opt_reg4' (pe.v:26) (merged to equivalence)
'pe_10_10_inst/pe_gen[69].pe_inst/loard_a_in_opt_reg5' (pe.v:27) (merged to equivalence)
'pe_10_10_inst/pe_gen[69].pe_inst/op_reg' (pe.v:33) (merged to equivalence)
'wdata[81][1]' (pe_10_10_conv_top.v:11) (merged to equivalence)
'wdata[62][1]' (pe_10_10_conv_top.v:11) (merged to equivalence)
'wdata[65][1]' (pe_10_10_conv_top.v:11) (merged to equivalence)
'wdata[66][1]' (pe_10_10_conv_top.v:11) (merged to equivalence)
'pe_10_10_inst/pe_gen[59].pe_inst/loard_a_in_opt_reg1' (pe.v:23) (merged to equivalence)
'pe_10_10_inst/pe_gen[59].pe_inst/loard_a_in_opt_reg2' (pe.v:24) (merged to equivalence)
'pe_10_10_inst/pe_gen[59].pe_inst/loard_a_in_opt_reg3' (pe.v:25) (merged to equivalence)
'pe_10_10_inst/pe_gen[59].pe_inst/loard_a_in_opt_reg4' (pe.v:26) (merged to equivalence)
'pe_10_10_inst/pe_gen[59].pe_inst/loard_a_in_opt_reg5' (pe.v:27) (merged to equivalence)
'pe_10_10_inst/pe_gen[59].pe_inst/op_reg' (pe.v:33) (merged to equivalence)
'wdata[69][1]' (pe_10_10_conv_top.v:11) (merged to equivalence)
'wdata[50][1]' (pe_10_10_conv_top.v:11) (merged to equivalence)
'wdata[53][1]' (pe_10_10_conv_top.v:11) (merged to equivalence)
'wdata[54][1]' (pe_10_10_conv_top.v:11) (merged to equivalence)
'pe_10_10_inst/pe_gen[49].pe_inst/loard_a_in_opt_reg1' (pe.v:23) (merged to equivalence)
'pe_10_10_inst/pe_gen[49].pe_inst/loard_a_in_opt_reg2' (pe.v:24) (merged to equivalence)
'pe_10_10_inst/pe_gen[49].pe_inst/loard_a_in_opt_reg3' (pe.v:25) (merged to equivalence)
'pe_10_10_inst/pe_gen[49].pe_inst/loard_a_in_opt_reg4' (pe.v:26) (merged to equivalence)
'pe_10_10_inst/pe_gen[49].pe_inst/loard_a_in_opt_reg5' (pe.v:27) (merged to equivalence)
'pe_10_10_inst/pe_gen[49].pe_inst/op_reg' (pe.v:33) (merged to equivalence)
'wdata[57][1]' (pe_10_10_conv_top.v:11) (merged to equivalence)
'wdata[38][1]' (pe_10_10_conv_top.v:11) (merged to equivalence)
'wdata[41][1]' (pe_10_10_conv_top.v:11) (merged to equivalence)
'wdata[42][1]' (pe_10_10_conv_top.v:11) (merged to equivalence)
'pe_10_10_inst/pe_gen[39].pe_inst/loard_a_in_opt_reg1' (pe.v:23) (merged to equivalence)
'pe_10_10_inst/pe_gen[39].pe_inst/loard_a_in_opt_reg2' (pe.v:24) (merged to equivalence)
'pe_10_10_inst/pe_gen[39].pe_inst/loard_a_in_opt_reg3' (pe.v:25) (merged to equivalence)
'pe_10_10_inst/pe_gen[39].pe_inst/loard_a_in_opt_reg4' (pe.v:26) (merged to equivalence)
'pe_10_10_inst/pe_gen[39].pe_inst/loard_a_in_opt_reg5' (pe.v:27) (merged to equivalence)
'pe_10_10_inst/pe_gen[39].pe_inst/op_reg' (pe.v:33) (merged to equivalence)
'wdata[45][1]' (pe_10_10_conv_top.v:11) (merged to equivalence)
'wdata[26][1]' (pe_10_10_conv_top.v:11) (merged to equivalence)
'wdata[29][1]' (pe_10_10_conv_top.v:11) (merged to equivalence)
'wdata[30][1]' (pe_10_10_conv_top.v:11) (merged to equivalence)
'pe_10_10_inst/pe_gen[29].pe_inst/loard_a_in_opt_reg1' (pe.v:23) (merged to equivalence)
'pe_10_10_inst/pe_gen[29].pe_inst/loard_a_in_opt_reg2' (pe.v:24) (merged to equivalence)
'pe_10_10_inst/pe_gen[29].pe_inst/loard_a_in_opt_reg3' (pe.v:25) (merged to equivalence)
'pe_10_10_inst/pe_gen[29].pe_inst/loard_a_in_opt_reg4' (pe.v:26) (merged to equivalence)
'pe_10_10_inst/pe_gen[29].pe_inst/loard_a_in_opt_reg5' (pe.v:27) (merged to equivalence)
'pe_10_10_inst/pe_gen[29].pe_inst/op_reg' (pe.v:33) (merged to equivalence)
'wdata[33][1]' (pe_10_10_conv_top.v:11) (merged to equivalence)
'wdata[14][1]' (pe_10_10_conv_top.v:11) (merged to equivalence)
'wdata[17][1]' (pe_10_10_conv_top.v:11) (merged to equivalence)
'wdata[18][1]' (pe_10_10_conv_top.v:11) (merged to equivalence)
'pe_10_10_inst/pe_gen[19].pe_inst/loard_a_in_opt_reg1' (pe.v:23) (merged to equivalence)
'pe_10_10_inst/pe_gen[19].pe_inst/loard_a_in_opt_reg2' (pe.v:24) (merged to equivalence)
'pe_10_10_inst/pe_gen[19].pe_inst/loard_a_in_opt_reg3' (pe.v:25) (merged to equivalence)
'pe_10_10_inst/pe_gen[19].pe_inst/loard_a_in_opt_reg4' (pe.v:26) (merged to equivalence)
'pe_10_10_inst/pe_gen[19].pe_inst/loard_a_in_opt_reg5' (pe.v:27) (merged to equivalence)
'pe_10_10_inst/pe_gen[19].pe_inst/op_reg' (pe.v:33) (merged to equivalence)
'wdata[21][1]' (pe_10_10_conv_top.v:11) (merged to equivalence)
'wdata[2][1]' (pe_10_10_conv_top.v:11) (merged to equivalence)
'wdata[5][1]' (pe_10_10_conv_top.v:11) (merged to equivalence)
'wdata[6][1]' (pe_10_10_conv_top.v:11) (merged to equivalence)
'pe_10_10_inst/pe_gen[9].pe_inst/loard_a_in_opt_reg1' (pe.v:23) (merged to equivalence)
'pe_10_10_inst/pe_gen[9].pe_inst/loard_a_in_opt_reg2' (pe.v:24) (merged to equivalence)
'pe_10_10_inst/pe_gen[9].pe_inst/loard_a_in_opt_reg3' (pe.v:25) (merged to equivalence)
'pe_10_10_inst/pe_gen[9].pe_inst/loard_a_in_opt_reg4' (pe.v:26) (merged to equivalence)
'pe_10_10_inst/pe_gen[9].pe_inst/loard_a_in_opt_reg5' (pe.v:27) (merged to equivalence)
'pe_10_10_inst/pe_gen[9].pe_inst/op_reg' (pe.v:33) (merged to equivalence)
'wdata[9][1]' (pe_10_10_conv_top.v:11) (merged to equivalence)
'wdata[13][2]' (pe_10_10_conv_top.v:11) (merged to equivalence)
'wdata[37][2]' (pe_10_10_conv_top.v:11) (merged to equivalence)
'wdata[61][2]' (pe_10_10_conv_top.v:11) (merged to equivalence)
'wdata[85][2]' (pe_10_10_conv_top.v:11) (merged to equivalence)
'wdata[109][2]' (pe_10_10_conv_top.v:11) (merged to equivalence)
'wdata[110][2]' (pe_10_10_conv_top.v:11) (merged to equivalence)
'wdata[115][2]' (pe_10_10_conv_top.v:11) (merged to equivalence)
'wdata[116][2]' (pe_10_10_conv_top.v:11) (merged to equivalence)
'wdata[117][2]' (pe_10_10_conv_top.v:11) (merged to equivalence)
'wdata[99][2]' (pe_10_10_conv_top.v:11) (merged to equivalence)
'wdata[100][2]' (pe_10_10_conv_top.v:11) (merged to equivalence)
'wdata[101][2]' (pe_10_10_conv_top.v:11) (merged to equivalence)
'wdata[102][2]' (pe_10_10_conv_top.v:11) (merged to equivalence)
'wdata[86][2]' (pe_10_10_conv_top.v:11) (merged to equivalence)
'wdata[91][2]' (pe_10_10_conv_top.v:11) (merged to equivalence)
'wdata[92][2]' (pe_10_10_conv_top.v:11) (merged to equivalence)
'wdata[93][2]' (pe_10_10_conv_top.v:11) (merged to equivalence)
'wdata[75][2]' (pe_10_10_conv_top.v:11) (merged to equivalence)
'wdata[76][2]' (pe_10_10_conv_top.v:11) (merged to equivalence)
'wdata[77][2]' (pe_10_10_conv_top.v:11) (merged to equivalence)
'wdata[78][2]' (pe_10_10_conv_top.v:11) (merged to equivalence)
'wdata[62][2]' (pe_10_10_conv_top.v:11) (merged to equivalence)
'wdata[67][2]' (pe_10_10_conv_top.v:11) (merged to equivalence)
'wdata[68][2]' (pe_10_10_conv_top.v:11) (merged to equivalence)
'wdata[69][2]' (pe_10_10_conv_top.v:11) (merged to equivalence)
'wdata[51][2]' (pe_10_10_conv_top.v:11) (merged to equivalence)
'wdata[52][2]' (pe_10_10_conv_top.v:11) (merged to equivalence)
'wdata[53][2]' (pe_10_10_conv_top.v:11) (merged to equivalence)
'wdata[54][2]' (pe_10_10_conv_top.v:11) (merged to equivalence)
'wdata[38][2]' (pe_10_10_conv_top.v:11) (merged to equivalence)
'wdata[43][2]' (pe_10_10_conv_top.v:11) (merged to equivalence)
'wdata[44][2]' (pe_10_10_conv_top.v:11) (merged to equivalence)
'wdata[45][2]' (pe_10_10_conv_top.v:11) (merged to equivalence)
'wdata[27][2]' (pe_10_10_conv_top.v:11) (merged to equivalence)
'wdata[28][2]' (pe_10_10_conv_top.v:11) (merged to equivalence)
'wdata[29][2]' (pe_10_10_conv_top.v:11) (merged to equivalence)
'wdata[30][2]' (pe_10_10_conv_top.v:11) (merged to equivalence)
'wdata[14][2]' (pe_10_10_conv_top.v:11) (merged to equivalence)
'wdata[19][2]' (pe_10_10_conv_top.v:11) (merged to equivalence)
'wdata[20][2]' (pe_10_10_conv_top.v:11) (merged to equivalence)
'wdata[21][2]' (pe_10_10_conv_top.v:11) (merged to equivalence)
'wdata[3][2]' (pe_10_10_conv_top.v:11) (merged to equivalence)
'wdata[4][2]' (pe_10_10_conv_top.v:11) (merged to equivalence)
'wdata[5][2]' (pe_10_10_conv_top.v:11) (merged to equivalence)
'wdata[6][2]' (pe_10_10_conv_top.v:11) (merged to equivalence)
'wdata[13][3]' (pe_10_10_conv_top.v:11) (merged to equivalence)
'wdata[25][3]' (pe_10_10_conv_top.v:11) (merged to equivalence)
'wdata[61][3]' (pe_10_10_conv_top.v:11) (merged to equivalence)
'wdata[73][3]' (pe_10_10_conv_top.v:11) (merged to equivalence)
'wdata[109][3]' (pe_10_10_conv_top.v:11) (merged to equivalence)
'wdata[110][3]' (pe_10_10_conv_top.v:11) (merged to equivalence)
'wdata[103][3]' (pe_10_10_conv_top.v:11) (merged to equivalence)
'wdata[104][3]' (pe_10_10_conv_top.v:11) (merged to equivalence)
'wdata[105][3]' (pe_10_10_conv_top.v:11) (merged to equivalence)
'wdata[87][3]' (pe_10_10_conv_top.v:11) (merged to equivalence)
'wdata[88][3]' (pe_10_10_conv_top.v:11) (merged to equivalence)
'wdata[89][3]' (pe_10_10_conv_top.v:11) (merged to equivalence)
'wdata[90][3]' (pe_10_10_conv_top.v:11) (merged to equivalence)
'wdata[91][3]' (pe_10_10_conv_top.v:11) (merged to equivalence)
'wdata[92][3]' (pe_10_10_conv_top.v:11) (merged to equivalence)
'wdata[93][3]' (pe_10_10_conv_top.v:11) (merged to equivalence)
'wdata[74][3]' (pe_10_10_conv_top.v:11) (merged to equivalence)
'wdata[75][3]' (pe_10_10_conv_top.v:11) (merged to equivalence)
'wdata[76][3]' (pe_10_10_conv_top.v:11) (merged to equivalence)
'wdata[77][3]' (pe_10_10_conv_top.v:11) (merged to equivalence)
'wdata[78][3]' (pe_10_10_conv_top.v:11) (merged to equivalence)
'wdata[62][3]' (pe_10_10_conv_top.v:11) (merged to equivalence)
'wdata[55][3]' (pe_10_10_conv_top.v:11) (merged to equivalence)
'wdata[56][3]' (pe_10_10_conv_top.v:11) (merged to equivalence)
'wdata[57][3]' (pe_10_10_conv_top.v:11) (merged to equivalence)
'wdata[39][3]' (pe_10_10_conv_top.v:11) (merged to equivalence)
'wdata[40][3]' (pe_10_10_conv_top.v:11) (merged to equivalence)
'wdata[41][3]' (pe_10_10_conv_top.v:11) (merged to equivalence)
'wdata[42][3]' (pe_10_10_conv_top.v:11) (merged to equivalence)
'wdata[43][3]' (pe_10_10_conv_top.v:11) (merged to equivalence)
'wdata[44][3]' (pe_10_10_conv_top.v:11) (merged to equivalence)
'wdata[45][3]' (pe_10_10_conv_top.v:11) (merged to equivalence)
'wdata[26][3]' (pe_10_10_conv_top.v:11) (merged to equivalence)
'wdata[27][3]' (pe_10_10_conv_top.v:11) (merged to equivalence)
'wdata[28][3]' (pe_10_10_conv_top.v:11) (merged to equivalence)
'wdata[29][3]' (pe_10_10_conv_top.v:11) (merged to equivalence)
'wdata[30][3]' (pe_10_10_conv_top.v:11) (merged to equivalence)
'wdata[14][3]' (pe_10_10_conv_top.v:11) (merged to equivalence)
'wdata[7][3]' (pe_10_10_conv_top.v:11) (merged to equivalence)
'wdata[8][3]' (pe_10_10_conv_top.v:11) (merged to equivalence)
'wdata[9][3]' (pe_10_10_conv_top.v:11) (merged to equivalence)
'wdata[25][4]' (pe_10_10_conv_top.v:11) (merged to equivalence)
'wdata[49][4]' (pe_10_10_conv_top.v:11) (merged to equivalence)
'wdata[61][4]' (pe_10_10_conv_top.v:11) (merged to equivalence)
'wdata[85][4]' (pe_10_10_conv_top.v:11) (merged to equivalence)
'wdata[111][4]' (pe_10_10_conv_top.v:11) (merged to equivalence)
'wdata[112][4]' (pe_10_10_conv_top.v:11) (merged to equivalence)
'wdata[113][4]' (pe_10_10_conv_top.v:11) (merged to equivalence)
'wdata[114][4]' (pe_10_10_conv_top.v:11) (merged to equivalence)
'wdata[115][4]' (pe_10_10_conv_top.v:11) (merged to equivalence)
'wdata[116][4]' (pe_10_10_conv_top.v:11) (merged to equivalence)
'wdata[117][4]' (pe_10_10_conv_top.v:11) (merged to equivalence)
'wdata[86][4]' (pe_10_10_conv_top.v:11) (merged to equivalence)
'wdata[87][4]' (pe_10_10_conv_top.v:11) (merged to equivalence)
'wdata[88][4]' (pe_10_10_conv_top.v:11) (merged to equivalence)
'wdata[89][4]' (pe_10_10_conv_top.v:11) (merged to equivalence)
'wdata[90][4]' (pe_10_10_conv_top.v:11) (merged to equivalence)
'wdata[91][4]' (pe_10_10_conv_top.v:11) (merged to equivalence)
'wdata[92][4]' (pe_10_10_conv_top.v:11) (merged to equivalence)
'wdata[93][4]' (pe_10_10_conv_top.v:11) (merged to equivalence)
'wdata[79][4]' (pe_10_10_conv_top.v:11) (merged to equivalence)
'wdata[80][4]' (pe_10_10_conv_top.v:11) (merged to equivalence)
'wdata[81][4]' (pe_10_10_conv_top.v:11) (merged to equivalence)
'wdata[62][4]' (pe_10_10_conv_top.v:11) (merged to equivalence)
'wdata[50][4]' (pe_10_10_conv_top.v:11) (merged to equivalence)
'wdata[51][4]' (pe_10_10_conv_top.v:11) (merged to equivalence)
'wdata[52][4]' (pe_10_10_conv_top.v:11) (merged to equivalence)
'wdata[53][4]' (pe_10_10_conv_top.v:11) (merged to equivalence)
'wdata[54][4]' (pe_10_10_conv_top.v:11) (merged to equivalence)
'wdata[55][4]' (pe_10_10_conv_top.v:11) (merged to equivalence)
'wdata[56][4]' (pe_10_10_conv_top.v:11) (merged to equivalence)
'wdata[57][4]' (pe_10_10_conv_top.v:11) (merged to equivalence)
'wdata[26][4]' (pe_10_10_conv_top.v:11) (merged to equivalence)
'wdata[27][4]' (pe_10_10_conv_top.v:11) (merged to equivalence)
'wdata[28][4]' (pe_10_10_conv_top.v:11) (merged to equivalence)
'wdata[29][4]' (pe_10_10_conv_top.v:11) (merged to equivalence)
'wdata[30][4]' (pe_10_10_conv_top.v:11) (merged to equivalence)
'wdata[15][4]' (pe_10_10_conv_top.v:11) (merged to equivalence)
'wdata[16][4]' (pe_10_10_conv_top.v:11) (merged to equivalence)
'wdata[17][4]' (pe_10_10_conv_top.v:11) (merged to equivalence)
'wdata[18][4]' (pe_10_10_conv_top.v:11) (merged to equivalence)
'wdata[19][4]' (pe_10_10_conv_top.v:11) (merged to equivalence)
'wdata[20][4]' (pe_10_10_conv_top.v:11) (merged to equivalence)
'wdata[21][4]' (pe_10_10_conv_top.v:11) (merged to equivalence)
'wdata[37][5]' (pe_10_10_conv_top.v:11) (merged to equivalence)
'wdata[49][5]' (pe_10_10_conv_top.v:11) (merged to equivalence)
'wdata[61][5]' (pe_10_10_conv_top.v:11) (merged to equivalence)
'wdata[97][5]' (pe_10_10_conv_top.v:11) (merged to equivalence)
'wdata[109][5]' (pe_10_10_conv_top.v:11) (merged to equivalence)
'wdata[110][5]' (pe_10_10_conv_top.v:11) (merged to equivalence)
'wdata[111][5]' (pe_10_10_conv_top.v:11) (merged to equivalence)
'wdata[112][5]' (pe_10_10_conv_top.v:11) (merged to equivalence)
'wdata[113][5]' (pe_10_10_conv_top.v:11) (merged to equivalence)
'wdata[114][5]' (pe_10_10_conv_top.v:11) (merged to equivalence)
'wdata[115][5]' (pe_10_10_conv_top.v:11) (merged to equivalence)
'wdata[116][5]' (pe_10_10_conv_top.v:11) (merged to equivalence)
'wdata[117][5]' (pe_10_10_conv_top.v:11) (merged to equivalence)
'wdata[98][5]' (pe_10_10_conv_top.v:11) (merged to equivalence)
'wdata[99][5]' (pe_10_10_conv_top.v:11) (merged to equivalence)
'wdata[100][5]' (pe_10_10_conv_top.v:11) (merged to equivalence)
'wdata[101][5]' (pe_10_10_conv_top.v:11) (merged to equivalence)
'wdata[102][5]' (pe_10_10_conv_top.v:11) (merged to equivalence)
'wdata[103][5]' (pe_10_10_conv_top.v:11) (merged to equivalence)
'wdata[104][5]' (pe_10_10_conv_top.v:11) (merged to equivalence)
'wdata[105][5]' (pe_10_10_conv_top.v:11) (merged to equivalence)
'wdata[62][5]' (pe_10_10_conv_top.v:11) (merged to equivalence)
'wdata[50][5]' (pe_10_10_conv_top.v:11) (merged to equivalence)
'wdata[51][5]' (pe_10_10_conv_top.v:11) (merged to equivalence)
'wdata[52][5]' (pe_10_10_conv_top.v:11) (merged to equivalence)
'wdata[53][5]' (pe_10_10_conv_top.v:11) (merged to equivalence)
'wdata[54][5]' (pe_10_10_conv_top.v:11) (merged to equivalence)
'wdata[55][5]' (pe_10_10_conv_top.v:11) (merged to equivalence)
'wdata[56][5]' (pe_10_10_conv_top.v:11) (merged to equivalence)
'wdata[57][5]' (pe_10_10_conv_top.v:11) (merged to equivalence)
'wdata[38][5]' (pe_10_10_conv_top.v:11) (merged to equivalence)
'wdata[39][5]' (pe_10_10_conv_top.v:11) (merged to equivalence)
'wdata[40][5]' (pe_10_10_conv_top.v:11) (merged to equivalence)
'wdata[41][5]' (pe_10_10_conv_top.v:11) (merged to equivalence)
'wdata[42][5]' (pe_10_10_conv_top.v:11) (merged to equivalence)
'wdata[43][5]' (pe_10_10_conv_top.v:11) (merged to equivalence)
'wdata[44][5]' (pe_10_10_conv_top.v:11) (merged to equivalence)
'wdata[45][5]' (pe_10_10_conv_top.v:11) (merged to equivalence)
'wdata[31][5]' (pe_10_10_conv_top.v:11) (merged to equivalence)
'wdata[32][5]' (pe_10_10_conv_top.v:11) (merged to equivalence)
'wdata[33][5]' (pe_10_10_conv_top.v:11) (merged to equivalence)
'wdata[73][6]' (pe_10_10_conv_top.v:11) (merged to equivalence)
'wdata[85][6]' (pe_10_10_conv_top.v:11) (merged to equivalence)
'wdata[97][6]' (pe_10_10_conv_top.v:11) (merged to equivalence)
'wdata[109][6]' (pe_10_10_conv_top.v:11) (merged to equivalence)
'wdata[110][6]' (pe_10_10_conv_top.v:11) (merged to equivalence)
'wdata[111][6]' (pe_10_10_conv_top.v:11) (merged to equivalence)
'wdata[112][6]' (pe_10_10_conv_top.v:11) (merged to equivalence)
'wdata[113][6]' (pe_10_10_conv_top.v:11) (merged to equivalence)
'wdata[114][6]' (pe_10_10_conv_top.v:11) (merged to equivalence)
'wdata[115][6]' (pe_10_10_conv_top.v:11) (merged to equivalence)
'wdata[116][6]' (pe_10_10_conv_top.v:11) (merged to equivalence)
'wdata[117][6]' (pe_10_10_conv_top.v:11) (merged to equivalence)
'wdata[98][6]' (pe_10_10_conv_top.v:11) (merged to equivalence)
'wdata[99][6]' (pe_10_10_conv_top.v:11) (merged to equivalence)
'wdata[100][6]' (pe_10_10_conv_top.v:11) (merged to equivalence)
'wdata[101][6]' (pe_10_10_conv_top.v:11) (merged to equivalence)
'wdata[102][6]' (pe_10_10_conv_top.v:11) (merged to equivalence)
'wdata[103][6]' (pe_10_10_conv_top.v:11) (merged to equivalence)
'wdata[104][6]' (pe_10_10_conv_top.v:11) (merged to equivalence)
'wdata[105][6]' (pe_10_10_conv_top.v:11) (merged to equivalence)
'wdata[86][6]' (pe_10_10_conv_top.v:11) (merged to equivalence)
'wdata[87][6]' (pe_10_10_conv_top.v:11) (merged to equivalence)
'wdata[88][6]' (pe_10_10_conv_top.v:11) (merged to equivalence)
'wdata[89][6]' (pe_10_10_conv_top.v:11) (merged to equivalence)
'wdata[90][6]' (pe_10_10_conv_top.v:11) (merged to equivalence)
'wdata[91][6]' (pe_10_10_conv_top.v:11) (merged to equivalence)
'wdata[92][6]' (pe_10_10_conv_top.v:11) (merged to equivalence)
'wdata[93][6]' (pe_10_10_conv_top.v:11) (merged to equivalence)
'wdata[74][6]' (pe_10_10_conv_top.v:11) (merged to equivalence)
'wdata[75][6]' (pe_10_10_conv_top.v:11) (merged to equivalence)
'wdata[76][6]' (pe_10_10_conv_top.v:11) (merged to equivalence)
'wdata[77][6]' (pe_10_10_conv_top.v:11) (merged to equivalence)
'wdata[78][6]' (pe_10_10_conv_top.v:11) (merged to equivalence)
'wdata[79][6]' (pe_10_10_conv_top.v:11) (merged to equivalence)
'wdata[80][6]' (pe_10_10_conv_top.v:11) (merged to equivalence)
'wdata[81][6]' (pe_10_10_conv_top.v:11) (merged to equivalence)
'wdata[63][6]' (pe_10_10_conv_top.v:11) (merged to equivalence)
'wdata[64][6]' (pe_10_10_conv_top.v:11) (merged to equivalence)
'wdata[65][6]' (pe_10_10_conv_top.v:11) (merged to equivalence)
'wdata[66][6]' (pe_10_10_conv_top.v:11) (merged to equivalence)
'wdata[67][6]' (pe_10_10_conv_top.v:11) (merged to equivalence)
'wdata[68][6]' (pe_10_10_conv_top.v:11) (merged to equivalence)
'wdata[69][6]' (pe_10_10_conv_top.v:11) (merged to equivalence)
'pe_10_10_inst/pe_gen[0].pe_inst/ce_reg1' (pe.v:29) (merged to equivalence)
'loard_b_in[0][0]' (pe_10_10_conv_top.v:13) (merged to equivalence)
'pe_10_10_inst/pe_gen[0].pe_inst/input_reg_b[0]' (pe.v:22) (merged to equivalence)
'pe_10_10_inst/pe_gen[0].pe_inst/op_reg' (pe.v:33) (merged to equivalence)
'pe_10_10_inst/pe_gen[0].pe_inst/loard_a_in_opt_reg1' (pe.v:23) (merged to equivalence)
'pe_10_10_inst/pe_gen[0].pe_inst/loard_a_in_opt_reg2' (pe.v:24) (merged to equivalence)
'pe_10_10_inst/pe_gen[0].pe_inst/loard_a_in_opt_reg3' (pe.v:25) (merged to equivalence)
'pe_10_10_inst/pe_gen[0].pe_inst/loard_a_in_opt_reg4' (pe.v:26) (merged to equivalence)
'pe_10_10_inst/pe_gen[0].pe_inst/loard_a_in_opt_reg5' (pe.v:27) (merged to equivalence)
'wdata[0][0]' (pe_10_10_conv_top.v:11) (merged to equivalence)
'pe_10_10_inst/pe_gen[10].pe_inst/loard_a_in_opt_reg1' (pe.v:23) (merged to equivalence)
'pe_10_10_inst/pe_gen[10].pe_inst/loard_a_in_opt_reg2' (pe.v:24) (merged to equivalence)
'pe_10_10_inst/pe_gen[10].pe_inst/loard_a_in_opt_reg3' (pe.v:25) (merged to equivalence)
'pe_10_10_inst/pe_gen[10].pe_inst/loard_a_in_opt_reg4' (pe.v:26) (merged to equivalence)
'pe_10_10_inst/pe_gen[10].pe_inst/loard_a_in_opt_reg5' (pe.v:27) (merged to equivalence)
'pe_10_10_inst/pe_gen[10].pe_inst/op_reg' (pe.v:33) (merged to equivalence)
'wdata[12][0]' (pe_10_10_conv_top.v:11) (merged to equivalence)
'pe_10_10_inst/pe_gen[20].pe_inst/loard_a_in_opt_reg1' (pe.v:23) (merged to equivalence)
'pe_10_10_inst/pe_gen[20].pe_inst/loard_a_in_opt_reg2' (pe.v:24) (merged to equivalence)
'pe_10_10_inst/pe_gen[20].pe_inst/loard_a_in_opt_reg3' (pe.v:25) (merged to equivalence)
'pe_10_10_inst/pe_gen[20].pe_inst/loard_a_in_opt_reg4' (pe.v:26) (merged to equivalence)
'pe_10_10_inst/pe_gen[20].pe_inst/loard_a_in_opt_reg5' (pe.v:27) (merged to equivalence)
'pe_10_10_inst/pe_gen[20].pe_inst/op_reg' (pe.v:33) (merged to equivalence)
'wdata[24][0]' (pe_10_10_conv_top.v:11) (merged to equivalence)
'pe_10_10_inst/pe_gen[30].pe_inst/loard_a_in_opt_reg1' (pe.v:23) (merged to equivalence)
'pe_10_10_inst/pe_gen[30].pe_inst/loard_a_in_opt_reg2' (pe.v:24) (merged to equivalence)
'pe_10_10_inst/pe_gen[30].pe_inst/loard_a_in_opt_reg3' (pe.v:25) (merged to equivalence)
'pe_10_10_inst/pe_gen[30].pe_inst/loard_a_in_opt_reg4' (pe.v:26) (merged to equivalence)
'pe_10_10_inst/pe_gen[30].pe_inst/loard_a_in_opt_reg5' (pe.v:27) (merged to equivalence)
'pe_10_10_inst/pe_gen[30].pe_inst/op_reg' (pe.v:33) (merged to equivalence)
'wdata[36][0]' (pe_10_10_conv_top.v:11) (merged to equivalence)
'pe_10_10_inst/pe_gen[40].pe_inst/loard_a_in_opt_reg1' (pe.v:23) (merged to equivalence)
'pe_10_10_inst/pe_gen[40].pe_inst/loard_a_in_opt_reg2' (pe.v:24) (merged to equivalence)
'pe_10_10_inst/pe_gen[40].pe_inst/loard_a_in_opt_reg3' (pe.v:25) (merged to equivalence)
'pe_10_10_inst/pe_gen[40].pe_inst/loard_a_in_opt_reg4' (pe.v:26) (merged to equivalence)
'pe_10_10_inst/pe_gen[40].pe_inst/loard_a_in_opt_reg5' (pe.v:27) (merged to equivalence)
'pe_10_10_inst/pe_gen[40].pe_inst/op_reg' (pe.v:33) (merged to equivalence)
'wdata[48][0]' (pe_10_10_conv_top.v:11) (merged to equivalence)
'pe_10_10_inst/pe_gen[50].pe_inst/loard_a_in_opt_reg1' (pe.v:23) (merged to equivalence)
'pe_10_10_inst/pe_gen[50].pe_inst/loard_a_in_opt_reg2' (pe.v:24) (merged to equivalence)
'pe_10_10_inst/pe_gen[50].pe_inst/loard_a_in_opt_reg3' (pe.v:25) (merged to equivalence)
'pe_10_10_inst/pe_gen[50].pe_inst/loard_a_in_opt_reg4' (pe.v:26) (merged to equivalence)
'pe_10_10_inst/pe_gen[50].pe_inst/loard_a_in_opt_reg5' (pe.v:27) (merged to equivalence)
'pe_10_10_inst/pe_gen[50].pe_inst/op_reg' (pe.v:33) (merged to equivalence)
'wdata[60][0]' (pe_10_10_conv_top.v:11) (merged to equivalence)
'pe_10_10_inst/pe_gen[60].pe_inst/loard_a_in_opt_reg1' (pe.v:23) (merged to equivalence)
'pe_10_10_inst/pe_gen[60].pe_inst/loard_a_in_opt_reg2' (pe.v:24) (merged to equivalence)
'pe_10_10_inst/pe_gen[60].pe_inst/loard_a_in_opt_reg3' (pe.v:25) (merged to equivalence)
'pe_10_10_inst/pe_gen[60].pe_inst/loard_a_in_opt_reg4' (pe.v:26) (merged to equivalence)
'pe_10_10_inst/pe_gen[60].pe_inst/loard_a_in_opt_reg5' (pe.v:27) (merged to equivalence)
'pe_10_10_inst/pe_gen[60].pe_inst/op_reg' (pe.v:33) (merged to equivalence)
'wdata[72][0]' (pe_10_10_conv_top.v:11) (merged to equivalence)
'pe_10_10_inst/pe_gen[70].pe_inst/loard_a_in_opt_reg1' (pe.v:23) (merged to equivalence)
'pe_10_10_inst/pe_gen[70].pe_inst/loard_a_in_opt_reg2' (pe.v:24) (merged to equivalence)
'pe_10_10_inst/pe_gen[70].pe_inst/loard_a_in_opt_reg3' (pe.v:25) (merged to equivalence)
'pe_10_10_inst/pe_gen[70].pe_inst/loard_a_in_opt_reg4' (pe.v:26) (merged to equivalence)
'pe_10_10_inst/pe_gen[70].pe_inst/loard_a_in_opt_reg5' (pe.v:27) (merged to equivalence)
'pe_10_10_inst/pe_gen[70].pe_inst/op_reg' (pe.v:33) (merged to equivalence)
'wdata[84][0]' (pe_10_10_conv_top.v:11) (merged to equivalence)
'pe_10_10_inst/pe_gen[80].pe_inst/loard_a_in_opt_reg1' (pe.v:23) (merged to equivalence)
'pe_10_10_inst/pe_gen[80].pe_inst/loard_a_in_opt_reg2' (pe.v:24) (merged to equivalence)
'pe_10_10_inst/pe_gen[80].pe_inst/loard_a_in_opt_reg3' (pe.v:25) (merged to equivalence)
'pe_10_10_inst/pe_gen[80].pe_inst/loard_a_in_opt_reg4' (pe.v:26) (merged to equivalence)
'pe_10_10_inst/pe_gen[80].pe_inst/loard_a_in_opt_reg5' (pe.v:27) (merged to equivalence)
'pe_10_10_inst/pe_gen[80].pe_inst/op_reg' (pe.v:33) (merged to equivalence)
'wdata[96][0]' (pe_10_10_conv_top.v:11) (merged to equivalence)
'pe_10_10_inst/pe_gen[90].pe_inst/loard_a_in_opt_reg1' (pe.v:23) (merged to equivalence)
'pe_10_10_inst/pe_gen[90].pe_inst/loard_a_in_opt_reg2' (pe.v:24) (merged to equivalence)
'pe_10_10_inst/pe_gen[90].pe_inst/loard_a_in_opt_reg3' (pe.v:25) (merged to equivalence)
'pe_10_10_inst/pe_gen[90].pe_inst/loard_a_in_opt_reg4' (pe.v:26) (merged to equivalence)
'pe_10_10_inst/pe_gen[90].pe_inst/loard_a_in_opt_reg5' (pe.v:27) (merged to equivalence)
'pe_10_10_inst/pe_gen[90].pe_inst/op_reg' (pe.v:33) (merged to equivalence)
'wdata[108][0]' (pe_10_10_conv_top.v:11) (merged to equivalence)
'wdata[12][2]' (pe_10_10_conv_top.v:11) (merged to equivalence)
'wdata[36][2]' (pe_10_10_conv_top.v:11) (merged to equivalence)
'wdata[60][2]' (pe_10_10_conv_top.v:11) (merged to equivalence)
'wdata[84][2]' (pe_10_10_conv_top.v:11) (merged to equivalence)
'wdata[108][2]' (pe_10_10_conv_top.v:11) (merged to equivalence)
'wdata[12][3]' (pe_10_10_conv_top.v:11) (merged to equivalence)
'wdata[24][3]' (pe_10_10_conv_top.v:11) (merged to equivalence)
'wdata[60][3]' (pe_10_10_conv_top.v:11) (merged to equivalence)
'wdata[72][3]' (pe_10_10_conv_top.v:11) (merged to equivalence)
'wdata[108][3]' (pe_10_10_conv_top.v:11) (merged to equivalence)
'wdata[24][4]' (pe_10_10_conv_top.v:11) (merged to equivalence)
'wdata[48][4]' (pe_10_10_conv_top.v:11) (merged to equivalence)
'wdata[60][4]' (pe_10_10_conv_top.v:11) (merged to equivalence)
'wdata[84][4]' (pe_10_10_conv_top.v:11) (merged to equivalence)
'wdata[36][5]' (pe_10_10_conv_top.v:11) (merged to equivalence)
'wdata[48][5]' (pe_10_10_conv_top.v:11) (merged to equivalence)
'wdata[60][5]' (pe_10_10_conv_top.v:11) (merged to equivalence)
'wdata[96][5]' (pe_10_10_conv_top.v:11) (merged to equivalence)
'wdata[108][5]' (pe_10_10_conv_top.v:11) (merged to equivalence)
'wdata[72][6]' (pe_10_10_conv_top.v:11) (merged to equivalence)
'wdata[84][6]' (pe_10_10_conv_top.v:11) (merged to equivalence)
'wdata[96][6]' (pe_10_10_conv_top.v:11) (merged to equivalence)
'wdata[108][6]' (pe_10_10_conv_top.v:11) (merged to equivalence)
'pe_10_10_inst/pe_gen[11].pe_inst/buttom_a_in_opt' (pe.v:28) (merged to equivalence)
'pe_10_10_inst/pe_gen[21].pe_inst/buttom_a_in_opt' (pe.v:28) (merged to equivalence)
'pe_10_10_inst/pe_gen[31].pe_inst/buttom_a_in_opt' (pe.v:28) (merged to equivalence)
'pe_10_10_inst/pe_gen[41].pe_inst/buttom_a_in_opt' (pe.v:28) (merged to equivalence)
'pe_10_10_inst/pe_gen[51].pe_inst/buttom_a_in_opt' (pe.v:28) (merged to equivalence)
'pe_10_10_inst/pe_gen[61].pe_inst/buttom_a_in_opt' (pe.v:28) (merged to equivalence)
'pe_10_10_inst/pe_gen[71].pe_inst/buttom_a_in_opt' (pe.v:28) (merged to equivalence)
'pe_10_10_inst/pe_gen[81].pe_inst/buttom_a_in_opt' (pe.v:28) (merged to equivalence)
'pe_10_10_inst/pe_gen[91].pe_inst/buttom_a_in_opt' (pe.v:28) (merged to equivalence)
'pe_10_10_inst/pe_gen[92].pe_inst/buttom_a_in_opt' (pe.v:28) (merged to equivalence)
'pe_10_10_inst/pe_gen[93].pe_inst/buttom_a_in_opt' (pe.v:28) (merged to equivalence)
'pe_10_10_inst/pe_gen[94].pe_inst/buttom_a_in_opt' (pe.v:28) (merged to equivalence)
'i1751/feature_map_12_12_inst/feature_map[112][0]' (feature_map_12_12.v:16) (merged to equivalence)
'pe_10_10_inst/pe_gen[95].pe_inst/buttom_a_in_opt' (pe.v:28) (merged to equivalence)
'pe_10_10_inst/pe_gen[96].pe_inst/buttom_a_in_opt' (pe.v:28) (merged to equivalence)
'i1751/feature_map_12_12_inst/feature_map[114][0]' (feature_map_12_12.v:16) (merged to equivalence)
'pe_10_10_inst/pe_gen[97].pe_inst/buttom_a_in_opt' (pe.v:28) (merged to equivalence)
'pe_10_10_inst/pe_gen[98].pe_inst/buttom_a_in_opt' (pe.v:28) (merged to equivalence)
'i1751/feature_map_12_12_inst/feature_map[116][0]' (feature_map_12_12.v:16) (merged to equivalence)
'pe_10_10_inst/pe_gen[82].pe_inst/buttom_a_in_opt' (pe.v:28) (merged to equivalence)
'i1751/feature_map_12_12_inst/feature_map[98][0]' (feature_map_12_12.v:16) (merged to equivalence)
'pe_10_10_inst/pe_gen[83].pe_inst/buttom_a_in_opt' (pe.v:28) (merged to equivalence)
'pe_10_10_inst/pe_gen[84].pe_inst/buttom_a_in_opt' (pe.v:28) (merged to equivalence)
'i1751/feature_map_12_12_inst/feature_map[100][0]' (feature_map_12_12.v:16) (merged to equivalence)
'pe_10_10_inst/pe_gen[85].pe_inst/buttom_a_in_opt' (pe.v:28) (merged to equivalence)
'pe_10_10_inst/pe_gen[86].pe_inst/buttom_a_in_opt' (pe.v:28) (merged to equivalence)
'i1751/feature_map_12_12_inst/feature_map[102][0]' (feature_map_12_12.v:16) (merged to equivalence)
'pe_10_10_inst/pe_gen[87].pe_inst/buttom_a_in_opt' (pe.v:28) (merged to equivalence)
'pe_10_10_inst/pe_gen[88].pe_inst/buttom_a_in_opt' (pe.v:28) (merged to equivalence)
'i1751/feature_map_12_12_inst/feature_map[104][0]' (feature_map_12_12.v:16) (merged to equivalence)
'pe_10_10_inst/pe_gen[72].pe_inst/buttom_a_in_opt' (pe.v:28) (merged to equivalence)
'i1751/feature_map_12_12_inst/feature_map[86][0]' (feature_map_12_12.v:16) (merged to equivalence)
'pe_10_10_inst/pe_gen[73].pe_inst/buttom_a_in_opt' (pe.v:28) (merged to equivalence)
'pe_10_10_inst/pe_gen[74].pe_inst/buttom_a_in_opt' (pe.v:28) (merged to equivalence)
'i1751/feature_map_12_12_inst/feature_map[88][0]' (feature_map_12_12.v:16) (merged to equivalence)
'pe_10_10_inst/pe_gen[75].pe_inst/buttom_a_in_opt' (pe.v:28) (merged to equivalence)
'pe_10_10_inst/pe_gen[76].pe_inst/buttom_a_in_opt' (pe.v:28) (merged to equivalence)
'i1751/feature_map_12_12_inst/feature_map[90][0]' (feature_map_12_12.v:16) (merged to equivalence)
'pe_10_10_inst/pe_gen[77].pe_inst/buttom_a_in_opt' (pe.v:28) (merged to equivalence)
'pe_10_10_inst/pe_gen[78].pe_inst/buttom_a_in_opt' (pe.v:28) (merged to equivalence)
'i1751/feature_map_12_12_inst/feature_map[92][0]' (feature_map_12_12.v:16) (merged to equivalence)
'pe_10_10_inst/pe_gen[62].pe_inst/buttom_a_in_opt' (pe.v:28) (merged to equivalence)
'i1751/feature_map_12_12_inst/feature_map[74][0]' (feature_map_12_12.v:16) (merged to equivalence)
'pe_10_10_inst/pe_gen[63].pe_inst/buttom_a_in_opt' (pe.v:28) (merged to equivalence)
'pe_10_10_inst/pe_gen[64].pe_inst/buttom_a_in_opt' (pe.v:28) (merged to equivalence)
'i1751/feature_map_12_12_inst/feature_map[76][0]' (feature_map_12_12.v:16) (merged to equivalence)
'pe_10_10_inst/pe_gen[65].pe_inst/buttom_a_in_opt' (pe.v:28) (merged to equivalence)
'pe_10_10_inst/pe_gen[66].pe_inst/buttom_a_in_opt' (pe.v:28) (merged to equivalence)
'i1751/feature_map_12_12_inst/feature_map[78][0]' (feature_map_12_12.v:16) (merged to equivalence)
'pe_10_10_inst/pe_gen[67].pe_inst/buttom_a_in_opt' (pe.v:28) (merged to equivalence)
'pe_10_10_inst/pe_gen[68].pe_inst/buttom_a_in_opt' (pe.v:28) (merged to equivalence)
'i1751/feature_map_12_12_inst/feature_map[80][0]' (feature_map_12_12.v:16) (merged to equivalence)
'pe_10_10_inst/pe_gen[52].pe_inst/buttom_a_in_opt' (pe.v:28) (merged to equivalence)
'i1751/feature_map_12_12_inst/feature_map[62][0]' (feature_map_12_12.v:16) (merged to equivalence)
'pe_10_10_inst/pe_gen[53].pe_inst/buttom_a_in_opt' (pe.v:28) (merged to equivalence)
'pe_10_10_inst/pe_gen[54].pe_inst/buttom_a_in_opt' (pe.v:28) (merged to equivalence)
'i1751/feature_map_12_12_inst/feature_map[64][0]' (feature_map_12_12.v:16) (merged to equivalence)
'pe_10_10_inst/pe_gen[55].pe_inst/buttom_a_in_opt' (pe.v:28) (merged to equivalence)
'pe_10_10_inst/pe_gen[56].pe_inst/buttom_a_in_opt' (pe.v:28) (merged to equivalence)
'i1751/feature_map_12_12_inst/feature_map[66][0]' (feature_map_12_12.v:16) (merged to equivalence)
'pe_10_10_inst/pe_gen[57].pe_inst/buttom_a_in_opt' (pe.v:28) (merged to equivalence)
'pe_10_10_inst/pe_gen[58].pe_inst/buttom_a_in_opt' (pe.v:28) (merged to equivalence)
'i1751/feature_map_12_12_inst/feature_map[68][0]' (feature_map_12_12.v:16) (merged to equivalence)
'pe_10_10_inst/pe_gen[42].pe_inst/buttom_a_in_opt' (pe.v:28) (merged to equivalence)
'i1751/feature_map_12_12_inst/feature_map[50][0]' (feature_map_12_12.v:16) (merged to equivalence)
'pe_10_10_inst/pe_gen[43].pe_inst/buttom_a_in_opt' (pe.v:28) (merged to equivalence)
'pe_10_10_inst/pe_gen[44].pe_inst/buttom_a_in_opt' (pe.v:28) (merged to equivalence)
'i1751/feature_map_12_12_inst/feature_map[52][0]' (feature_map_12_12.v:16) (merged to equivalence)
'pe_10_10_inst/pe_gen[45].pe_inst/buttom_a_in_opt' (pe.v:28) (merged to equivalence)
'pe_10_10_inst/pe_gen[46].pe_inst/buttom_a_in_opt' (pe.v:28) (merged to equivalence)
'i1751/feature_map_12_12_inst/feature_map[54][0]' (feature_map_12_12.v:16) (merged to equivalence)
'pe_10_10_inst/pe_gen[47].pe_inst/buttom_a_in_opt' (pe.v:28) (merged to equivalence)
'pe_10_10_inst/pe_gen[48].pe_inst/buttom_a_in_opt' (pe.v:28) (merged to equivalence)
'i1751/feature_map_12_12_inst/feature_map[56][0]' (feature_map_12_12.v:16) (merged to equivalence)
'pe_10_10_inst/pe_gen[32].pe_inst/buttom_a_in_opt' (pe.v:28) (merged to equivalence)
'i1751/feature_map_12_12_inst/feature_map[38][0]' (feature_map_12_12.v:16) (merged to equivalence)
'pe_10_10_inst/pe_gen[33].pe_inst/buttom_a_in_opt' (pe.v:28) (merged to equivalence)
'pe_10_10_inst/pe_gen[34].pe_inst/buttom_a_in_opt' (pe.v:28) (merged to equivalence)
'i1751/feature_map_12_12_inst/feature_map[40][0]' (feature_map_12_12.v:16) (merged to equivalence)
'pe_10_10_inst/pe_gen[35].pe_inst/buttom_a_in_opt' (pe.v:28) (merged to equivalence)
'pe_10_10_inst/pe_gen[36].pe_inst/buttom_a_in_opt' (pe.v:28) (merged to equivalence)
'i1751/feature_map_12_12_inst/feature_map[42][0]' (feature_map_12_12.v:16) (merged to equivalence)
'pe_10_10_inst/pe_gen[37].pe_inst/buttom_a_in_opt' (pe.v:28) (merged to equivalence)
'pe_10_10_inst/pe_gen[38].pe_inst/buttom_a_in_opt' (pe.v:28) (merged to equivalence)
'i1751/feature_map_12_12_inst/feature_map[44][0]' (feature_map_12_12.v:16) (merged to equivalence)
'pe_10_10_inst/pe_gen[22].pe_inst/buttom_a_in_opt' (pe.v:28) (merged to equivalence)
'i1751/feature_map_12_12_inst/feature_map[26][0]' (feature_map_12_12.v:16) (merged to equivalence)
'pe_10_10_inst/pe_gen[23].pe_inst/buttom_a_in_opt' (pe.v:28) (merged to equivalence)
'pe_10_10_inst/pe_gen[24].pe_inst/buttom_a_in_opt' (pe.v:28) (merged to equivalence)
'i1751/feature_map_12_12_inst/feature_map[28][0]' (feature_map_12_12.v:16) (merged to equivalence)
'pe_10_10_inst/pe_gen[25].pe_inst/buttom_a_in_opt' (pe.v:28) (merged to equivalence)
'pe_10_10_inst/pe_gen[26].pe_inst/buttom_a_in_opt' (pe.v:28) (merged to equivalence)
'i1751/feature_map_12_12_inst/feature_map[30][0]' (feature_map_12_12.v:16) (merged to equivalence)
'pe_10_10_inst/pe_gen[27].pe_inst/buttom_a_in_opt' (pe.v:28) (merged to equivalence)
'pe_10_10_inst/pe_gen[28].pe_inst/buttom_a_in_opt' (pe.v:28) (merged to equivalence)
'i1751/feature_map_12_12_inst/feature_map[32][0]' (feature_map_12_12.v:16) (merged to equivalence)
'pe_10_10_inst/pe_gen[12].pe_inst/buttom_a_in_opt' (pe.v:28) (merged to equivalence)
'i1751/feature_map_12_12_inst/feature_map[14][0]' (feature_map_12_12.v:16) (merged to equivalence)
'pe_10_10_inst/pe_gen[13].pe_inst/buttom_a_in_opt' (pe.v:28) (merged to equivalence)
'pe_10_10_inst/pe_gen[14].pe_inst/buttom_a_in_opt' (pe.v:28) (merged to equivalence)
'i1751/feature_map_12_12_inst/feature_map[16][0]' (feature_map_12_12.v:16) (merged to equivalence)
'pe_10_10_inst/pe_gen[15].pe_inst/buttom_a_in_opt' (pe.v:28) (merged to equivalence)
'pe_10_10_inst/pe_gen[16].pe_inst/buttom_a_in_opt' (pe.v:28) (merged to equivalence)
'i1751/feature_map_12_12_inst/feature_map[18][0]' (feature_map_12_12.v:16) (merged to equivalence)
'pe_10_10_inst/pe_gen[17].pe_inst/buttom_a_in_opt' (pe.v:28) (merged to equivalence)
'pe_10_10_inst/pe_gen[18].pe_inst/buttom_a_in_opt' (pe.v:28) (merged to equivalence)
'i1751/feature_map_12_12_inst/feature_map[20][0]' (feature_map_12_12.v:16) (merged to equivalence)
'pe_10_10_inst/pe_gen[2].pe_inst/buttom_a_in_opt' (pe.v:28) (merged to equivalence)
'i1751/feature_map_12_12_inst/feature_map[2][0]' (feature_map_12_12.v:16) (merged to equivalence)
'pe_10_10_inst/pe_gen[3].pe_inst/buttom_a_in_opt' (pe.v:28) (merged to equivalence)
'pe_10_10_inst/pe_gen[4].pe_inst/buttom_a_in_opt' (pe.v:28) (merged to equivalence)
'i1751/feature_map_12_12_inst/feature_map[4][0]' (feature_map_12_12.v:16) (merged to equivalence)
'pe_10_10_inst/pe_gen[5].pe_inst/buttom_a_in_opt' (pe.v:28) (merged to equivalence)
'pe_10_10_inst/pe_gen[6].pe_inst/buttom_a_in_opt' (pe.v:28) (merged to equivalence)
'i1751/feature_map_12_12_inst/feature_map[6][0]' (feature_map_12_12.v:16) (merged to equivalence)
'pe_10_10_inst/pe_gen[7].pe_inst/buttom_a_in_opt' (pe.v:28) (merged to equivalence)
'pe_10_10_inst/pe_gen[8].pe_inst/buttom_a_in_opt' (pe.v:28) (merged to equivalence)
'i1751/feature_map_12_12_inst/feature_map[8][0]' (feature_map_12_12.v:16) (merged to equivalence)
'i1751/feature_map_12_12_inst/feature_map[1][1]' (feature_map_12_12.v:16) (merged to equivalence)
'i1751/feature_map_12_12_inst/feature_map[13][1]' (feature_map_12_12.v:16) (merged to equivalence)
'i1751/feature_map_12_12_inst/feature_map[25][1]' (feature_map_12_12.v:16) (merged to equivalence)
'i1751/feature_map_12_12_inst/feature_map[37][1]' (feature_map_12_12.v:16) (merged to equivalence)
'i1751/feature_map_12_12_inst/feature_map[49][1]' (feature_map_12_12.v:16) (merged to equivalence)
'i1751/feature_map_12_12_inst/feature_map[61][1]' (feature_map_12_12.v:16) (merged to equivalence)
'i1751/feature_map_12_12_inst/feature_map[73][1]' (feature_map_12_12.v:16) (merged to equivalence)
'i1751/feature_map_12_12_inst/feature_map[85][1]' (feature_map_12_12.v:16) (merged to equivalence)
'i1751/feature_map_12_12_inst/feature_map[97][1]' (feature_map_12_12.v:16) (merged to equivalence)
'i1751/feature_map_12_12_inst/feature_map[109][1]' (feature_map_12_12.v:16) (merged to equivalence)
'i1751/feature_map_12_12_inst/feature_map[110][1]' (feature_map_12_12.v:16) (merged to equivalence)
'i1751/feature_map_12_12_inst/feature_map[113][1]' (feature_map_12_12.v:16) (merged to equivalence)
'i1751/feature_map_12_12_inst/feature_map[114][1]' (feature_map_12_12.v:16) (merged to equivalence)
'pe_10_10_inst/pe_gen[99].pe_inst/buttom_a_in_opt' (pe.v:28) (merged to equivalence)
'i1751/feature_map_12_12_inst/feature_map[117][1]' (feature_map_12_12.v:16) (merged to equivalence)
'i1751/feature_map_12_12_inst/feature_map[98][1]' (feature_map_12_12.v:16) (merged to equivalence)
'i1751/feature_map_12_12_inst/feature_map[101][1]' (feature_map_12_12.v:16) (merged to equivalence)
'i1751/feature_map_12_12_inst/feature_map[102][1]' (feature_map_12_12.v:16) (merged to equivalence)
'pe_10_10_inst/pe_gen[89].pe_inst/buttom_a_in_opt' (pe.v:28) (merged to equivalence)
'i1751/feature_map_12_12_inst/feature_map[105][1]' (feature_map_12_12.v:16) (merged to equivalence)
'i1751/feature_map_12_12_inst/feature_map[86][1]' (feature_map_12_12.v:16) (merged to equivalence)
'i1751/feature_map_12_12_inst/feature_map[89][1]' (feature_map_12_12.v:16) (merged to equivalence)
'i1751/feature_map_12_12_inst/feature_map[90][1]' (feature_map_12_12.v:16) (merged to equivalence)
'pe_10_10_inst/pe_gen[79].pe_inst/buttom_a_in_opt' (pe.v:28) (merged to equivalence)
'i1751/feature_map_12_12_inst/feature_map[93][1]' (feature_map_12_12.v:16) (merged to equivalence)
'i1751/feature_map_12_12_inst/feature_map[74][1]' (feature_map_12_12.v:16) (merged to equivalence)
'i1751/feature_map_12_12_inst/feature_map[77][1]' (feature_map_12_12.v:16) (merged to equivalence)
'i1751/feature_map_12_12_inst/feature_map[78][1]' (feature_map_12_12.v:16) (merged to equivalence)
'pe_10_10_inst/pe_gen[69].pe_inst/buttom_a_in_opt' (pe.v:28) (merged to equivalence)
'i1751/feature_map_12_12_inst/feature_map[81][1]' (feature_map_12_12.v:16) (merged to equivalence)
'i1751/feature_map_12_12_inst/feature_map[62][1]' (feature_map_12_12.v:16) (merged to equivalence)
'i1751/feature_map_12_12_inst/feature_map[65][1]' (feature_map_12_12.v:16) (merged to equivalence)
'i1751/feature_map_12_12_inst/feature_map[66][1]' (feature_map_12_12.v:16) (merged to equivalence)
'pe_10_10_inst/pe_gen[59].pe_inst/buttom_a_in_opt' (pe.v:28) (merged to equivalence)
'i1751/feature_map_12_12_inst/feature_map[69][1]' (feature_map_12_12.v:16) (merged to equivalence)
'i1751/feature_map_12_12_inst/feature_map[50][1]' (feature_map_12_12.v:16) (merged to equivalence)
'i1751/feature_map_12_12_inst/feature_map[53][1]' (feature_map_12_12.v:16) (merged to equivalence)
'i1751/feature_map_12_12_inst/feature_map[54][1]' (feature_map_12_12.v:16) (merged to equivalence)
'pe_10_10_inst/pe_gen[49].pe_inst/buttom_a_in_opt' (pe.v:28) (merged to equivalence)
'i1751/feature_map_12_12_inst/feature_map[57][1]' (feature_map_12_12.v:16) (merged to equivalence)
'i1751/feature_map_12_12_inst/feature_map[38][1]' (feature_map_12_12.v:16) (merged to equivalence)
'i1751/feature_map_12_12_inst/feature_map[41][1]' (feature_map_12_12.v:16) (merged to equivalence)
'i1751/feature_map_12_12_inst/feature_map[42][1]' (feature_map_12_12.v:16) (merged to equivalence)
'pe_10_10_inst/pe_gen[39].pe_inst/buttom_a_in_opt' (pe.v:28) (merged to equivalence)
'i1751/feature_map_12_12_inst/feature_map[45][1]' (feature_map_12_12.v:16) (merged to equivalence)
'i1751/feature_map_12_12_inst/feature_map[26][1]' (feature_map_12_12.v:16) (merged to equivalence)
'i1751/feature_map_12_12_inst/feature_map[29][1]' (feature_map_12_12.v:16) (merged to equivalence)
'i1751/feature_map_12_12_inst/feature_map[30][1]' (feature_map_12_12.v:16) (merged to equivalence)
'pe_10_10_inst/pe_gen[29].pe_inst/buttom_a_in_opt' (pe.v:28) (merged to equivalence)
'i1751/feature_map_12_12_inst/feature_map[33][1]' (feature_map_12_12.v:16) (merged to equivalence)
'i1751/feature_map_12_12_inst/feature_map[14][1]' (feature_map_12_12.v:16) (merged to equivalence)
'i1751/feature_map_12_12_inst/feature_map[17][1]' (feature_map_12_12.v:16) (merged to equivalence)
'i1751/feature_map_12_12_inst/feature_map[18][1]' (feature_map_12_12.v:16) (merged to equivalence)
'pe_10_10_inst/pe_gen[19].pe_inst/buttom_a_in_opt' (pe.v:28) (merged to equivalence)
'i1751/feature_map_12_12_inst/feature_map[21][1]' (feature_map_12_12.v:16) (merged to equivalence)
'i1751/feature_map_12_12_inst/feature_map[2][1]' (feature_map_12_12.v:16) (merged to equivalence)
'i1751/feature_map_12_12_inst/feature_map[5][1]' (feature_map_12_12.v:16) (merged to equivalence)
'i1751/feature_map_12_12_inst/feature_map[6][1]' (feature_map_12_12.v:16) (merged to equivalence)
'pe_10_10_inst/pe_gen[9].pe_inst/buttom_a_in_opt' (pe.v:28) (merged to equivalence)
'i1751/feature_map_12_12_inst/feature_map[9][1]' (feature_map_12_12.v:16) (merged to equivalence)
'i1751/feature_map_12_12_inst/feature_map[13][2]' (feature_map_12_12.v:16) (merged to equivalence)
'i1751/feature_map_12_12_inst/feature_map[37][2]' (feature_map_12_12.v:16) (merged to equivalence)
'i1751/feature_map_12_12_inst/feature_map[61][2]' (feature_map_12_12.v:16) (merged to equivalence)
'i1751/feature_map_12_12_inst/feature_map[85][2]' (feature_map_12_12.v:16) (merged to equivalence)
'i1751/feature_map_12_12_inst/feature_map[109][2]' (feature_map_12_12.v:16) (merged to equivalence)
'i1751/feature_map_12_12_inst/feature_map[110][2]' (feature_map_12_12.v:16) (merged to equivalence)
'i1751/feature_map_12_12_inst/feature_map[115][2]' (feature_map_12_12.v:16) (merged to equivalence)
'i1751/feature_map_12_12_inst/feature_map[116][2]' (feature_map_12_12.v:16) (merged to equivalence)
'i1751/feature_map_12_12_inst/feature_map[117][2]' (feature_map_12_12.v:16) (merged to equivalence)
'i1751/feature_map_12_12_inst/feature_map[99][2]' (feature_map_12_12.v:16) (merged to equivalence)
'i1751/feature_map_12_12_inst/feature_map[100][2]' (feature_map_12_12.v:16) (merged to equivalence)
'i1751/feature_map_12_12_inst/feature_map[101][2]' (feature_map_12_12.v:16) (merged to equivalence)
'i1751/feature_map_12_12_inst/feature_map[102][2]' (feature_map_12_12.v:16) (merged to equivalence)
'i1751/feature_map_12_12_inst/feature_map[86][2]' (feature_map_12_12.v:16) (merged to equivalence)
'i1751/feature_map_12_12_inst/feature_map[91][2]' (feature_map_12_12.v:16) (merged to equivalence)
'i1751/feature_map_12_12_inst/feature_map[92][2]' (feature_map_12_12.v:16) (merged to equivalence)
'i1751/feature_map_12_12_inst/feature_map[93][2]' (feature_map_12_12.v:16) (merged to equivalence)
'i1751/feature_map_12_12_inst/feature_map[75][2]' (feature_map_12_12.v:16) (merged to equivalence)
'i1751/feature_map_12_12_inst/feature_map[76][2]' (feature_map_12_12.v:16) (merged to equivalence)
'i1751/feature_map_12_12_inst/feature_map[77][2]' (feature_map_12_12.v:16) (merged to equivalence)
'i1751/feature_map_12_12_inst/feature_map[78][2]' (feature_map_12_12.v:16) (merged to equivalence)
'i1751/feature_map_12_12_inst/feature_map[62][2]' (feature_map_12_12.v:16) (merged to equivalence)
'i1751/feature_map_12_12_inst/feature_map[67][2]' (feature_map_12_12.v:16) (merged to equivalence)
'i1751/feature_map_12_12_inst/feature_map[68][2]' (feature_map_12_12.v:16) (merged to equivalence)
'i1751/feature_map_12_12_inst/feature_map[69][2]' (feature_map_12_12.v:16) (merged to equivalence)
'i1751/feature_map_12_12_inst/feature_map[51][2]' (feature_map_12_12.v:16) (merged to equivalence)
'i1751/feature_map_12_12_inst/feature_map[52][2]' (feature_map_12_12.v:16) (merged to equivalence)
'i1751/feature_map_12_12_inst/feature_map[53][2]' (feature_map_12_12.v:16) (merged to equivalence)
'i1751/feature_map_12_12_inst/feature_map[54][2]' (feature_map_12_12.v:16) (merged to equivalence)
'i1751/feature_map_12_12_inst/feature_map[38][2]' (feature_map_12_12.v:16) (merged to equivalence)
'i1751/feature_map_12_12_inst/feature_map[43][2]' (feature_map_12_12.v:16) (merged to equivalence)
'i1751/feature_map_12_12_inst/feature_map[44][2]' (feature_map_12_12.v:16) (merged to equivalence)
'i1751/feature_map_12_12_inst/feature_map[45][2]' (feature_map_12_12.v:16) (merged to equivalence)
'i1751/feature_map_12_12_inst/feature_map[27][2]' (feature_map_12_12.v:16) (merged to equivalence)
'i1751/feature_map_12_12_inst/feature_map[28][2]' (feature_map_12_12.v:16) (merged to equivalence)
'i1751/feature_map_12_12_inst/feature_map[29][2]' (feature_map_12_12.v:16) (merged to equivalence)
'i1751/feature_map_12_12_inst/feature_map[30][2]' (feature_map_12_12.v:16) (merged to equivalence)
'i1751/feature_map_12_12_inst/feature_map[14][2]' (feature_map_12_12.v:16) (merged to equivalence)
'i1751/feature_map_12_12_inst/feature_map[19][2]' (feature_map_12_12.v:16) (merged to equivalence)
'i1751/feature_map_12_12_inst/feature_map[20][2]' (feature_map_12_12.v:16) (merged to equivalence)
'i1751/feature_map_12_12_inst/feature_map[21][2]' (feature_map_12_12.v:16) (merged to equivalence)
'i1751/feature_map_12_12_inst/feature_map[3][2]' (feature_map_12_12.v:16) (merged to equivalence)
'i1751/feature_map_12_12_inst/feature_map[4][2]' (feature_map_12_12.v:16) (merged to equivalence)
'i1751/feature_map_12_12_inst/feature_map[5][2]' (feature_map_12_12.v:16) (merged to equivalence)
'i1751/feature_map_12_12_inst/feature_map[6][2]' (feature_map_12_12.v:16) (merged to equivalence)
'i1751/feature_map_12_12_inst/feature_map[13][3]' (feature_map_12_12.v:16) (merged to equivalence)
'i1751/feature_map_12_12_inst/feature_map[25][3]' (feature_map_12_12.v:16) (merged to equivalence)
'i1751/feature_map_12_12_inst/feature_map[61][3]' (feature_map_12_12.v:16) (merged to equivalence)
'i1751/feature_map_12_12_inst/feature_map[73][3]' (feature_map_12_12.v:16) (merged to equivalence)
'i1751/feature_map_12_12_inst/feature_map[109][3]' (feature_map_12_12.v:16) (merged to equivalence)
'i1751/feature_map_12_12_inst/feature_map[110][3]' (feature_map_12_12.v:16) (merged to equivalence)
'i1751/feature_map_12_12_inst/feature_map[103][3]' (feature_map_12_12.v:16) (merged to equivalence)
'i1751/feature_map_12_12_inst/feature_map[104][3]' (feature_map_12_12.v:16) (merged to equivalence)
'i1751/feature_map_12_12_inst/feature_map[105][3]' (feature_map_12_12.v:16) (merged to equivalence)
'i1751/feature_map_12_12_inst/feature_map[87][3]' (feature_map_12_12.v:16) (merged to equivalence)
'i1751/feature_map_12_12_inst/feature_map[88][3]' (feature_map_12_12.v:16) (merged to equivalence)
'i1751/feature_map_12_12_inst/feature_map[89][3]' (feature_map_12_12.v:16) (merged to equivalence)
'i1751/feature_map_12_12_inst/feature_map[90][3]' (feature_map_12_12.v:16) (merged to equivalence)
'i1751/feature_map_12_12_inst/feature_map[91][3]' (feature_map_12_12.v:16) (merged to equivalence)
'i1751/feature_map_12_12_inst/feature_map[92][3]' (feature_map_12_12.v:16) (merged to equivalence)
'i1751/feature_map_12_12_inst/feature_map[93][3]' (feature_map_12_12.v:16) (merged to equivalence)
'i1751/feature_map_12_12_inst/feature_map[74][3]' (feature_map_12_12.v:16) (merged to equivalence)
'i1751/feature_map_12_12_inst/feature_map[75][3]' (feature_map_12_12.v:16) (merged to equivalence)
'i1751/feature_map_12_12_inst/feature_map[76][3]' (feature_map_12_12.v:16) (merged to equivalence)
'i1751/feature_map_12_12_inst/feature_map[77][3]' (feature_map_12_12.v:16) (merged to equivalence)
'i1751/feature_map_12_12_inst/feature_map[78][3]' (feature_map_12_12.v:16) (merged to equivalence)
'i1751/feature_map_12_12_inst/feature_map[62][3]' (feature_map_12_12.v:16) (merged to equivalence)
'i1751/feature_map_12_12_inst/feature_map[55][3]' (feature_map_12_12.v:16) (merged to equivalence)
'i1751/feature_map_12_12_inst/feature_map[56][3]' (feature_map_12_12.v:16) (merged to equivalence)
'i1751/feature_map_12_12_inst/feature_map[57][3]' (feature_map_12_12.v:16) (merged to equivalence)
'i1751/feature_map_12_12_inst/feature_map[39][3]' (feature_map_12_12.v:16) (merged to equivalence)
'i1751/feature_map_12_12_inst/feature_map[40][3]' (feature_map_12_12.v:16) (merged to equivalence)
'i1751/feature_map_12_12_inst/feature_map[41][3]' (feature_map_12_12.v:16) (merged to equivalence)
'i1751/feature_map_12_12_inst/feature_map[42][3]' (feature_map_12_12.v:16) (merged to equivalence)
'i1751/feature_map_12_12_inst/feature_map[43][3]' (feature_map_12_12.v:16) (merged to equivalence)
'i1751/feature_map_12_12_inst/feature_map[44][3]' (feature_map_12_12.v:16) (merged to equivalence)
'i1751/feature_map_12_12_inst/feature_map[45][3]' (feature_map_12_12.v:16) (merged to equivalence)
'i1751/feature_map_12_12_inst/feature_map[26][3]' (feature_map_12_12.v:16) (merged to equivalence)
'i1751/feature_map_12_12_inst/feature_map[27][3]' (feature_map_12_12.v:16) (merged to equivalence)
'i1751/feature_map_12_12_inst/feature_map[28][3]' (feature_map_12_12.v:16) (merged to equivalence)
'i1751/feature_map_12_12_inst/feature_map[29][3]' (feature_map_12_12.v:16) (merged to equivalence)
'i1751/feature_map_12_12_inst/feature_map[30][3]' (feature_map_12_12.v:16) (merged to equivalence)
'i1751/feature_map_12_12_inst/feature_map[14][3]' (feature_map_12_12.v:16) (merged to equivalence)
'i1751/feature_map_12_12_inst/feature_map[7][3]' (feature_map_12_12.v:16) (merged to equivalence)
'i1751/feature_map_12_12_inst/feature_map[8][3]' (feature_map_12_12.v:16) (merged to equivalence)
'i1751/feature_map_12_12_inst/feature_map[9][3]' (feature_map_12_12.v:16) (merged to equivalence)
'i1751/feature_map_12_12_inst/feature_map[25][4]' (feature_map_12_12.v:16) (merged to equivalence)
'i1751/feature_map_12_12_inst/feature_map[49][4]' (feature_map_12_12.v:16) (merged to equivalence)
'i1751/feature_map_12_12_inst/feature_map[61][4]' (feature_map_12_12.v:16) (merged to equivalence)
'i1751/feature_map_12_12_inst/feature_map[85][4]' (feature_map_12_12.v:16) (merged to equivalence)
'i1751/feature_map_12_12_inst/feature_map[111][4]' (feature_map_12_12.v:16) (merged to equivalence)
'i1751/feature_map_12_12_inst/feature_map[112][4]' (feature_map_12_12.v:16) (merged to equivalence)
'i1751/feature_map_12_12_inst/feature_map[113][4]' (feature_map_12_12.v:16) (merged to equivalence)
'i1751/feature_map_12_12_inst/feature_map[114][4]' (feature_map_12_12.v:16) (merged to equivalence)
'i1751/feature_map_12_12_inst/feature_map[115][4]' (feature_map_12_12.v:16) (merged to equivalence)
'i1751/feature_map_12_12_inst/feature_map[116][4]' (feature_map_12_12.v:16) (merged to equivalence)
'i1751/feature_map_12_12_inst/feature_map[117][4]' (feature_map_12_12.v:16) (merged to equivalence)
'i1751/feature_map_12_12_inst/feature_map[86][4]' (feature_map_12_12.v:16) (merged to equivalence)
'i1751/feature_map_12_12_inst/feature_map[87][4]' (feature_map_12_12.v:16) (merged to equivalence)
'i1751/feature_map_12_12_inst/feature_map[88][4]' (feature_map_12_12.v:16) (merged to equivalence)
'i1751/feature_map_12_12_inst/feature_map[89][4]' (feature_map_12_12.v:16) (merged to equivalence)
'i1751/feature_map_12_12_inst/feature_map[90][4]' (feature_map_12_12.v:16) (merged to equivalence)
'i1751/feature_map_12_12_inst/feature_map[91][4]' (feature_map_12_12.v:16) (merged to equivalence)
'i1751/feature_map_12_12_inst/feature_map[92][4]' (feature_map_12_12.v:16) (merged to equivalence)
'i1751/feature_map_12_12_inst/feature_map[93][4]' (feature_map_12_12.v:16) (merged to equivalence)
'i1751/feature_map_12_12_inst/feature_map[79][4]' (feature_map_12_12.v:16) (merged to equivalence)
'i1751/feature_map_12_12_inst/feature_map[80][4]' (feature_map_12_12.v:16) (merged to equivalence)
'i1751/feature_map_12_12_inst/feature_map[81][4]' (feature_map_12_12.v:16) (merged to equivalence)
'i1751/feature_map_12_12_inst/feature_map[62][4]' (feature_map_12_12.v:16) (merged to equivalence)
'i1751/feature_map_12_12_inst/feature_map[50][4]' (feature_map_12_12.v:16) (merged to equivalence)
'i1751/feature_map_12_12_inst/feature_map[51][4]' (feature_map_12_12.v:16) (merged to equivalence)
'i1751/feature_map_12_12_inst/feature_map[52][4]' (feature_map_12_12.v:16) (merged to equivalence)
'i1751/feature_map_12_12_inst/feature_map[53][4]' (feature_map_12_12.v:16) (merged to equivalence)
'i1751/feature_map_12_12_inst/feature_map[54][4]' (feature_map_12_12.v:16) (merged to equivalence)
'i1751/feature_map_12_12_inst/feature_map[55][4]' (feature_map_12_12.v:16) (merged to equivalence)
'i1751/feature_map_12_12_inst/feature_map[56][4]' (feature_map_12_12.v:16) (merged to equivalence)
'i1751/feature_map_12_12_inst/feature_map[57][4]' (feature_map_12_12.v:16) (merged to equivalence)
'i1751/feature_map_12_12_inst/feature_map[26][4]' (feature_map_12_12.v:16) (merged to equivalence)
'i1751/feature_map_12_12_inst/feature_map[27][4]' (feature_map_12_12.v:16) (merged to equivalence)
'i1751/feature_map_12_12_inst/feature_map[28][4]' (feature_map_12_12.v:16) (merged to equivalence)
'i1751/feature_map_12_12_inst/feature_map[29][4]' (feature_map_12_12.v:16) (merged to equivalence)
'i1751/feature_map_12_12_inst/feature_map[30][4]' (feature_map_12_12.v:16) (merged to equivalence)
'i1751/feature_map_12_12_inst/feature_map[15][4]' (feature_map_12_12.v:16) (merged to equivalence)
'i1751/feature_map_12_12_inst/feature_map[16][4]' (feature_map_12_12.v:16) (merged to equivalence)
'i1751/feature_map_12_12_inst/feature_map[17][4]' (feature_map_12_12.v:16) (merged to equivalence)
'i1751/feature_map_12_12_inst/feature_map[18][4]' (feature_map_12_12.v:16) (merged to equivalence)
'i1751/feature_map_12_12_inst/feature_map[19][4]' (feature_map_12_12.v:16) (merged to equivalence)
'i1751/feature_map_12_12_inst/feature_map[20][4]' (feature_map_12_12.v:16) (merged to equivalence)
'i1751/feature_map_12_12_inst/feature_map[21][4]' (feature_map_12_12.v:16) (merged to equivalence)
'i1751/feature_map_12_12_inst/feature_map[37][5]' (feature_map_12_12.v:16) (merged to equivalence)
'i1751/feature_map_12_12_inst/feature_map[49][5]' (feature_map_12_12.v:16) (merged to equivalence)
'i1751/feature_map_12_12_inst/feature_map[61][5]' (feature_map_12_12.v:16) (merged to equivalence)
'i1751/feature_map_12_12_inst/feature_map[97][5]' (feature_map_12_12.v:16) (merged to equivalence)
'i1751/feature_map_12_12_inst/feature_map[109][5]' (feature_map_12_12.v:16) (merged to equivalence)
'i1751/feature_map_12_12_inst/feature_map[110][5]' (feature_map_12_12.v:16) (merged to equivalence)
'i1751/feature_map_12_12_inst/feature_map[111][5]' (feature_map_12_12.v:16) (merged to equivalence)
'i1751/feature_map_12_12_inst/feature_map[112][5]' (feature_map_12_12.v:16) (merged to equivalence)
'i1751/feature_map_12_12_inst/feature_map[113][5]' (feature_map_12_12.v:16) (merged to equivalence)
'i1751/feature_map_12_12_inst/feature_map[114][5]' (feature_map_12_12.v:16) (merged to equivalence)
'i1751/feature_map_12_12_inst/feature_map[115][5]' (feature_map_12_12.v:16) (merged to equivalence)
'i1751/feature_map_12_12_inst/feature_map[116][5]' (feature_map_12_12.v:16) (merged to equivalence)
'i1751/feature_map_12_12_inst/feature_map[117][5]' (feature_map_12_12.v:16) (merged to equivalence)
'i1751/feature_map_12_12_inst/feature_map[98][5]' (feature_map_12_12.v:16) (merged to equivalence)
'i1751/feature_map_12_12_inst/feature_map[99][5]' (feature_map_12_12.v:16) (merged to equivalence)
'i1751/feature_map_12_12_inst/feature_map[100][5]' (feature_map_12_12.v:16) (merged to equivalence)
'i1751/feature_map_12_12_inst/feature_map[101][5]' (feature_map_12_12.v:16) (merged to equivalence)
'i1751/feature_map_12_12_inst/feature_map[102][5]' (feature_map_12_12.v:16) (merged to equivalence)
'i1751/feature_map_12_12_inst/feature_map[103][5]' (feature_map_12_12.v:16) (merged to equivalence)
'i1751/feature_map_12_12_inst/feature_map[104][5]' (feature_map_12_12.v:16) (merged to equivalence)
'i1751/feature_map_12_12_inst/feature_map[105][5]' (feature_map_12_12.v:16) (merged to equivalence)
'i1751/feature_map_12_12_inst/feature_map[62][5]' (feature_map_12_12.v:16) (merged to equivalence)
'i1751/feature_map_12_12_inst/feature_map[50][5]' (feature_map_12_12.v:16) (merged to equivalence)
'i1751/feature_map_12_12_inst/feature_map[51][5]' (feature_map_12_12.v:16) (merged to equivalence)
'i1751/feature_map_12_12_inst/feature_map[52][5]' (feature_map_12_12.v:16) (merged to equivalence)
'i1751/feature_map_12_12_inst/feature_map[53][5]' (feature_map_12_12.v:16) (merged to equivalence)
'i1751/feature_map_12_12_inst/feature_map[54][5]' (feature_map_12_12.v:16) (merged to equivalence)
'i1751/feature_map_12_12_inst/feature_map[55][5]' (feature_map_12_12.v:16) (merged to equivalence)
'i1751/feature_map_12_12_inst/feature_map[56][5]' (feature_map_12_12.v:16) (merged to equivalence)
'i1751/feature_map_12_12_inst/feature_map[57][5]' (feature_map_12_12.v:16) (merged to equivalence)
'i1751/feature_map_12_12_inst/feature_map[38][5]' (feature_map_12_12.v:16) (merged to equivalence)
'i1751/feature_map_12_12_inst/feature_map[39][5]' (feature_map_12_12.v:16) (merged to equivalence)
'i1751/feature_map_12_12_inst/feature_map[40][5]' (feature_map_12_12.v:16) (merged to equivalence)
'i1751/feature_map_12_12_inst/feature_map[41][5]' (feature_map_12_12.v:16) (merged to equivalence)
'i1751/feature_map_12_12_inst/feature_map[42][5]' (feature_map_12_12.v:16) (merged to equivalence)
'i1751/feature_map_12_12_inst/feature_map[43][5]' (feature_map_12_12.v:16) (merged to equivalence)
'i1751/feature_map_12_12_inst/feature_map[44][5]' (feature_map_12_12.v:16) (merged to equivalence)
'i1751/feature_map_12_12_inst/feature_map[45][5]' (feature_map_12_12.v:16) (merged to equivalence)
'i1751/feature_map_12_12_inst/feature_map[31][5]' (feature_map_12_12.v:16) (merged to equivalence)
'i1751/feature_map_12_12_inst/feature_map[32][5]' (feature_map_12_12.v:16) (merged to equivalence)
'i1751/feature_map_12_12_inst/feature_map[33][5]' (feature_map_12_12.v:16) (merged to equivalence)
'i1751/feature_map_12_12_inst/feature_map[73][6]' (feature_map_12_12.v:16) (merged to equivalence)
'i1751/feature_map_12_12_inst/feature_map[85][6]' (feature_map_12_12.v:16) (merged to equivalence)
'i1751/feature_map_12_12_inst/feature_map[97][6]' (feature_map_12_12.v:16) (merged to equivalence)
'i1751/feature_map_12_12_inst/feature_map[109][6]' (feature_map_12_12.v:16) (merged to equivalence)
'i1751/feature_map_12_12_inst/feature_map[110][6]' (feature_map_12_12.v:16) (merged to equivalence)
'i1751/feature_map_12_12_inst/feature_map[111][6]' (feature_map_12_12.v:16) (merged to equivalence)
'i1751/feature_map_12_12_inst/feature_map[112][6]' (feature_map_12_12.v:16) (merged to equivalence)
'i1751/feature_map_12_12_inst/feature_map[113][6]' (feature_map_12_12.v:16) (merged to equivalence)
'i1751/feature_map_12_12_inst/feature_map[114][6]' (feature_map_12_12.v:16) (merged to equivalence)
'i1751/feature_map_12_12_inst/feature_map[115][6]' (feature_map_12_12.v:16) (merged to equivalence)
'i1751/feature_map_12_12_inst/feature_map[116][6]' (feature_map_12_12.v:16) (merged to equivalence)
'i1751/feature_map_12_12_inst/feature_map[117][6]' (feature_map_12_12.v:16) (merged to equivalence)
'i1751/feature_map_12_12_inst/feature_map[98][6]' (feature_map_12_12.v:16) (merged to equivalence)
'i1751/feature_map_12_12_inst/feature_map[99][6]' (feature_map_12_12.v:16) (merged to equivalence)
'i1751/feature_map_12_12_inst/feature_map[100][6]' (feature_map_12_12.v:16) (merged to equivalence)
'i1751/feature_map_12_12_inst/feature_map[101][6]' (feature_map_12_12.v:16) (merged to equivalence)
'i1751/feature_map_12_12_inst/feature_map[102][6]' (feature_map_12_12.v:16) (merged to equivalence)
'i1751/feature_map_12_12_inst/feature_map[103][6]' (feature_map_12_12.v:16) (merged to equivalence)
'i1751/feature_map_12_12_inst/feature_map[104][6]' (feature_map_12_12.v:16) (merged to equivalence)
'i1751/feature_map_12_12_inst/feature_map[105][6]' (feature_map_12_12.v:16) (merged to equivalence)
'i1751/feature_map_12_12_inst/feature_map[86][6]' (feature_map_12_12.v:16) (merged to equivalence)
'i1751/feature_map_12_12_inst/feature_map[87][6]' (feature_map_12_12.v:16) (merged to equivalence)
'i1751/feature_map_12_12_inst/feature_map[88][6]' (feature_map_12_12.v:16) (merged to equivalence)
'i1751/feature_map_12_12_inst/feature_map[89][6]' (feature_map_12_12.v:16) (merged to equivalence)
'i1751/feature_map_12_12_inst/feature_map[90][6]' (feature_map_12_12.v:16) (merged to equivalence)
'i1751/feature_map_12_12_inst/feature_map[91][6]' (feature_map_12_12.v:16) (merged to equivalence)
'i1751/feature_map_12_12_inst/feature_map[92][6]' (feature_map_12_12.v:16) (merged to equivalence)
'i1751/feature_map_12_12_inst/feature_map[93][6]' (feature_map_12_12.v:16) (merged to equivalence)
'i1751/feature_map_12_12_inst/feature_map[74][6]' (feature_map_12_12.v:16) (merged to equivalence)
'i1751/feature_map_12_12_inst/feature_map[75][6]' (feature_map_12_12.v:16) (merged to equivalence)
'i1751/feature_map_12_12_inst/feature_map[76][6]' (feature_map_12_12.v:16) (merged to equivalence)
'i1751/feature_map_12_12_inst/feature_map[77][6]' (feature_map_12_12.v:16) (merged to equivalence)
'i1751/feature_map_12_12_inst/feature_map[78][6]' (feature_map_12_12.v:16) (merged to equivalence)
'i1751/feature_map_12_12_inst/feature_map[79][6]' (feature_map_12_12.v:16) (merged to equivalence)
'i1751/feature_map_12_12_inst/feature_map[80][6]' (feature_map_12_12.v:16) (merged to equivalence)
'i1751/feature_map_12_12_inst/feature_map[81][6]' (feature_map_12_12.v:16) (merged to equivalence)
'i1751/feature_map_12_12_inst/feature_map[63][6]' (feature_map_12_12.v:16) (merged to equivalence)
'i1751/feature_map_12_12_inst/feature_map[64][6]' (feature_map_12_12.v:16) (merged to equivalence)
'i1751/feature_map_12_12_inst/feature_map[65][6]' (feature_map_12_12.v:16) (merged to equivalence)
'i1751/feature_map_12_12_inst/feature_map[66][6]' (feature_map_12_12.v:16) (merged to equivalence)
'i1751/feature_map_12_12_inst/feature_map[67][6]' (feature_map_12_12.v:16) (merged to equivalence)
'i1751/feature_map_12_12_inst/feature_map[68][6]' (feature_map_12_12.v:16) (merged to equivalence)
'i1751/feature_map_12_12_inst/feature_map[69][6]' (feature_map_12_12.v:16) (merged to equivalence)
'pe_10_10_inst/pe_gen[0].pe_inst/buttom_a_in_opt' (pe.v:28) (merged to equivalence)
'i1751/feature_map_12_12_inst/feature_map[0][0]' (feature_map_12_12.v:16) (merged to equivalence)
'pe_10_10_inst/pe_gen[10].pe_inst/buttom_a_in_opt' (pe.v:28) (merged to equivalence)
'i1751/feature_map_12_12_inst/feature_map[12][0]' (feature_map_12_12.v:16) (merged to equivalence)
'pe_10_10_inst/pe_gen[20].pe_inst/buttom_a_in_opt' (pe.v:28) (merged to equivalence)
'i1751/feature_map_12_12_inst/feature_map[24][0]' (feature_map_12_12.v:16) (merged to equivalence)
'pe_10_10_inst/pe_gen[30].pe_inst/buttom_a_in_opt' (pe.v:28) (merged to equivalence)
'i1751/feature_map_12_12_inst/feature_map[36][0]' (feature_map_12_12.v:16) (merged to equivalence)
'pe_10_10_inst/pe_gen[40].pe_inst/buttom_a_in_opt' (pe.v:28) (merged to equivalence)
'i1751/feature_map_12_12_inst/feature_map[48][0]' (feature_map_12_12.v:16) (merged to equivalence)
'pe_10_10_inst/pe_gen[50].pe_inst/buttom_a_in_opt' (pe.v:28) (merged to equivalence)
'i1751/feature_map_12_12_inst/feature_map[60][0]' (feature_map_12_12.v:16) (merged to equivalence)
'pe_10_10_inst/pe_gen[60].pe_inst/buttom_a_in_opt' (pe.v:28) (merged to equivalence)
'i1751/feature_map_12_12_inst/feature_map[72][0]' (feature_map_12_12.v:16) (merged to equivalence)
'pe_10_10_inst/pe_gen[70].pe_inst/buttom_a_in_opt' (pe.v:28) (merged to equivalence)
'i1751/feature_map_12_12_inst/feature_map[84][0]' (feature_map_12_12.v:16) (merged to equivalence)
'pe_10_10_inst/pe_gen[80].pe_inst/buttom_a_in_opt' (pe.v:28) (merged to equivalence)
'i1751/feature_map_12_12_inst/feature_map[96][0]' (feature_map_12_12.v:16) (merged to equivalence)
'pe_10_10_inst/pe_gen[90].pe_inst/buttom_a_in_opt' (pe.v:28) (merged to equivalence)
'i1751/feature_map_12_12_inst/feature_map[108][0]' (feature_map_12_12.v:16) (merged to equivalence)
'i1751/feature_map_12_12_inst/feature_map[12][2]' (feature_map_12_12.v:16) (merged to equivalence)
'i1751/feature_map_12_12_inst/feature_map[36][2]' (feature_map_12_12.v:16) (merged to equivalence)
'i1751/feature_map_12_12_inst/feature_map[60][2]' (feature_map_12_12.v:16) (merged to equivalence)
'i1751/feature_map_12_12_inst/feature_map[84][2]' (feature_map_12_12.v:16) (merged to equivalence)
'i1751/feature_map_12_12_inst/feature_map[108][2]' (feature_map_12_12.v:16) (merged to equivalence)
'i1751/feature_map_12_12_inst/feature_map[12][3]' (feature_map_12_12.v:16) (merged to equivalence)
'i1751/feature_map_12_12_inst/feature_map[24][3]' (feature_map_12_12.v:16) (merged to equivalence)
'i1751/feature_map_12_12_inst/feature_map[60][3]' (feature_map_12_12.v:16) (merged to equivalence)
'i1751/feature_map_12_12_inst/feature_map[72][3]' (feature_map_12_12.v:16) (merged to equivalence)
'i1751/feature_map_12_12_inst/feature_map[108][3]' (feature_map_12_12.v:16) (merged to equivalence)
'i1751/feature_map_12_12_inst/feature_map[24][4]' (feature_map_12_12.v:16) (merged to equivalence)
'i1751/feature_map_12_12_inst/feature_map[48][4]' (feature_map_12_12.v:16) (merged to equivalence)
'i1751/feature_map_12_12_inst/feature_map[60][4]' (feature_map_12_12.v:16) (merged to equivalence)
'i1751/feature_map_12_12_inst/feature_map[84][4]' (feature_map_12_12.v:16) (merged to equivalence)
'i1751/feature_map_12_12_inst/feature_map[36][5]' (feature_map_12_12.v:16) (merged to equivalence)
'i1751/feature_map_12_12_inst/feature_map[48][5]' (feature_map_12_12.v:16) (merged to equivalence)
'i1751/feature_map_12_12_inst/feature_map[60][5]' (feature_map_12_12.v:16) (merged to equivalence)
'i1751/feature_map_12_12_inst/feature_map[96][5]' (feature_map_12_12.v:16) (merged to equivalence)
'i1751/feature_map_12_12_inst/feature_map[108][5]' (feature_map_12_12.v:16) (merged to equivalence)
'i1751/feature_map_12_12_inst/feature_map[72][6]' (feature_map_12_12.v:16) (merged to equivalence)
'i1751/feature_map_12_12_inst/feature_map[84][6]' (feature_map_12_12.v:16) (merged to equivalence)
'i1751/feature_map_12_12_inst/feature_map[96][6]' (feature_map_12_12.v:16) (merged to equivalence)
'i1751/feature_map_12_12_inst/feature_map[108][6]' (feature_map_12_12.v:16) (merged to equivalence)
### ### Sequential Elements Trimming Report (end) ### ### ### 

### ### Module Resource Usage Distribution Estimates (begin) ### ###

**Note: some resources maybe grouped under different hierarchy due to optimization and LUT mapping

Module                                                           FFs      SRLs      ADDs      LUTs    COMB4s      RAMs DSP/MULTs
---------------------------------------------------------        ---      ----      ----      ----      ----      ---- ---------
pe_10_10_conv_top:pe_10_10_conv_top                          1718(2)      0(0)     31(0)    852(2)      0(0)      0(0)    100(0)
 +generate_resetn_inst:generate_resetn(P_RESET_CYCLE=10)      33(33)      0(0)    31(31)    11(11)      0(0)      0(0)      0(0)
 +feature_map_12_12_inst:feature_map_12_12                      1(1)      0(0)      0(0)      2(2)      0(0)      0(0)      0(0)
 +pe_10_10_inst:pe_10_10                                     1682(0)      0(0)      0(0)    837(0)      0(0)      0(0)    100(0)
  +pe_gen[0].pe_inst:pe                                         7(7)      0(0)      0(0)      8(8)      0(0)      0(0)      1(1)
  +pe_gen[1].pe_inst:pe                                       13(13)      0(0)      0(0)      8(8)      0(0)      0(0)      1(1)
  +pe_gen[2].pe_inst:pe                                         7(7)      0(0)      0(0)      9(9)      0(0)      0(0)      1(1)
  +pe_gen[3].pe_inst:pe                                         7(7)      0(0)      0(0)      8(8)      0(0)      0(0)      1(1)
  +pe_gen[4].pe_inst:pe                                         7(7)      0(0)      0(0)      9(9)      0(0)      0(0)      1(1)
  +pe_gen[5].pe_inst:pe                                         7(7)      0(0)      0(0)      9(9)      0(0)      0(0)      1(1)
  +pe_gen[6].pe_inst:pe                                         7(7)      0(0)      0(0)    10(10)      0(0)      0(0)      1(1)
  +pe_gen[7].pe_inst:pe                                         7(7)      0(0)      0(0)      8(8)      0(0)      0(0)      1(1)
  +pe_gen[8].pe_inst:pe                                         6(6)      0(0)      0(0)      7(7)      0(0)      0(0)      1(1)
  +pe_gen[9].pe_inst:pe                                         5(5)      0(0)      0(0)      1(1)      0(0)      0(0)      1(1)
  +pe_gen[10].pe_inst:pe                                      22(22)      0(0)      0(0)    10(10)      0(0)      0(0)      1(1)
  +pe_gen[11].pe_inst:pe                                      21(21)      0(0)      0(0)    10(10)      0(0)      0(0)      1(1)
  +pe_gen[12].pe_inst:pe                                      21(21)      0(0)      0(0)    11(11)      0(0)      0(0)      1(1)
  +pe_gen[13].pe_inst:pe                                      21(21)      0(0)      0(0)      8(8)      0(0)      0(0)      1(1)
  +pe_gen[14].pe_inst:pe                                      21(21)      0(0)      0(0)      9(9)      0(0)      0(0)      1(1)
  +pe_gen[15].pe_inst:pe                                      21(21)      0(0)      0(0)      9(9)      0(0)      0(0)      1(1)
  +pe_gen[16].pe_inst:pe                                      21(21)      0(0)      0(0)    10(10)      0(0)      0(0)      1(1)
  +pe_gen[17].pe_inst:pe                                      21(21)      0(0)      0(0)      9(9)      0(0)      0(0)      1(1)
  +pe_gen[18].pe_inst:pe                                      18(18)      0(0)      0(0)      8(8)      0(0)      0(0)      1(1)
  +pe_gen[19].pe_inst:pe                                      15(15)      0(0)      0(0)      6(6)      0(0)      0(0)      1(1)
  +pe_gen[20].pe_inst:pe                                      21(21)      0(0)      0(0)    10(10)      0(0)      0(0)      1(1)
  +pe_gen[21].pe_inst:pe                                      21(21)      0(0)      0(0)    10(10)      0(0)      0(0)      1(1)
  +pe_gen[22].pe_inst:pe                                      21(21)      0(0)      0(0)    11(11)      0(0)      0(0)      1(1)
  +pe_gen[23].pe_inst:pe                                      21(21)      0(0)      0(0)    10(10)      0(0)      0(0)      1(1)
  +pe_gen[24].pe_inst:pe                                      21(21)      0(0)      0(0)    11(11)      0(0)      0(0)      1(1)
  +pe_gen[25].pe_inst:pe                                      21(21)      0(0)      0(0)    11(11)      0(0)      0(0)      1(1)
  +pe_gen[26].pe_inst:pe                                      21(21)      0(0)      0(0)    13(13)      0(0)      0(0)      1(1)
  +pe_gen[27].pe_inst:pe                                      21(21)      0(0)      0(0)      8(8)      0(0)      0(0)      1(1)
  +pe_gen[28].pe_inst:pe                                      18(18)      0(0)      0(0)      7(7)      0(0)      0(0)      1(1)
  +pe_gen[29].pe_inst:pe                                      15(15)      0(0)      0(0)      4(4)      0(0)      0(0)      1(1)
  +pe_gen[30].pe_inst:pe                                      21(21)      0(0)      0(0)    10(10)      0(0)      0(0)      1(1)
  +pe_gen[31].pe_inst:pe                                      21(21)      0(0)      0(0)    10(10)      0(0)      0(0)      1(1)
  +pe_gen[32].pe_inst:pe                                      21(21)      0(0)      0(0)    11(11)      0(0)      0(0)      1(1)
  +pe_gen[33].pe_inst:pe                                      21(21)      0(0)      0(0)      9(9)      0(0)      0(0)      1(1)
  +pe_gen[34].pe_inst:pe                                      21(21)      0(0)      0(0)    10(10)      0(0)      0(0)      1(1)
  +pe_gen[35].pe_inst:pe                                      21(21)      0(0)      0(0)    10(10)      0(0)      0(0)      1(1)
  +pe_gen[36].pe_inst:pe                                      21(21)      0(0)      0(0)    11(11)      0(0)      0(0)      1(1)
  +pe_gen[37].pe_inst:pe                                      21(21)      0(0)      0(0)    10(10)      0(0)      0(0)      1(1)
  +pe_gen[38].pe_inst:pe                                      18(18)      0(0)      0(0)      9(9)      0(0)      0(0)      1(1)
  +pe_gen[39].pe_inst:pe                                      15(15)      0(0)      0(0)      7(7)      0(0)      0(0)      1(1)
  +pe_gen[40].pe_inst:pe                                      21(21)      0(0)      0(0)    10(10)      0(0)      0(0)      1(1)
  +pe_gen[41].pe_inst:pe                                      21(21)      0(0)      0(0)    10(10)      0(0)      0(0)      1(1)
  +pe_gen[42].pe_inst:pe                                      21(21)      0(0)      0(0)    11(11)      0(0)      0(0)      1(1)
  +pe_gen[43].pe_inst:pe                                      21(21)      0(0)      0(0)    10(10)      0(0)      0(0)      1(1)
  +pe_gen[44].pe_inst:pe                                      21(21)      0(0)      0(0)    11(11)      0(0)      0(0)      1(1)
  +pe_gen[45].pe_inst:pe                                      21(21)      0(0)      0(0)    11(11)      0(0)      0(0)      1(1)
  +pe_gen[46].pe_inst:pe                                      21(21)      0(0)      0(0)    12(12)      0(0)      0(0)      1(1)
  +pe_gen[47].pe_inst:pe                                      21(21)      0(0)      0(0)    10(10)      0(0)      0(0)      1(1)
  +pe_gen[48].pe_inst:pe                                      18(18)      0(0)      0(0)      9(9)      0(0)      0(0)      1(1)
  +pe_gen[49].pe_inst:pe                                      15(15)      0(0)      0(0)      5(5)      0(0)      0(0)      1(1)
  +pe_gen[50].pe_inst:pe                                      21(21)      0(0)      0(0)    12(12)      0(0)      0(0)      1(1)
  +pe_gen[51].pe_inst:pe                                      21(21)      0(0)      0(0)    12(12)      0(0)      0(0)      1(1)
  +pe_gen[52].pe_inst:pe                                      21(21)      0(0)      0(0)    13(13)      0(0)      0(0)      1(1)
  +pe_gen[53].pe_inst:pe                                      21(21)      0(0)      0(0)      8(8)      0(0)      0(0)      1(1)
  +pe_gen[54].pe_inst:pe                                      21(21)      0(0)      0(0)      9(9)      0(0)      0(0)      1(1)
  +pe_gen[55].pe_inst:pe                                      21(21)      0(0)      0(0)      9(9)      0(0)      0(0)      1(1)
  +pe_gen[56].pe_inst:pe                                      21(21)      0(0)      0(0)    10(10)      0(0)      0(0)      1(1)
  +pe_gen[57].pe_inst:pe                                      21(21)      0(0)      0(0)      9(9)      0(0)      0(0)      1(1)
  +pe_gen[58].pe_inst:pe                                      18(18)      0(0)      0(0)      8(8)      0(0)      0(0)      1(1)
  +pe_gen[59].pe_inst:pe                                      12(12)      0(0)      0(0)      3(3)      0(0)      0(0)      1(1)
  +pe_gen[60].pe_inst:pe                                      21(21)      0(0)      0(0)    10(10)      0(0)      0(0)      1(1)
  +pe_gen[61].pe_inst:pe                                      21(21)      0(0)      0(0)    10(10)      0(0)      0(0)      1(1)
  +pe_gen[62].pe_inst:pe                                      21(21)      0(0)      0(0)    11(11)      0(0)      0(0)      1(1)
  +pe_gen[63].pe_inst:pe                                      21(21)      0(0)      0(0)    10(10)      0(0)      0(0)      1(1)
  +pe_gen[64].pe_inst:pe                                      21(21)      0(0)      0(0)    11(11)      0(0)      0(0)      1(1)
  +pe_gen[65].pe_inst:pe                                      21(21)      0(0)      0(0)    11(11)      0(0)      0(0)      1(1)
  +pe_gen[66].pe_inst:pe                                      21(21)      0(0)      0(0)    12(12)      0(0)      0(0)      1(1)
  +pe_gen[67].pe_inst:pe                                      18(18)      0(0)      0(0)      8(8)      0(0)      0(0)      1(1)
  +pe_gen[68].pe_inst:pe                                      15(15)      0(0)      0(0)      7(7)      0(0)      0(0)      1(1)
  +pe_gen[69].pe_inst:pe                                        9(9)      0(0)      0(0)      4(4)      0(0)      0(0)      1(1)
  +pe_gen[70].pe_inst:pe                                      21(21)      0(0)      0(0)    11(11)      0(0)      0(0)      1(1)
  +pe_gen[71].pe_inst:pe                                      21(21)      0(0)      0(0)    11(11)      0(0)      0(0)      1(1)
  +pe_gen[72].pe_inst:pe                                      21(21)      0(0)      0(0)    12(12)      0(0)      0(0)      1(1)
  +pe_gen[73].pe_inst:pe                                      21(21)      0(0)      0(0)    10(10)      0(0)      0(0)      1(1)
  +pe_gen[74].pe_inst:pe                                      21(21)      0(0)      0(0)    11(11)      0(0)      0(0)      1(1)
  +pe_gen[75].pe_inst:pe                                      21(21)      0(0)      0(0)    11(11)      0(0)      0(0)      1(1)
  +pe_gen[76].pe_inst:pe                                      21(21)      0(0)      0(0)    12(12)      0(0)      0(0)      1(1)
  +pe_gen[77].pe_inst:pe                                      15(15)      0(0)      0(0)      8(8)      0(0)      0(0)      1(1)
  +pe_gen[78].pe_inst:pe                                      12(12)      0(0)      0(0)      7(7)      0(0)      0(0)      1(1)
  +pe_gen[79].pe_inst:pe                                        6(6)      0(0)      0(0)      4(4)      0(0)      0(0)      1(1)
  +pe_gen[80].pe_inst:pe                                      18(18)      0(0)      0(0)      8(8)      0(0)      0(0)      1(1)
  +pe_gen[81].pe_inst:pe                                      18(18)      0(0)      0(0)      8(8)      0(0)      0(0)      1(1)
  +pe_gen[82].pe_inst:pe                                      18(18)      0(0)      0(0)      9(9)      0(0)      0(0)      1(1)
  +pe_gen[83].pe_inst:pe                                      18(18)      0(0)      0(0)      6(6)      0(0)      0(0)      1(1)
  +pe_gen[84].pe_inst:pe                                      18(18)      0(0)      0(0)      8(8)      0(0)      0(0)      1(1)
  +pe_gen[85].pe_inst:pe                                      18(18)      0(0)      0(0)      8(8)      0(0)      0(0)      1(1)
  +pe_gen[86].pe_inst:pe                                      18(18)      0(0)      0(0)      9(9)      0(0)      0(0)      1(1)
  +pe_gen[87].pe_inst:pe                                      12(12)      0(0)      0(0)      5(5)      0(0)      0(0)      1(1)
  +pe_gen[88].pe_inst:pe                                        6(6)      0(0)      0(0)      2(2)      0(0)      0(0)      1(1)
  +pe_gen[89].pe_inst:pe                                        6(6)      0(0)      0(0)      1(1)      0(0)      0(0)      1(1)
  +pe_gen[90].pe_inst:pe                                      15(15)      0(0)      0(0)      3(3)      0(0)      0(0)      1(1)
  +pe_gen[91].pe_inst:pe                                      15(15)      0(0)      0(0)      5(5)      0(0)      0(0)      1(1)
  +pe_gen[92].pe_inst:pe                                      15(15)      0(0)      0(0)      6(6)      0(0)      0(0)      1(1)
  +pe_gen[93].pe_inst:pe                                        9(9)      0(0)      0(0)      2(2)      0(0)      0(0)      1(1)
  +pe_gen[94].pe_inst:pe                                        9(9)      0(0)      0(0)      4(4)      0(0)      0(0)      1(1)
  +pe_gen[95].pe_inst:pe                                        9(9)      0(0)      0(0)      3(3)      0(0)      0(0)      1(1)
  +pe_gen[96].pe_inst:pe                                        9(9)      0(0)      0(0)      4(4)      0(0)      0(0)      1(1)
  +pe_gen[97].pe_inst:pe                                        6(6)      0(0)      0(0)      0(0)      0(0)      0(0)      1(1)
  +pe_gen[98].pe_inst:pe                                        0(0)      0(0)      0(0)      2(2)      0(0)      0(0)      1(1)
  +pe_gen[99].pe_inst:pe                                        0(0)      0(0)      0(0)      2(2)      0(0)      0(0)      1(1)

### ### Module Resource Usage Distribution Estimates (end) ### ###


### ### DSP Usage Report (begin) ### ### ### 

+--------------------------------------+-----+------+-------+------+-------+-----+-----+
|DSP                                   |TYPE |SIGNED|SHIFTER|BFLOAT|CAS_OUT|  O  |REGS |
+--------------------------------------+-----+------+-------+------+-------+-----+-----+
|pe_10_10_inst/pe_gen[0].pe_inst/u_dsp |DSP48|      |       |      |       |(A*B)|A,B,O|
|pe_10_10_inst/pe_gen[1].pe_inst/u_dsp |DSP48|      |       |      |       |(A*B)|A,B,O|
|pe_10_10_inst/pe_gen[2].pe_inst/u_dsp |DSP48|      |       |      |       |(A*B)|A,B,O|
|pe_10_10_inst/pe_gen[3].pe_inst/u_dsp |DSP48|      |       |      |       |(A*B)|A,B,O|
|pe_10_10_inst/pe_gen[4].pe_inst/u_dsp |DSP48|      |       |      |       |(A*B)|A,B,O|
|pe_10_10_inst/pe_gen[5].pe_inst/u_dsp |DSP48|      |       |      |       |(A*B)|A,B,O|
|pe_10_10_inst/pe_gen[6].pe_inst/u_dsp |DSP48|      |       |      |       |(A*B)|A,B,O|
|pe_10_10_inst/pe_gen[7].pe_inst/u_dsp |DSP48|      |       |      |       |(A*B)|A,B,O|
|pe_10_10_inst/pe_gen[8].pe_inst/u_dsp |DSP48|      |       |      |       |(A*B)|A,B,O|
|pe_10_10_inst/pe_gen[9].pe_inst/u_dsp |DSP48|      |       |      |       |(A*B)|A,B,O|
|pe_10_10_inst/pe_gen[10].pe_inst/u_dsp|DSP48|      |       |      |       |(A*B)|A,B,O|
|pe_10_10_inst/pe_gen[11].pe_inst/u_dsp|DSP48|      |       |      |       |(A*B)|A,B,O|
|pe_10_10_inst/pe_gen[12].pe_inst/u_dsp|DSP48|      |       |      |       |(A*B)|A,B,O|
|pe_10_10_inst/pe_gen[13].pe_inst/u_dsp|DSP48|      |       |      |       |(A*B)|A,B,O|
|pe_10_10_inst/pe_gen[14].pe_inst/u_dsp|DSP48|      |       |      |       |(A*B)|A,B,O|
|pe_10_10_inst/pe_gen[15].pe_inst/u_dsp|DSP48|      |       |      |       |(A*B)|A,B,O|
|pe_10_10_inst/pe_gen[16].pe_inst/u_dsp|DSP48|      |       |      |       |(A*B)|A,B,O|
|pe_10_10_inst/pe_gen[17].pe_inst/u_dsp|DSP48|      |       |      |       |(A*B)|A,B,O|
|pe_10_10_inst/pe_gen[18].pe_inst/u_dsp|DSP48|      |       |      |       |(A*B)|A,B,O|
|pe_10_10_inst/pe_gen[19].pe_inst/u_dsp|DSP48|      |       |      |       |(A*B)|A,B,O|
|pe_10_10_inst/pe_gen[20].pe_inst/u_dsp|DSP48|      |       |      |       |(A*B)|A,B,O|
|pe_10_10_inst/pe_gen[21].pe_inst/u_dsp|DSP48|      |       |      |       |(A*B)|A,B,O|
|pe_10_10_inst/pe_gen[22].pe_inst/u_dsp|DSP48|      |       |      |       |(A*B)|A,B,O|
|pe_10_10_inst/pe_gen[23].pe_inst/u_dsp|DSP48|      |       |      |       |(A*B)|A,B,O|
|pe_10_10_inst/pe_gen[24].pe_inst/u_dsp|DSP48|      |       |      |       |(A*B)|A,B,O|
|pe_10_10_inst/pe_gen[25].pe_inst/u_dsp|DSP48|      |       |      |       |(A*B)|A,B,O|
|pe_10_10_inst/pe_gen[26].pe_inst/u_dsp|DSP48|      |       |      |       |(A*B)|A,B,O|
|pe_10_10_inst/pe_gen[27].pe_inst/u_dsp|DSP48|      |       |      |       |(A*B)|A,B,O|
|pe_10_10_inst/pe_gen[28].pe_inst/u_dsp|DSP48|      |       |      |       |(A*B)|A,B,O|
|pe_10_10_inst/pe_gen[29].pe_inst/u_dsp|DSP48|      |       |      |       |(A*B)|A,B,O|
|pe_10_10_inst/pe_gen[30].pe_inst/u_dsp|DSP48|      |       |      |       |(A*B)|A,B,O|
|pe_10_10_inst/pe_gen[31].pe_inst/u_dsp|DSP48|      |       |      |       |(A*B)|A,B,O|
|pe_10_10_inst/pe_gen[32].pe_inst/u_dsp|DSP48|      |       |      |       |(A*B)|A,B,O|
|pe_10_10_inst/pe_gen[33].pe_inst/u_dsp|DSP48|      |       |      |       |(A*B)|A,B,O|
|pe_10_10_inst/pe_gen[34].pe_inst/u_dsp|DSP48|      |       |      |       |(A*B)|A,B,O|
|pe_10_10_inst/pe_gen[35].pe_inst/u_dsp|DSP48|      |       |      |       |(A*B)|A,B,O|
|pe_10_10_inst/pe_gen[36].pe_inst/u_dsp|DSP48|      |       |      |       |(A*B)|A,B,O|
|pe_10_10_inst/pe_gen[37].pe_inst/u_dsp|DSP48|      |       |      |       |(A*B)|A,B,O|
|pe_10_10_inst/pe_gen[38].pe_inst/u_dsp|DSP48|      |       |      |       |(A*B)|A,B,O|
|pe_10_10_inst/pe_gen[39].pe_inst/u_dsp|DSP48|      |       |      |       |(A*B)|A,B,O|
|pe_10_10_inst/pe_gen[40].pe_inst/u_dsp|DSP48|      |       |      |       |(A*B)|A,B,O|
|pe_10_10_inst/pe_gen[41].pe_inst/u_dsp|DSP48|      |       |      |       |(A*B)|A,B,O|
|pe_10_10_inst/pe_gen[42].pe_inst/u_dsp|DSP48|      |       |      |       |(A*B)|A,B,O|
|pe_10_10_inst/pe_gen[43].pe_inst/u_dsp|DSP48|      |       |      |       |(A*B)|A,B,O|
|pe_10_10_inst/pe_gen[44].pe_inst/u_dsp|DSP48|      |       |      |       |(A*B)|A,B,O|
|pe_10_10_inst/pe_gen[45].pe_inst/u_dsp|DSP48|      |       |      |       |(A*B)|A,B,O|
|pe_10_10_inst/pe_gen[46].pe_inst/u_dsp|DSP48|      |       |      |       |(A*B)|A,B,O|
|pe_10_10_inst/pe_gen[47].pe_inst/u_dsp|DSP48|      |       |      |       |(A*B)|A,B,O|
|pe_10_10_inst/pe_gen[48].pe_inst/u_dsp|DSP48|      |       |      |       |(A*B)|A,B,O|
|pe_10_10_inst/pe_gen[49].pe_inst/u_dsp|DSP48|      |       |      |       |(A*B)|A,B,O|
|pe_10_10_inst/pe_gen[50].pe_inst/u_dsp|DSP48|      |       |      |       |(A*B)|A,B,O|
|pe_10_10_inst/pe_gen[51].pe_inst/u_dsp|DSP48|      |       |      |       |(A*B)|A,B,O|
|pe_10_10_inst/pe_gen[52].pe_inst/u_dsp|DSP48|      |       |      |       |(A*B)|A,B,O|
|pe_10_10_inst/pe_gen[53].pe_inst/u_dsp|DSP48|      |       |      |       |(A*B)|A,B,O|
|pe_10_10_inst/pe_gen[54].pe_inst/u_dsp|DSP48|      |       |      |       |(A*B)|A,B,O|
|pe_10_10_inst/pe_gen[55].pe_inst/u_dsp|DSP48|      |       |      |       |(A*B)|A,B,O|
|pe_10_10_inst/pe_gen[56].pe_inst/u_dsp|DSP48|      |       |      |       |(A*B)|A,B,O|
|pe_10_10_inst/pe_gen[57].pe_inst/u_dsp|DSP48|      |       |      |       |(A*B)|A,B,O|
|pe_10_10_inst/pe_gen[58].pe_inst/u_dsp|DSP48|      |       |      |       |(A*B)|A,B,O|
|pe_10_10_inst/pe_gen[59].pe_inst/u_dsp|DSP48|      |       |      |       |(A*B)|A,B,O|
|pe_10_10_inst/pe_gen[60].pe_inst/u_dsp|DSP48|      |       |      |       |(A*B)|A,B,O|
|pe_10_10_inst/pe_gen[61].pe_inst/u_dsp|DSP48|      |       |      |       |(A*B)|A,B,O|
|pe_10_10_inst/pe_gen[62].pe_inst/u_dsp|DSP48|      |       |      |       |(A*B)|A,B,O|
|pe_10_10_inst/pe_gen[63].pe_inst/u_dsp|DSP48|      |       |      |       |(A*B)|A,B,O|
|pe_10_10_inst/pe_gen[64].pe_inst/u_dsp|DSP48|      |       |      |       |(A*B)|A,B,O|
|pe_10_10_inst/pe_gen[65].pe_inst/u_dsp|DSP48|      |       |      |       |(A*B)|A,B,O|
|pe_10_10_inst/pe_gen[66].pe_inst/u_dsp|DSP48|      |       |      |       |(A*B)|A,B,O|
|pe_10_10_inst/pe_gen[67].pe_inst/u_dsp|DSP48|      |       |      |       |(A*B)|A,B,O|
|pe_10_10_inst/pe_gen[68].pe_inst/u_dsp|DSP48|      |       |      |       |(A*B)|A,B,O|
|pe_10_10_inst/pe_gen[69].pe_inst/u_dsp|DSP48|      |       |      |       |(A*B)|A,B,O|
|pe_10_10_inst/pe_gen[70].pe_inst/u_dsp|DSP48|      |       |      |       |(A*B)|A,B,O|
|pe_10_10_inst/pe_gen[71].pe_inst/u_dsp|DSP48|      |       |      |       |(A*B)|A,B,O|
|pe_10_10_inst/pe_gen[72].pe_inst/u_dsp|DSP48|      |       |      |       |(A*B)|A,B,O|
|pe_10_10_inst/pe_gen[73].pe_inst/u_dsp|DSP48|      |       |      |       |(A*B)|A,B,O|
|pe_10_10_inst/pe_gen[74].pe_inst/u_dsp|DSP48|      |       |      |       |(A*B)|A,B,O|
|pe_10_10_inst/pe_gen[75].pe_inst/u_dsp|DSP48|      |       |      |       |(A*B)|A,B,O|
|pe_10_10_inst/pe_gen[76].pe_inst/u_dsp|DSP48|      |       |      |       |(A*B)|A,B,O|
|pe_10_10_inst/pe_gen[77].pe_inst/u_dsp|DSP48|      |       |      |       |(A*B)|A,B,O|
|pe_10_10_inst/pe_gen[78].pe_inst/u_dsp|DSP48|      |       |      |       |(A*B)|A,B,O|
|pe_10_10_inst/pe_gen[79].pe_inst/u_dsp|DSP48|      |       |      |       |(A*B)|A,B,O|
|pe_10_10_inst/pe_gen[80].pe_inst/u_dsp|DSP48|      |       |      |       |(A*B)|A,B,O|
|pe_10_10_inst/pe_gen[81].pe_inst/u_dsp|DSP48|      |       |      |       |(A*B)|A,B,O|
|pe_10_10_inst/pe_gen[82].pe_inst/u_dsp|DSP48|      |       |      |       |(A*B)|A,B,O|
|pe_10_10_inst/pe_gen[83].pe_inst/u_dsp|DSP48|      |       |      |       |(A*B)|A,B,O|
|pe_10_10_inst/pe_gen[84].pe_inst/u_dsp|DSP48|      |       |      |       |(A*B)|A,B,O|
|pe_10_10_inst/pe_gen[85].pe_inst/u_dsp|DSP48|      |       |      |       |(A*B)|A,B,O|
|pe_10_10_inst/pe_gen[86].pe_inst/u_dsp|DSP48|      |       |      |       |(A*B)|A,B,O|
|pe_10_10_inst/pe_gen[87].pe_inst/u_dsp|DSP48|      |       |      |       |(A*B)|A,B,O|
|pe_10_10_inst/pe_gen[88].pe_inst/u_dsp|DSP48|      |       |      |       |(A*B)|A,B,O|
|pe_10_10_inst/pe_gen[89].pe_inst/u_dsp|DSP48|      |       |      |       |(A*B)|A,B,O|
|pe_10_10_inst/pe_gen[90].pe_inst/u_dsp|DSP48|      |       |      |       |(A*B)|A,B,O|
|pe_10_10_inst/pe_gen[91].pe_inst/u_dsp|DSP48|      |       |      |       |(A*B)|A,B,O|
|pe_10_10_inst/pe_gen[92].pe_inst/u_dsp|DSP48|      |       |      |       |(A*B)|A,B,O|
|pe_10_10_inst/pe_gen[93].pe_inst/u_dsp|DSP48|      |       |      |       |(A*B)|A,B,O|
|pe_10_10_inst/pe_gen[94].pe_inst/u_dsp|DSP48|      |       |      |       |(A*B)|A,B,O|
|pe_10_10_inst/pe_gen[95].pe_inst/u_dsp|DSP48|      |       |      |       |(A*B)|A,B,O|
|pe_10_10_inst/pe_gen[96].pe_inst/u_dsp|DSP48|      |       |      |       |(A*B)|A,B,O|
|pe_10_10_inst/pe_gen[97].pe_inst/u_dsp|DSP48|      |       |      |       |(A*B)|A,B,O|
|pe_10_10_inst/pe_gen[98].pe_inst/u_dsp|DSP48|      |       |      |       |(A*B)|A,B,O|
|pe_10_10_inst/pe_gen[99].pe_inst/u_dsp|DSP48|      |       |      |       |(A*B)|A,B,O|
+--------------------------------------+-----+------+-------+------+-------+-----+-----+

### ### Clock Load Distribution Report (begin) ### ###

+-----------------+----------+----------+------------+----------------+
|Clock            |Flip-Flops|Shift-Regs|Memory Ports|Multipliers/DSPs|
+-----------------+----------+----------+------------+----------------+
|pll_inst1_CLKOUT1|     1718 |        0 |          0 |            100 |
+-----------------+----------+----------+------------+----------------+

### ### Clock Load Distribution Report (end) ### ###

### ### Resource Summary (begin) ### ### ### 

INPUT  PORTS    : 	4
OUTPUT PORTS    : 	1

EFX_ADD                 : 	31
EFX_LUT4                : 	852
   1-2  Inputs          : 	49
   3    Inputs          : 	432
   4    Inputs          : 	371
EFX_DSP48               : 	100
EFX_FF                  : 	1718
### ### Resource Summary (end) ### ### ###

Plain synthesis (without verilog dump and post-map checks) time : 6s
Elapsed synthesis time : 7s
