INFO     : Elitestek FPGA Synthesis.
INFO     : Version: 2026.1.132
INFO     : Compiled: May 29 2026.
INFO     : 
INFO     : Copyright (C) 2013 - 2026 Efinix, Inc. All rights reserved.

INFO     : Reading project database "D:/my_code/fpga/yilisi/conv10_10/conv10_10.xml" [FlowMsg::ProjectDatabaseReading]
INFO     : Maximum concurrency has been set to 8 [FlowMsg::MaxThreads]
INFO     : Reading project database "D:/my_code/fpga/yilisi/conv10_10/conv10_10.xml" [FlowMsg::ProjectDatabaseReading]
INFO     : ***** Beginning Analysis ... *****
INFO     : default VHDL library search path is now "D:/Efinity/2026.1/sim_models/vhdl/packages/vhdl_2008" [VHDL-1504]
INFO     : Restoring all Verilog modules from file 'D:/Efinity/2026.1/sim_models/maplib/perilib_efxlib_parsetree.vdb' [VERI-2484]
INFO     : Restoring all Verilog modules from file 'D:/Efinity/2026.1/sim_models/maplib/maplib_efxlib_parsetree.vdb' [VERI-2484]
INFO     : Analyzing Verilog file 'D:\my_code\fpga\yilisi\conv10_10\feature_map_12_12.v' [VERI-1482]
INFO     : Analyzing Verilog file 'D:\my_code\fpga\yilisi\conv10_10\pe_10_10.v' [VERI-1482]
INFO     : Analyzing Verilog file 'D:\my_code\fpga\yilisi\conv10_10\pe.v' [VERI-1482]
INFO     : Analyzing Verilog file 'D:\my_code\fpga\yilisi\conv10_10\pe_10_10_conv_top.v' [VERI-1482]
INFO     : Analyzing Verilog file 'D:\my_code\fpga\yilisi\conv10_10\generate_resetn.v' [VERI-1482]
INFO     : Analysis took 0.0115067 seconds [FlowMsg::StageDuration]
INFO     :     Analysis took 0 seconds (approximately) in total CPU time [FlowMsg::StageDuration::CPUTime]
INFO     : Analysis virtual memory usage: begin = 59.52 MB, end = 59.536 MB, delta = 0.016 MB [FlowMsg::VMUsage]
INFO     :     Analysis peak virtual memory usage = 59.544 MB [FlowMsg::VMUsage::Peak]
INFO     : Analysis resident set memory usage: begin = 63.432 MB, end = 66.172 MB, delta = 2.74 MB [FlowMsg::RSSUsage]
INFO     :     Analysis peak resident set memory usage = 66.172 MB [FlowMsg::RSSUsage::Peak]
INFO     : ***** Ending Analysis ... *****
INFO     : ***** Beginning Elaboration ... *****
INFO     : D:\my_code\fpga\yilisi\conv10_10\pe_10_10_conv_top.v(1): compiling module 'pe_10_10_conv_top' [VERI-1018]
INFO     : D:\my_code\fpga\yilisi\conv10_10\generate_resetn.v(2): compiling module 'generate_resetn(P_RESET_CYCLE=10)' [VERI-1018]
INFO     : D:\my_code\fpga\yilisi\conv10_10\feature_map_12_12.v(1): compiling module 'feature_map_12_12' [VERI-1018]
INFO     : D:\my_code\fpga\yilisi\conv10_10\feature_map_12_12.v(16): extracting RAM for identifier 'feature_map' [VERI-2571]
INFO     : D:\my_code\fpga\yilisi\conv10_10\pe_10_10.v(1): compiling module 'pe_10_10' [VERI-1018]
INFO     : D:\my_code\fpga\yilisi\conv10_10\pe.v(1): compiling module 'pe' [VERI-1018]
INFO     : ../../vdb/src/efinix_maplib.v(100): compiling module 'EFX_DSP48(A_REG=1'b1,B_REG=1'b1,P_REG=1'b0,OP_REG=1'b1,W_REG=1'b0,O_REG=1'b0,RST_SYNC=1'b0,SIGNED=1'b1,N_SEL="CONST0",W_SEL="P",CASCOUT_SEL="P",CLK_POLARITY=1'b1,CE_POLARITY=1'b1,RST_POLARITY=1'b1,A_REG_USE_RST=1'b0,B_REG_USE_RST=1'b0,OP_REG_USE_RST=1'b0,P_REG_USE_RST=1'b0,W_REG_USE_RST=1'b1)' [VERI-1018]
WARNING  : D:\my_code\fpga\yilisi\conv10_10\pe_10_10_conv_top.v(14): net 'start' does not have a driver [VDB-1002]
INFO     : Elaboration took 0.1435499 seconds [FlowMsg::StageDuration]
INFO     :     Elaboration took 0.125 seconds (approximately) in total CPU time [FlowMsg::StageDuration::CPUTime]
INFO     : Elaboration virtual memory usage: begin = 59.536 MB, end = 112.892 MB, delta = 53.356 MB [FlowMsg::VMUsage]
INFO     :     Elaboration peak virtual memory usage = 112.892 MB [FlowMsg::VMUsage::Peak]
INFO     : Elaboration resident set memory usage: begin = 66.216 MB, end = 120.324 MB, delta = 54.108 MB [FlowMsg::RSSUsage]
INFO     :     Elaboration peak resident set memory usage = 120.324 MB [FlowMsg::RSSUsage::Peak]
INFO     : ***** Ending Elaboration ... *****
INFO     : ... Setting Synthesis Option: mode=speed
INFO     : ***** Beginning Reading Mapping Library ... *****
INFO     : Reading Mapping Library took 0.0014933 seconds [FlowMsg::StageDuration]
INFO     :     Reading Mapping Library took 0 seconds (approximately) in total CPU time [FlowMsg::StageDuration::CPUTime]
INFO     : Reading Mapping Library virtual memory usage: begin = 122.124 MB, end = 122.124 MB, delta = 0 MB [FlowMsg::VMUsage]
INFO     :     Reading Mapping Library peak virtual memory usage = 122.124 MB [FlowMsg::VMUsage::Peak]
INFO     : Reading Mapping Library resident set memory usage: begin = 131.492 MB, end = 131.492 MB, delta = 0 MB [FlowMsg::RSSUsage]
INFO     :     Reading Mapping Library peak resident set memory usage = 131.492 MB [FlowMsg::RSSUsage::Peak]
INFO     : ***** Ending Reading Mapping Library ... *****
INFO     : ... Pre-synthesis checks begin
INFO     : ... Memory 'feature_map' is not initialized, assuming empty initial contents. (D:\my_code\fpga\yilisi\conv10_10\feature_map_12_12.v:16) [EFX-0677]
WARNING  : Removing redundant signal : i_2[31:0]. (D:\my_code\fpga\yilisi\conv10_10\feature_map_12_12.v:58) [EFX-0200]
WARNING  : Removing redundant signal : i_3[31:0]. (D:\my_code\fpga\yilisi\conv10_10\feature_map_12_12.v:62) [EFX-0200]
WARNING  : Removing redundant signal : i[31:0]. (D:\my_code\fpga\yilisi\conv10_10\feature_map_12_12.v:67) [EFX-0200]
WARNING  : Re-wiring to GND non-driven net/port 'start' in module 'pe_10_10_conv_top'. (D:\my_code\fpga\yilisi\conv10_10\pe_10_10_conv_top.v:14) [EFX-0201]
WARNING  : Removing redundant signal : i_2[31:0]. (D:\my_code\fpga\yilisi\conv10_10\pe_10_10_conv_top.v:84) [EFX-0200]
WARNING  : Removing redundant signal : i_3[31:0]. (D:\my_code\fpga\yilisi\conv10_10\pe_10_10_conv_top.v:88) [EFX-0200]
WARNING  : Removing redundant signal : i_4[31:0]. (D:\my_code\fpga\yilisi\conv10_10\pe_10_10_conv_top.v:93) [EFX-0200]
WARNING  : Removing redundant signal : i_5[31:0]. (D:\my_code\fpga\yilisi\conv10_10\pe_10_10_conv_top.v:97) [EFX-0200]
WARNING  : Removing redundant signal : i[31:0]. (D:\my_code\fpga\yilisi\conv10_10\pe_10_10_conv_top.v:101) [EFX-0200]
INFO     : ... Pre-synthesis checks end (Real time : 0s)
INFO     : ... NameSpace init begin
INFO     : ... NameSpace init end (Real time : 0s)
INFO     : ... Mapping design "pe_10_10_conv_top"
INFO     : ... Hierarchical pre-synthesis "generate_resetn(P_RESET_CYCLE=10)" begin
INFO     : ... Hierarchical pre-synthesis "generate_resetn(P_RESET_CYCLE=10)" end (Real time : 0s)
INFO     : ... Hierarchical pre-synthesis "feature_map_12_12" begin
INFO     : ... Hierarchical pre-synthesis "feature_map_12_12" end (Real time : 0s)
INFO     : ... Hierarchical pre-synthesis "pe" begin
INFO     : ... Hierarchical pre-synthesis "pe" end (Real time : 0s)
INFO     : ... Hierarchical pre-synthesis "pe_10_10" begin
INFO     : ... Hierarchical pre-synthesis "pe_10_10" end (Real time : 0s)
INFO     : ... Hierarchical pre-synthesis "pe_10_10_conv_top" begin
WARNING  : Mapping into logic memory block 'feature_map_12_12_inst/feature_map' (2592 bits) (D:\my_code\fpga\yilisi\conv10_10\feature_map_12_12.v:16) because it has all constant reader/writer. [EFX-0657]
INFO     : ... Clock Enable Synthesis Performed on 4393 flops.
INFO     : ... Hierarchical pre-synthesis "pe_10_10_conv_top" end (Real time : 3s)
INFO     : ... Flat optimizations begin
INFO     : ... Flat optimizations end (Real time : 0s)
INFO     : ... Flat synthesis begin
INFO     : ... Flat synthesis end (Real time : 0s)
INFO     : ... Flat optimizations begin
INFO     : ... Flat optimizations end (Real time : 0s)
INFO     : ... Check and break combinational loops begin
INFO     : ... Check and break combinational loops end (Real time : 0s)
INFO     : ... Sequential Optimization begin
INFO     : ... Clock Network 'pll_inst1_CLKOUT1' with 2351 loads will be considered for sequential optimization.
INFO     : ... Sequential Optimization deduced 1551 equivalent points.
INFO     : ... Sequential Optimization end (Real time : 0s)
INFO     : ... Setup for logic synthesis begin
INFO     : ... Setup for logic synthesis end (Real time : 0s)
INFO     : ... LUT mapping begin
INFO     : ... LS, strategy: 3, nd: 852, ed: 2878, lv: 3, pw: 4134.77
INFO     : ... LUT mapping end (Real time : 1s)
INFO     : ... Post-synthesis Verific netlist creation begin
INFO     : ... Post-synthesis Verific netlist creation end (Real time : 0s)
INFO     : ... Postmap Retiming Optimization begin
INFO     : ... Clock Network 'pll_inst1_CLKOUT1~pll_inst1_CLKOUT1' with 1818 loads will be considered for retiming optimization.
INFO     : ... Performed 0 retime moves.
INFO     : ... Postmap Retiming Optimization end (Real time : 0s)
INFO     : ***** Beginning VDB Netlist Checker ... *****
WARNING  : D:\my_code\fpga\yilisi\conv10_10\pe_10_10_conv_top.v(4): Input/inout port pll_inst1_CLKOUT0 is unconnected. Place and route may remove this unconnected port. [VDB-8003]
WARNING  : D:\my_code\fpga\yilisi\conv10_10\pe_10_10_conv_top.v(5): Input/inout port pll_inst1_CLKOUT2 is unconnected. Place and route may remove this unconnected port. [VDB-8003]
WARNING  : Net PE_output[0][35] is dangling. [VDB-8009]
WARNING  : Net PE_output[0][34] is dangling. [VDB-8009]
WARNING  : Net PE_output[0][33] is dangling. [VDB-8009]
WARNING  : Net PE_output[0][32] is dangling. [VDB-8009]
WARNING  : Net PE_output[0][31] is dangling. [VDB-8009]
WARNING  : Net PE_output[0][30] is dangling. [VDB-8009]
WARNING  : Net PE_output[0][29] is dangling. [VDB-8009]
WARNING  : Net PE_output[0][28] is dangling. [VDB-8009]
WARNING  : Net PE_output[0][27] is dangling. [VDB-8009]
WARNING  : Net PE_output[0][26] is dangling. [VDB-8009]
WARNING  : Net PE_output[0][25] is dangling. [VDB-8009]
WARNING  : Net PE_output[0][24] is dangling. [VDB-8009]
WARNING  : Net PE_output[0][23] is dangling. [VDB-8009]
WARNING  : Net PE_output[0][22] is dangling. [VDB-8009]
WARNING  : Net PE_output[0][21] is dangling. [VDB-8009]
WARNING  : Net PE_output[0][20] is dangling. [VDB-8009]
WARNING  : Net PE_output[0][19] is dangling. [VDB-8009]
WARNING  : Net PE_output[0][18] is dangling. [VDB-8009]
WARNING  : Net PE_output[0][17] is dangling. [VDB-8009]
WARNING  : Net PE_output[0][16] is dangling. [VDB-8009]
WARNING  : Net PE_output[0][15] is dangling. [VDB-8009]
WARNING  : Net PE_output[0][14] is dangling. [VDB-8009]
WARNING  : Net PE_output[0][13] is dangling. [VDB-8009]
WARNING  : Net PE_output[0][12] is dangling. [VDB-8009]
WARNING  : Net PE_output[0][11] is dangling. [VDB-8009]
WARNING  : Net PE_output[0][10] is dangling. [VDB-8009]
WARNING  : Net PE_output[0][9] is dangling. [VDB-8009]
WARNING  : Net PE_output[0][8] is dangling. [VDB-8009]
WARNING  : Net PE_output[0][7] is dangling. [VDB-8009]
WARNING  : Net PE_output[0][6] is dangling. [VDB-8009]
WARNING  : Net PE_output[0][5] is dangling. [VDB-8009]
WARNING  : Net PE_output[0][4] is dangling. [VDB-8009]
WARNING  : Net PE_output[0][3] is dangling. [VDB-8009]
WARNING  : Net PE_output[0][2] is dangling. [VDB-8009]
WARNING  : Net PE_output[0][1] is dangling. [VDB-8009]
WARNING  : Net PE_output[1][35] is dangling. [VDB-8009]
WARNING  : Net PE_output[1][34] is dangling. [VDB-8009]
WARNING  : Net PE_output[1][33] is dangling. [VDB-8009]
WARNING  : Net PE_output[1][32] is dangling. [VDB-8009]
WARNING  : Net PE_output[1][31] is dangling. [VDB-8009]
WARNING  : Net PE_output[1][30] is dangling. [VDB-8009]
WARNING  : Net PE_output[1][29] is dangling. [VDB-8009]
WARNING  : Net PE_output[1][28] is dangling. [VDB-8009]
WARNING  : Net PE_output[1][27] is dangling. [VDB-8009]
WARNING  : Net PE_output[1][26] is dangling. [VDB-8009]
WARNING  : Net PE_output[1][25] is dangling. [VDB-8009]
WARNING  : Net PE_output[1][24] is dangling. [VDB-8009]
WARNING  : Net PE_output[1][23] is dangling. [VDB-8009]
WARNING  : Net PE_output[1][22] is dangling. [VDB-8009]
WARNING  : Net PE_output[1][21] is dangling. [VDB-8009]
WARNING  : Net PE_output[1][20] is dangling. [VDB-8009]
WARNING  : Net PE_output[1][19] is dangling. [VDB-8009]
WARNING  : Net PE_output[1][18] is dangling. [VDB-8009]
WARNING  : Net PE_output[1][17] is dangling. [VDB-8009]
WARNING  : Net PE_output[1][16] is dangling. [VDB-8009]
WARNING  : Net PE_output[1][15] is dangling. [VDB-8009]
WARNING  : Net PE_output[1][14] is dangling. [VDB-8009]
WARNING  : Net PE_output[1][13] is dangling. [VDB-8009]
WARNING  : Net PE_output[1][12] is dangling. [VDB-8009]
WARNING  : Net PE_output[1][11] is dangling. [VDB-8009]
WARNING  : Net PE_output[1][10] is dangling. [VDB-8009]
WARNING  : Net PE_output[1][9] is dangling. [VDB-8009]
WARNING  : Net PE_output[1][8] is dangling. [VDB-8009]
WARNING  : Net PE_output[1][7] is dangling. [VDB-8009]
WARNING  : Net PE_output[1][6] is dangling. [VDB-8009]
WARNING  : Net PE_output[1][5] is dangling. [VDB-8009]
WARNING  : Net PE_output[1][4] is dangling. [VDB-8009]
WARNING  : Net PE_output[1][3] is dangling. [VDB-8009]
WARNING  : Net PE_output[1][2] is dangling. [VDB-8009]
WARNING  : Net PE_output[1][1] is dangling. [VDB-8009]
WARNING  : Net PE_output[2][35] is dangling. [VDB-8009]
WARNING  : Net PE_output[2][34] is dangling. [VDB-8009]
WARNING  : Net PE_output[2][33] is dangling. [VDB-8009]
WARNING  : Net PE_output[2][32] is dangling. [VDB-8009]
WARNING  : Net PE_output[2][31] is dangling. [VDB-8009]
WARNING  : Net PE_output[2][30] is dangling. [VDB-8009]
WARNING  : Net PE_output[2][29] is dangling. [VDB-8009]
WARNING  : Net PE_output[2][28] is dangling. [VDB-8009]
WARNING  : Net PE_output[2][27] is dangling. [VDB-8009]
WARNING  : Net PE_output[2][26] is dangling. [VDB-8009]
WARNING  : Net PE_output[2][25] is dangling. [VDB-8009]
WARNING  : Net PE_output[2][24] is dangling. [VDB-8009]
WARNING  : Net PE_output[2][23] is dangling. [VDB-8009]
WARNING  : Net PE_output[2][22] is dangling. [VDB-8009]
WARNING  : Net PE_output[2][21] is dangling. [VDB-8009]
WARNING  : Net PE_output[2][20] is dangling. [VDB-8009]
WARNING  : Net PE_output[2][19] is dangling. [VDB-8009]
WARNING  : Net PE_output[2][18] is dangling. [VDB-8009]
WARNING  : Net PE_output[2][17] is dangling. [VDB-8009]
WARNING  : Net PE_output[2][16] is dangling. [VDB-8009]
WARNING  : Net PE_output[2][15] is dangling. [VDB-8009]
WARNING  : Net PE_output[2][14] is dangling. [VDB-8009]
WARNING  : Net PE_output[2][13] is dangling. [VDB-8009]
WARNING  : Net PE_output[2][12] is dangling. [VDB-8009]
WARNING  : Net PE_output[2][11] is dangling. [VDB-8009]
WARNING  : Net PE_output[2][10] is dangling. [VDB-8009]
WARNING  : Net PE_output[2][9] is dangling. [VDB-8009]
WARNING  : Net PE_output[2][8] is dangling. [VDB-8009]
WARNING  : Net PE_output[2][7] is dangling. [VDB-8009]
WARNING  : Net PE_output[2][6] is dangling. [VDB-8009]
WARNING  : Net PE_output[2][5] is dangling. [VDB-8009]
WARNING  : Net PE_output[2][4] is dangling. [VDB-8009]
WARNING  : Net PE_output[2][3] is dangling. [VDB-8009]
WARNING  : Net PE_output[2][2] is dangling. [VDB-8009]
WARNING  : Net PE_output[2][1] is dangling. [VDB-8009]
WARNING  : Net PE_output[2][0] is dangling. [VDB-8009]
WARNING  : Net PE_output[3][35] is dangling. [VDB-8009]
WARNING  : Net PE_output[3][34] is dangling. [VDB-8009]
WARNING  : Net PE_output[3][33] is dangling. [VDB-8009]
WARNING  : Net PE_output[3][32] is dangling. [VDB-8009]
WARNING  : Net PE_output[3][31] is dangling. [VDB-8009]
WARNING  : Net PE_output[3][30] is dangling. [VDB-8009]
WARNING  : Net PE_output[3][29] is dangling. [VDB-8009]
WARNING  : Net PE_output[3][28] is dangling. [VDB-8009]
WARNING  : Net PE_output[3][27] is dangling. [VDB-8009]
WARNING  : Net PE_output[3][26] is dangling. [VDB-8009]
WARNING  : Net PE_output[3][25] is dangling. [VDB-8009]
WARNING  : Net PE_output[3][24] is dangling. [VDB-8009]
WARNING  : Net PE_output[3][23] is dangling. [VDB-8009]
WARNING  : Net PE_output[3][22] is dangling. [VDB-8009]
WARNING  : Net PE_output[3][21] is dangling. [VDB-8009]
WARNING  : Net PE_output[3][20] is dangling. [VDB-8009]
WARNING  : Net PE_output[3][19] is dangling. [VDB-8009]
WARNING  : Net PE_output[3][18] is dangling. [VDB-8009]
WARNING  : Net PE_output[3][17] is dangling. [VDB-8009]
WARNING  : Net PE_output[3][16] is dangling. [VDB-8009]
WARNING  : Net PE_output[3][15] is dangling. [VDB-8009]
WARNING  : Net PE_output[3][14] is dangling. [VDB-8009]
WARNING  : Net PE_output[3][13] is dangling. [VDB-8009]
WARNING  : Net PE_output[3][12] is dangling. [VDB-8009]
WARNING  : Net PE_output[3][11] is dangling. [VDB-8009]
WARNING  : Net PE_output[3][10] is dangling. [VDB-8009]
WARNING  : Net PE_output[3][9] is dangling. [VDB-8009]
WARNING  : Net PE_output[3][8] is dangling. [VDB-8009]
WARNING  : Net PE_output[3][7] is dangling. [VDB-8009]
WARNING  : Net PE_output[3][6] is dangling. [VDB-8009]
WARNING  : Net PE_output[3][5] is dangling. [VDB-8009]
WARNING  : Net PE_output[3][4] is dangling. [VDB-8009]
WARNING  : Net PE_output[3][3] is dangling. [VDB-8009]
WARNING  : Net PE_output[3][2] is dangling. [VDB-8009]
WARNING  : Net PE_output[3][1] is dangling. [VDB-8009]
WARNING  : Net PE_output[3][0] is dangling. [VDB-8009]
WARNING  : Net PE_output[4][35] is dangling. [VDB-8009]
WARNING  : Net PE_output[4][34] is dangling. [VDB-8009]
WARNING  : Net PE_output[4][33] is dangling. [VDB-8009]
WARNING  : Net PE_output[4][32] is dangling. [VDB-8009]
WARNING  : Net PE_output[4][31] is dangling. [VDB-8009]
WARNING  : Net PE_output[4][30] is dangling. [VDB-8009]
WARNING  : Net PE_output[4][29] is dangling. [VDB-8009]
WARNING  : Net PE_output[4][28] is dangling. [VDB-8009]
WARNING  : Net PE_output[4][27] is dangling. [VDB-8009]
WARNING  : Net PE_output[4][26] is dangling. [VDB-8009]
WARNING  : Net PE_output[4][25] is dangling. [VDB-8009]
WARNING  : Net PE_output[4][24] is dangling. [VDB-8009]
WARNING  : Net PE_output[4][23] is dangling. [VDB-8009]
WARNING  : Net PE_output[4][22] is dangling. [VDB-8009]
WARNING  : Net PE_output[4][21] is dangling. [VDB-8009]
WARNING  : Net PE_output[4][20] is dangling. [VDB-8009]
WARNING  : Net PE_output[4][19] is dangling. [VDB-8009]
WARNING  : Net PE_output[4][18] is dangling. [VDB-8009]
WARNING  : Net PE_output[4][17] is dangling. [VDB-8009]
WARNING  : Net PE_output[4][16] is dangling. [VDB-8009]
WARNING  : Net PE_output[4][15] is dangling. [VDB-8009]
WARNING  : Net PE_output[4][14] is dangling. [VDB-8009]
WARNING  : Net PE_output[4][13] is dangling. [VDB-8009]
WARNING  : Net PE_output[4][12] is dangling. [VDB-8009]
WARNING  : Net PE_output[4][11] is dangling. [VDB-8009]
WARNING  : Net PE_output[4][10] is dangling. [VDB-8009]
WARNING  : Net PE_output[4][9] is dangling. [VDB-8009]
WARNING  : Net PE_output[4][8] is dangling. [VDB-8009]
WARNING  : Net PE_output[4][7] is dangling. [VDB-8009]
WARNING  : Net PE_output[4][6] is dangling. [VDB-8009]
WARNING  : Net PE_output[4][5] is dangling. [VDB-8009]
WARNING  : Net PE_output[4][4] is dangling. [VDB-8009]
WARNING  : Net PE_output[4][3] is dangling. [VDB-8009]
WARNING  : Net PE_output[4][2] is dangling. [VDB-8009]
WARNING  : Net PE_output[4][1] is dangling. [VDB-8009]
WARNING  : Net PE_output[4][0] is dangling. [VDB-8009]
WARNING  : Net PE_output[5][35] is dangling. [VDB-8009]
WARNING  : Net PE_output[5][34] is dangling. [VDB-8009]
WARNING  : Net PE_output[5][33] is dangling. [VDB-8009]
WARNING  : Net PE_output[5][32] is dangling. [VDB-8009]
WARNING  : Net PE_output[5][31] is dangling. [VDB-8009]
WARNING  : Net PE_output[5][30] is dangling. [VDB-8009]
WARNING  : Net PE_output[5][29] is dangling. [VDB-8009]
WARNING  : Net PE_output[5][28] is dangling. [VDB-8009]
WARNING  : Net PE_output[5][27] is dangling. [VDB-8009]
WARNING  : Net PE_output[5][26] is dangling. [VDB-8009]
WARNING  : Net PE_output[5][25] is dangling. [VDB-8009]
WARNING  : Net PE_output[5][24] is dangling. [VDB-8009]
WARNING  : Net PE_output[5][23] is dangling. [VDB-8009]
WARNING  : Net PE_output[5][22] is dangling. [VDB-8009]
WARNING  : Net PE_output[5][21] is dangling. [VDB-8009]
WARNING  : Net PE_output[5][20] is dangling. [VDB-8009]
WARNING  : Net PE_output[5][19] is dangling. [VDB-8009]
WARNING  : Net PE_output[5][18] is dangling. [VDB-8009]
WARNING  : Net PE_output[5][17] is dangling. [VDB-8009]
WARNING  : Net PE_output[5][16] is dangling. [VDB-8009]
WARNING  : Net PE_output[5][15] is dangling. [VDB-8009]
WARNING  : Net PE_output[5][14] is dangling. [VDB-8009]
WARNING  : Net PE_output[5][13] is dangling. [VDB-8009]
WARNING  : Net PE_output[5][12] is dangling. [VDB-8009]
WARNING  : Net PE_output[5][11] is dangling. [VDB-8009]
WARNING  : Net PE_output[5][10] is dangling. [VDB-8009]
WARNING  : Net PE_output[5][9] is dangling. [VDB-8009]
WARNING  : Net PE_output[5][8] is dangling. [VDB-8009]
WARNING  : Net PE_output[5][7] is dangling. [VDB-8009]
WARNING  : Net PE_output[5][6] is dangling. [VDB-8009]
WARNING  : Net PE_output[5][5] is dangling. [VDB-8009]
WARNING  : Net PE_output[5][4] is dangling. [VDB-8009]
WARNING  : Net PE_output[5][3] is dangling. [VDB-8009]
WARNING  : Net PE_output[5][2] is dangling. [VDB-8009]
WARNING  : Net PE_output[5][1] is dangling. [VDB-8009]
WARNING  : Net PE_output[5][0] is dangling. [VDB-8009]
WARNING  : Net PE_output[6][35] is dangling. [VDB-8009]
WARNING  : Net PE_output[6][34] is dangling. [VDB-8009]
WARNING  : Net PE_output[6][33] is dangling. [VDB-8009]
WARNING  : Net PE_output[6][32] is dangling. [VDB-8009]
WARNING  : Net PE_output[6][31] is dangling. [VDB-8009]
WARNING  : Net PE_output[6][30] is dangling. [VDB-8009]
WARNING  : Net PE_output[6][29] is dangling. [VDB-8009]
WARNING  : Net PE_output[6][28] is dangling. [VDB-8009]
WARNING  : Net PE_output[6][27] is dangling. [VDB-8009]
WARNING  : Net PE_output[6][26] is dangling. [VDB-8009]
WARNING  : Net PE_output[6][25] is dangling. [VDB-8009]
WARNING  : Net PE_output[6][24] is dangling. [VDB-8009]
WARNING  : Net PE_output[6][23] is dangling. [VDB-8009]
WARNING  : Net PE_output[6][22] is dangling. [VDB-8009]
WARNING  : Net PE_output[6][21] is dangling. [VDB-8009]
WARNING  : Net PE_output[6][20] is dangling. [VDB-8009]
WARNING  : Net PE_output[6][19] is dangling. [VDB-8009]
WARNING  : Net PE_output[6][18] is dangling. [VDB-8009]
WARNING  : Net PE_output[6][17] is dangling. [VDB-8009]
WARNING  : Net PE_output[6][16] is dangling. [VDB-8009]
WARNING  : Net PE_output[6][15] is dangling. [VDB-8009]
WARNING  : Net PE_output[6][14] is dangling. [VDB-8009]
WARNING  : Net PE_output[6][13] is dangling. [VDB-8009]
WARNING  : Net PE_output[6][12] is dangling. [VDB-8009]
WARNING  : Net PE_output[6][11] is dangling. [VDB-8009]
WARNING  : Net PE_output[6][10] is dangling. [VDB-8009]
WARNING  : Net PE_output[6][9] is dangling. [VDB-8009]
WARNING  : Net PE_output[6][8] is dangling. [VDB-8009]
WARNING  : Net PE_output[6][7] is dangling. [VDB-8009]
WARNING  : Net PE_output[6][6] is dangling. [VDB-8009]
WARNING  : Net PE_output[6][5] is dangling. [VDB-8009]
WARNING  : Net PE_output[6][4] is dangling. [VDB-8009]
WARNING  : Net PE_output[6][3] is dangling. [VDB-8009]
WARNING  : Net PE_output[6][2] is dangling. [VDB-8009]
WARNING  : Net PE_output[6][1] is dangling. [VDB-8009]
WARNING  : Net PE_output[6][0] is dangling. [VDB-8009]
WARNING  : Net PE_output[7][35] is dangling. [VDB-8009]
WARNING  : Net PE_output[7][34] is dangling. [VDB-8009]
WARNING  : Net PE_output[7][33] is dangling. [VDB-8009]
WARNING  : Net PE_output[7][32] is dangling. [VDB-8009]
WARNING  : Net PE_output[7][31] is dangling. [VDB-8009]
WARNING  : Net PE_output[7][30] is dangling. [VDB-8009]
WARNING  : Net PE_output[7][29] is dangling. [VDB-8009]
WARNING  : Net PE_output[7][28] is dangling. [VDB-8009]
WARNING  : Net PE_output[7][27] is dangling. [VDB-8009]
WARNING  : Net PE_output[7][26] is dangling. [VDB-8009]
WARNING  : Net PE_output[7][25] is dangling. [VDB-8009]
WARNING  : Net PE_output[7][24] is dangling. [VDB-8009]
WARNING  : Net PE_output[7][23] is dangling. [VDB-8009]
WARNING  : Net PE_output[7][22] is dangling. [VDB-8009]
WARNING  : Net PE_output[7][21] is dangling. [VDB-8009]
WARNING  : Net PE_output[7][20] is dangling. [VDB-8009]
WARNING  : Net PE_output[7][19] is dangling. [VDB-8009]
WARNING  : Net PE_output[7][18] is dangling. [VDB-8009]
WARNING  : Net PE_output[7][17] is dangling. [VDB-8009]
WARNING  : Net PE_output[7][16] is dangling. [VDB-8009]
WARNING  : Net PE_output[7][15] is dangling. [VDB-8009]
WARNING  : Net PE_output[7][14] is dangling. [VDB-8009]
WARNING  : Net PE_output[7][13] is dangling. [VDB-8009]
WARNING  : Net PE_output[7][12] is dangling. [VDB-8009]
WARNING  : Net PE_output[7][11] is dangling. [VDB-8009]
WARNING  : Net PE_output[7][10] is dangling. [VDB-8009]
WARNING  : Net PE_output[7][9] is dangling. [VDB-8009]
WARNING  : Net PE_output[7][8] is dangling. [VDB-8009]
WARNING  : Net PE_output[7][7] is dangling. [VDB-8009]
WARNING  : Net PE_output[7][6] is dangling. [VDB-8009]
WARNING  : Net PE_output[7][5] is dangling. [VDB-8009]
WARNING  : Net PE_output[7][4] is dangling. [VDB-8009]
WARNING  : Net PE_output[7][3] is dangling. [VDB-8009]
WARNING  : Net PE_output[7][2] is dangling. [VDB-8009]
WARNING  : Net PE_output[7][1] is dangling. [VDB-8009]
WARNING  : Net PE_output[7][0] is dangling. [VDB-8009]
WARNING  : Net PE_output[8][35] is dangling. [VDB-8009]
WARNING  : Net PE_output[8][34] is dangling. [VDB-8009]
WARNING  : Net PE_output[8][33] is dangling. [VDB-8009]
WARNING  : Net PE_output[8][32] is dangling. [VDB-8009]
WARNING  : Net PE_output[8][31] is dangling. [VDB-8009]
WARNING  : Net PE_output[8][30] is dangling. [VDB-8009]
WARNING  : Net PE_output[8][29] is dangling. [VDB-8009]
WARNING  : Net PE_output[8][28] is dangling. [VDB-8009]
WARNING  : Net PE_output[8][27] is dangling. [VDB-8009]
WARNING  : Net PE_output[8][26] is dangling. [VDB-8009]
WARNING  : Net PE_output[8][25] is dangling. [VDB-8009]
WARNING  : Net PE_output[8][24] is dangling. [VDB-8009]
WARNING  : Net PE_output[8][23] is dangling. [VDB-8009]
WARNING  : Net PE_output[8][22] is dangling. [VDB-8009]
WARNING  : Net PE_output[8][21] is dangling. [VDB-8009]
WARNING  : Net PE_output[8][20] is dangling. [VDB-8009]
WARNING  : Net PE_output[8][19] is dangling. [VDB-8009]
WARNING  : Net PE_output[8][18] is dangling. [VDB-8009]
WARNING  : Net PE_output[8][17] is dangling. [VDB-8009]
WARNING  : Net PE_output[8][16] is dangling. [VDB-8009]
WARNING  : Net PE_output[8][15] is dangling. [VDB-8009]
WARNING  : Net PE_output[8][14] is dangling. [VDB-8009]
WARNING  : Net PE_output[8][13] is dangling. [VDB-8009]
WARNING  : Net PE_output[8][12] is dangling. [VDB-8009]
WARNING  : Net PE_output[8][11] is dangling. [VDB-8009]
WARNING  : Net PE_output[8][10] is dangling. [VDB-8009]
WARNING  : Net PE_output[8][9] is dangling. [VDB-8009]
WARNING  : Net PE_output[8][8] is dangling. [VDB-8009]
WARNING  : Net PE_output[8][7] is dangling. [VDB-8009]
WARNING  : Net PE_output[8][6] is dangling. [VDB-8009]
WARNING  : Net PE_output[8][5] is dangling. [VDB-8009]
WARNING  : Net PE_output[8][4] is dangling. [VDB-8009]
WARNING  : Net PE_output[8][3] is dangling. [VDB-8009]
WARNING  : Net PE_output[8][2] is dangling. [VDB-8009]
WARNING  : Net PE_output[8][1] is dangling. [VDB-8009]
WARNING  : Net PE_output[8][0] is dangling. [VDB-8009]
WARNING  : Net PE_output[9][35] is dangling. [VDB-8009]
WARNING  : Net PE_output[9][34] is dangling. [VDB-8009]
WARNING  : Net PE_output[9][33] is dangling. [VDB-8009]
WARNING  : Net PE_output[9][32] is dangling. [VDB-8009]
WARNING  : Net PE_output[9][31] is dangling. [VDB-8009]
WARNING  : Net PE_output[9][30] is dangling. [VDB-8009]
WARNING  : Net PE_output[9][29] is dangling. [VDB-8009]
WARNING  : Net PE_output[9][28] is dangling. [VDB-8009]
WARNING  : Net PE_output[9][27] is dangling. [VDB-8009]
WARNING  : Net PE_output[9][26] is dangling. [VDB-8009]
WARNING  : Net PE_output[9][25] is dangling. [VDB-8009]
WARNING  : Net PE_output[9][24] is dangling. [VDB-8009]
WARNING  : Net PE_output[9][23] is dangling. [VDB-8009]
WARNING  : Net PE_output[9][22] is dangling. [VDB-8009]
WARNING  : Net PE_output[9][21] is dangling. [VDB-8009]
WARNING  : Net PE_output[9][20] is dangling. [VDB-8009]
WARNING  : Net PE_output[9][19] is dangling. [VDB-8009]
WARNING  : Net PE_output[9][18] is dangling. [VDB-8009]
WARNING  : Net PE_output[9][17] is dangling. [VDB-8009]
WARNING  : Net PE_output[9][16] is dangling. [VDB-8009]
WARNING  : Net PE_output[9][15] is dangling. [VDB-8009]
WARNING  : Net PE_output[9][14] is dangling. [VDB-8009]
WARNING  : Net PE_output[9][13] is dangling. [VDB-8009]
WARNING  : Net PE_output[9][12] is dangling. [VDB-8009]
WARNING  : Net PE_output[9][11] is dangling. [VDB-8009]
WARNING  : Net PE_output[9][10] is dangling. [VDB-8009]
WARNING  : Net PE_output[9][9] is dangling. [VDB-8009]
WARNING  : Net PE_output[9][8] is dangling. [VDB-8009]
WARNING  : Net PE_output[9][7] is dangling. [VDB-8009]
WARNING  : Net PE_output[9][6] is dangling. [VDB-8009]
WARNING  : Net PE_output[9][5] is dangling. [VDB-8009]
WARNING  : Net PE_output[9][4] is dangling. [VDB-8009]
WARNING  : Net PE_output[9][3] is dangling. [VDB-8009]
WARNING  : Net PE_output[9][2] is dangling. [VDB-8009]
WARNING  : Net PE_output[9][1] is dangling. [VDB-8009]
WARNING  : Net PE_output[9][0] is dangling. [VDB-8009]
WARNING  : Net PE_output[10][35] is dangling. [VDB-8009]
WARNING  : Net PE_output[10][34] is dangling. [VDB-8009]
WARNING  : Net PE_output[10][33] is dangling. [VDB-8009]
WARNING  : Net PE_output[10][32] is dangling. [VDB-8009]
WARNING  : Net PE_output[10][31] is dangling. [VDB-8009]
WARNING  : Net PE_output[10][30] is dangling. [VDB-8009]
WARNING  : Net PE_output[10][29] is dangling. [VDB-8009]
WARNING  : Net PE_output[10][28] is dangling. [VDB-8009]
WARNING  : Net PE_output[10][27] is dangling. [VDB-8009]
WARNING  : Net PE_output[10][26] is dangling. [VDB-8009]
WARNING  : Net PE_output[10][25] is dangling. [VDB-8009]
WARNING  : Net PE_output[10][24] is dangling. [VDB-8009]
WARNING  : Net PE_output[10][23] is dangling. [VDB-8009]
WARNING  : Net PE_output[10][22] is dangling. [VDB-8009]
WARNING  : Net PE_output[10][21] is dangling. [VDB-8009]
WARNING  : Net PE_output[10][20] is dangling. [VDB-8009]
WARNING  : Net PE_output[10][19] is dangling. [VDB-8009]
WARNING  : Net PE_output[10][18] is dangling. [VDB-8009]
WARNING  : Net PE_output[10][17] is dangling. [VDB-8009]
WARNING  : Net PE_output[10][16] is dangling. [VDB-8009]
WARNING  : Net PE_output[10][15] is dangling. [VDB-8009]
WARNING  : Net PE_output[10][14] is dangling. [VDB-8009]
WARNING  : Net PE_output[10][13] is dangling. [VDB-8009]
WARNING  : Net PE_output[10][12] is dangling. [VDB-8009]
WARNING  : Net PE_output[10][11] is dangling. [VDB-8009]
WARNING  : Net PE_output[10][10] is dangling. [VDB-8009]
WARNING  : Net PE_output[10][9] is dangling. [VDB-8009]
WARNING  : Net PE_output[10][8] is dangling. [VDB-8009]
WARNING  : Net PE_output[10][7] is dangling. [VDB-8009]
WARNING  : Net PE_output[10][6] is dangling. [VDB-8009]
WARNING  : Net PE_output[10][5] is dangling. [VDB-8009]
WARNING  : Net PE_output[10][4] is dangling. [VDB-8009]
WARNING  : Net PE_output[10][3] is dangling. [VDB-8009]
WARNING  : Net PE_output[10][2] is dangling. [VDB-8009]
WARNING  : Net PE_output[10][1] is dangling. [VDB-8009]
WARNING  : Net PE_output[10][0] is dangling. [VDB-8009]
WARNING  : Net PE_output[11][35] is dangling. [VDB-8009]
WARNING  : Net PE_output[11][34] is dangling. [VDB-8009]
WARNING  : Net PE_output[11][33] is dangling. [VDB-8009]
WARNING  : Net PE_output[11][32] is dangling. [VDB-8009]
WARNING  : Net PE_output[11][31] is dangling. [VDB-8009]
WARNING  : Net PE_output[11][30] is dangling. [VDB-8009]
WARNING  : Net PE_output[11][29] is dangling. [VDB-8009]
WARNING  : Net PE_output[11][28] is dangling. [VDB-8009]
WARNING  : Net PE_output[11][27] is dangling. [VDB-8009]
WARNING  : Net PE_output[11][26] is dangling. [VDB-8009]
WARNING  : Net PE_output[11][25] is dangling. [VDB-8009]
WARNING  : Net PE_output[11][24] is dangling. [VDB-8009]
WARNING  : Net PE_output[11][23] is dangling. [VDB-8009]
WARNING  : Net PE_output[11][22] is dangling. [VDB-8009]
WARNING  : Net PE_output[11][21] is dangling. [VDB-8009]
WARNING  : Net PE_output[11][20] is dangling. [VDB-8009]
WARNING  : Net PE_output[11][19] is dangling. [VDB-8009]
WARNING  : Net PE_output[11][18] is dangling. [VDB-8009]
WARNING  : Net PE_output[11][17] is dangling. [VDB-8009]
WARNING  : Net PE_output[11][16] is dangling. [VDB-8009]
WARNING  : Net PE_output[11][15] is dangling. [VDB-8009]
WARNING  : Net PE_output[11][14] is dangling. [VDB-8009]
WARNING  : Net PE_output[11][13] is dangling. [VDB-8009]
WARNING  : Net PE_output[11][12] is dangling. [VDB-8009]
WARNING  : Net PE_output[11][11] is dangling. [VDB-8009]
WARNING  : Net PE_output[11][10] is dangling. [VDB-8009]
WARNING  : Net PE_output[11][9] is dangling. [VDB-8009]
WARNING  : Net PE_output[11][8] is dangling. [VDB-8009]
WARNING  : Net PE_output[11][7] is dangling. [VDB-8009]
WARNING  : Net PE_output[11][6] is dangling. [VDB-8009]
WARNING  : Net PE_output[11][5] is dangling. [VDB-8009]
WARNING  : Net PE_output[11][4] is dangling. [VDB-8009]
WARNING  : Net PE_output[11][3] is dangling. [VDB-8009]
WARNING  : Net PE_output[11][2] is dangling. [VDB-8009]
WARNING  : Net PE_output[11][1] is dangling. [VDB-8009]
WARNING  : Net PE_output[11][0] is dangling. [VDB-8009]
WARNING  : Net PE_output[12][35] is dangling. [VDB-8009]
WARNING  : Net PE_output[12][34] is dangling. [VDB-8009]
WARNING  : Net PE_output[12][33] is dangling. [VDB-8009]
WARNING  : Net PE_output[12][32] is dangling. [VDB-8009]
WARNING  : Net PE_output[12][31] is dangling. [VDB-8009]
WARNING  : Net PE_output[12][30] is dangling. [VDB-8009]
WARNING  : Net PE_output[12][29] is dangling. [VDB-8009]
WARNING  : Net PE_output[12][28] is dangling. [VDB-8009]
WARNING  : Net PE_output[12][27] is dangling. [VDB-8009]
WARNING  : Net PE_output[12][26] is dangling. [VDB-8009]
WARNING  : Net PE_output[12][25] is dangling. [VDB-8009]
WARNING  : Net PE_output[12][24] is dangling. [VDB-8009]
WARNING  : Net PE_output[12][23] is dangling. [VDB-8009]
WARNING  : Net PE_output[12][22] is dangling. [VDB-8009]
WARNING  : Net PE_output[12][21] is dangling. [VDB-8009]
WARNING  : Net PE_output[12][20] is dangling. [VDB-8009]
WARNING  : Net PE_output[12][19] is dangling. [VDB-8009]
WARNING  : Net PE_output[12][18] is dangling. [VDB-8009]
WARNING  : Net PE_output[12][17] is dangling. [VDB-8009]
WARNING  : Net PE_output[12][16] is dangling. [VDB-8009]
WARNING  : Net PE_output[12][15] is dangling. [VDB-8009]
WARNING  : Net PE_output[12][14] is dangling. [VDB-8009]
WARNING  : Net PE_output[12][13] is dangling. [VDB-8009]
WARNING  : Net PE_output[12][12] is dangling. [VDB-8009]
WARNING  : Net PE_output[12][11] is dangling. [VDB-8009]
WARNING  : Net PE_output[12][10] is dangling. [VDB-8009]
WARNING  : Net PE_output[12][9] is dangling. [VDB-8009]
WARNING  : Net PE_output[12][8] is dangling. [VDB-8009]
WARNING  : Net PE_output[12][7] is dangling. [VDB-8009]
WARNING  : Net PE_output[12][6] is dangling. [VDB-8009]
WARNING  : Net PE_output[12][5] is dangling. [VDB-8009]
WARNING  : Net PE_output[12][4] is dangling. [VDB-8009]
WARNING  : Net PE_output[12][3] is dangling. [VDB-8009]
WARNING  : Net PE_output[12][2] is dangling. [VDB-8009]
WARNING  : Net PE_output[12][1] is dangling. [VDB-8009]
WARNING  : Net PE_output[12][0] is dangling. [VDB-8009]
WARNING  : Net PE_output[13][35] is dangling. [VDB-8009]
WARNING  : Net PE_output[13][34] is dangling. [VDB-8009]
WARNING  : Net PE_output[13][33] is dangling. [VDB-8009]
WARNING  : Net PE_output[13][32] is dangling. [VDB-8009]
WARNING  : Net PE_output[13][31] is dangling. [VDB-8009]
WARNING  : Net PE_output[13][30] is dangling. [VDB-8009]
WARNING  : Net PE_output[13][29] is dangling. [VDB-8009]
WARNING  : Net PE_output[13][28] is dangling. [VDB-8009]
WARNING  : Net PE_output[13][27] is dangling. [VDB-8009]
WARNING  : Net PE_output[13][26] is dangling. [VDB-8009]
WARNING  : Net PE_output[13][25] is dangling. [VDB-8009]
WARNING  : Net PE_output[13][24] is dangling. [VDB-8009]
WARNING  : Net PE_output[13][23] is dangling. [VDB-8009]
WARNING  : Net PE_output[13][22] is dangling. [VDB-8009]
WARNING  : Net PE_output[13][21] is dangling. [VDB-8009]
WARNING  : Net PE_output[13][20] is dangling. [VDB-8009]
WARNING  : Net PE_output[13][19] is dangling. [VDB-8009]
WARNING  : Net PE_output[13][18] is dangling. [VDB-8009]
WARNING  : Net PE_output[13][17] is dangling. [VDB-8009]
WARNING  : Net PE_output[13][16] is dangling. [VDB-8009]
WARNING  : Net PE_output[13][15] is dangling. [VDB-8009]
WARNING  : Net PE_output[13][14] is dangling. [VDB-8009]
WARNING  : Net PE_output[13][13] is dangling. [VDB-8009]
WARNING  : Net PE_output[13][12] is dangling. [VDB-8009]
WARNING  : Net PE_output[13][11] is dangling. [VDB-8009]
WARNING  : Net PE_output[13][10] is dangling. [VDB-8009]
WARNING  : Net PE_output[13][9] is dangling. [VDB-8009]
WARNING  : Net PE_output[13][8] is dangling. [VDB-8009]
WARNING  : Net PE_output[13][7] is dangling. [VDB-8009]
WARNING  : Net PE_output[13][6] is dangling. [VDB-8009]
WARNING  : Net PE_output[13][5] is dangling. [VDB-8009]
WARNING  : Net PE_output[13][4] is dangling. [VDB-8009]
WARNING  : Net PE_output[13][3] is dangling. [VDB-8009]
WARNING  : Net PE_output[13][2] is dangling. [VDB-8009]
WARNING  : Net PE_output[13][1] is dangling. [VDB-8009]
WARNING  : Net PE_output[13][0] is dangling. [VDB-8009]
WARNING  : Net PE_output[14][35] is dangling. [VDB-8009]
WARNING  : Net PE_output[14][34] is dangling. [VDB-8009]
WARNING  : Net PE_output[14][33] is dangling. [VDB-8009]
WARNING  : Net PE_output[14][32] is dangling. [VDB-8009]
WARNING  : Net PE_output[14][31] is dangling. [VDB-8009]
WARNING  : Net PE_output[14][30] is dangling. [VDB-8009]
WARNING  : Net PE_output[14][29] is dangling. [VDB-8009]
WARNING  : Net PE_output[14][28] is dangling. [VDB-8009]
WARNING  : Net PE_output[14][27] is dangling. [VDB-8009]
WARNING  : Net PE_output[14][26] is dangling. [VDB-8009]
WARNING  : Net PE_output[14][25] is dangling. [VDB-8009]
WARNING  : Net PE_output[14][24] is dangling. [VDB-8009]
WARNING  : Net PE_output[14][23] is dangling. [VDB-8009]
WARNING  : Net PE_output[14][22] is dangling. [VDB-8009]
WARNING  : Net PE_output[14][21] is dangling. [VDB-8009]
WARNING  : Net PE_output[14][20] is dangling. [VDB-8009]
WARNING  : Net PE_output[14][19] is dangling. [VDB-8009]
WARNING  : Net PE_output[14][18] is dangling. [VDB-8009]
WARNING  : Net PE_output[14][17] is dangling. [VDB-8009]
WARNING  : Net PE_output[14][16] is dangling. [VDB-8009]
WARNING  : Net PE_output[14][15] is dangling. [VDB-8009]
WARNING  : Net PE_output[14][14] is dangling. [VDB-8009]
WARNING  : Net PE_output[14][13] is dangling. [VDB-8009]
WARNING  : Net PE_output[14][12] is dangling. [VDB-8009]
WARNING  : Net PE_output[14][11] is dangling. [VDB-8009]
WARNING  : Net PE_output[14][10] is dangling. [VDB-8009]
WARNING  : Net PE_output[14][9] is dangling. [VDB-8009]
WARNING  : Net PE_output[14][8] is dangling. [VDB-8009]
WARNING  : Net PE_output[14][7] is dangling. [VDB-8009]
WARNING  : Net PE_output[14][6] is dangling. [VDB-8009]
WARNING  : Net PE_output[14][5] is dangling. [VDB-8009]
WARNING  : Net PE_output[14][4] is dangling. [VDB-8009]
WARNING  : Net PE_output[14][3] is dangling. [VDB-8009]
WARNING  : Net PE_output[14][2] is dangling. [VDB-8009]
WARNING  : Net PE_output[14][1] is dangling. [VDB-8009]
WARNING  : Net PE_output[14][0] is dangling. [VDB-8009]
WARNING  : Net PE_output[15][35] is dangling. [VDB-8009]
WARNING  : Net PE_output[15][34] is dangling. [VDB-8009]
WARNING  : Net PE_output[15][33] is dangling. [VDB-8009]
WARNING  : Net PE_output[15][32] is dangling. [VDB-8009]
WARNING  : Net PE_output[15][31] is dangling. [VDB-8009]
WARNING  : Net PE_output[15][30] is dangling. [VDB-8009]
WARNING  : Net PE_output[15][29] is dangling. [VDB-8009]
WARNING  : Net PE_output[15][28] is dangling. [VDB-8009]
WARNING  : Net PE_output[15][27] is dangling. [VDB-8009]
WARNING  : Net PE_output[15][26] is dangling. [VDB-8009]
WARNING  : Net PE_output[15][25] is dangling. [VDB-8009]
WARNING  : Net PE_output[15][24] is dangling. [VDB-8009]
WARNING  : Net PE_output[15][23] is dangling. [VDB-8009]
WARNING  : Net PE_output[15][22] is dangling. [VDB-8009]
WARNING  : Net PE_output[15][21] is dangling. [VDB-8009]
WARNING  : Net PE_output[15][20] is dangling. [VDB-8009]
WARNING  : Net PE_output[15][19] is dangling. [VDB-8009]
WARNING  : Net PE_output[15][18] is dangling. [VDB-8009]
WARNING  : Net PE_output[15][17] is dangling. [VDB-8009]
WARNING  : Net PE_output[15][16] is dangling. [VDB-8009]
WARNING  : Net PE_output[15][15] is dangling. [VDB-8009]
WARNING  : Net PE_output[15][14] is dangling. [VDB-8009]
WARNING  : Net PE_output[15][13] is dangling. [VDB-8009]
WARNING  : Net PE_output[15][12] is dangling. [VDB-8009]
WARNING  : Net PE_output[15][11] is dangling. [VDB-8009]
WARNING  : Net PE_output[15][10] is dangling. [VDB-8009]
WARNING  : Net PE_output[15][9] is dangling. [VDB-8009]
WARNING  : Net PE_output[15][8] is dangling. [VDB-8009]
WARNING  : Net PE_output[15][7] is dangling. [VDB-8009]
WARNING  : Net PE_output[15][6] is dangling. [VDB-8009]
WARNING  : Net PE_output[15][5] is dangling. [VDB-8009]
WARNING  : Net PE_output[15][4] is dangling. [VDB-8009]
WARNING  : Net PE_output[15][3] is dangling. [VDB-8009]
WARNING  : Net PE_output[15][2] is dangling. [VDB-8009]
WARNING  : Net PE_output[15][1] is dangling. [VDB-8009]
WARNING  : Net PE_output[15][0] is dangling. [VDB-8009]
WARNING  : Net PE_output[16][35] is dangling. [VDB-8009]
WARNING  : Net PE_output[16][34] is dangling. [VDB-8009]
WARNING  : Net PE_output[16][33] is dangling. [VDB-8009]
WARNING  : Net PE_output[16][32] is dangling. [VDB-8009]
WARNING  : Net PE_output[16][31] is dangling. [VDB-8009]
WARNING  : Net PE_output[16][30] is dangling. [VDB-8009]
WARNING  : Net PE_output[16][29] is dangling. [VDB-8009]
WARNING  : Net PE_output[16][28] is dangling. [VDB-8009]
WARNING  : Net PE_output[16][27] is dangling. [VDB-8009]
WARNING  : Net PE_output[16][26] is dangling. [VDB-8009]
WARNING  : Net PE_output[16][25] is dangling. [VDB-8009]
WARNING  : Net PE_output[16][24] is dangling. [VDB-8009]
WARNING  : Net PE_output[16][23] is dangling. [VDB-8009]
WARNING  : Net PE_output[16][22] is dangling. [VDB-8009]
WARNING  : Net PE_output[16][21] is dangling. [VDB-8009]
WARNING  : Net PE_output[16][20] is dangling. [VDB-8009]
WARNING  : Net PE_output[16][19] is dangling. [VDB-8009]
WARNING  : Net PE_output[16][18] is dangling. [VDB-8009]
WARNING  : Net PE_output[16][17] is dangling. [VDB-8009]
WARNING  : Net PE_output[16][16] is dangling. [VDB-8009]
WARNING  : Net PE_output[16][15] is dangling. [VDB-8009]
WARNING  : Net PE_output[16][14] is dangling. [VDB-8009]
WARNING  : Net PE_output[16][13] is dangling. [VDB-8009]
WARNING  : Net PE_output[16][12] is dangling. [VDB-8009]
WARNING  : Net PE_output[16][11] is dangling. [VDB-8009]
WARNING  : Net PE_output[16][10] is dangling. [VDB-8009]
WARNING  : Net PE_output[16][9] is dangling. [VDB-8009]
WARNING  : Net PE_output[16][8] is dangling. [VDB-8009]
WARNING  : Net PE_output[16][7] is dangling. [VDB-8009]
WARNING  : Net PE_output[16][6] is dangling. [VDB-8009]
WARNING  : Net PE_output[16][5] is dangling. [VDB-8009]
WARNING  : Net PE_output[16][4] is dangling. [VDB-8009]
WARNING  : Net PE_output[16][3] is dangling. [VDB-8009]
WARNING  : Net PE_output[16][2] is dangling. [VDB-8009]
WARNING  : Net PE_output[16][1] is dangling. [VDB-8009]
WARNING  : Net PE_output[16][0] is dangling. [VDB-8009]
WARNING  : Net PE_output[17][35] is dangling. [VDB-8009]
WARNING  : Net PE_output[17][34] is dangling. [VDB-8009]
WARNING  : Net PE_output[17][33] is dangling. [VDB-8009]
WARNING  : Net PE_output[17][32] is dangling. [VDB-8009]
WARNING  : Net PE_output[17][31] is dangling. [VDB-8009]
WARNING  : Net PE_output[17][30] is dangling. [VDB-8009]
WARNING  : Net PE_output[17][29] is dangling. [VDB-8009]
WARNING  : Net PE_output[17][28] is dangling. [VDB-8009]
WARNING  : Net PE_output[17][27] is dangling. [VDB-8009]
WARNING  : Net PE_output[17][26] is dangling. [VDB-8009]
WARNING  : Net PE_output[17][25] is dangling. [VDB-8009]
WARNING  : Net PE_output[17][24] is dangling. [VDB-8009]
WARNING  : Net PE_output[17][23] is dangling. [VDB-8009]
WARNING  : Net PE_output[17][22] is dangling. [VDB-8009]
WARNING  : Net PE_output[17][21] is dangling. [VDB-8009]
WARNING  : Net PE_output[17][20] is dangling. [VDB-8009]
WARNING  : Net PE_output[17][19] is dangling. [VDB-8009]
WARNING  : Net PE_output[17][18] is dangling. [VDB-8009]
WARNING  : Net PE_output[17][17] is dangling. [VDB-8009]
WARNING  : Net PE_output[17][16] is dangling. [VDB-8009]
WARNING  : Net PE_output[17][15] is dangling. [VDB-8009]
WARNING  : Net PE_output[17][14] is dangling. [VDB-8009]
WARNING  : Net PE_output[17][13] is dangling. [VDB-8009]
WARNING  : Net PE_output[17][12] is dangling. [VDB-8009]
WARNING  : Net PE_output[17][11] is dangling. [VDB-8009]
WARNING  : Net PE_output[17][10] is dangling. [VDB-8009]
WARNING  : Net PE_output[17][9] is dangling. [VDB-8009]
WARNING  : Net PE_output[17][8] is dangling. [VDB-8009]
WARNING  : Net PE_output[17][7] is dangling. [VDB-8009]
WARNING  : Net PE_output[17][6] is dangling. [VDB-8009]
WARNING  : Net PE_output[17][5] is dangling. [VDB-8009]
WARNING  : Net PE_output[17][4] is dangling. [VDB-8009]
WARNING  : Net PE_output[17][3] is dangling. [VDB-8009]
WARNING  : Net PE_output[17][2] is dangling. [VDB-8009]
WARNING  : Net PE_output[17][1] is dangling. [VDB-8009]
WARNING  : Net PE_output[17][0] is dangling. [VDB-8009]
WARNING  : Net PE_output[18][35] is dangling. [VDB-8009]
WARNING  : Net PE_output[18][34] is dangling. [VDB-8009]
WARNING  : Net PE_output[18][33] is dangling. [VDB-8009]
WARNING  : Net PE_output[18][32] is dangling. [VDB-8009]
WARNING  : Net PE_output[18][31] is dangling. [VDB-8009]
WARNING  : Net PE_output[18][30] is dangling. [VDB-8009]
WARNING  : Net PE_output[18][29] is dangling. [VDB-8009]
WARNING  : Net PE_output[18][28] is dangling. [VDB-8009]
WARNING  : Net PE_output[18][27] is dangling. [VDB-8009]
WARNING  : Net PE_output[18][26] is dangling. [VDB-8009]
WARNING  : Net PE_output[18][25] is dangling. [VDB-8009]
WARNING  : Net PE_output[18][24] is dangling. [VDB-8009]
WARNING  : Net PE_output[18][23] is dangling. [VDB-8009]
WARNING  : Net PE_output[18][22] is dangling. [VDB-8009]
WARNING  : Net PE_output[18][21] is dangling. [VDB-8009]
WARNING  : Net PE_output[18][20] is dangling. [VDB-8009]
WARNING  : Net PE_output[18][19] is dangling. [VDB-8009]
WARNING  : Net PE_output[18][18] is dangling. [VDB-8009]
WARNING  : Net PE_output[18][17] is dangling. [VDB-8009]
WARNING  : Net PE_output[18][16] is dangling. [VDB-8009]
WARNING  : Net PE_output[18][15] is dangling. [VDB-8009]
WARNING  : Net PE_output[18][14] is dangling. [VDB-8009]
WARNING  : Net PE_output[18][13] is dangling. [VDB-8009]
WARNING  : Net PE_output[18][12] is dangling. [VDB-8009]
WARNING  : Net PE_output[18][11] is dangling. [VDB-8009]
WARNING  : Net PE_output[18][10] is dangling. [VDB-8009]
WARNING  : Net PE_output[18][9] is dangling. [VDB-8009]
WARNING  : Net PE_output[18][8] is dangling. [VDB-8009]
WARNING  : Net PE_output[18][7] is dangling. [VDB-8009]
WARNING  : Net PE_output[18][6] is dangling. [VDB-8009]
WARNING  : Net PE_output[18][5] is dangling. [VDB-8009]
WARNING  : Net PE_output[18][4] is dangling. [VDB-8009]
WARNING  : Net PE_output[18][3] is dangling. [VDB-8009]
WARNING  : Net PE_output[18][2] is dangling. [VDB-8009]
WARNING  : Net PE_output[18][1] is dangling. [VDB-8009]
WARNING  : Net PE_output[18][0] is dangling. [VDB-8009]
WARNING  : Net PE_output[19][35] is dangling. [VDB-8009]
WARNING  : Net PE_output[19][34] is dangling. [VDB-8009]
WARNING  : Net PE_output[19][33] is dangling. [VDB-8009]
WARNING  : Net PE_output[19][32] is dangling. [VDB-8009]
WARNING  : Net PE_output[19][31] is dangling. [VDB-8009]
WARNING  : Net PE_output[19][30] is dangling. [VDB-8009]
WARNING  : Net PE_output[19][29] is dangling. [VDB-8009]
WARNING  : Net PE_output[19][28] is dangling. [VDB-8009]
WARNING  : Net PE_output[19][27] is dangling. [VDB-8009]
WARNING  : Net PE_output[19][26] is dangling. [VDB-8009]
WARNING  : Net PE_output[19][25] is dangling. [VDB-8009]
WARNING  : Net PE_output[19][24] is dangling. [VDB-8009]
WARNING  : Net PE_output[19][23] is dangling. [VDB-8009]
WARNING  : Net PE_output[19][22] is dangling. [VDB-8009]
WARNING  : Net PE_output[19][21] is dangling. [VDB-8009]
WARNING  : Net PE_output[19][20] is dangling. [VDB-8009]
WARNING  : Net PE_output[19][19] is dangling. [VDB-8009]
WARNING  : Net PE_output[19][18] is dangling. [VDB-8009]
WARNING  : Net PE_output[19][17] is dangling. [VDB-8009]
WARNING  : Net PE_output[19][16] is dangling. [VDB-8009]
WARNING  : Net PE_output[19][15] is dangling. [VDB-8009]
WARNING  : Net PE_output[19][14] is dangling. [VDB-8009]
WARNING  : Net PE_output[19][13] is dangling. [VDB-8009]
WARNING  : Net PE_output[19][12] is dangling. [VDB-8009]
WARNING  : Net PE_output[19][11] is dangling. [VDB-8009]
WARNING  : Net PE_output[19][10] is dangling. [VDB-8009]
WARNING  : Net PE_output[19][9] is dangling. [VDB-8009]
WARNING  : Net PE_output[19][8] is dangling. [VDB-8009]
WARNING  : Net PE_output[19][7] is dangling. [VDB-8009]
WARNING  : Net PE_output[19][6] is dangling. [VDB-8009]
WARNING  : Net PE_output[19][5] is dangling. [VDB-8009]
WARNING  : Net PE_output[19][4] is dangling. [VDB-8009]
WARNING  : Net PE_output[19][3] is dangling. [VDB-8009]
WARNING  : Net PE_output[19][2] is dangling. [VDB-8009]
WARNING  : Net PE_output[19][1] is dangling. [VDB-8009]
WARNING  : Net PE_output[19][0] is dangling. [VDB-8009]
WARNING  : Net PE_output[20][35] is dangling. [VDB-8009]
WARNING  : Net PE_output[20][34] is dangling. [VDB-8009]
WARNING  : Net PE_output[20][33] is dangling. [VDB-8009]
WARNING  : Net PE_output[20][32] is dangling. [VDB-8009]
WARNING  : Net PE_output[20][31] is dangling. [VDB-8009]
WARNING  : Net PE_output[20][30] is dangling. [VDB-8009]
WARNING  : Net PE_output[20][29] is dangling. [VDB-8009]
WARNING  : Net PE_output[20][28] is dangling. [VDB-8009]
WARNING  : Net PE_output[20][27] is dangling. [VDB-8009]
WARNING  : Net PE_output[20][26] is dangling. [VDB-8009]
WARNING  : Net PE_output[20][25] is dangling. [VDB-8009]
WARNING  : Net PE_output[20][24] is dangling. [VDB-8009]
WARNING  : Net PE_output[20][23] is dangling. [VDB-8009]
WARNING  : Net PE_output[20][22] is dangling. [VDB-8009]
WARNING  : Net PE_output[20][21] is dangling. [VDB-8009]
WARNING  : Net PE_output[20][20] is dangling. [VDB-8009]
WARNING  : Net PE_output[20][19] is dangling. [VDB-8009]
WARNING  : Net PE_output[20][18] is dangling. [VDB-8009]
WARNING  : Net PE_output[20][17] is dangling. [VDB-8009]
WARNING  : Net PE_output[20][16] is dangling. [VDB-8009]
WARNING  : Net PE_output[20][15] is dangling. [VDB-8009]
WARNING  : Net PE_output[20][14] is dangling. [VDB-8009]
WARNING  : Net PE_output[20][13] is dangling. [VDB-8009]
WARNING  : Net PE_output[20][12] is dangling. [VDB-8009]
WARNING  : Net PE_output[20][11] is dangling. [VDB-8009]
WARNING  : Net PE_output[20][10] is dangling. [VDB-8009]
WARNING  : Net PE_output[20][9] is dangling. [VDB-8009]
WARNING  : Net PE_output[20][8] is dangling. [VDB-8009]
WARNING  : Net PE_output[20][7] is dangling. [VDB-8009]
WARNING  : Net PE_output[20][6] is dangling. [VDB-8009]
WARNING  : Net PE_output[20][5] is dangling. [VDB-8009]
WARNING  : Net PE_output[20][4] is dangling. [VDB-8009]
WARNING  : Net PE_output[20][3] is dangling. [VDB-8009]
WARNING  : Net PE_output[20][2] is dangling. [VDB-8009]
WARNING  : Net PE_output[20][1] is dangling. [VDB-8009]
WARNING  : Net PE_output[20][0] is dangling. [VDB-8009]
WARNING  : Net PE_output[21][35] is dangling. [VDB-8009]
WARNING  : Net PE_output[21][34] is dangling. [VDB-8009]
WARNING  : Net PE_output[21][33] is dangling. [VDB-8009]
WARNING  : Net PE_output[21][32] is dangling. [VDB-8009]
WARNING  : Net PE_output[21][31] is dangling. [VDB-8009]
WARNING  : Net PE_output[21][30] is dangling. [VDB-8009]
WARNING  : Net PE_output[21][29] is dangling. [VDB-8009]
WARNING  : Net PE_output[21][28] is dangling. [VDB-8009]
WARNING  : Net PE_output[21][27] is dangling. [VDB-8009]
WARNING  : Net PE_output[21][26] is dangling. [VDB-8009]
WARNING  : Net PE_output[21][25] is dangling. [VDB-8009]
WARNING  : Net PE_output[21][24] is dangling. [VDB-8009]
WARNING  : Net PE_output[21][23] is dangling. [VDB-8009]
WARNING  : Net PE_output[21][22] is dangling. [VDB-8009]
WARNING  : Net PE_output[21][21] is dangling. [VDB-8009]
WARNING  : Net PE_output[21][20] is dangling. [VDB-8009]
WARNING  : Net PE_output[21][19] is dangling. [VDB-8009]
WARNING  : Net PE_output[21][18] is dangling. [VDB-8009]
WARNING  : Net PE_output[21][17] is dangling. [VDB-8009]
WARNING  : Net PE_output[21][16] is dangling. [VDB-8009]
WARNING  : Net PE_output[21][15] is dangling. [VDB-8009]
WARNING  : Net PE_output[21][14] is dangling. [VDB-8009]
WARNING  : Net PE_output[21][13] is dangling. [VDB-8009]
WARNING  : Net PE_output[21][12] is dangling. [VDB-8009]
WARNING  : Net PE_output[21][11] is dangling. [VDB-8009]
WARNING  : Net PE_output[21][10] is dangling. [VDB-8009]
WARNING  : Net PE_output[21][9] is dangling. [VDB-8009]
WARNING  : Net PE_output[21][8] is dangling. [VDB-8009]
WARNING  : Net PE_output[21][7] is dangling. [VDB-8009]
WARNING  : Net PE_output[21][6] is dangling. [VDB-8009]
WARNING  : Net PE_output[21][5] is dangling. [VDB-8009]
WARNING  : Net PE_output[21][4] is dangling. [VDB-8009]
WARNING  : Net PE_output[21][3] is dangling. [VDB-8009]
WARNING  : Net PE_output[21][2] is dangling. [VDB-8009]
WARNING  : Net PE_output[21][1] is dangling. [VDB-8009]
WARNING  : Net PE_output[21][0] is dangling. [VDB-8009]
WARNING  : Net PE_output[22][35] is dangling. [VDB-8009]
WARNING  : Net PE_output[22][34] is dangling. [VDB-8009]
WARNING  : Net PE_output[22][33] is dangling. [VDB-8009]
WARNING  : Net PE_output[22][32] is dangling. [VDB-8009]
WARNING  : Net PE_output[22][31] is dangling. [VDB-8009]
WARNING  : Net PE_output[22][30] is dangling. [VDB-8009]
WARNING  : Net PE_output[22][29] is dangling. [VDB-8009]
WARNING  : Net PE_output[22][28] is dangling. [VDB-8009]
WARNING  : Net PE_output[22][27] is dangling. [VDB-8009]
WARNING  : Net PE_output[22][26] is dangling. [VDB-8009]
WARNING  : Net PE_output[22][25] is dangling. [VDB-8009]
WARNING  : Net PE_output[22][24] is dangling. [VDB-8009]
WARNING  : Net PE_output[22][23] is dangling. [VDB-8009]
WARNING  : Net PE_output[22][22] is dangling. [VDB-8009]
WARNING  : Net PE_output[22][21] is dangling. [VDB-8009]
WARNING  : Net PE_output[22][20] is dangling. [VDB-8009]
WARNING  : Net PE_output[22][19] is dangling. [VDB-8009]
WARNING  : Net PE_output[22][18] is dangling. [VDB-8009]
WARNING  : Net PE_output[22][17] is dangling. [VDB-8009]
WARNING  : Net PE_output[22][16] is dangling. [VDB-8009]
WARNING  : Net PE_output[22][15] is dangling. [VDB-8009]
WARNING  : Net PE_output[22][14] is dangling. [VDB-8009]
WARNING  : Net PE_output[22][13] is dangling. [VDB-8009]
WARNING  : Net PE_output[22][12] is dangling. [VDB-8009]
WARNING  : Net PE_output[22][11] is dangling. [VDB-8009]
WARNING  : Net PE_output[22][10] is dangling. [VDB-8009]
WARNING  : Net PE_output[22][9] is dangling. [VDB-8009]
WARNING  : Net PE_output[22][8] is dangling. [VDB-8009]
WARNING  : Net PE_output[22][7] is dangling. [VDB-8009]
WARNING  : Net PE_output[22][6] is dangling. [VDB-8009]
WARNING  : Net PE_output[22][5] is dangling. [VDB-8009]
WARNING  : Net PE_output[22][4] is dangling. [VDB-8009]
WARNING  : Net PE_output[22][3] is dangling. [VDB-8009]
WARNING  : Net PE_output[22][2] is dangling. [VDB-8009]
WARNING  : Net PE_output[22][1] is dangling. [VDB-8009]
WARNING  : Net PE_output[22][0] is dangling. [VDB-8009]
WARNING  : Net PE_output[23][35] is dangling. [VDB-8009]
WARNING  : Net PE_output[23][34] is dangling. [VDB-8009]
WARNING  : Net PE_output[23][33] is dangling. [VDB-8009]
WARNING  : Net PE_output[23][32] is dangling. [VDB-8009]
WARNING  : Net PE_output[23][31] is dangling. [VDB-8009]
WARNING  : Net PE_output[23][30] is dangling. [VDB-8009]
WARNING  : Net PE_output[23][29] is dangling. [VDB-8009]
WARNING  : Net PE_output[23][28] is dangling. [VDB-8009]
WARNING  : Net PE_output[23][27] is dangling. [VDB-8009]
WARNING  : Net PE_output[23][26] is dangling. [VDB-8009]
WARNING  : Net PE_output[23][25] is dangling. [VDB-8009]
WARNING  : Net PE_output[23][24] is dangling. [VDB-8009]
WARNING  : Net PE_output[23][23] is dangling. [VDB-8009]
WARNING  : Net PE_output[23][22] is dangling. [VDB-8009]
WARNING  : Net PE_output[23][21] is dangling. [VDB-8009]
WARNING  : Net PE_output[23][20] is dangling. [VDB-8009]
WARNING  : Net PE_output[23][19] is dangling. [VDB-8009]
WARNING  : Net PE_output[23][18] is dangling. [VDB-8009]
WARNING  : Net PE_output[23][17] is dangling. [VDB-8009]
WARNING  : Net PE_output[23][16] is dangling. [VDB-8009]
WARNING  : Net PE_output[23][15] is dangling. [VDB-8009]
WARNING  : Net PE_output[23][14] is dangling. [VDB-8009]
WARNING  : Net PE_output[23][13] is dangling. [VDB-8009]
WARNING  : Net PE_output[23][12] is dangling. [VDB-8009]
WARNING  : Net PE_output[23][11] is dangling. [VDB-8009]
WARNING  : Net PE_output[23][10] is dangling. [VDB-8009]
WARNING  : Net PE_output[23][9] is dangling. [VDB-8009]
WARNING  : Net PE_output[23][8] is dangling. [VDB-8009]
WARNING  : Net PE_output[23][7] is dangling. [VDB-8009]
WARNING  : Net PE_output[23][6] is dangling. [VDB-8009]
WARNING  : Net PE_output[23][5] is dangling. [VDB-8009]
WARNING  : Net PE_output[23][4] is dangling. [VDB-8009]
WARNING  : Net PE_output[23][3] is dangling. [VDB-8009]
WARNING  : Net PE_output[23][2] is dangling. [VDB-8009]
WARNING  : Net PE_output[23][1] is dangling. [VDB-8009]
WARNING  : Net PE_output[23][0] is dangling. [VDB-8009]
WARNING  : Net PE_output[24][35] is dangling. [VDB-8009]
WARNING  : Net PE_output[24][34] is dangling. [VDB-8009]
WARNING  : Net PE_output[24][33] is dangling. [VDB-8009]
WARNING  : Net PE_output[24][32] is dangling. [VDB-8009]
WARNING  : Net PE_output[24][31] is dangling. [VDB-8009]
WARNING  : Net PE_output[24][30] is dangling. [VDB-8009]
WARNING  : Net PE_output[24][29] is dangling. [VDB-8009]
WARNING  : Net PE_output[24][28] is dangling. [VDB-8009]
WARNING  : Net PE_output[24][27] is dangling. [VDB-8009]
WARNING  : Net PE_output[24][26] is dangling. [VDB-8009]
WARNING  : Net PE_output[24][25] is dangling. [VDB-8009]
WARNING  : Net PE_output[24][24] is dangling. [VDB-8009]
WARNING  : Net PE_output[24][23] is dangling. [VDB-8009]
WARNING  : Net PE_output[24][22] is dangling. [VDB-8009]
WARNING  : Net PE_output[24][21] is dangling. [VDB-8009]
WARNING  : Net PE_output[24][20] is dangling. [VDB-8009]
WARNING  : Net PE_output[24][19] is dangling. [VDB-8009]
WARNING  : Net PE_output[24][18] is dangling. [VDB-8009]
WARNING  : Net PE_output[24][17] is dangling. [VDB-8009]
WARNING  : Net PE_output[24][16] is dangling. [VDB-8009]
WARNING  : Net PE_output[24][15] is dangling. [VDB-8009]
WARNING  : Net PE_output[24][14] is dangling. [VDB-8009]
WARNING  : Net PE_output[24][13] is dangling. [VDB-8009]
WARNING  : Net PE_output[24][12] is dangling. [VDB-8009]
WARNING  : Net PE_output[24][11] is dangling. [VDB-8009]
WARNING  : Net PE_output[24][10] is dangling. [VDB-8009]
WARNING  : Net PE_output[24][9] is dangling. [VDB-8009]
WARNING  : Net PE_output[24][8] is dangling. [VDB-8009]
WARNING  : Net PE_output[24][7] is dangling. [VDB-8009]
WARNING  : Net PE_output[24][6] is dangling. [VDB-8009]
WARNING  : Net PE_output[24][5] is dangling. [VDB-8009]
WARNING  : Net PE_output[24][4] is dangling. [VDB-8009]
WARNING  : Net PE_output[24][3] is dangling. [VDB-8009]
WARNING  : Net PE_output[24][2] is dangling. [VDB-8009]
WARNING  : Net PE_output[24][1] is dangling. [VDB-8009]
WARNING  : Net PE_output[24][0] is dangling. [VDB-8009]
WARNING  : Net PE_output[25][35] is dangling. [VDB-8009]
WARNING  : Net PE_output[25][34] is dangling. [VDB-8009]
WARNING  : Net PE_output[25][33] is dangling. [VDB-8009]
WARNING  : Net PE_output[25][32] is dangling. [VDB-8009]
WARNING  : Net PE_output[25][31] is dangling. [VDB-8009]
WARNING  : Net PE_output[25][30] is dangling. [VDB-8009]
WARNING  : Net PE_output[25][29] is dangling. [VDB-8009]
WARNING  : Net PE_output[25][28] is dangling. [VDB-8009]
WARNING  : Net PE_output[25][27] is dangling. [VDB-8009]
WARNING  : Net PE_output[25][26] is dangling. [VDB-8009]
WARNING  : Net PE_output[25][25] is dangling. [VDB-8009]
WARNING  : Net PE_output[25][24] is dangling. [VDB-8009]
WARNING  : Net PE_output[25][23] is dangling. [VDB-8009]
WARNING  : Net PE_output[25][22] is dangling. [VDB-8009]
WARNING  : Net PE_output[25][21] is dangling. [VDB-8009]
WARNING  : Net PE_output[25][20] is dangling. [VDB-8009]
WARNING  : Net PE_output[25][19] is dangling. [VDB-8009]
WARNING  : Net PE_output[25][18] is dangling. [VDB-8009]
WARNING  : Net PE_output[25][17] is dangling. [VDB-8009]
WARNING  : Net PE_output[25][16] is dangling. [VDB-8009]
WARNING  : Net PE_output[25][15] is dangling. [VDB-8009]
WARNING  : Net PE_output[25][14] is dangling. [VDB-8009]
WARNING  : Net PE_output[25][13] is dangling. [VDB-8009]
WARNING  : Net PE_output[25][12] is dangling. [VDB-8009]
WARNING  : Net PE_output[25][11] is dangling. [VDB-8009]
WARNING  : Net PE_output[25][10] is dangling. [VDB-8009]
WARNING  : Net PE_output[25][9] is dangling. [VDB-8009]
WARNING  : Net PE_output[25][8] is dangling. [VDB-8009]
WARNING  : Net PE_output[25][7] is dangling. [VDB-8009]
WARNING  : Net PE_output[25][6] is dangling. [VDB-8009]
WARNING  : Net PE_output[25][5] is dangling. [VDB-8009]
WARNING  : Net PE_output[25][4] is dangling. [VDB-8009]
WARNING  : Net PE_output[25][3] is dangling. [VDB-8009]
WARNING  : Net PE_output[25][2] is dangling. [VDB-8009]
WARNING  : Net PE_output[25][1] is dangling. [VDB-8009]
WARNING  : Net PE_output[25][0] is dangling. [VDB-8009]
WARNING  : Net PE_output[26][35] is dangling. [VDB-8009]
WARNING  : Net PE_output[26][34] is dangling. [VDB-8009]
WARNING  : Net PE_output[26][33] is dangling. [VDB-8009]
WARNING  : Net PE_output[26][32] is dangling. [VDB-8009]
WARNING  : Net PE_output[26][31] is dangling. [VDB-8009]
WARNING  : Net PE_output[26][30] is dangling. [VDB-8009]
WARNING  : Net PE_output[26][29] is dangling. [VDB-8009]
WARNING  : Net PE_output[26][28] is dangling. [VDB-8009]
WARNING  : Net PE_output[26][27] is dangling. [VDB-8009]
WARNING  : Net PE_output[26][26] is dangling. [VDB-8009]
WARNING  : Net PE_output[26][25] is dangling. [VDB-8009]
WARNING  : Net PE_output[26][24] is dangling. [VDB-8009]
WARNING  : Net PE_output[26][23] is dangling. [VDB-8009]
WARNING  : Net PE_output[26][22] is dangling. [VDB-8009]
WARNING  : Net PE_output[26][21] is dangling. [VDB-8009]
WARNING  : Net PE_output[26][20] is dangling. [VDB-8009]
WARNING  : Net PE_output[26][19] is dangling. [VDB-8009]
WARNING  : Net PE_output[26][18] is dangling. [VDB-8009]
WARNING  : Net PE_output[26][17] is dangling. [VDB-8009]
WARNING  : Net PE_output[26][16] is dangling. [VDB-8009]
WARNING  : Net PE_output[26][15] is dangling. [VDB-8009]
WARNING  : Net PE_output[26][14] is dangling. [VDB-8009]
WARNING  : Net PE_output[26][13] is dangling. [VDB-8009]
WARNING  : Net PE_output[26][12] is dangling. [VDB-8009]
WARNING  : Net PE_output[26][11] is dangling. [VDB-8009]
WARNING  : Net PE_output[26][10] is dangling. [VDB-8009]
WARNING  : Net PE_output[26][9] is dangling. [VDB-8009]
WARNING  : Net PE_output[26][8] is dangling. [VDB-8009]
WARNING  : Net PE_output[26][7] is dangling. [VDB-8009]
WARNING  : Net PE_output[26][6] is dangling. [VDB-8009]
WARNING  : Net PE_output[26][5] is dangling. [VDB-8009]
WARNING  : Net PE_output[26][4] is dangling. [VDB-8009]
WARNING  : Net PE_output[26][3] is dangling. [VDB-8009]
WARNING  : Net PE_output[26][2] is dangling. [VDB-8009]
WARNING  : Net PE_output[26][1] is dangling. [VDB-8009]
WARNING  : Net PE_output[26][0] is dangling. [VDB-8009]
WARNING  : Net PE_output[27][35] is dangling. [VDB-8009]
WARNING  : Net PE_output[27][34] is dangling. [VDB-8009]
WARNING  : Net PE_output[27][33] is dangling. [VDB-8009]
WARNING  : Net PE_output[27][32] is dangling. [VDB-8009]
WARNING  : Net PE_output[27][31] is dangling. [VDB-8009]
WARNING  : Net PE_output[27][30] is dangling. [VDB-8009]
WARNING  : Net PE_output[27][29] is dangling. [VDB-8009]
WARNING  : Net PE_output[27][28] is dangling. [VDB-8009]
WARNING  : Net PE_output[27][27] is dangling. [VDB-8009]
WARNING  : Net PE_output[27][26] is dangling. [VDB-8009]
WARNING  : Net PE_output[27][25] is dangling. [VDB-8009]
WARNING  : Net PE_output[27][24] is dangling. [VDB-8009]
WARNING  : Net PE_output[27][23] is dangling. [VDB-8009]
WARNING  : Net PE_output[27][22] is dangling. [VDB-8009]
WARNING  : Net PE_output[27][21] is dangling. [VDB-8009]
WARNING  : Net PE_output[27][20] is dangling. [VDB-8009]
WARNING  : Net PE_output[27][19] is dangling. [VDB-8009]
WARNING  : Net PE_output[27][18] is dangling. [VDB-8009]
WARNING  : Net PE_output[27][17] is dangling. [VDB-8009]
WARNING  : Net PE_output[27][16] is dangling. [VDB-8009]
WARNING  : Net PE_output[27][15] is dangling. [VDB-8009]
WARNING  : Net PE_output[27][14] is dangling. [VDB-8009]
WARNING  : Net PE_output[27][13] is dangling. [VDB-8009]
WARNING  : Net PE_output[27][12] is dangling. [VDB-8009]
WARNING  : Net PE_output[27][11] is dangling. [VDB-8009]
WARNING  : Net PE_output[27][10] is dangling. [VDB-8009]
WARNING  : Net PE_output[27][9] is dangling. [VDB-8009]
WARNING  : Net PE_output[27][8] is dangling. [VDB-8009]
WARNING  : Net PE_output[27][7] is dangling. [VDB-8009]
WARNING  : Net PE_output[27][6] is dangling. [VDB-8009]
WARNING  : Net PE_output[27][5] is dangling. [VDB-8009]
WARNING  : Net PE_output[27][4] is dangling. [VDB-8009]
WARNING  : Net PE_output[27][3] is dangling. [VDB-8009]
WARNING  : Net PE_output[27][2] is dangling. [VDB-8009]
WARNING  : Net PE_output[27][1] is dangling. [VDB-8009]
WARNING  : Net PE_output[27][0] is dangling. [VDB-8009]
WARNING  : Net PE_output[28][35] is dangling. [VDB-8009]
WARNING  : Net PE_output[28][34] is dangling. [VDB-8009]
WARNING  : Net PE_output[28][33] is dangling. [VDB-8009]
WARNING  : Net PE_output[28][32] is dangling. [VDB-8009]
WARNING  : Net PE_output[28][31] is dangling. [VDB-8009]
WARNING  : Net PE_output[28][30] is dangling. [VDB-8009]
WARNING  : Net PE_output[28][29] is dangling. [VDB-8009]
WARNING  : Net PE_output[28][28] is dangling. [VDB-8009]
WARNING  : Net PE_output[28][27] is dangling. [VDB-8009]
WARNING  : Net PE_output[28][26] is dangling. [VDB-8009]
WARNING  : Net PE_output[28][25] is dangling. [VDB-8009]
WARNING  : Net PE_output[28][24] is dangling. [VDB-8009]
WARNING  : Net PE_output[28][23] is dangling. [VDB-8009]
WARNING  : Net PE_output[28][22] is dangling. [VDB-8009]
WARNING  : Net PE_output[28][21] is dangling. [VDB-8009]
WARNING  : Net PE_output[28][20] is dangling. [VDB-8009]
WARNING  : Net PE_output[28][19] is dangling. [VDB-8009]
WARNING  : Net PE_output[28][18] is dangling. [VDB-8009]
WARNING  : Net PE_output[28][17] is dangling. [VDB-8009]
WARNING  : Net PE_output[28][16] is dangling. [VDB-8009]
WARNING  : Net PE_output[28][15] is dangling. [VDB-8009]
WARNING  : Net PE_output[28][14] is dangling. [VDB-8009]
WARNING  : Net PE_output[28][13] is dangling. [VDB-8009]
WARNING  : Net PE_output[28][12] is dangling. [VDB-8009]
WARNING  : Net PE_output[28][11] is dangling. [VDB-8009]
WARNING  : Net PE_output[28][10] is dangling. [VDB-8009]
WARNING  : Net PE_output[28][9] is dangling. [VDB-8009]
WARNING  : Net PE_output[28][8] is dangling. [VDB-8009]
WARNING  : Net PE_output[28][7] is dangling. [VDB-8009]
WARNING  : Net PE_output[28][6] is dangling. [VDB-8009]
WARNING  : Net PE_output[28][5] is dangling. [VDB-8009]
WARNING  : Net PE_output[28][4] is dangling. [VDB-8009]
WARNING  : Net PE_output[28][3] is dangling. [VDB-8009]
WARNING  : Net PE_output[28][2] is dangling. [VDB-8009]
WARNING  : Net PE_output[28][1] is dangling. [VDB-8009]
WARNING  : Net PE_output[28][0] is dangling. [VDB-8009]
WARNING  : Net PE_output[29][35] is dangling. [VDB-8009]
WARNING  : Net PE_output[29][34] is dangling. [VDB-8009]
WARNING  : Net PE_output[29][33] is dangling. [VDB-8009]
WARNING  : Net PE_output[29][32] is dangling. [VDB-8009]
WARNING  : Net PE_output[29][31] is dangling. [VDB-8009]
WARNING  : Net PE_output[29][30] is dangling. [VDB-8009]
WARNING  : Net PE_output[29][29] is dangling. [VDB-8009]
WARNING  : Net PE_output[29][28] is dangling. [VDB-8009]
WARNING  : Net PE_output[29][27] is dangling. [VDB-8009]
WARNING  : Net PE_output[29][26] is dangling. [VDB-8009]
WARNING  : Net PE_output[29][25] is dangling. [VDB-8009]
WARNING  : Net PE_output[29][24] is dangling. [VDB-8009]
WARNING  : Net PE_output[29][23] is dangling. [VDB-8009]
WARNING  : Net PE_output[29][22] is dangling. [VDB-8009]
WARNING  : Net PE_output[29][21] is dangling. [VDB-8009]
WARNING  : Net PE_output[29][20] is dangling. [VDB-8009]
WARNING  : Net PE_output[29][19] is dangling. [VDB-8009]
WARNING  : Net PE_output[29][18] is dangling. [VDB-8009]
WARNING  : Net PE_output[29][17] is dangling. [VDB-8009]
WARNING  : Net PE_output[29][16] is dangling. [VDB-8009]
WARNING  : Net PE_output[29][15] is dangling. [VDB-8009]
WARNING  : Net PE_output[29][14] is dangling. [VDB-8009]
WARNING  : Net PE_output[29][13] is dangling. [VDB-8009]
WARNING  : Net PE_output[29][12] is dangling. [VDB-8009]
WARNING  : Net PE_output[29][11] is dangling. [VDB-8009]
WARNING  : Net PE_output[29][10] is dangling. [VDB-8009]
WARNING  : Net PE_output[29][9] is dangling. [VDB-8009]
WARNING  : Net PE_output[29][8] is dangling. [VDB-8009]
WARNING  : Net PE_output[29][7] is dangling. [VDB-8009]
WARNING  : Net PE_output[29][6] is dangling. [VDB-8009]
WARNING  : Net PE_output[29][5] is dangling. [VDB-8009]
WARNING  : Net PE_output[29][4] is dangling. [VDB-8009]
WARNING  : Net PE_output[29][3] is dangling. [VDB-8009]
WARNING  : Net PE_output[29][2] is dangling. [VDB-8009]
WARNING  : Net PE_output[29][1] is dangling. [VDB-8009]
WARNING  : Net PE_output[29][0] is dangling. [VDB-8009]
WARNING  : Net PE_output[30][35] is dangling. [VDB-8009]
WARNING  : Net PE_output[30][34] is dangling. [VDB-8009]
WARNING  : Net PE_output[30][33] is dangling. [VDB-8009]
WARNING  : Net PE_output[30][32] is dangling. [VDB-8009]
WARNING  : Net PE_output[30][31] is dangling. [VDB-8009]
WARNING  : Net PE_output[30][30] is dangling. [VDB-8009]
WARNING  : Net PE_output[30][29] is dangling. [VDB-8009]
WARNING  : Net PE_output[30][28] is dangling. [VDB-8009]
WARNING  : Net PE_output[30][27] is dangling. [VDB-8009]
WARNING  : Net PE_output[30][26] is dangling. [VDB-8009]
WARNING  : Net PE_output[30][25] is dangling. [VDB-8009]
WARNING  : Net PE_output[30][24] is dangling. [VDB-8009]
WARNING  : Net PE_output[30][23] is dangling. [VDB-8009]
WARNING  : Net PE_output[30][22] is dangling. [VDB-8009]
WARNING  : Net PE_output[30][21] is dangling. [VDB-8009]
WARNING  : Net PE_output[30][20] is dangling. [VDB-8009]
WARNING  : Net PE_output[30][19] is dangling. [VDB-8009]
WARNING  : Net PE_output[30][18] is dangling. [VDB-8009]
WARNING  : Net PE_output[30][17] is dangling. [VDB-8009]
WARNING  : Net PE_output[30][16] is dangling. [VDB-8009]
WARNING  : Net PE_output[30][15] is dangling. [VDB-8009]
WARNING  : Net PE_output[30][14] is dangling. [VDB-8009]
WARNING  : Net PE_output[30][13] is dangling. [VDB-8009]
WARNING  : Net PE_output[30][12] is dangling. [VDB-8009]
WARNING  : Net PE_output[30][11] is dangling. [VDB-8009]
WARNING  : Net PE_output[30][10] is dangling. [VDB-8009]
WARNING  : Net PE_output[30][9] is dangling. [VDB-8009]
WARNING  : Net PE_output[30][8] is dangling. [VDB-8009]
WARNING  : Net PE_output[30][7] is dangling. [VDB-8009]
WARNING  : Net PE_output[30][6] is dangling. [VDB-8009]
WARNING  : Net PE_output[30][5] is dangling. [VDB-8009]
WARNING  : Net PE_output[30][4] is dangling. [VDB-8009]
WARNING  : Net PE_output[30][3] is dangling. [VDB-8009]
WARNING  : Net PE_output[30][2] is dangling. [VDB-8009]
WARNING  : Net PE_output[30][1] is dangling. [VDB-8009]
WARNING  : Net PE_output[30][0] is dangling. [VDB-8009]
WARNING  : Net PE_output[31][35] is dangling. [VDB-8009]
WARNING  : Net PE_output[31][34] is dangling. [VDB-8009]
WARNING  : Net PE_output[31][33] is dangling. [VDB-8009]
WARNING  : Net PE_output[31][32] is dangling. [VDB-8009]
WARNING  : Net PE_output[31][31] is dangling. [VDB-8009]
WARNING  : Net PE_output[31][30] is dangling. [VDB-8009]
WARNING  : Net PE_output[31][29] is dangling. [VDB-8009]
WARNING  : Net PE_output[31][28] is dangling. [VDB-8009]
WARNING  : Net PE_output[31][27] is dangling. [VDB-8009]
WARNING  : Net PE_output[31][26] is dangling. [VDB-8009]
WARNING  : Net PE_output[31][25] is dangling. [VDB-8009]
WARNING  : Net PE_output[31][24] is dangling. [VDB-8009]
WARNING  : Net PE_output[31][23] is dangling. [VDB-8009]
WARNING  : Net PE_output[31][22] is dangling. [VDB-8009]
WARNING  : Net PE_output[31][21] is dangling. [VDB-8009]
WARNING  : Net PE_output[31][20] is dangling. [VDB-8009]
WARNING  : Net PE_output[31][19] is dangling. [VDB-8009]
WARNING  : Net PE_output[31][18] is dangling. [VDB-8009]
WARNING  : Net PE_output[31][17] is dangling. [VDB-8009]
WARNING  : Net PE_output[31][16] is dangling. [VDB-8009]
WARNING  : Net PE_output[31][15] is dangling. [VDB-8009]
WARNING  : Net PE_output[31][14] is dangling. [VDB-8009]
WARNING  : Net PE_output[31][13] is dangling. [VDB-8009]
WARNING  : Net PE_output[31][12] is dangling. [VDB-8009]
WARNING  : Net PE_output[31][11] is dangling. [VDB-8009]
WARNING  : Net PE_output[31][10] is dangling. [VDB-8009]
WARNING  : Net PE_output[31][9] is dangling. [VDB-8009]
WARNING  : Net PE_output[31][8] is dangling. [VDB-8009]
WARNING  : Net PE_output[31][7] is dangling. [VDB-8009]
WARNING  : Net PE_output[31][6] is dangling. [VDB-8009]
WARNING  : Net PE_output[31][5] is dangling. [VDB-8009]
WARNING  : Net PE_output[31][4] is dangling. [VDB-8009]
WARNING  : Net PE_output[31][3] is dangling. [VDB-8009]
WARNING  : Net PE_output[31][2] is dangling. [VDB-8009]
WARNING  : Net PE_output[31][1] is dangling. [VDB-8009]
WARNING  : Net PE_output[31][0] is dangling. [VDB-8009]
WARNING  : Net PE_output[32][35] is dangling. [VDB-8009]
WARNING  : Net PE_output[32][34] is dangling. [VDB-8009]
WARNING  : Net PE_output[32][33] is dangling. [VDB-8009]
WARNING  : Net PE_output[32][32] is dangling. [VDB-8009]
WARNING  : Net PE_output[32][31] is dangling. [VDB-8009]
WARNING  : Net PE_output[32][30] is dangling. [VDB-8009]
WARNING  : Net PE_output[32][29] is dangling. [VDB-8009]
WARNING  : Net PE_output[32][28] is dangling. [VDB-8009]
WARNING  : Net PE_output[32][27] is dangling. [VDB-8009]
WARNING  : Net PE_output[32][26] is dangling. [VDB-8009]
WARNING  : Net PE_output[32][25] is dangling. [VDB-8009]
WARNING  : Net PE_output[32][24] is dangling. [VDB-8009]
WARNING  : Net PE_output[32][23] is dangling. [VDB-8009]
WARNING  : Net PE_output[32][22] is dangling. [VDB-8009]
WARNING  : Net PE_output[32][21] is dangling. [VDB-8009]
WARNING  : Net PE_output[32][20] is dangling. [VDB-8009]
WARNING  : Net PE_output[32][19] is dangling. [VDB-8009]
WARNING  : Net PE_output[32][18] is dangling. [VDB-8009]
WARNING  : Net PE_output[32][17] is dangling. [VDB-8009]
WARNING  : Net PE_output[32][16] is dangling. [VDB-8009]
WARNING  : Net PE_output[32][15] is dangling. [VDB-8009]
WARNING  : Net PE_output[32][14] is dangling. [VDB-8009]
WARNING  : Net PE_output[32][13] is dangling. [VDB-8009]
WARNING  : Net PE_output[32][12] is dangling. [VDB-8009]
WARNING  : Net PE_output[32][11] is dangling. [VDB-8009]
WARNING  : Net PE_output[32][10] is dangling. [VDB-8009]
WARNING  : Net PE_output[32][9] is dangling. [VDB-8009]
WARNING  : Net PE_output[32][8] is dangling. [VDB-8009]
WARNING  : Net PE_output[32][7] is dangling. [VDB-8009]
WARNING  : Net PE_output[32][6] is dangling. [VDB-8009]
WARNING  : Net PE_output[32][5] is dangling. [VDB-8009]
WARNING  : Net PE_output[32][4] is dangling. [VDB-8009]
WARNING  : Net PE_output[32][3] is dangling. [VDB-8009]
WARNING  : Net PE_output[32][2] is dangling. [VDB-8009]
WARNING  : Net PE_output[32][1] is dangling. [VDB-8009]
WARNING  : Net PE_output[32][0] is dangling. [VDB-8009]
WARNING  : Net PE_output[33][35] is dangling. [VDB-8009]
WARNING  : Net PE_output[33][34] is dangling. [VDB-8009]
WARNING  : Net PE_output[33][33] is dangling. [VDB-8009]
WARNING  : Net PE_output[33][32] is dangling. [VDB-8009]
WARNING  : Net PE_output[33][31] is dangling. [VDB-8009]
WARNING  : Net PE_output[33][30] is dangling. [VDB-8009]
WARNING  : Net PE_output[33][29] is dangling. [VDB-8009]
WARNING  : Net PE_output[33][28] is dangling. [VDB-8009]
WARNING  : Net PE_output[33][27] is dangling. [VDB-8009]
WARNING  : Net PE_output[33][26] is dangling. [VDB-8009]
WARNING  : Net PE_output[33][25] is dangling. [VDB-8009]
WARNING  : Net PE_output[33][24] is dangling. [VDB-8009]
WARNING  : Net PE_output[33][23] is dangling. [VDB-8009]
WARNING  : Net PE_output[33][22] is dangling. [VDB-8009]
WARNING  : Net PE_output[33][21] is dangling. [VDB-8009]
WARNING  : Net PE_output[33][20] is dangling. [VDB-8009]
WARNING  : Net PE_output[33][19] is dangling. [VDB-8009]
WARNING  : Net PE_output[33][18] is dangling. [VDB-8009]
WARNING  : Net PE_output[33][17] is dangling. [VDB-8009]
WARNING  : Net PE_output[33][16] is dangling. [VDB-8009]
WARNING  : Net PE_output[33][15] is dangling. [VDB-8009]
WARNING  : Net PE_output[33][14] is dangling. [VDB-8009]
WARNING  : Net PE_output[33][13] is dangling. [VDB-8009]
WARNING  : Net PE_output[33][12] is dangling. [VDB-8009]
WARNING  : Net PE_output[33][11] is dangling. [VDB-8009]
WARNING  : Net PE_output[33][10] is dangling. [VDB-8009]
WARNING  : Net PE_output[33][9] is dangling. [VDB-8009]
WARNING  : Net PE_output[33][8] is dangling. [VDB-8009]
WARNING  : Net PE_output[33][7] is dangling. [VDB-8009]
WARNING  : Net PE_output[33][6] is dangling. [VDB-8009]
WARNING  : Net PE_output[33][5] is dangling. [VDB-8009]
WARNING  : Net PE_output[33][4] is dangling. [VDB-8009]
WARNING  : Net PE_output[33][3] is dangling. [VDB-8009]
WARNING  : Net PE_output[33][2] is dangling. [VDB-8009]
WARNING  : Net PE_output[33][1] is dangling. [VDB-8009]
WARNING  : Net PE_output[33][0] is dangling. [VDB-8009]
WARNING  : Net PE_output[34][35] is dangling. [VDB-8009]
WARNING  : Net PE_output[34][34] is dangling. [VDB-8009]
WARNING  : Net PE_output[34][33] is dangling. [VDB-8009]
WARNING  : Net PE_output[34][32] is dangling. [VDB-8009]
WARNING  : Net PE_output[34][31] is dangling. [VDB-8009]
WARNING  : Net PE_output[34][30] is dangling. [VDB-8009]
WARNING  : Net PE_output[34][29] is dangling. [VDB-8009]
WARNING  : Net PE_output[34][28] is dangling. [VDB-8009]
WARNING  : Net PE_output[34][27] is dangling. [VDB-8009]
WARNING  : Net PE_output[34][26] is dangling. [VDB-8009]
WARNING  : Net PE_output[34][25] is dangling. [VDB-8009]
WARNING  : Net PE_output[34][24] is dangling. [VDB-8009]
WARNING  : Net PE_output[34][23] is dangling. [VDB-8009]
WARNING  : Net PE_output[34][22] is dangling. [VDB-8009]
WARNING  : Net PE_output[34][21] is dangling. [VDB-8009]
WARNING  : Net PE_output[34][20] is dangling. [VDB-8009]
WARNING  : Net PE_output[34][19] is dangling. [VDB-8009]
WARNING  : Net PE_output[34][18] is dangling. [VDB-8009]
WARNING  : Net PE_output[34][17] is dangling. [VDB-8009]
WARNING  : Net PE_output[34][16] is dangling. [VDB-8009]
WARNING  : Net PE_output[34][15] is dangling. [VDB-8009]
WARNING  : Net PE_output[34][14] is dangling. [VDB-8009]
WARNING  : Net PE_output[34][13] is dangling. [VDB-8009]
WARNING  : Net PE_output[34][12] is dangling. [VDB-8009]
WARNING  : Net PE_output[34][11] is dangling. [VDB-8009]
WARNING  : Net PE_output[34][10] is dangling. [VDB-8009]
WARNING  : Net PE_output[34][9] is dangling. [VDB-8009]
WARNING  : Net PE_output[34][8] is dangling. [VDB-8009]
WARNING  : Net PE_output[34][7] is dangling. [VDB-8009]
WARNING  : Net PE_output[34][6] is dangling. [VDB-8009]
WARNING  : Net PE_output[34][5] is dangling. [VDB-8009]
WARNING  : Net PE_output[34][4] is dangling. [VDB-8009]
WARNING  : Net PE_output[34][3] is dangling. [VDB-8009]
WARNING  : Net PE_output[34][2] is dangling. [VDB-8009]
WARNING  : Net PE_output[34][1] is dangling. [VDB-8009]
WARNING  : Net PE_output[34][0] is dangling. [VDB-8009]
WARNING  : Net PE_output[35][35] is dangling. [VDB-8009]
WARNING  : Net PE_output[35][34] is dangling. [VDB-8009]
WARNING  : Net PE_output[35][33] is dangling. [VDB-8009]
WARNING  : Net PE_output[35][32] is dangling. [VDB-8009]
WARNING  : Net PE_output[35][31] is dangling. [VDB-8009]
WARNING  : Net PE_output[35][30] is dangling. [VDB-8009]
WARNING  : Net PE_output[35][29] is dangling. [VDB-8009]
WARNING  : Net PE_output[35][28] is dangling. [VDB-8009]
WARNING  : Net PE_output[35][27] is dangling. [VDB-8009]
WARNING  : Net PE_output[35][26] is dangling. [VDB-8009]
WARNING  : Net PE_output[35][25] is dangling. [VDB-8009]
WARNING  : Net PE_output[35][24] is dangling. [VDB-8009]
WARNING  : Net PE_output[35][23] is dangling. [VDB-8009]
WARNING  : Net PE_output[35][22] is dangling. [VDB-8009]
WARNING  : Net PE_output[35][21] is dangling. [VDB-8009]
WARNING  : Net PE_output[35][20] is dangling. [VDB-8009]
WARNING  : Net PE_output[35][19] is dangling. [VDB-8009]
WARNING  : Net PE_output[35][18] is dangling. [VDB-8009]
WARNING  : Net PE_output[35][17] is dangling. [VDB-8009]
WARNING  : Net PE_output[35][16] is dangling. [VDB-8009]
WARNING  : Net PE_output[35][15] is dangling. [VDB-8009]
WARNING  : Net PE_output[35][14] is dangling. [VDB-8009]
WARNING  : Net PE_output[35][13] is dangling. [VDB-8009]
WARNING  : Net PE_output[35][12] is dangling. [VDB-8009]
WARNING  : Net PE_output[35][11] is dangling. [VDB-8009]
WARNING  : Net PE_output[35][10] is dangling. [VDB-8009]
WARNING  : Net PE_output[35][9] is dangling. [VDB-8009]
WARNING  : Net PE_output[35][8] is dangling. [VDB-8009]
WARNING  : Net PE_output[35][7] is dangling. [VDB-8009]
WARNING  : Net PE_output[35][6] is dangling. [VDB-8009]
WARNING  : Net PE_output[35][5] is dangling. [VDB-8009]
WARNING  : Net PE_output[35][4] is dangling. [VDB-8009]
WARNING  : Net PE_output[35][3] is dangling. [VDB-8009]
WARNING  : Net PE_output[35][2] is dangling. [VDB-8009]
WARNING  : Net PE_output[35][1] is dangling. [VDB-8009]
WARNING  : Net PE_output[35][0] is dangling. [VDB-8009]
WARNING  : Net PE_output[36][35] is dangling. [VDB-8009]
WARNING  : Net PE_output[36][34] is dangling. [VDB-8009]
WARNING  : Net PE_output[36][33] is dangling. [VDB-8009]
WARNING  : Net PE_output[36][32] is dangling. [VDB-8009]
WARNING  : Net PE_output[36][31] is dangling. [VDB-8009]
WARNING  : Net PE_output[36][30] is dangling. [VDB-8009]
WARNING  : Net PE_output[36][29] is dangling. [VDB-8009]
WARNING  : Net PE_output[36][28] is dangling. [VDB-8009]
WARNING  : Net PE_output[36][27] is dangling. [VDB-8009]
WARNING  : Net PE_output[36][26] is dangling. [VDB-8009]
WARNING  : Net PE_output[36][25] is dangling. [VDB-8009]
WARNING  : Net PE_output[36][24] is dangling. [VDB-8009]
WARNING  : Net PE_output[36][23] is dangling. [VDB-8009]
WARNING  : Net PE_output[36][22] is dangling. [VDB-8009]
WARNING  : Net PE_output[36][21] is dangling. [VDB-8009]
WARNING  : Net PE_output[36][20] is dangling. [VDB-8009]
WARNING  : Net PE_output[36][19] is dangling. [VDB-8009]
WARNING  : Net PE_output[36][18] is dangling. [VDB-8009]
WARNING  : Net PE_output[36][17] is dangling. [VDB-8009]
WARNING  : Net PE_output[36][16] is dangling. [VDB-8009]
WARNING  : Net PE_output[36][15] is dangling. [VDB-8009]
WARNING  : Net PE_output[36][14] is dangling. [VDB-8009]
WARNING  : Net PE_output[36][13] is dangling. [VDB-8009]
WARNING  : Net PE_output[36][12] is dangling. [VDB-8009]
WARNING  : Net PE_output[36][11] is dangling. [VDB-8009]
WARNING  : Net PE_output[36][10] is dangling. [VDB-8009]
WARNING  : Net PE_output[36][9] is dangling. [VDB-8009]
WARNING  : Net PE_output[36][8] is dangling. [VDB-8009]
WARNING  : Net PE_output[36][7] is dangling. [VDB-8009]
WARNING  : Net PE_output[36][6] is dangling. [VDB-8009]
WARNING  : Net PE_output[36][5] is dangling. [VDB-8009]
WARNING  : Net PE_output[36][4] is dangling. [VDB-8009]
WARNING  : Net PE_output[36][3] is dangling. [VDB-8009]
WARNING  : Net PE_output[36][2] is dangling. [VDB-8009]
WARNING  : Net PE_output[36][1] is dangling. [VDB-8009]
WARNING  : Net PE_output[36][0] is dangling. [VDB-8009]
WARNING  : Net PE_output[37][35] is dangling. [VDB-8009]
WARNING  : Net PE_output[37][34] is dangling. [VDB-8009]
WARNING  : Net PE_output[37][33] is dangling. [VDB-8009]
WARNING  : Net PE_output[37][32] is dangling. [VDB-8009]
WARNING  : Net PE_output[37][31] is dangling. [VDB-8009]
WARNING  : Net PE_output[37][30] is dangling. [VDB-8009]
WARNING  : Net PE_output[37][29] is dangling. [VDB-8009]
WARNING  : Net PE_output[37][28] is dangling. [VDB-8009]
WARNING  : Net PE_output[37][27] is dangling. [VDB-8009]
WARNING  : Net PE_output[37][26] is dangling. [VDB-8009]
WARNING  : Net PE_output[37][25] is dangling. [VDB-8009]
WARNING  : Net PE_output[37][24] is dangling. [VDB-8009]
WARNING  : Net PE_output[37][23] is dangling. [VDB-8009]
WARNING  : Net PE_output[37][22] is dangling. [VDB-8009]
WARNING  : Net PE_output[37][21] is dangling. [VDB-8009]
WARNING  : Net PE_output[37][20] is dangling. [VDB-8009]
WARNING  : Net PE_output[37][19] is dangling. [VDB-8009]
WARNING  : Net PE_output[37][18] is dangling. [VDB-8009]
WARNING  : Net PE_output[37][17] is dangling. [VDB-8009]
WARNING  : Net PE_output[37][16] is dangling. [VDB-8009]
WARNING  : Net PE_output[37][15] is dangling. [VDB-8009]
WARNING  : Net PE_output[37][14] is dangling. [VDB-8009]
WARNING  : Net PE_output[37][13] is dangling. [VDB-8009]
WARNING  : Net PE_output[37][12] is dangling. [VDB-8009]
WARNING  : Net PE_output[37][11] is dangling. [VDB-8009]
WARNING  : Net PE_output[37][10] is dangling. [VDB-8009]
WARNING  : Net PE_output[37][9] is dangling. [VDB-8009]
WARNING  : Net PE_output[37][8] is dangling. [VDB-8009]
WARNING  : Net PE_output[37][7] is dangling. [VDB-8009]
WARNING  : Net PE_output[37][6] is dangling. [VDB-8009]
WARNING  : Net PE_output[37][5] is dangling. [VDB-8009]
WARNING  : Net PE_output[37][4] is dangling. [VDB-8009]
WARNING  : Net PE_output[37][3] is dangling. [VDB-8009]
WARNING  : Net PE_output[37][2] is dangling. [VDB-8009]
WARNING  : Net PE_output[37][1] is dangling. [VDB-8009]
WARNING  : Net PE_output[37][0] is dangling. [VDB-8009]
WARNING  : Net PE_output[38][35] is dangling. [VDB-8009]
WARNING  : Net PE_output[38][34] is dangling. [VDB-8009]
WARNING  : Net PE_output[38][33] is dangling. [VDB-8009]
WARNING  : Net PE_output[38][32] is dangling. [VDB-8009]
WARNING  : Net PE_output[38][31] is dangling. [VDB-8009]
WARNING  : Net PE_output[38][30] is dangling. [VDB-8009]
WARNING  : Net PE_output[38][29] is dangling. [VDB-8009]
WARNING  : Net PE_output[38][28] is dangling. [VDB-8009]
WARNING  : Net PE_output[38][27] is dangling. [VDB-8009]
WARNING  : Net PE_output[38][26] is dangling. [VDB-8009]
WARNING  : Net PE_output[38][25] is dangling. [VDB-8009]
WARNING  : Net PE_output[38][24] is dangling. [VDB-8009]
WARNING  : Net PE_output[38][23] is dangling. [VDB-8009]
WARNING  : Net PE_output[38][22] is dangling. [VDB-8009]
WARNING  : Net PE_output[38][21] is dangling. [VDB-8009]
WARNING  : Net PE_output[38][20] is dangling. [VDB-8009]
WARNING  : Net PE_output[38][19] is dangling. [VDB-8009]
WARNING  : Net PE_output[38][18] is dangling. [VDB-8009]
WARNING  : Net PE_output[38][17] is dangling. [VDB-8009]
WARNING  : Net PE_output[38][16] is dangling. [VDB-8009]
WARNING  : Net PE_output[38][15] is dangling. [VDB-8009]
WARNING  : Net PE_output[38][14] is dangling. [VDB-8009]
WARNING  : Net PE_output[38][13] is dangling. [VDB-8009]
WARNING  : Net PE_output[38][12] is dangling. [VDB-8009]
WARNING  : Net PE_output[38][11] is dangling. [VDB-8009]
WARNING  : Net PE_output[38][10] is dangling. [VDB-8009]
WARNING  : Net PE_output[38][9] is dangling. [VDB-8009]
WARNING  : Net PE_output[38][8] is dangling. [VDB-8009]
WARNING  : Net PE_output[38][7] is dangling. [VDB-8009]
WARNING  : Net PE_output[38][6] is dangling. [VDB-8009]
WARNING  : Net PE_output[38][5] is dangling. [VDB-8009]
WARNING  : Net PE_output[38][4] is dangling. [VDB-8009]
WARNING  : Net PE_output[38][3] is dangling. [VDB-8009]
WARNING  : Net PE_output[38][2] is dangling. [VDB-8009]
WARNING  : Net PE_output[38][1] is dangling. [VDB-8009]
WARNING  : Net PE_output[38][0] is dangling. [VDB-8009]
WARNING  : Net PE_output[39][35] is dangling. [VDB-8009]
WARNING  : Net PE_output[39][34] is dangling. [VDB-8009]
WARNING  : Net PE_output[39][33] is dangling. [VDB-8009]
WARNING  : Net PE_output[39][32] is dangling. [VDB-8009]
WARNING  : Net PE_output[39][31] is dangling. [VDB-8009]
WARNING  : Net PE_output[39][30] is dangling. [VDB-8009]
WARNING  : Net PE_output[39][29] is dangling. [VDB-8009]
WARNING  : Net PE_output[39][28] is dangling. [VDB-8009]
WARNING  : Net PE_output[39][27] is dangling. [VDB-8009]
WARNING  : Net PE_output[39][26] is dangling. [VDB-8009]
WARNING  : Net PE_output[39][25] is dangling. [VDB-8009]
WARNING  : Net PE_output[39][24] is dangling. [VDB-8009]
WARNING  : Net PE_output[39][23] is dangling. [VDB-8009]
WARNING  : Net PE_output[39][22] is dangling. [VDB-8009]
WARNING  : Net PE_output[39][21] is dangling. [VDB-8009]
WARNING  : Net PE_output[39][20] is dangling. [VDB-8009]
WARNING  : Net PE_output[39][19] is dangling. [VDB-8009]
WARNING  : Net PE_output[39][18] is dangling. [VDB-8009]
WARNING  : Net PE_output[39][17] is dangling. [VDB-8009]
WARNING  : Net PE_output[39][16] is dangling. [VDB-8009]
WARNING  : Net PE_output[39][15] is dangling. [VDB-8009]
WARNING  : Net PE_output[39][14] is dangling. [VDB-8009]
WARNING  : Net PE_output[39][13] is dangling. [VDB-8009]
WARNING  : Net PE_output[39][12] is dangling. [VDB-8009]
WARNING  : Net PE_output[39][11] is dangling. [VDB-8009]
WARNING  : Net PE_output[39][10] is dangling. [VDB-8009]
WARNING  : Net PE_output[39][9] is dangling. [VDB-8009]
WARNING  : Net PE_output[39][8] is dangling. [VDB-8009]
WARNING  : Net PE_output[39][7] is dangling. [VDB-8009]
WARNING  : Net PE_output[39][6] is dangling. [VDB-8009]
WARNING  : Net PE_output[39][5] is dangling. [VDB-8009]
WARNING  : Net PE_output[39][4] is dangling. [VDB-8009]
WARNING  : Net PE_output[39][3] is dangling. [VDB-8009]
WARNING  : Net PE_output[39][2] is dangling. [VDB-8009]
WARNING  : Net PE_output[39][1] is dangling. [VDB-8009]
WARNING  : Net PE_output[39][0] is dangling. [VDB-8009]
WARNING  : Net PE_output[40][35] is dangling. [VDB-8009]
WARNING  : Net PE_output[40][34] is dangling. [VDB-8009]
WARNING  : Net PE_output[40][33] is dangling. [VDB-8009]
WARNING  : Net PE_output[40][32] is dangling. [VDB-8009]
WARNING  : Net PE_output[40][31] is dangling. [VDB-8009]
WARNING  : Net PE_output[40][30] is dangling. [VDB-8009]
WARNING  : Net PE_output[40][29] is dangling. [VDB-8009]
WARNING  : Net PE_output[40][28] is dangling. [VDB-8009]
WARNING  : Net PE_output[40][27] is dangling. [VDB-8009]
WARNING  : Net PE_output[40][26] is dangling. [VDB-8009]
WARNING  : Net PE_output[40][25] is dangling. [VDB-8009]
WARNING  : Net PE_output[40][24] is dangling. [VDB-8009]
WARNING  : Net PE_output[40][23] is dangling. [VDB-8009]
WARNING  : Net PE_output[40][22] is dangling. [VDB-8009]
WARNING  : Net PE_output[40][21] is dangling. [VDB-8009]
WARNING  : Net PE_output[40][20] is dangling. [VDB-8009]
WARNING  : Net PE_output[40][19] is dangling. [VDB-8009]
WARNING  : Net PE_output[40][18] is dangling. [VDB-8009]
WARNING  : Net PE_output[40][17] is dangling. [VDB-8009]
WARNING  : Net PE_output[40][16] is dangling. [VDB-8009]
WARNING  : Net PE_output[40][15] is dangling. [VDB-8009]
WARNING  : Net PE_output[40][14] is dangling. [VDB-8009]
WARNING  : Net PE_output[40][13] is dangling. [VDB-8009]
WARNING  : Net PE_output[40][12] is dangling. [VDB-8009]
WARNING  : Net PE_output[40][11] is dangling. [VDB-8009]
WARNING  : Net PE_output[40][10] is dangling. [VDB-8009]
WARNING  : Net PE_output[40][9] is dangling. [VDB-8009]
WARNING  : Net PE_output[40][8] is dangling. [VDB-8009]
WARNING  : Net PE_output[40][7] is dangling. [VDB-8009]
WARNING  : Net PE_output[40][6] is dangling. [VDB-8009]
WARNING  : Net PE_output[40][5] is dangling. [VDB-8009]
WARNING  : Net PE_output[40][4] is dangling. [VDB-8009]
WARNING  : Net PE_output[40][3] is dangling. [VDB-8009]
WARNING  : Net PE_output[40][2] is dangling. [VDB-8009]
WARNING  : Net PE_output[40][1] is dangling. [VDB-8009]
WARNING  : Net PE_output[40][0] is dangling. [VDB-8009]
WARNING  : Net PE_output[41][35] is dangling. [VDB-8009]
WARNING  : Net PE_output[41][34] is dangling. [VDB-8009]
WARNING  : Net PE_output[41][33] is dangling. [VDB-8009]
WARNING  : Net PE_output[41][32] is dangling. [VDB-8009]
WARNING  : Net PE_output[41][31] is dangling. [VDB-8009]
WARNING  : Net PE_output[41][30] is dangling. [VDB-8009]
WARNING  : Net PE_output[41][29] is dangling. [VDB-8009]
WARNING  : Net PE_output[41][28] is dangling. [VDB-8009]
WARNING  : Net PE_output[41][27] is dangling. [VDB-8009]
WARNING  : Net PE_output[41][26] is dangling. [VDB-8009]
WARNING  : Net PE_output[41][25] is dangling. [VDB-8009]
WARNING  : Net PE_output[41][24] is dangling. [VDB-8009]
WARNING  : Net PE_output[41][23] is dangling. [VDB-8009]
WARNING  : Net PE_output[41][22] is dangling. [VDB-8009]
WARNING  : Net PE_output[41][21] is dangling. [VDB-8009]
WARNING  : Net PE_output[41][20] is dangling. [VDB-8009]
WARNING  : Net PE_output[41][19] is dangling. [VDB-8009]
WARNING  : Net PE_output[41][18] is dangling. [VDB-8009]
WARNING  : Net PE_output[41][17] is dangling. [VDB-8009]
WARNING  : Net PE_output[41][16] is dangling. [VDB-8009]
WARNING  : Net PE_output[41][15] is dangling. [VDB-8009]
WARNING  : Net PE_output[41][14] is dangling. [VDB-8009]
WARNING  : Net PE_output[41][13] is dangling. [VDB-8009]
WARNING  : Net PE_output[41][12] is dangling. [VDB-8009]
WARNING  : Net PE_output[41][11] is dangling. [VDB-8009]
WARNING  : Net PE_output[41][10] is dangling. [VDB-8009]
WARNING  : Net PE_output[41][9] is dangling. [VDB-8009]
WARNING  : Net PE_output[41][8] is dangling. [VDB-8009]
WARNING  : Net PE_output[41][7] is dangling. [VDB-8009]
WARNING  : Net PE_output[41][6] is dangling. [VDB-8009]
WARNING  : Net PE_output[41][5] is dangling. [VDB-8009]
WARNING  : Net PE_output[41][4] is dangling. [VDB-8009]
WARNING  : Net PE_output[41][3] is dangling. [VDB-8009]
WARNING  : Net PE_output[41][2] is dangling. [VDB-8009]
WARNING  : Net PE_output[41][1] is dangling. [VDB-8009]
WARNING  : Net PE_output[41][0] is dangling. [VDB-8009]
WARNING  : Net PE_output[42][35] is dangling. [VDB-8009]
WARNING  : Net PE_output[42][34] is dangling. [VDB-8009]
WARNING  : Net PE_output[42][33] is dangling. [VDB-8009]
WARNING  : Net PE_output[42][32] is dangling. [VDB-8009]
WARNING  : Net PE_output[42][31] is dangling. [VDB-8009]
WARNING  : Net PE_output[42][30] is dangling. [VDB-8009]
WARNING  : Net PE_output[42][29] is dangling. [VDB-8009]
WARNING  : Net PE_output[42][28] is dangling. [VDB-8009]
WARNING  : Net PE_output[42][27] is dangling. [VDB-8009]
WARNING  : Net PE_output[42][26] is dangling. [VDB-8009]
WARNING  : Net PE_output[42][25] is dangling. [VDB-8009]
WARNING  : Net PE_output[42][24] is dangling. [VDB-8009]
WARNING  : Net PE_output[42][23] is dangling. [VDB-8009]
WARNING  : Net PE_output[42][22] is dangling. [VDB-8009]
WARNING  : Net PE_output[42][21] is dangling. [VDB-8009]
WARNING  : Net PE_output[42][20] is dangling. [VDB-8009]
WARNING  : Net PE_output[42][19] is dangling. [VDB-8009]
WARNING  : Net PE_output[42][18] is dangling. [VDB-8009]
WARNING  : Net PE_output[42][17] is dangling. [VDB-8009]
WARNING  : Net PE_output[42][16] is dangling. [VDB-8009]
WARNING  : Net PE_output[42][15] is dangling. [VDB-8009]
WARNING  : Net PE_output[42][14] is dangling. [VDB-8009]
WARNING  : Net PE_output[42][13] is dangling. [VDB-8009]
WARNING  : Net PE_output[42][12] is dangling. [VDB-8009]
WARNING  : Net PE_output[42][11] is dangling. [VDB-8009]
WARNING  : Net PE_output[42][10] is dangling. [VDB-8009]
WARNING  : Net PE_output[42][9] is dangling. [VDB-8009]
WARNING  : Net PE_output[42][8] is dangling. [VDB-8009]
WARNING  : Net PE_output[42][7] is dangling. [VDB-8009]
WARNING  : Net PE_output[42][6] is dangling. [VDB-8009]
WARNING  : Net PE_output[42][5] is dangling. [VDB-8009]
WARNING  : Net PE_output[42][4] is dangling. [VDB-8009]
WARNING  : Net PE_output[42][3] is dangling. [VDB-8009]
WARNING  : Net PE_output[42][2] is dangling. [VDB-8009]
WARNING  : Net PE_output[42][1] is dangling. [VDB-8009]
WARNING  : Net PE_output[42][0] is dangling. [VDB-8009]
WARNING  : Net PE_output[43][35] is dangling. [VDB-8009]
WARNING  : Net PE_output[43][34] is dangling. [VDB-8009]
WARNING  : Net PE_output[43][33] is dangling. [VDB-8009]
WARNING  : Net PE_output[43][32] is dangling. [VDB-8009]
WARNING  : Net PE_output[43][31] is dangling. [VDB-8009]
WARNING  : Net PE_output[43][30] is dangling. [VDB-8009]
WARNING  : Net PE_output[43][29] is dangling. [VDB-8009]
WARNING  : Net PE_output[43][28] is dangling. [VDB-8009]
WARNING  : Net PE_output[43][27] is dangling. [VDB-8009]
WARNING  : Net PE_output[43][26] is dangling. [VDB-8009]
WARNING  : Net PE_output[43][25] is dangling. [VDB-8009]
WARNING  : Net PE_output[43][24] is dangling. [VDB-8009]
WARNING  : Net PE_output[43][23] is dangling. [VDB-8009]
WARNING  : Net PE_output[43][22] is dangling. [VDB-8009]
WARNING  : Net PE_output[43][21] is dangling. [VDB-8009]
WARNING  : Net PE_output[43][20] is dangling. [VDB-8009]
WARNING  : Net PE_output[43][19] is dangling. [VDB-8009]
WARNING  : Net PE_output[43][18] is dangling. [VDB-8009]
WARNING  : Net PE_output[43][17] is dangling. [VDB-8009]
WARNING  : Net PE_output[43][16] is dangling. [VDB-8009]
WARNING  : Net PE_output[43][15] is dangling. [VDB-8009]
WARNING  : Net PE_output[43][14] is dangling. [VDB-8009]
WARNING  : Net PE_output[43][13] is dangling. [VDB-8009]
WARNING  : Net PE_output[43][12] is dangling. [VDB-8009]
WARNING  : Net PE_output[43][11] is dangling. [VDB-8009]
WARNING  : Net PE_output[43][10] is dangling. [VDB-8009]
WARNING  : Net PE_output[43][9] is dangling. [VDB-8009]
WARNING  : Net PE_output[43][8] is dangling. [VDB-8009]
WARNING  : Net PE_output[43][7] is dangling. [VDB-8009]
WARNING  : Net PE_output[43][6] is dangling. [VDB-8009]
WARNING  : Net PE_output[43][5] is dangling. [VDB-8009]
WARNING  : Net PE_output[43][4] is dangling. [VDB-8009]
WARNING  : Net PE_output[43][3] is dangling. [VDB-8009]
WARNING  : Net PE_output[43][2] is dangling. [VDB-8009]
WARNING  : Net PE_output[43][1] is dangling. [VDB-8009]
WARNING  : Net PE_output[43][0] is dangling. [VDB-8009]
WARNING  : Net PE_output[44][35] is dangling. [VDB-8009]
WARNING  : Net PE_output[44][34] is dangling. [VDB-8009]
WARNING  : Net PE_output[44][33] is dangling. [VDB-8009]
WARNING  : Net PE_output[44][32] is dangling. [VDB-8009]
WARNING  : Net PE_output[44][31] is dangling. [VDB-8009]
WARNING  : Net PE_output[44][30] is dangling. [VDB-8009]
WARNING  : Net PE_output[44][29] is dangling. [VDB-8009]
WARNING  : Net PE_output[44][28] is dangling. [VDB-8009]
WARNING  : Net PE_output[44][27] is dangling. [VDB-8009]
WARNING  : Net PE_output[44][26] is dangling. [VDB-8009]
WARNING  : Net PE_output[44][25] is dangling. [VDB-8009]
WARNING  : Net PE_output[44][24] is dangling. [VDB-8009]
WARNING  : Net PE_output[44][23] is dangling. [VDB-8009]
WARNING  : Net PE_output[44][22] is dangling. [VDB-8009]
WARNING  : Net PE_output[44][21] is dangling. [VDB-8009]
WARNING  : Net PE_output[44][20] is dangling. [VDB-8009]
WARNING  : Net PE_output[44][19] is dangling. [VDB-8009]
WARNING  : Net PE_output[44][18] is dangling. [VDB-8009]
WARNING  : Net PE_output[44][17] is dangling. [VDB-8009]
WARNING  : Net PE_output[44][16] is dangling. [VDB-8009]
WARNING  : Net PE_output[44][15] is dangling. [VDB-8009]
WARNING  : Net PE_output[44][14] is dangling. [VDB-8009]
WARNING  : Net PE_output[44][13] is dangling. [VDB-8009]
WARNING  : Net PE_output[44][12] is dangling. [VDB-8009]
WARNING  : Net PE_output[44][11] is dangling. [VDB-8009]
WARNING  : Net PE_output[44][10] is dangling. [VDB-8009]
WARNING  : Net PE_output[44][9] is dangling. [VDB-8009]
WARNING  : Net PE_output[44][8] is dangling. [VDB-8009]
WARNING  : Net PE_output[44][7] is dangling. [VDB-8009]
WARNING  : Net PE_output[44][6] is dangling. [VDB-8009]
WARNING  : Net PE_output[44][5] is dangling. [VDB-8009]
WARNING  : Net PE_output[44][4] is dangling. [VDB-8009]
WARNING  : Net PE_output[44][3] is dangling. [VDB-8009]
WARNING  : Net PE_output[44][2] is dangling. [VDB-8009]
WARNING  : Net PE_output[44][1] is dangling. [VDB-8009]
WARNING  : Net PE_output[44][0] is dangling. [VDB-8009]
WARNING  : Net PE_output[45][35] is dangling. [VDB-8009]
WARNING  : Net PE_output[45][34] is dangling. [VDB-8009]
WARNING  : Net PE_output[45][33] is dangling. [VDB-8009]
WARNING  : Net PE_output[45][32] is dangling. [VDB-8009]
WARNING  : Net PE_output[45][31] is dangling. [VDB-8009]
WARNING  : Net PE_output[45][30] is dangling. [VDB-8009]
WARNING  : Net PE_output[45][29] is dangling. [VDB-8009]
WARNING  : Net PE_output[45][28] is dangling. [VDB-8009]
WARNING  : Net PE_output[45][27] is dangling. [VDB-8009]
WARNING  : Net PE_output[45][26] is dangling. [VDB-8009]
WARNING  : Net PE_output[45][25] is dangling. [VDB-8009]
WARNING  : Net PE_output[45][24] is dangling. [VDB-8009]
WARNING  : Net PE_output[45][23] is dangling. [VDB-8009]
WARNING  : Net PE_output[45][22] is dangling. [VDB-8009]
WARNING  : Net PE_output[45][21] is dangling. [VDB-8009]
WARNING  : Net PE_output[45][20] is dangling. [VDB-8009]
WARNING  : Net PE_output[45][19] is dangling. [VDB-8009]
WARNING  : Net PE_output[45][18] is dangling. [VDB-8009]
WARNING  : Net PE_output[45][17] is dangling. [VDB-8009]
WARNING  : Net PE_output[45][16] is dangling. [VDB-8009]
WARNING  : Net PE_output[45][15] is dangling. [VDB-8009]
WARNING  : Net PE_output[45][14] is dangling. [VDB-8009]
WARNING  : Net PE_output[45][13] is dangling. [VDB-8009]
WARNING  : Net PE_output[45][12] is dangling. [VDB-8009]
WARNING  : Net PE_output[45][11] is dangling. [VDB-8009]
WARNING  : Net PE_output[45][10] is dangling. [VDB-8009]
WARNING  : Net PE_output[45][9] is dangling. [VDB-8009]
WARNING  : Net PE_output[45][8] is dangling. [VDB-8009]
WARNING  : Net PE_output[45][7] is dangling. [VDB-8009]
WARNING  : Net PE_output[45][6] is dangling. [VDB-8009]
WARNING  : Net PE_output[45][5] is dangling. [VDB-8009]
WARNING  : Net PE_output[45][4] is dangling. [VDB-8009]
WARNING  : Net PE_output[45][3] is dangling. [VDB-8009]
WARNING  : Net PE_output[45][2] is dangling. [VDB-8009]
WARNING  : Net PE_output[45][1] is dangling. [VDB-8009]
WARNING  : Net PE_output[45][0] is dangling. [VDB-8009]
WARNING  : Net PE_output[46][35] is dangling. [VDB-8009]
WARNING  : Net PE_output[46][34] is dangling. [VDB-8009]
WARNING  : Net PE_output[46][33] is dangling. [VDB-8009]
WARNING  : Net PE_output[46][32] is dangling. [VDB-8009]
WARNING  : Net PE_output[46][31] is dangling. [VDB-8009]
WARNING  : Net PE_output[46][30] is dangling. [VDB-8009]
WARNING  : Net PE_output[46][29] is dangling. [VDB-8009]
WARNING  : Net PE_output[46][28] is dangling. [VDB-8009]
WARNING  : Net PE_output[46][27] is dangling. [VDB-8009]
WARNING  : Net PE_output[46][26] is dangling. [VDB-8009]
WARNING  : Net PE_output[46][25] is dangling. [VDB-8009]
WARNING  : Net PE_output[46][24] is dangling. [VDB-8009]
WARNING  : Net PE_output[46][23] is dangling. [VDB-8009]
WARNING  : Net PE_output[46][22] is dangling. [VDB-8009]
WARNING  : Net PE_output[46][21] is dangling. [VDB-8009]
WARNING  : Net PE_output[46][20] is dangling. [VDB-8009]
WARNING  : Net PE_output[46][19] is dangling. [VDB-8009]
WARNING  : Net PE_output[46][18] is dangling. [VDB-8009]
WARNING  : Net PE_output[46][17] is dangling. [VDB-8009]
WARNING  : Net PE_output[46][16] is dangling. [VDB-8009]
WARNING  : Net PE_output[46][15] is dangling. [VDB-8009]
WARNING  : Net PE_output[46][14] is dangling. [VDB-8009]
WARNING  : Net PE_output[46][13] is dangling. [VDB-8009]
WARNING  : Net PE_output[46][12] is dangling. [VDB-8009]
WARNING  : Net PE_output[46][11] is dangling. [VDB-8009]
WARNING  : Net PE_output[46][10] is dangling. [VDB-8009]
WARNING  : Net PE_output[46][9] is dangling. [VDB-8009]
WARNING  : Net PE_output[46][8] is dangling. [VDB-8009]
WARNING  : Net PE_output[46][7] is dangling. [VDB-8009]
WARNING  : Net PE_output[46][6] is dangling. [VDB-8009]
WARNING  : Net PE_output[46][5] is dangling. [VDB-8009]
WARNING  : Net PE_output[46][4] is dangling. [VDB-8009]
WARNING  : Net PE_output[46][3] is dangling. [VDB-8009]
WARNING  : Net PE_output[46][2] is dangling. [VDB-8009]
WARNING  : Net PE_output[46][1] is dangling. [VDB-8009]
WARNING  : Net PE_output[46][0] is dangling. [VDB-8009]
WARNING  : Net PE_output[47][35] is dangling. [VDB-8009]
WARNING  : Net PE_output[47][34] is dangling. [VDB-8009]
WARNING  : Net PE_output[47][33] is dangling. [VDB-8009]
WARNING  : Net PE_output[47][32] is dangling. [VDB-8009]
WARNING  : Net PE_output[47][31] is dangling. [VDB-8009]
WARNING  : Net PE_output[47][30] is dangling. [VDB-8009]
WARNING  : Net PE_output[47][29] is dangling. [VDB-8009]
WARNING  : Net PE_output[47][28] is dangling. [VDB-8009]
WARNING  : Net PE_output[47][27] is dangling. [VDB-8009]
WARNING  : Net PE_output[47][26] is dangling. [VDB-8009]
WARNING  : Net PE_output[47][25] is dangling. [VDB-8009]
WARNING  : Net PE_output[47][24] is dangling. [VDB-8009]
WARNING  : Net PE_output[47][23] is dangling. [VDB-8009]
WARNING  : Net PE_output[47][22] is dangling. [VDB-8009]
WARNING  : Net PE_output[47][21] is dangling. [VDB-8009]
WARNING  : Net PE_output[47][20] is dangling. [VDB-8009]
WARNING  : Net PE_output[47][19] is dangling. [VDB-8009]
WARNING  : Net PE_output[47][18] is dangling. [VDB-8009]
WARNING  : Net PE_output[47][17] is dangling. [VDB-8009]
WARNING  : Net PE_output[47][16] is dangling. [VDB-8009]
WARNING  : Net PE_output[47][15] is dangling. [VDB-8009]
WARNING  : Net PE_output[47][14] is dangling. [VDB-8009]
WARNING  : Net PE_output[47][13] is dangling. [VDB-8009]
WARNING  : Net PE_output[47][12] is dangling. [VDB-8009]
WARNING  : Net PE_output[47][11] is dangling. [VDB-8009]
WARNING  : Net PE_output[47][10] is dangling. [VDB-8009]
WARNING  : Net PE_output[47][9] is dangling. [VDB-8009]
WARNING  : Net PE_output[47][8] is dangling. [VDB-8009]
WARNING  : Net PE_output[47][7] is dangling. [VDB-8009]
WARNING  : Net PE_output[47][6] is dangling. [VDB-8009]
WARNING  : Net PE_output[47][5] is dangling. [VDB-8009]
WARNING  : Net PE_output[47][4] is dangling. [VDB-8009]
WARNING  : Net PE_output[47][3] is dangling. [VDB-8009]
WARNING  : Net PE_output[47][2] is dangling. [VDB-8009]
WARNING  : Net PE_output[47][1] is dangling. [VDB-8009]
WARNING  : Net PE_output[47][0] is dangling. [VDB-8009]
WARNING  : Net PE_output[48][35] is dangling. [VDB-8009]
WARNING  : Net PE_output[48][34] is dangling. [VDB-8009]
WARNING  : Net PE_output[48][33] is dangling. [VDB-8009]
WARNING  : Net PE_output[48][32] is dangling. [VDB-8009]
WARNING  : Net PE_output[48][31] is dangling. [VDB-8009]
WARNING  : Net PE_output[48][30] is dangling. [VDB-8009]
WARNING  : Net PE_output[48][29] is dangling. [VDB-8009]
WARNING  : Net PE_output[48][28] is dangling. [VDB-8009]
WARNING  : Net PE_output[48][27] is dangling. [VDB-8009]
WARNING  : Net PE_output[48][26] is dangling. [VDB-8009]
WARNING  : Net PE_output[48][25] is dangling. [VDB-8009]
WARNING  : Net PE_output[48][24] is dangling. [VDB-8009]
WARNING  : Net PE_output[48][23] is dangling. [VDB-8009]
WARNING  : Net PE_output[48][22] is dangling. [VDB-8009]
WARNING  : Net PE_output[48][21] is dangling. [VDB-8009]
WARNING  : Net PE_output[48][20] is dangling. [VDB-8009]
WARNING  : Net PE_output[48][19] is dangling. [VDB-8009]
WARNING  : Net PE_output[48][18] is dangling. [VDB-8009]
WARNING  : Net PE_output[48][17] is dangling. [VDB-8009]
WARNING  : Net PE_output[48][16] is dangling. [VDB-8009]
WARNING  : Net PE_output[48][15] is dangling. [VDB-8009]
WARNING  : Net PE_output[48][14] is dangling. [VDB-8009]
WARNING  : Net PE_output[48][13] is dangling. [VDB-8009]
WARNING  : Net PE_output[48][12] is dangling. [VDB-8009]
WARNING  : Net PE_output[48][11] is dangling. [VDB-8009]
WARNING  : Net PE_output[48][10] is dangling. [VDB-8009]
WARNING  : Net PE_output[48][9] is dangling. [VDB-8009]
WARNING  : Net PE_output[48][8] is dangling. [VDB-8009]
WARNING  : Net PE_output[48][7] is dangling. [VDB-8009]
WARNING  : Net PE_output[48][6] is dangling. [VDB-8009]
WARNING  : Net PE_output[48][5] is dangling. [VDB-8009]
WARNING  : Net PE_output[48][4] is dangling. [VDB-8009]
WARNING  : Net PE_output[48][3] is dangling. [VDB-8009]
WARNING  : Net PE_output[48][2] is dangling. [VDB-8009]
WARNING  : Net PE_output[48][1] is dangling. [VDB-8009]
WARNING  : Net PE_output[48][0] is dangling. [VDB-8009]
WARNING  : Net PE_output[49][35] is dangling. [VDB-8009]
WARNING  : Net PE_output[49][34] is dangling. [VDB-8009]
WARNING  : Net PE_output[49][33] is dangling. [VDB-8009]
WARNING  : Net PE_output[49][32] is dangling. [VDB-8009]
WARNING  : Net PE_output[49][31] is dangling. [VDB-8009]
WARNING  : Net PE_output[49][30] is dangling. [VDB-8009]
WARNING  : Net PE_output[49][29] is dangling. [VDB-8009]
WARNING  : Net PE_output[49][28] is dangling. [VDB-8009]
WARNING  : Net PE_output[49][27] is dangling. [VDB-8009]
WARNING  : Net PE_output[49][26] is dangling. [VDB-8009]
WARNING  : Net PE_output[49][25] is dangling. [VDB-8009]
WARNING  : Net PE_output[49][24] is dangling. [VDB-8009]
WARNING  : Net PE_output[49][23] is dangling. [VDB-8009]
WARNING  : Net PE_output[49][22] is dangling. [VDB-8009]
WARNING  : Net PE_output[49][21] is dangling. [VDB-8009]
WARNING  : Net PE_output[49][20] is dangling. [VDB-8009]
WARNING  : Net PE_output[49][19] is dangling. [VDB-8009]
WARNING  : Net PE_output[49][18] is dangling. [VDB-8009]
WARNING  : Net PE_output[49][17] is dangling. [VDB-8009]
WARNING  : Net PE_output[49][16] is dangling. [VDB-8009]
WARNING  : Net PE_output[49][15] is dangling. [VDB-8009]
WARNING  : Net PE_output[49][14] is dangling. [VDB-8009]
WARNING  : Net PE_output[49][13] is dangling. [VDB-8009]
WARNING  : Net PE_output[49][12] is dangling. [VDB-8009]
WARNING  : Net PE_output[49][11] is dangling. [VDB-8009]
WARNING  : Net PE_output[49][10] is dangling. [VDB-8009]
WARNING  : Net PE_output[49][9] is dangling. [VDB-8009]
WARNING  : Net PE_output[49][8] is dangling. [VDB-8009]
WARNING  : Net PE_output[49][7] is dangling. [VDB-8009]
WARNING  : Net PE_output[49][6] is dangling. [VDB-8009]
WARNING  : Net PE_output[49][5] is dangling. [VDB-8009]
WARNING  : Net PE_output[49][4] is dangling. [VDB-8009]
WARNING  : Net PE_output[49][3] is dangling. [VDB-8009]
WARNING  : Net PE_output[49][2] is dangling. [VDB-8009]
WARNING  : Net PE_output[49][1] is dangling. [VDB-8009]
WARNING  : Net PE_output[49][0] is dangling. [VDB-8009]
WARNING  : Net PE_output[50][35] is dangling. [VDB-8009]
WARNING  : Net PE_output[50][34] is dangling. [VDB-8009]
WARNING  : Net PE_output[50][33] is dangling. [VDB-8009]
WARNING  : Net PE_output[50][32] is dangling. [VDB-8009]
WARNING  : Net PE_output[50][31] is dangling. [VDB-8009]
WARNING  : Net PE_output[50][30] is dangling. [VDB-8009]
WARNING  : Net PE_output[50][29] is dangling. [VDB-8009]
WARNING  : Net PE_output[50][28] is dangling. [VDB-8009]
WARNING  : Net PE_output[50][27] is dangling. [VDB-8009]
WARNING  : Net PE_output[50][26] is dangling. [VDB-8009]
WARNING  : Net PE_output[50][25] is dangling. [VDB-8009]
WARNING  : Net PE_output[50][24] is dangling. [VDB-8009]
WARNING  : Net PE_output[50][23] is dangling. [VDB-8009]
WARNING  : Net PE_output[50][22] is dangling. [VDB-8009]
WARNING  : Net PE_output[50][21] is dangling. [VDB-8009]
WARNING  : Net PE_output[50][20] is dangling. [VDB-8009]
WARNING  : Net PE_output[50][19] is dangling. [VDB-8009]
WARNING  : Net PE_output[50][18] is dangling. [VDB-8009]
WARNING  : Net PE_output[50][17] is dangling. [VDB-8009]
WARNING  : Net PE_output[50][16] is dangling. [VDB-8009]
WARNING  : Net PE_output[50][15] is dangling. [VDB-8009]
WARNING  : Net PE_output[50][14] is dangling. [VDB-8009]
WARNING  : Net PE_output[50][13] is dangling. [VDB-8009]
WARNING  : Net PE_output[50][12] is dangling. [VDB-8009]
WARNING  : Net PE_output[50][11] is dangling. [VDB-8009]
WARNING  : Net PE_output[50][10] is dangling. [VDB-8009]
WARNING  : Net PE_output[50][9] is dangling. [VDB-8009]
WARNING  : Net PE_output[50][8] is dangling. [VDB-8009]
WARNING  : Net PE_output[50][7] is dangling. [VDB-8009]
WARNING  : Net PE_output[50][6] is dangling. [VDB-8009]
WARNING  : Net PE_output[50][5] is dangling. [VDB-8009]
WARNING  : Net PE_output[50][4] is dangling. [VDB-8009]
WARNING  : Net PE_output[50][3] is dangling. [VDB-8009]
WARNING  : Net PE_output[50][2] is dangling. [VDB-8009]
WARNING  : Net PE_output[50][1] is dangling. [VDB-8009]
WARNING  : Net PE_output[50][0] is dangling. [VDB-8009]
WARNING  : Net PE_output[51][35] is dangling. [VDB-8009]
WARNING  : Net PE_output[51][34] is dangling. [VDB-8009]
WARNING  : Net PE_output[51][33] is dangling. [VDB-8009]
WARNING  : Net PE_output[51][32] is dangling. [VDB-8009]
WARNING  : Net PE_output[51][31] is dangling. [VDB-8009]
WARNING  : Net PE_output[51][30] is dangling. [VDB-8009]
WARNING  : Net PE_output[51][29] is dangling. [VDB-8009]
WARNING  : Net PE_output[51][28] is dangling. [VDB-8009]
WARNING  : Net PE_output[51][27] is dangling. [VDB-8009]
WARNING  : Net PE_output[51][26] is dangling. [VDB-8009]
WARNING  : Net PE_output[51][25] is dangling. [VDB-8009]
WARNING  : Net PE_output[51][24] is dangling. [VDB-8009]
WARNING  : Net PE_output[51][23] is dangling. [VDB-8009]
WARNING  : Net PE_output[51][22] is dangling. [VDB-8009]
WARNING  : Net PE_output[51][21] is dangling. [VDB-8009]
WARNING  : Net PE_output[51][20] is dangling. [VDB-8009]
WARNING  : Net PE_output[51][19] is dangling. [VDB-8009]
WARNING  : Net PE_output[51][18] is dangling. [VDB-8009]
WARNING  : Net PE_output[51][17] is dangling. [VDB-8009]
WARNING  : Net PE_output[51][16] is dangling. [VDB-8009]
WARNING  : Net PE_output[51][15] is dangling. [VDB-8009]
WARNING  : Net PE_output[51][14] is dangling. [VDB-8009]
WARNING  : Net PE_output[51][13] is dangling. [VDB-8009]
WARNING  : Net PE_output[51][12] is dangling. [VDB-8009]
WARNING  : Net PE_output[51][11] is dangling. [VDB-8009]
WARNING  : Net PE_output[51][10] is dangling. [VDB-8009]
WARNING  : Net PE_output[51][9] is dangling. [VDB-8009]
WARNING  : Net PE_output[51][8] is dangling. [VDB-8009]
WARNING  : Net PE_output[51][7] is dangling. [VDB-8009]
WARNING  : Net PE_output[51][6] is dangling. [VDB-8009]
WARNING  : Net PE_output[51][5] is dangling. [VDB-8009]
WARNING  : Net PE_output[51][4] is dangling. [VDB-8009]
WARNING  : Net PE_output[51][3] is dangling. [VDB-8009]
WARNING  : Net PE_output[51][2] is dangling. [VDB-8009]
WARNING  : Net PE_output[51][1] is dangling. [VDB-8009]
WARNING  : Net PE_output[51][0] is dangling. [VDB-8009]
WARNING  : Net PE_output[52][35] is dangling. [VDB-8009]
WARNING  : Net PE_output[52][34] is dangling. [VDB-8009]
WARNING  : Net PE_output[52][33] is dangling. [VDB-8009]
WARNING  : Net PE_output[52][32] is dangling. [VDB-8009]
WARNING  : Net PE_output[52][31] is dangling. [VDB-8009]
WARNING  : Net PE_output[52][30] is dangling. [VDB-8009]
WARNING  : Net PE_output[52][29] is dangling. [VDB-8009]
WARNING  : Net PE_output[52][28] is dangling. [VDB-8009]
WARNING  : Net PE_output[52][27] is dangling. [VDB-8009]
WARNING  : Net PE_output[52][26] is dangling. [VDB-8009]
WARNING  : Net PE_output[52][25] is dangling. [VDB-8009]
WARNING  : Net PE_output[52][24] is dangling. [VDB-8009]
WARNING  : Net PE_output[52][23] is dangling. [VDB-8009]
WARNING  : Net PE_output[52][22] is dangling. [VDB-8009]
WARNING  : Net PE_output[52][21] is dangling. [VDB-8009]
WARNING  : Net PE_output[52][20] is dangling. [VDB-8009]
WARNING  : Net PE_output[52][19] is dangling. [VDB-8009]
WARNING  : Net PE_output[52][18] is dangling. [VDB-8009]
WARNING  : Net PE_output[52][17] is dangling. [VDB-8009]
WARNING  : Net PE_output[52][16] is dangling. [VDB-8009]
WARNING  : Net PE_output[52][15] is dangling. [VDB-8009]
WARNING  : Net PE_output[52][14] is dangling. [VDB-8009]
WARNING  : Net PE_output[52][13] is dangling. [VDB-8009]
WARNING  : Net PE_output[52][12] is dangling. [VDB-8009]
WARNING  : Net PE_output[52][11] is dangling. [VDB-8009]
WARNING  : Net PE_output[52][10] is dangling. [VDB-8009]
WARNING  : Net PE_output[52][9] is dangling. [VDB-8009]
WARNING  : Net PE_output[52][8] is dangling. [VDB-8009]
WARNING  : Net PE_output[52][7] is dangling. [VDB-8009]
WARNING  : Net PE_output[52][6] is dangling. [VDB-8009]
WARNING  : Net PE_output[52][5] is dangling. [VDB-8009]
WARNING  : Net PE_output[52][4] is dangling. [VDB-8009]
WARNING  : Net PE_output[52][3] is dangling. [VDB-8009]
WARNING  : Net PE_output[52][2] is dangling. [VDB-8009]
WARNING  : Net PE_output[52][1] is dangling. [VDB-8009]
WARNING  : Net PE_output[52][0] is dangling. [VDB-8009]
WARNING  : Net PE_output[53][35] is dangling. [VDB-8009]
WARNING  : Net PE_output[53][34] is dangling. [VDB-8009]
WARNING  : Net PE_output[53][33] is dangling. [VDB-8009]
WARNING  : Net PE_output[53][32] is dangling. [VDB-8009]
WARNING  : Net PE_output[53][31] is dangling. [VDB-8009]
WARNING  : Net PE_output[53][30] is dangling. [VDB-8009]
WARNING  : Net PE_output[53][29] is dangling. [VDB-8009]
WARNING  : Net PE_output[53][28] is dangling. [VDB-8009]
WARNING  : Net PE_output[53][27] is dangling. [VDB-8009]
WARNING  : Net PE_output[53][26] is dangling. [VDB-8009]
WARNING  : Net PE_output[53][25] is dangling. [VDB-8009]
WARNING  : Net PE_output[53][24] is dangling. [VDB-8009]
WARNING  : Net PE_output[53][23] is dangling. [VDB-8009]
WARNING  : Net PE_output[53][22] is dangling. [VDB-8009]
WARNING  : Net PE_output[53][21] is dangling. [VDB-8009]
WARNING  : Net PE_output[53][20] is dangling. [VDB-8009]
WARNING  : Net PE_output[53][19] is dangling. [VDB-8009]
WARNING  : Net PE_output[53][18] is dangling. [VDB-8009]
WARNING  : Net PE_output[53][17] is dangling. [VDB-8009]
WARNING  : Net PE_output[53][16] is dangling. [VDB-8009]
WARNING  : Net PE_output[53][15] is dangling. [VDB-8009]
WARNING  : Net PE_output[53][14] is dangling. [VDB-8009]
WARNING  : Net PE_output[53][13] is dangling. [VDB-8009]
WARNING  : Net PE_output[53][12] is dangling. [VDB-8009]
WARNING  : Net PE_output[53][11] is dangling. [VDB-8009]
WARNING  : Net PE_output[53][10] is dangling. [VDB-8009]
WARNING  : Net PE_output[53][9] is dangling. [VDB-8009]
WARNING  : Net PE_output[53][8] is dangling. [VDB-8009]
WARNING  : Net PE_output[53][7] is dangling. [VDB-8009]
WARNING  : Net PE_output[53][6] is dangling. [VDB-8009]
WARNING  : Net PE_output[53][5] is dangling. [VDB-8009]
WARNING  : Net PE_output[53][4] is dangling. [VDB-8009]
WARNING  : Net PE_output[53][3] is dangling. [VDB-8009]
WARNING  : Net PE_output[53][2] is dangling. [VDB-8009]
WARNING  : Net PE_output[53][1] is dangling. [VDB-8009]
WARNING  : Net PE_output[53][0] is dangling. [VDB-8009]
WARNING  : Net PE_output[54][35] is dangling. [VDB-8009]
WARNING  : Net PE_output[54][34] is dangling. [VDB-8009]
WARNING  : Net PE_output[54][33] is dangling. [VDB-8009]
WARNING  : Net PE_output[54][32] is dangling. [VDB-8009]
WARNING  : Net PE_output[54][31] is dangling. [VDB-8009]
WARNING  : Net PE_output[54][30] is dangling. [VDB-8009]
WARNING  : Net PE_output[54][29] is dangling. [VDB-8009]
WARNING  : Net PE_output[54][28] is dangling. [VDB-8009]
WARNING  : Net PE_output[54][27] is dangling. [VDB-8009]
WARNING  : Net PE_output[54][26] is dangling. [VDB-8009]
WARNING  : Net PE_output[54][25] is dangling. [VDB-8009]
WARNING  : Net PE_output[54][24] is dangling. [VDB-8009]
WARNING  : Net PE_output[54][23] is dangling. [VDB-8009]
WARNING  : Net PE_output[54][22] is dangling. [VDB-8009]
WARNING  : Net PE_output[54][21] is dangling. [VDB-8009]
WARNING  : Net PE_output[54][20] is dangling. [VDB-8009]
WARNING  : Net PE_output[54][19] is dangling. [VDB-8009]
WARNING  : Net PE_output[54][18] is dangling. [VDB-8009]
WARNING  : Net PE_output[54][17] is dangling. [VDB-8009]
WARNING  : Net PE_output[54][16] is dangling. [VDB-8009]
WARNING  : Net PE_output[54][15] is dangling. [VDB-8009]
WARNING  : Net PE_output[54][14] is dangling. [VDB-8009]
WARNING  : Net PE_output[54][13] is dangling. [VDB-8009]
WARNING  : Net PE_output[54][12] is dangling. [VDB-8009]
WARNING  : Net PE_output[54][11] is dangling. [VDB-8009]
WARNING  : Net PE_output[54][10] is dangling. [VDB-8009]
WARNING  : Net PE_output[54][9] is dangling. [VDB-8009]
WARNING  : Net PE_output[54][8] is dangling. [VDB-8009]
WARNING  : Net PE_output[54][7] is dangling. [VDB-8009]
WARNING  : Net PE_output[54][6] is dangling. [VDB-8009]
WARNING  : Net PE_output[54][5] is dangling. [VDB-8009]
WARNING  : Net PE_output[54][4] is dangling. [VDB-8009]
WARNING  : Net PE_output[54][3] is dangling. [VDB-8009]
WARNING  : Net PE_output[54][2] is dangling. [VDB-8009]
WARNING  : Net PE_output[54][1] is dangling. [VDB-8009]
WARNING  : Net PE_output[54][0] is dangling. [VDB-8009]
WARNING  : Net PE_output[55][35] is dangling. [VDB-8009]
WARNING  : Net PE_output[55][34] is dangling. [VDB-8009]
WARNING  : Net PE_output[55][33] is dangling. [VDB-8009]
WARNING  : Net PE_output[55][32] is dangling. [VDB-8009]
WARNING  : Net PE_output[55][31] is dangling. [VDB-8009]
WARNING  : Net PE_output[55][30] is dangling. [VDB-8009]
WARNING  : Net PE_output[55][29] is dangling. [VDB-8009]
WARNING  : Net PE_output[55][28] is dangling. [VDB-8009]
WARNING  : Net PE_output[55][27] is dangling. [VDB-8009]
WARNING  : Net PE_output[55][26] is dangling. [VDB-8009]
WARNING  : Net PE_output[55][25] is dangling. [VDB-8009]
WARNING  : Net PE_output[55][24] is dangling. [VDB-8009]
WARNING  : Net PE_output[55][23] is dangling. [VDB-8009]
WARNING  : Net PE_output[55][22] is dangling. [VDB-8009]
WARNING  : Net PE_output[55][21] is dangling. [VDB-8009]
WARNING  : Net PE_output[55][20] is dangling. [VDB-8009]
WARNING  : Net PE_output[55][19] is dangling. [VDB-8009]
WARNING  : Net PE_output[55][18] is dangling. [VDB-8009]
WARNING  : Net PE_output[55][17] is dangling. [VDB-8009]
WARNING  : Net PE_output[55][16] is dangling. [VDB-8009]
WARNING  : Net PE_output[55][15] is dangling. [VDB-8009]
WARNING  : Net PE_output[55][14] is dangling. [VDB-8009]
WARNING  : Net PE_output[55][13] is dangling. [VDB-8009]
WARNING  : Net PE_output[55][12] is dangling. [VDB-8009]
WARNING  : Net PE_output[55][11] is dangling. [VDB-8009]
WARNING  : Net PE_output[55][10] is dangling. [VDB-8009]
WARNING  : Net PE_output[55][9] is dangling. [VDB-8009]
WARNING  : Net PE_output[55][8] is dangling. [VDB-8009]
WARNING  : Net PE_output[55][7] is dangling. [VDB-8009]
WARNING  : Net PE_output[55][6] is dangling. [VDB-8009]
WARNING  : Net PE_output[55][5] is dangling. [VDB-8009]
WARNING  : Net PE_output[55][4] is dangling. [VDB-8009]
WARNING  : Net PE_output[55][3] is dangling. [VDB-8009]
WARNING  : Net PE_output[55][2] is dangling. [VDB-8009]
WARNING  : Net PE_output[55][1] is dangling. [VDB-8009]
WARNING  : Net PE_output[55][0] is dangling. [VDB-8009]
WARNING  : Net PE_output[56][35] is dangling. [VDB-8009]
WARNING  : Net PE_output[56][34] is dangling. [VDB-8009]
WARNING  : Net PE_output[56][33] is dangling. [VDB-8009]
WARNING  : Net PE_output[56][32] is dangling. [VDB-8009]
WARNING  : Net PE_output[56][31] is dangling. [VDB-8009]
WARNING  : Net PE_output[56][30] is dangling. [VDB-8009]
WARNING  : Net PE_output[56][29] is dangling. [VDB-8009]
WARNING  : Net PE_output[56][28] is dangling. [VDB-8009]
WARNING  : Net PE_output[56][27] is dangling. [VDB-8009]
WARNING  : Net PE_output[56][26] is dangling. [VDB-8009]
WARNING  : Net PE_output[56][25] is dangling. [VDB-8009]
WARNING  : Net PE_output[56][24] is dangling. [VDB-8009]
WARNING  : Net PE_output[56][23] is dangling. [VDB-8009]
WARNING  : Net PE_output[56][22] is dangling. [VDB-8009]
WARNING  : Net PE_output[56][21] is dangling. [VDB-8009]
WARNING  : Net PE_output[56][20] is dangling. [VDB-8009]
WARNING  : Net PE_output[56][19] is dangling. [VDB-8009]
WARNING  : Net PE_output[56][18] is dangling. [VDB-8009]
WARNING  : Net PE_output[56][17] is dangling. [VDB-8009]
WARNING  : Net PE_output[56][16] is dangling. [VDB-8009]
WARNING  : Net PE_output[56][15] is dangling. [VDB-8009]
WARNING  : Net PE_output[56][14] is dangling. [VDB-8009]
WARNING  : Net PE_output[56][13] is dangling. [VDB-8009]
WARNING  : Net PE_output[56][12] is dangling. [VDB-8009]
WARNING  : Net PE_output[56][11] is dangling. [VDB-8009]
WARNING  : Net PE_output[56][10] is dangling. [VDB-8009]
WARNING  : Net PE_output[56][9] is dangling. [VDB-8009]
WARNING  : Net PE_output[56][8] is dangling. [VDB-8009]
WARNING  : Net PE_output[56][7] is dangling. [VDB-8009]
WARNING  : Net PE_output[56][6] is dangling. [VDB-8009]
WARNING  : Net PE_output[56][5] is dangling. [VDB-8009]
WARNING  : Net PE_output[56][4] is dangling. [VDB-8009]
WARNING  : Net PE_output[56][3] is dangling. [VDB-8009]
WARNING  : Net PE_output[56][2] is dangling. [VDB-8009]
WARNING  : Net PE_output[56][1] is dangling. [VDB-8009]
WARNING  : Net PE_output[56][0] is dangling. [VDB-8009]
WARNING  : Net PE_output[57][35] is dangling. [VDB-8009]
WARNING  : Net PE_output[57][34] is dangling. [VDB-8009]
WARNING  : Net PE_output[57][33] is dangling. [VDB-8009]
WARNING  : Net PE_output[57][32] is dangling. [VDB-8009]
WARNING  : Net PE_output[57][31] is dangling. [VDB-8009]
WARNING  : Net PE_output[57][30] is dangling. [VDB-8009]
WARNING  : Net PE_output[57][29] is dangling. [VDB-8009]
WARNING  : Net PE_output[57][28] is dangling. [VDB-8009]
WARNING  : Net PE_output[57][27] is dangling. [VDB-8009]
WARNING  : Net PE_output[57][26] is dangling. [VDB-8009]
WARNING  : Net PE_output[57][25] is dangling. [VDB-8009]
WARNING  : Net PE_output[57][24] is dangling. [VDB-8009]
WARNING  : Net PE_output[57][23] is dangling. [VDB-8009]
WARNING  : Net PE_output[57][22] is dangling. [VDB-8009]
WARNING  : Net PE_output[57][21] is dangling. [VDB-8009]
WARNING  : Net PE_output[57][20] is dangling. [VDB-8009]
WARNING  : Net PE_output[57][19] is dangling. [VDB-8009]
WARNING  : Net PE_output[57][18] is dangling. [VDB-8009]
WARNING  : Net PE_output[57][17] is dangling. [VDB-8009]
WARNING  : Net PE_output[57][16] is dangling. [VDB-8009]
WARNING  : Net PE_output[57][15] is dangling. [VDB-8009]
WARNING  : Net PE_output[57][14] is dangling. [VDB-8009]
WARNING  : Net PE_output[57][13] is dangling. [VDB-8009]
WARNING  : Net PE_output[57][12] is dangling. [VDB-8009]
WARNING  : Net PE_output[57][11] is dangling. [VDB-8009]
WARNING  : Net PE_output[57][10] is dangling. [VDB-8009]
WARNING  : Net PE_output[57][9] is dangling. [VDB-8009]
WARNING  : Net PE_output[57][8] is dangling. [VDB-8009]
WARNING  : Net PE_output[57][7] is dangling. [VDB-8009]
WARNING  : Net PE_output[57][6] is dangling. [VDB-8009]
WARNING  : Net PE_output[57][5] is dangling. [VDB-8009]
WARNING  : Net PE_output[57][4] is dangling. [VDB-8009]
WARNING  : Net PE_output[57][3] is dangling. [VDB-8009]
WARNING  : Net PE_output[57][2] is dangling. [VDB-8009]
WARNING  : Net PE_output[57][1] is dangling. [VDB-8009]
WARNING  : Net PE_output[57][0] is dangling. [VDB-8009]
WARNING  : Net PE_output[58][35] is dangling. [VDB-8009]
WARNING  : Net PE_output[58][34] is dangling. [VDB-8009]
WARNING  : Net PE_output[58][33] is dangling. [VDB-8009]
WARNING  : Net PE_output[58][32] is dangling. [VDB-8009]
WARNING  : Net PE_output[58][31] is dangling. [VDB-8009]
WARNING  : Net PE_output[58][30] is dangling. [VDB-8009]
WARNING  : Net PE_output[58][29] is dangling. [VDB-8009]
WARNING  : Net PE_output[58][28] is dangling. [VDB-8009]
WARNING  : Net PE_output[58][27] is dangling. [VDB-8009]
WARNING  : Net PE_output[58][26] is dangling. [VDB-8009]
WARNING  : Net PE_output[58][25] is dangling. [VDB-8009]
WARNING  : Net PE_output[58][24] is dangling. [VDB-8009]
WARNING  : Net PE_output[58][23] is dangling. [VDB-8009]
WARNING  : Net PE_output[58][22] is dangling. [VDB-8009]
WARNING  : Net PE_output[58][21] is dangling. [VDB-8009]
WARNING  : Net PE_output[58][20] is dangling. [VDB-8009]
WARNING  : Net PE_output[58][19] is dangling. [VDB-8009]
WARNING  : Net PE_output[58][18] is dangling. [VDB-8009]
WARNING  : Net PE_output[58][17] is dangling. [VDB-8009]
WARNING  : Net PE_output[58][16] is dangling. [VDB-8009]
WARNING  : Net PE_output[58][15] is dangling. [VDB-8009]
WARNING  : Net PE_output[58][14] is dangling. [VDB-8009]
WARNING  : Net PE_output[58][13] is dangling. [VDB-8009]
WARNING  : Net PE_output[58][12] is dangling. [VDB-8009]
WARNING  : Net PE_output[58][11] is dangling. [VDB-8009]
WARNING  : Net PE_output[58][10] is dangling. [VDB-8009]
WARNING  : Net PE_output[58][9] is dangling. [VDB-8009]
WARNING  : Net PE_output[58][8] is dangling. [VDB-8009]
WARNING  : Net PE_output[58][7] is dangling. [VDB-8009]
WARNING  : Net PE_output[58][6] is dangling. [VDB-8009]
WARNING  : Net PE_output[58][5] is dangling. [VDB-8009]
WARNING  : Net PE_output[58][4] is dangling. [VDB-8009]
WARNING  : Net PE_output[58][3] is dangling. [VDB-8009]
WARNING  : Net PE_output[58][2] is dangling. [VDB-8009]
WARNING  : Net PE_output[58][1] is dangling. [VDB-8009]
WARNING  : Net PE_output[58][0] is dangling. [VDB-8009]
WARNING  : Net PE_output[59][35] is dangling. [VDB-8009]
WARNING  : Net PE_output[59][34] is dangling. [VDB-8009]
WARNING  : Net PE_output[59][33] is dangling. [VDB-8009]
WARNING  : Net PE_output[59][32] is dangling. [VDB-8009]
WARNING  : Net PE_output[59][31] is dangling. [VDB-8009]
WARNING  : Net PE_output[59][30] is dangling. [VDB-8009]
WARNING  : Net PE_output[59][29] is dangling. [VDB-8009]
WARNING  : Net PE_output[59][28] is dangling. [VDB-8009]
WARNING  : Net PE_output[59][27] is dangling. [VDB-8009]
WARNING  : Net PE_output[59][26] is dangling. [VDB-8009]
WARNING  : Net PE_output[59][25] is dangling. [VDB-8009]
WARNING  : Net PE_output[59][24] is dangling. [VDB-8009]
WARNING  : Net PE_output[59][23] is dangling. [VDB-8009]
WARNING  : Net PE_output[59][22] is dangling. [VDB-8009]
WARNING  : Net PE_output[59][21] is dangling. [VDB-8009]
WARNING  : Net PE_output[59][20] is dangling. [VDB-8009]
WARNING  : Net PE_output[59][19] is dangling. [VDB-8009]
WARNING  : Net PE_output[59][18] is dangling. [VDB-8009]
WARNING  : Net PE_output[59][17] is dangling. [VDB-8009]
WARNING  : Net PE_output[59][16] is dangling. [VDB-8009]
WARNING  : Net PE_output[59][15] is dangling. [VDB-8009]
WARNING  : Net PE_output[59][14] is dangling. [VDB-8009]
WARNING  : Net PE_output[59][13] is dangling. [VDB-8009]
WARNING  : Net PE_output[59][12] is dangling. [VDB-8009]
WARNING  : Net PE_output[59][11] is dangling. [VDB-8009]
WARNING  : Net PE_output[59][10] is dangling. [VDB-8009]
WARNING  : Net PE_output[59][9] is dangling. [VDB-8009]
WARNING  : Net PE_output[59][8] is dangling. [VDB-8009]
WARNING  : Net PE_output[59][7] is dangling. [VDB-8009]
WARNING  : Net PE_output[59][6] is dangling. [VDB-8009]
WARNING  : Net PE_output[59][5] is dangling. [VDB-8009]
WARNING  : Net PE_output[59][4] is dangling. [VDB-8009]
WARNING  : Net PE_output[59][3] is dangling. [VDB-8009]
WARNING  : Net PE_output[59][2] is dangling. [VDB-8009]
WARNING  : Net PE_output[59][1] is dangling. [VDB-8009]
WARNING  : Net PE_output[59][0] is dangling. [VDB-8009]
WARNING  : Net PE_output[60][35] is dangling. [VDB-8009]
WARNING  : Net PE_output[60][34] is dangling. [VDB-8009]
WARNING  : Net PE_output[60][33] is dangling. [VDB-8009]
WARNING  : Net PE_output[60][32] is dangling. [VDB-8009]
WARNING  : Net PE_output[60][31] is dangling. [VDB-8009]
WARNING  : Net PE_output[60][30] is dangling. [VDB-8009]
WARNING  : Net PE_output[60][29] is dangling. [VDB-8009]
WARNING  : Net PE_output[60][28] is dangling. [VDB-8009]
WARNING  : Net PE_output[60][27] is dangling. [VDB-8009]
WARNING  : Net PE_output[60][26] is dangling. [VDB-8009]
WARNING  : Net PE_output[60][25] is dangling. [VDB-8009]
WARNING  : Net PE_output[60][24] is dangling. [VDB-8009]
WARNING  : Net PE_output[60][23] is dangling. [VDB-8009]
WARNING  : Net PE_output[60][22] is dangling. [VDB-8009]
WARNING  : Net PE_output[60][21] is dangling. [VDB-8009]
WARNING  : Net PE_output[60][20] is dangling. [VDB-8009]
WARNING  : Net PE_output[60][19] is dangling. [VDB-8009]
WARNING  : Net PE_output[60][18] is dangling. [VDB-8009]
WARNING  : Net PE_output[60][17] is dangling. [VDB-8009]
WARNING  : Net PE_output[60][16] is dangling. [VDB-8009]
WARNING  : Net PE_output[60][15] is dangling. [VDB-8009]
WARNING  : Net PE_output[60][14] is dangling. [VDB-8009]
WARNING  : Net PE_output[60][13] is dangling. [VDB-8009]
WARNING  : Net PE_output[60][12] is dangling. [VDB-8009]
WARNING  : Net PE_output[60][11] is dangling. [VDB-8009]
WARNING  : Net PE_output[60][10] is dangling. [VDB-8009]
WARNING  : Net PE_output[60][9] is dangling. [VDB-8009]
WARNING  : Net PE_output[60][8] is dangling. [VDB-8009]
WARNING  : Net PE_output[60][7] is dangling. [VDB-8009]
WARNING  : Net PE_output[60][6] is dangling. [VDB-8009]
WARNING  : Net PE_output[60][5] is dangling. [VDB-8009]
WARNING  : Net PE_output[60][4] is dangling. [VDB-8009]
WARNING  : Net PE_output[60][3] is dangling. [VDB-8009]
WARNING  : Net PE_output[60][2] is dangling. [VDB-8009]
WARNING  : Net PE_output[60][1] is dangling. [VDB-8009]
WARNING  : Net PE_output[60][0] is dangling. [VDB-8009]
WARNING  : Net PE_output[61][35] is dangling. [VDB-8009]
WARNING  : Net PE_output[61][34] is dangling. [VDB-8009]
WARNING  : Net PE_output[61][33] is dangling. [VDB-8009]
WARNING  : Net PE_output[61][32] is dangling. [VDB-8009]
WARNING  : Net PE_output[61][31] is dangling. [VDB-8009]
WARNING  : Net PE_output[61][30] is dangling. [VDB-8009]
WARNING  : Net PE_output[61][29] is dangling. [VDB-8009]
WARNING  : Net PE_output[61][28] is dangling. [VDB-8009]
WARNING  : Net PE_output[61][27] is dangling. [VDB-8009]
WARNING  : Net PE_output[61][26] is dangling. [VDB-8009]
WARNING  : Net PE_output[61][25] is dangling. [VDB-8009]
WARNING  : Net PE_output[61][24] is dangling. [VDB-8009]
WARNING  : Net PE_output[61][23] is dangling. [VDB-8009]
WARNING  : Net PE_output[61][22] is dangling. [VDB-8009]
WARNING  : Net PE_output[61][21] is dangling. [VDB-8009]
WARNING  : Net PE_output[61][20] is dangling. [VDB-8009]
WARNING  : Net PE_output[61][19] is dangling. [VDB-8009]
WARNING  : Net PE_output[61][18] is dangling. [VDB-8009]
WARNING  : Net PE_output[61][17] is dangling. [VDB-8009]
WARNING  : Net PE_output[61][16] is dangling. [VDB-8009]
WARNING  : Net PE_output[61][15] is dangling. [VDB-8009]
WARNING  : Net PE_output[61][14] is dangling. [VDB-8009]
WARNING  : Net PE_output[61][13] is dangling. [VDB-8009]
WARNING  : Net PE_output[61][12] is dangling. [VDB-8009]
WARNING  : Net PE_output[61][11] is dangling. [VDB-8009]
WARNING  : Net PE_output[61][10] is dangling. [VDB-8009]
WARNING  : Net PE_output[61][9] is dangling. [VDB-8009]
WARNING  : Net PE_output[61][8] is dangling. [VDB-8009]
WARNING  : Net PE_output[61][7] is dangling. [VDB-8009]
WARNING  : Net PE_output[61][6] is dangling. [VDB-8009]
WARNING  : Net PE_output[61][5] is dangling. [VDB-8009]
WARNING  : Net PE_output[61][4] is dangling. [VDB-8009]
WARNING  : Net PE_output[61][3] is dangling. [VDB-8009]
WARNING  : Net PE_output[61][2] is dangling. [VDB-8009]
WARNING  : Net PE_output[61][1] is dangling. [VDB-8009]
WARNING  : Net PE_output[61][0] is dangling. [VDB-8009]
WARNING  : Net PE_output[62][35] is dangling. [VDB-8009]
WARNING  : Net PE_output[62][34] is dangling. [VDB-8009]
WARNING  : Net PE_output[62][33] is dangling. [VDB-8009]
WARNING  : Net PE_output[62][32] is dangling. [VDB-8009]
WARNING  : Net PE_output[62][31] is dangling. [VDB-8009]
WARNING  : Net PE_output[62][30] is dangling. [VDB-8009]
WARNING  : Net PE_output[62][29] is dangling. [VDB-8009]
WARNING  : Net PE_output[62][28] is dangling. [VDB-8009]
WARNING  : Net PE_output[62][27] is dangling. [VDB-8009]
WARNING  : Net PE_output[62][26] is dangling. [VDB-8009]
WARNING  : Net PE_output[62][25] is dangling. [VDB-8009]
WARNING  : Net PE_output[62][24] is dangling. [VDB-8009]
WARNING  : Net PE_output[62][23] is dangling. [VDB-8009]
WARNING  : Net PE_output[62][22] is dangling. [VDB-8009]
WARNING  : Net PE_output[62][21] is dangling. [VDB-8009]
WARNING  : Net PE_output[62][20] is dangling. [VDB-8009]
WARNING  : Net PE_output[62][19] is dangling. [VDB-8009]
WARNING  : Net PE_output[62][18] is dangling. [VDB-8009]
WARNING  : Net PE_output[62][17] is dangling. [VDB-8009]
WARNING  : Net PE_output[62][16] is dangling. [VDB-8009]
WARNING  : Net PE_output[62][15] is dangling. [VDB-8009]
WARNING  : Net PE_output[62][14] is dangling. [VDB-8009]
WARNING  : Net PE_output[62][13] is dangling. [VDB-8009]
WARNING  : Net PE_output[62][12] is dangling. [VDB-8009]
WARNING  : Net PE_output[62][11] is dangling. [VDB-8009]
WARNING  : Net PE_output[62][10] is dangling. [VDB-8009]
WARNING  : Net PE_output[62][9] is dangling. [VDB-8009]
WARNING  : Net PE_output[62][8] is dangling. [VDB-8009]
WARNING  : Net PE_output[62][7] is dangling. [VDB-8009]
WARNING  : Net PE_output[62][6] is dangling. [VDB-8009]
WARNING  : Net PE_output[62][5] is dangling. [VDB-8009]
WARNING  : Net PE_output[62][4] is dangling. [VDB-8009]
WARNING  : Net PE_output[62][3] is dangling. [VDB-8009]
WARNING  : Net PE_output[62][2] is dangling. [VDB-8009]
WARNING  : Net PE_output[62][1] is dangling. [VDB-8009]
WARNING  : Net PE_output[62][0] is dangling. [VDB-8009]
WARNING  : Net PE_output[63][35] is dangling. [VDB-8009]
WARNING  : Net PE_output[63][34] is dangling. [VDB-8009]
WARNING  : Net PE_output[63][33] is dangling. [VDB-8009]
WARNING  : Net PE_output[63][32] is dangling. [VDB-8009]
WARNING  : Net PE_output[63][31] is dangling. [VDB-8009]
WARNING  : Net PE_output[63][30] is dangling. [VDB-8009]
WARNING  : Net PE_output[63][29] is dangling. [VDB-8009]
WARNING  : Net PE_output[63][28] is dangling. [VDB-8009]
WARNING  : Net PE_output[63][27] is dangling. [VDB-8009]
WARNING  : Net PE_output[63][26] is dangling. [VDB-8009]
WARNING  : Net PE_output[63][25] is dangling. [VDB-8009]
WARNING  : Net PE_output[63][24] is dangling. [VDB-8009]
WARNING  : Net PE_output[63][23] is dangling. [VDB-8009]
WARNING  : Net PE_output[63][22] is dangling. [VDB-8009]
WARNING  : Net PE_output[63][21] is dangling. [VDB-8009]
WARNING  : Net PE_output[63][20] is dangling. [VDB-8009]
WARNING  : Net PE_output[63][19] is dangling. [VDB-8009]
WARNING  : Net PE_output[63][18] is dangling. [VDB-8009]
WARNING  : Net PE_output[63][17] is dangling. [VDB-8009]
WARNING  : Net PE_output[63][16] is dangling. [VDB-8009]
WARNING  : Net PE_output[63][15] is dangling. [VDB-8009]
WARNING  : Net PE_output[63][14] is dangling. [VDB-8009]
WARNING  : Net PE_output[63][13] is dangling. [VDB-8009]
WARNING  : Net PE_output[63][12] is dangling. [VDB-8009]
WARNING  : Net PE_output[63][11] is dangling. [VDB-8009]
WARNING  : Net PE_output[63][10] is dangling. [VDB-8009]
WARNING  : Net PE_output[63][9] is dangling. [VDB-8009]
WARNING  : Net PE_output[63][8] is dangling. [VDB-8009]
WARNING  : Net PE_output[63][7] is dangling. [VDB-8009]
WARNING  : Net PE_output[63][6] is dangling. [VDB-8009]
WARNING  : Net PE_output[63][5] is dangling. [VDB-8009]
WARNING  : Net PE_output[63][4] is dangling. [VDB-8009]
WARNING  : Net PE_output[63][3] is dangling. [VDB-8009]
WARNING  : Net PE_output[63][2] is dangling. [VDB-8009]
WARNING  : Net PE_output[63][1] is dangling. [VDB-8009]
WARNING  : Net PE_output[63][0] is dangling. [VDB-8009]
WARNING  : Net PE_output[64][35] is dangling. [VDB-8009]
WARNING  : Net PE_output[64][34] is dangling. [VDB-8009]
WARNING  : Net PE_output[64][33] is dangling. [VDB-8009]
WARNING  : Net PE_output[64][32] is dangling. [VDB-8009]
WARNING  : Net PE_output[64][31] is dangling. [VDB-8009]
WARNING  : Net PE_output[64][30] is dangling. [VDB-8009]
WARNING  : Net PE_output[64][29] is dangling. [VDB-8009]
WARNING  : Net PE_output[64][28] is dangling. [VDB-8009]
WARNING  : Net PE_output[64][27] is dangling. [VDB-8009]
WARNING  : Net PE_output[64][26] is dangling. [VDB-8009]
WARNING  : Net PE_output[64][25] is dangling. [VDB-8009]
WARNING  : Net PE_output[64][24] is dangling. [VDB-8009]
WARNING  : Net PE_output[64][23] is dangling. [VDB-8009]
WARNING  : Net PE_output[64][22] is dangling. [VDB-8009]
WARNING  : Net PE_output[64][21] is dangling. [VDB-8009]
WARNING  : Net PE_output[64][20] is dangling. [VDB-8009]
WARNING  : Net PE_output[64][19] is dangling. [VDB-8009]
WARNING  : Net PE_output[64][18] is dangling. [VDB-8009]
WARNING  : Net PE_output[64][17] is dangling. [VDB-8009]
WARNING  : Net PE_output[64][16] is dangling. [VDB-8009]
WARNING  : Net PE_output[64][15] is dangling. [VDB-8009]
WARNING  : Net PE_output[64][14] is dangling. [VDB-8009]
WARNING  : Net PE_output[64][13] is dangling. [VDB-8009]
WARNING  : Net PE_output[64][12] is dangling. [VDB-8009]
WARNING  : Net PE_output[64][11] is dangling. [VDB-8009]
WARNING  : Net PE_output[64][10] is dangling. [VDB-8009]
WARNING  : Net PE_output[64][9] is dangling. [VDB-8009]
WARNING  : Net PE_output[64][8] is dangling. [VDB-8009]
WARNING  : Net PE_output[64][7] is dangling. [VDB-8009]
WARNING  : Net PE_output[64][6] is dangling. [VDB-8009]
WARNING  : Net PE_output[64][5] is dangling. [VDB-8009]
WARNING  : Net PE_output[64][4] is dangling. [VDB-8009]
WARNING  : Net PE_output[64][3] is dangling. [VDB-8009]
WARNING  : Net PE_output[64][2] is dangling. [VDB-8009]
WARNING  : Net PE_output[64][1] is dangling. [VDB-8009]
WARNING  : Net PE_output[64][0] is dangling. [VDB-8009]
WARNING  : Net PE_output[65][35] is dangling. [VDB-8009]
WARNING  : Net PE_output[65][34] is dangling. [VDB-8009]
WARNING  : Net PE_output[65][33] is dangling. [VDB-8009]
WARNING  : Net PE_output[65][32] is dangling. [VDB-8009]
WARNING  : Net PE_output[65][31] is dangling. [VDB-8009]
WARNING  : Net PE_output[65][30] is dangling. [VDB-8009]
WARNING  : Net PE_output[65][29] is dangling. [VDB-8009]
WARNING  : Net PE_output[65][28] is dangling. [VDB-8009]
WARNING  : Net PE_output[65][27] is dangling. [VDB-8009]
WARNING  : Net PE_output[65][26] is dangling. [VDB-8009]
WARNING  : Net PE_output[65][25] is dangling. [VDB-8009]
WARNING  : Net PE_output[65][24] is dangling. [VDB-8009]
WARNING  : Net PE_output[65][23] is dangling. [VDB-8009]
WARNING  : Net PE_output[65][22] is dangling. [VDB-8009]
WARNING  : Net PE_output[65][21] is dangling. [VDB-8009]
WARNING  : Net PE_output[65][20] is dangling. [VDB-8009]
WARNING  : Net PE_output[65][19] is dangling. [VDB-8009]
WARNING  : Net PE_output[65][18] is dangling. [VDB-8009]
WARNING  : Net PE_output[65][17] is dangling. [VDB-8009]
WARNING  : Net PE_output[65][16] is dangling. [VDB-8009]
WARNING  : Net PE_output[65][15] is dangling. [VDB-8009]
WARNING  : Net PE_output[65][14] is dangling. [VDB-8009]
WARNING  : Net PE_output[65][13] is dangling. [VDB-8009]
WARNING  : Net PE_output[65][12] is dangling. [VDB-8009]
WARNING  : Net PE_output[65][11] is dangling. [VDB-8009]
WARNING  : Net PE_output[65][10] is dangling. [VDB-8009]
WARNING  : Net PE_output[65][9] is dangling. [VDB-8009]
WARNING  : Net PE_output[65][8] is dangling. [VDB-8009]
WARNING  : Net PE_output[65][7] is dangling. [VDB-8009]
WARNING  : Net PE_output[65][6] is dangling. [VDB-8009]
WARNING  : Net PE_output[65][5] is dangling. [VDB-8009]
WARNING  : Net PE_output[65][4] is dangling. [VDB-8009]
WARNING  : Net PE_output[65][3] is dangling. [VDB-8009]
WARNING  : Net PE_output[65][2] is dangling. [VDB-8009]
WARNING  : Net PE_output[65][1] is dangling. [VDB-8009]
WARNING  : Net PE_output[65][0] is dangling. [VDB-8009]
WARNING  : Net PE_output[66][35] is dangling. [VDB-8009]
WARNING  : Net PE_output[66][34] is dangling. [VDB-8009]
WARNING  : Net PE_output[66][33] is dangling. [VDB-8009]
WARNING  : Net PE_output[66][32] is dangling. [VDB-8009]
WARNING  : Net PE_output[66][31] is dangling. [VDB-8009]
WARNING  : Net PE_output[66][30] is dangling. [VDB-8009]
WARNING  : Net PE_output[66][29] is dangling. [VDB-8009]
WARNING  : Net PE_output[66][28] is dangling. [VDB-8009]
WARNING  : Net PE_output[66][27] is dangling. [VDB-8009]
WARNING  : Net PE_output[66][26] is dangling. [VDB-8009]
WARNING  : Net PE_output[66][25] is dangling. [VDB-8009]
WARNING  : Net PE_output[66][24] is dangling. [VDB-8009]
WARNING  : Net PE_output[66][23] is dangling. [VDB-8009]
WARNING  : Net PE_output[66][22] is dangling. [VDB-8009]
WARNING  : Net PE_output[66][21] is dangling. [VDB-8009]
WARNING  : Net PE_output[66][20] is dangling. [VDB-8009]
WARNING  : Net PE_output[66][19] is dangling. [VDB-8009]
WARNING  : Net PE_output[66][18] is dangling. [VDB-8009]
WARNING  : Net PE_output[66][17] is dangling. [VDB-8009]
WARNING  : Net PE_output[66][16] is dangling. [VDB-8009]
WARNING  : Net PE_output[66][15] is dangling. [VDB-8009]
WARNING  : Net PE_output[66][14] is dangling. [VDB-8009]
WARNING  : Net PE_output[66][13] is dangling. [VDB-8009]
WARNING  : Net PE_output[66][12] is dangling. [VDB-8009]
WARNING  : Net PE_output[66][11] is dangling. [VDB-8009]
WARNING  : Net PE_output[66][10] is dangling. [VDB-8009]
WARNING  : Net PE_output[66][9] is dangling. [VDB-8009]
WARNING  : Net PE_output[66][8] is dangling. [VDB-8009]
WARNING  : Net PE_output[66][7] is dangling. [VDB-8009]
WARNING  : Net PE_output[66][6] is dangling. [VDB-8009]
WARNING  : Net PE_output[66][5] is dangling. [VDB-8009]
WARNING  : Net PE_output[66][4] is dangling. [VDB-8009]
WARNING  : Net PE_output[66][3] is dangling. [VDB-8009]
WARNING  : Net PE_output[66][2] is dangling. [VDB-8009]
WARNING  : Net PE_output[66][1] is dangling. [VDB-8009]
WARNING  : Net PE_output[66][0] is dangling. [VDB-8009]
WARNING  : Net PE_output[67][35] is dangling. [VDB-8009]
WARNING  : Net PE_output[67][34] is dangling. [VDB-8009]
WARNING  : Net PE_output[67][33] is dangling. [VDB-8009]
WARNING  : Net PE_output[67][32] is dangling. [VDB-8009]
WARNING  : Net PE_output[67][31] is dangling. [VDB-8009]
WARNING  : Net PE_output[67][30] is dangling. [VDB-8009]
WARNING  : Net PE_output[67][29] is dangling. [VDB-8009]
WARNING  : Net PE_output[67][28] is dangling. [VDB-8009]
WARNING  : Net PE_output[67][27] is dangling. [VDB-8009]
WARNING  : Net PE_output[67][26] is dangling. [VDB-8009]
WARNING  : Net PE_output[67][25] is dangling. [VDB-8009]
WARNING  : Net PE_output[67][24] is dangling. [VDB-8009]
WARNING  : Net PE_output[67][23] is dangling. [VDB-8009]
WARNING  : Net PE_output[67][22] is dangling. [VDB-8009]
WARNING  : Net PE_output[67][21] is dangling. [VDB-8009]
WARNING  : Net PE_output[67][20] is dangling. [VDB-8009]
WARNING  : Net PE_output[67][19] is dangling. [VDB-8009]
WARNING  : Net PE_output[67][18] is dangling. [VDB-8009]
WARNING  : Net PE_output[67][17] is dangling. [VDB-8009]
WARNING  : Net PE_output[67][16] is dangling. [VDB-8009]
WARNING  : Net PE_output[67][15] is dangling. [VDB-8009]
WARNING  : Net PE_output[67][14] is dangling. [VDB-8009]
WARNING  : Net PE_output[67][13] is dangling. [VDB-8009]
WARNING  : Net PE_output[67][12] is dangling. [VDB-8009]
WARNING  : Net PE_output[67][11] is dangling. [VDB-8009]
WARNING  : Net PE_output[67][10] is dangling. [VDB-8009]
WARNING  : Net PE_output[67][9] is dangling. [VDB-8009]
WARNING  : Net PE_output[67][8] is dangling. [VDB-8009]
WARNING  : Net PE_output[67][7] is dangling. [VDB-8009]
WARNING  : Net PE_output[67][6] is dangling. [VDB-8009]
WARNING  : Net PE_output[67][5] is dangling. [VDB-8009]
WARNING  : Net PE_output[67][4] is dangling. [VDB-8009]
WARNING  : Net PE_output[67][3] is dangling. [VDB-8009]
WARNING  : Net PE_output[67][2] is dangling. [VDB-8009]
WARNING  : Net PE_output[67][1] is dangling. [VDB-8009]
WARNING  : Net PE_output[67][0] is dangling. [VDB-8009]
WARNING  : Net PE_output[68][35] is dangling. [VDB-8009]
WARNING  : Net PE_output[68][34] is dangling. [VDB-8009]
WARNING  : Net PE_output[68][33] is dangling. [VDB-8009]
WARNING  : Net PE_output[68][32] is dangling. [VDB-8009]
WARNING  : Net PE_output[68][31] is dangling. [VDB-8009]
WARNING  : Net PE_output[68][30] is dangling. [VDB-8009]
WARNING  : Net PE_output[68][29] is dangling. [VDB-8009]
WARNING  : Net PE_output[68][28] is dangling. [VDB-8009]
WARNING  : Net PE_output[68][27] is dangling. [VDB-8009]
WARNING  : Net PE_output[68][26] is dangling. [VDB-8009]
WARNING  : Net PE_output[68][25] is dangling. [VDB-8009]
WARNING  : Net PE_output[68][24] is dangling. [VDB-8009]
WARNING  : Net PE_output[68][23] is dangling. [VDB-8009]
WARNING  : Net PE_output[68][22] is dangling. [VDB-8009]
WARNING  : Net PE_output[68][21] is dangling. [VDB-8009]
WARNING  : Net PE_output[68][20] is dangling. [VDB-8009]
WARNING  : Net PE_output[68][19] is dangling. [VDB-8009]
WARNING  : Net PE_output[68][18] is dangling. [VDB-8009]
WARNING  : Net PE_output[68][17] is dangling. [VDB-8009]
WARNING  : Net PE_output[68][16] is dangling. [VDB-8009]
WARNING  : Net PE_output[68][15] is dangling. [VDB-8009]
WARNING  : Net PE_output[68][14] is dangling. [VDB-8009]
WARNING  : Net PE_output[68][13] is dangling. [VDB-8009]
WARNING  : Net PE_output[68][12] is dangling. [VDB-8009]
WARNING  : Net PE_output[68][11] is dangling. [VDB-8009]
WARNING  : Net PE_output[68][10] is dangling. [VDB-8009]
WARNING  : Net PE_output[68][9] is dangling. [VDB-8009]
WARNING  : Net PE_output[68][8] is dangling. [VDB-8009]
WARNING  : Net PE_output[68][7] is dangling. [VDB-8009]
WARNING  : Net PE_output[68][6] is dangling. [VDB-8009]
WARNING  : Net PE_output[68][5] is dangling. [VDB-8009]
WARNING  : Net PE_output[68][4] is dangling. [VDB-8009]
WARNING  : Net PE_output[68][3] is dangling. [VDB-8009]
WARNING  : Net PE_output[68][2] is dangling. [VDB-8009]
WARNING  : Net PE_output[68][1] is dangling. [VDB-8009]
WARNING  : Net PE_output[68][0] is dangling. [VDB-8009]
WARNING  : Net PE_output[69][35] is dangling. [VDB-8009]
WARNING  : Net PE_output[69][34] is dangling. [VDB-8009]
WARNING  : Net PE_output[69][33] is dangling. [VDB-8009]
WARNING  : Net PE_output[69][32] is dangling. [VDB-8009]
WARNING  : Net PE_output[69][31] is dangling. [VDB-8009]
WARNING  : Net PE_output[69][30] is dangling. [VDB-8009]
WARNING  : Net PE_output[69][29] is dangling. [VDB-8009]
WARNING  : Net PE_output[69][28] is dangling. [VDB-8009]
WARNING  : Net PE_output[69][27] is dangling. [VDB-8009]
WARNING  : Net PE_output[69][26] is dangling. [VDB-8009]
WARNING  : Net PE_output[69][25] is dangling. [VDB-8009]
WARNING  : Net PE_output[69][24] is dangling. [VDB-8009]
WARNING  : Net PE_output[69][23] is dangling. [VDB-8009]
WARNING  : Net PE_output[69][22] is dangling. [VDB-8009]
WARNING  : Net PE_output[69][21] is dangling. [VDB-8009]
WARNING  : Net PE_output[69][20] is dangling. [VDB-8009]
WARNING  : Net PE_output[69][19] is dangling. [VDB-8009]
WARNING  : Net PE_output[69][18] is dangling. [VDB-8009]
WARNING  : Net PE_output[69][17] is dangling. [VDB-8009]
WARNING  : Net PE_output[69][16] is dangling. [VDB-8009]
WARNING  : Net PE_output[69][15] is dangling. [VDB-8009]
WARNING  : Net PE_output[69][14] is dangling. [VDB-8009]
WARNING  : Net PE_output[69][13] is dangling. [VDB-8009]
WARNING  : Net PE_output[69][12] is dangling. [VDB-8009]
WARNING  : Net PE_output[69][11] is dangling. [VDB-8009]
WARNING  : Net PE_output[69][10] is dangling. [VDB-8009]
WARNING  : Net PE_output[69][9] is dangling. [VDB-8009]
WARNING  : Net PE_output[69][8] is dangling. [VDB-8009]
WARNING  : Net PE_output[69][7] is dangling. [VDB-8009]
WARNING  : Net PE_output[69][6] is dangling. [VDB-8009]
WARNING  : Net PE_output[69][5] is dangling. [VDB-8009]
WARNING  : Net PE_output[69][4] is dangling. [VDB-8009]
WARNING  : Net PE_output[69][3] is dangling. [VDB-8009]
WARNING  : Net PE_output[69][2] is dangling. [VDB-8009]
WARNING  : Net PE_output[69][1] is dangling. [VDB-8009]
WARNING  : Net PE_output[69][0] is dangling. [VDB-8009]
WARNING  : Net PE_output[70][35] is dangling. [VDB-8009]
WARNING  : Net PE_output[70][34] is dangling. [VDB-8009]
WARNING  : Net PE_output[70][33] is dangling. [VDB-8009]
WARNING  : Net PE_output[70][32] is dangling. [VDB-8009]
WARNING  : Net PE_output[70][31] is dangling. [VDB-8009]
WARNING  : Net PE_output[70][30] is dangling. [VDB-8009]
WARNING  : Net PE_output[70][29] is dangling. [VDB-8009]
WARNING  : Net PE_output[70][28] is dangling. [VDB-8009]
WARNING  : Net PE_output[70][27] is dangling. [VDB-8009]
WARNING  : Net PE_output[70][26] is dangling. [VDB-8009]
WARNING  : Net PE_output[70][25] is dangling. [VDB-8009]
WARNING  : Net PE_output[70][24] is dangling. [VDB-8009]
WARNING  : Net PE_output[70][23] is dangling. [VDB-8009]
WARNING  : Net PE_output[70][22] is dangling. [VDB-8009]
WARNING  : Net PE_output[70][21] is dangling. [VDB-8009]
WARNING  : Net PE_output[70][20] is dangling. [VDB-8009]
WARNING  : Net PE_output[70][19] is dangling. [VDB-8009]
WARNING  : Net PE_output[70][18] is dangling. [VDB-8009]
WARNING  : Net PE_output[70][17] is dangling. [VDB-8009]
WARNING  : Net PE_output[70][16] is dangling. [VDB-8009]
WARNING  : Net PE_output[70][15] is dangling. [VDB-8009]
WARNING  : Net PE_output[70][14] is dangling. [VDB-8009]
WARNING  : Net PE_output[70][13] is dangling. [VDB-8009]
WARNING  : Net PE_output[70][12] is dangling. [VDB-8009]
WARNING  : Net PE_output[70][11] is dangling. [VDB-8009]
WARNING  : Net PE_output[70][10] is dangling. [VDB-8009]
WARNING  : Net PE_output[70][9] is dangling. [VDB-8009]
WARNING  : Net PE_output[70][8] is dangling. [VDB-8009]
WARNING  : Net PE_output[70][7] is dangling. [VDB-8009]
WARNING  : Net PE_output[70][6] is dangling. [VDB-8009]
WARNING  : Net PE_output[70][5] is dangling. [VDB-8009]
WARNING  : Net PE_output[70][4] is dangling. [VDB-8009]
WARNING  : Net PE_output[70][3] is dangling. [VDB-8009]
WARNING  : Net PE_output[70][2] is dangling. [VDB-8009]
WARNING  : Net PE_output[70][1] is dangling. [VDB-8009]
WARNING  : Net PE_output[70][0] is dangling. [VDB-8009]
WARNING  : Net PE_output[71][35] is dangling. [VDB-8009]
WARNING  : Net PE_output[71][34] is dangling. [VDB-8009]
WARNING  : Net PE_output[71][33] is dangling. [VDB-8009]
WARNING  : Net PE_output[71][32] is dangling. [VDB-8009]
WARNING  : Net PE_output[71][31] is dangling. [VDB-8009]
WARNING  : Net PE_output[71][30] is dangling. [VDB-8009]
WARNING  : Net PE_output[71][29] is dangling. [VDB-8009]
WARNING  : Net PE_output[71][28] is dangling. [VDB-8009]
WARNING  : Net PE_output[71][27] is dangling. [VDB-8009]
WARNING  : Net PE_output[71][26] is dangling. [VDB-8009]
WARNING  : Net PE_output[71][25] is dangling. [VDB-8009]
WARNING  : Net PE_output[71][24] is dangling. [VDB-8009]
WARNING  : Net PE_output[71][23] is dangling. [VDB-8009]
WARNING  : Net PE_output[71][22] is dangling. [VDB-8009]
WARNING  : Net PE_output[71][21] is dangling. [VDB-8009]
WARNING  : Net PE_output[71][20] is dangling. [VDB-8009]
WARNING  : Net PE_output[71][19] is dangling. [VDB-8009]
WARNING  : Net PE_output[71][18] is dangling. [VDB-8009]
WARNING  : Net PE_output[71][17] is dangling. [VDB-8009]
WARNING  : Net PE_output[71][16] is dangling. [VDB-8009]
WARNING  : Net PE_output[71][15] is dangling. [VDB-8009]
WARNING  : Net PE_output[71][14] is dangling. [VDB-8009]
WARNING  : Net PE_output[71][13] is dangling. [VDB-8009]
WARNING  : Net PE_output[71][12] is dangling. [VDB-8009]
WARNING  : Net PE_output[71][11] is dangling. [VDB-8009]
WARNING  : Net PE_output[71][10] is dangling. [VDB-8009]
WARNING  : Net PE_output[71][9] is dangling. [VDB-8009]
WARNING  : Net PE_output[71][8] is dangling. [VDB-8009]
WARNING  : Net PE_output[71][7] is dangling. [VDB-8009]
WARNING  : Net PE_output[71][6] is dangling. [VDB-8009]
WARNING  : Net PE_output[71][5] is dangling. [VDB-8009]
WARNING  : Net PE_output[71][4] is dangling. [VDB-8009]
WARNING  : Net PE_output[71][3] is dangling. [VDB-8009]
WARNING  : Net PE_output[71][2] is dangling. [VDB-8009]
WARNING  : Net PE_output[71][1] is dangling. [VDB-8009]
WARNING  : Net PE_output[71][0] is dangling. [VDB-8009]
WARNING  : Net PE_output[72][35] is dangling. [VDB-8009]
WARNING  : Net PE_output[72][34] is dangling. [VDB-8009]
WARNING  : Net PE_output[72][33] is dangling. [VDB-8009]
WARNING  : Net PE_output[72][32] is dangling. [VDB-8009]
WARNING  : Net PE_output[72][31] is dangling. [VDB-8009]
WARNING  : Net PE_output[72][30] is dangling. [VDB-8009]
WARNING  : Net PE_output[72][29] is dangling. [VDB-8009]
WARNING  : Net PE_output[72][28] is dangling. [VDB-8009]
WARNING  : Net PE_output[72][27] is dangling. [VDB-8009]
WARNING  : Net PE_output[72][26] is dangling. [VDB-8009]
WARNING  : Net PE_output[72][25] is dangling. [VDB-8009]
WARNING  : Net PE_output[72][24] is dangling. [VDB-8009]
WARNING  : Net PE_output[72][23] is dangling. [VDB-8009]
WARNING  : Net PE_output[72][22] is dangling. [VDB-8009]
WARNING  : Net PE_output[72][21] is dangling. [VDB-8009]
WARNING  : Net PE_output[72][20] is dangling. [VDB-8009]
WARNING  : Net PE_output[72][19] is dangling. [VDB-8009]
WARNING  : Net PE_output[72][18] is dangling. [VDB-8009]
WARNING  : Net PE_output[72][17] is dangling. [VDB-8009]
WARNING  : Net PE_output[72][16] is dangling. [VDB-8009]
WARNING  : Net PE_output[72][15] is dangling. [VDB-8009]
WARNING  : Net PE_output[72][14] is dangling. [VDB-8009]
WARNING  : Net PE_output[72][13] is dangling. [VDB-8009]
WARNING  : Net PE_output[72][12] is dangling. [VDB-8009]
WARNING  : Net PE_output[72][11] is dangling. [VDB-8009]
WARNING  : Net PE_output[72][10] is dangling. [VDB-8009]
WARNING  : Net PE_output[72][9] is dangling. [VDB-8009]
WARNING  : Net PE_output[72][8] is dangling. [VDB-8009]
WARNING  : Net PE_output[72][7] is dangling. [VDB-8009]
WARNING  : Net PE_output[72][6] is dangling. [VDB-8009]
WARNING  : Net PE_output[72][5] is dangling. [VDB-8009]
WARNING  : Net PE_output[72][4] is dangling. [VDB-8009]
WARNING  : Net PE_output[72][3] is dangling. [VDB-8009]
WARNING  : Net PE_output[72][2] is dangling. [VDB-8009]
WARNING  : Net PE_output[72][1] is dangling. [VDB-8009]
WARNING  : Net PE_output[72][0] is dangling. [VDB-8009]
WARNING  : Net PE_output[73][35] is dangling. [VDB-8009]
WARNING  : Net PE_output[73][34] is dangling. [VDB-8009]
WARNING  : Net PE_output[73][33] is dangling. [VDB-8009]
WARNING  : Net PE_output[73][32] is dangling. [VDB-8009]
WARNING  : Net PE_output[73][31] is dangling. [VDB-8009]
WARNING  : Net PE_output[73][30] is dangling. [VDB-8009]
WARNING  : Net PE_output[73][29] is dangling. [VDB-8009]
WARNING  : Net PE_output[73][28] is dangling. [VDB-8009]
WARNING  : Net PE_output[73][27] is dangling. [VDB-8009]
WARNING  : Net PE_output[73][26] is dangling. [VDB-8009]
WARNING  : Net PE_output[73][25] is dangling. [VDB-8009]
WARNING  : Net PE_output[73][24] is dangling. [VDB-8009]
WARNING  : Net PE_output[73][23] is dangling. [VDB-8009]
WARNING  : Net PE_output[73][22] is dangling. [VDB-8009]
WARNING  : Net PE_output[73][21] is dangling. [VDB-8009]
WARNING  : Net PE_output[73][20] is dangling. [VDB-8009]
WARNING  : Net PE_output[73][19] is dangling. [VDB-8009]
WARNING  : Net PE_output[73][18] is dangling. [VDB-8009]
WARNING  : Net PE_output[73][17] is dangling. [VDB-8009]
WARNING  : Net PE_output[73][16] is dangling. [VDB-8009]
WARNING  : Net PE_output[73][15] is dangling. [VDB-8009]
WARNING  : Net PE_output[73][14] is dangling. [VDB-8009]
WARNING  : Net PE_output[73][13] is dangling. [VDB-8009]
WARNING  : Net PE_output[73][12] is dangling. [VDB-8009]
WARNING  : Net PE_output[73][11] is dangling. [VDB-8009]
WARNING  : Net PE_output[73][10] is dangling. [VDB-8009]
WARNING  : Net PE_output[73][9] is dangling. [VDB-8009]
WARNING  : Net PE_output[73][8] is dangling. [VDB-8009]
WARNING  : Net PE_output[73][7] is dangling. [VDB-8009]
WARNING  : Net PE_output[73][6] is dangling. [VDB-8009]
WARNING  : Net PE_output[73][5] is dangling. [VDB-8009]
WARNING  : Net PE_output[73][4] is dangling. [VDB-8009]
WARNING  : Net PE_output[73][3] is dangling. [VDB-8009]
WARNING  : Net PE_output[73][2] is dangling. [VDB-8009]
WARNING  : Net PE_output[73][1] is dangling. [VDB-8009]
WARNING  : Net PE_output[73][0] is dangling. [VDB-8009]
WARNING  : Net PE_output[74][35] is dangling. [VDB-8009]
WARNING  : Net PE_output[74][34] is dangling. [VDB-8009]
WARNING  : Net PE_output[74][33] is dangling. [VDB-8009]
WARNING  : Net PE_output[74][32] is dangling. [VDB-8009]
WARNING  : Net PE_output[74][31] is dangling. [VDB-8009]
WARNING  : Net PE_output[74][30] is dangling. [VDB-8009]
WARNING  : Net PE_output[74][29] is dangling. [VDB-8009]
WARNING  : Net PE_output[74][28] is dangling. [VDB-8009]
WARNING  : Net PE_output[74][27] is dangling. [VDB-8009]
WARNING  : Net PE_output[74][26] is dangling. [VDB-8009]
WARNING  : Net PE_output[74][25] is dangling. [VDB-8009]
WARNING  : Net PE_output[74][24] is dangling. [VDB-8009]
WARNING  : Net PE_output[74][23] is dangling. [VDB-8009]
WARNING  : Net PE_output[74][22] is dangling. [VDB-8009]
WARNING  : Net PE_output[74][21] is dangling. [VDB-8009]
WARNING  : Net PE_output[74][20] is dangling. [VDB-8009]
WARNING  : Net PE_output[74][19] is dangling. [VDB-8009]
WARNING  : Net PE_output[74][18] is dangling. [VDB-8009]
WARNING  : Net PE_output[74][17] is dangling. [VDB-8009]
WARNING  : Net PE_output[74][16] is dangling. [VDB-8009]
WARNING  : Net PE_output[74][15] is dangling. [VDB-8009]
WARNING  : Net PE_output[74][14] is dangling. [VDB-8009]
WARNING  : Net PE_output[74][13] is dangling. [VDB-8009]
WARNING  : Net PE_output[74][12] is dangling. [VDB-8009]
WARNING  : Net PE_output[74][11] is dangling. [VDB-8009]
WARNING  : Net PE_output[74][10] is dangling. [VDB-8009]
WARNING  : Net PE_output[74][9] is dangling. [VDB-8009]
WARNING  : Net PE_output[74][8] is dangling. [VDB-8009]
WARNING  : Net PE_output[74][7] is dangling. [VDB-8009]
WARNING  : Net PE_output[74][6] is dangling. [VDB-8009]
WARNING  : Net PE_output[74][5] is dangling. [VDB-8009]
WARNING  : Net PE_output[74][4] is dangling. [VDB-8009]
WARNING  : Net PE_output[74][3] is dangling. [VDB-8009]
WARNING  : Net PE_output[74][2] is dangling. [VDB-8009]
WARNING  : Net PE_output[74][1] is dangling. [VDB-8009]
WARNING  : Net PE_output[74][0] is dangling. [VDB-8009]
WARNING  : Net PE_output[75][35] is dangling. [VDB-8009]
WARNING  : Net PE_output[75][34] is dangling. [VDB-8009]
WARNING  : Net PE_output[75][33] is dangling. [VDB-8009]
WARNING  : Net PE_output[75][32] is dangling. [VDB-8009]
WARNING  : Net PE_output[75][31] is dangling. [VDB-8009]
WARNING  : Net PE_output[75][30] is dangling. [VDB-8009]
WARNING  : Net PE_output[75][29] is dangling. [VDB-8009]
WARNING  : Net PE_output[75][28] is dangling. [VDB-8009]
WARNING  : Net PE_output[75][27] is dangling. [VDB-8009]
WARNING  : Net PE_output[75][26] is dangling. [VDB-8009]
WARNING  : Net PE_output[75][25] is dangling. [VDB-8009]
WARNING  : Net PE_output[75][24] is dangling. [VDB-8009]
WARNING  : Net PE_output[75][23] is dangling. [VDB-8009]
WARNING  : Net PE_output[75][22] is dangling. [VDB-8009]
WARNING  : Net PE_output[75][21] is dangling. [VDB-8009]
WARNING  : Net PE_output[75][20] is dangling. [VDB-8009]
WARNING  : Net PE_output[75][19] is dangling. [VDB-8009]
WARNING  : Net PE_output[75][18] is dangling. [VDB-8009]
WARNING  : Net PE_output[75][17] is dangling. [VDB-8009]
WARNING  : Net PE_output[75][16] is dangling. [VDB-8009]
WARNING  : Net PE_output[75][15] is dangling. [VDB-8009]
WARNING  : Net PE_output[75][14] is dangling. [VDB-8009]
WARNING  : Net PE_output[75][13] is dangling. [VDB-8009]
WARNING  : Net PE_output[75][12] is dangling. [VDB-8009]
WARNING  : Net PE_output[75][11] is dangling. [VDB-8009]
WARNING  : Net PE_output[75][10] is dangling. [VDB-8009]
WARNING  : Net PE_output[75][9] is dangling. [VDB-8009]
WARNING  : Net PE_output[75][8] is dangling. [VDB-8009]
WARNING  : Net PE_output[75][7] is dangling. [VDB-8009]
WARNING  : Net PE_output[75][6] is dangling. [VDB-8009]
WARNING  : Net PE_output[75][5] is dangling. [VDB-8009]
WARNING  : Net PE_output[75][4] is dangling. [VDB-8009]
WARNING  : Net PE_output[75][3] is dangling. [VDB-8009]
WARNING  : Net PE_output[75][2] is dangling. [VDB-8009]
WARNING  : Net PE_output[75][1] is dangling. [VDB-8009]
WARNING  : Net PE_output[75][0] is dangling. [VDB-8009]
WARNING  : Net PE_output[76][35] is dangling. [VDB-8009]
WARNING  : Net PE_output[76][34] is dangling. [VDB-8009]
WARNING  : Net PE_output[76][33] is dangling. [VDB-8009]
WARNING  : Net PE_output[76][32] is dangling. [VDB-8009]
WARNING  : Net PE_output[76][31] is dangling. [VDB-8009]
WARNING  : Net PE_output[76][30] is dangling. [VDB-8009]
WARNING  : Net PE_output[76][29] is dangling. [VDB-8009]
WARNING  : Net PE_output[76][28] is dangling. [VDB-8009]
WARNING  : Net PE_output[76][27] is dangling. [VDB-8009]
WARNING  : Net PE_output[76][26] is dangling. [VDB-8009]
WARNING  : Net PE_output[76][25] is dangling. [VDB-8009]
WARNING  : Net PE_output[76][24] is dangling. [VDB-8009]
WARNING  : Net PE_output[76][23] is dangling. [VDB-8009]
WARNING  : Net PE_output[76][22] is dangling. [VDB-8009]
WARNING  : Net PE_output[76][21] is dangling. [VDB-8009]
WARNING  : Net PE_output[76][20] is dangling. [VDB-8009]
WARNING  : Net PE_output[76][19] is dangling. [VDB-8009]
WARNING  : Net PE_output[76][18] is dangling. [VDB-8009]
WARNING  : Net PE_output[76][17] is dangling. [VDB-8009]
WARNING  : Net PE_output[76][16] is dangling. [VDB-8009]
WARNING  : Net PE_output[76][15] is dangling. [VDB-8009]
WARNING  : Net PE_output[76][14] is dangling. [VDB-8009]
WARNING  : Net PE_output[76][13] is dangling. [VDB-8009]
WARNING  : Net PE_output[76][12] is dangling. [VDB-8009]
WARNING  : Net PE_output[76][11] is dangling. [VDB-8009]
WARNING  : Net PE_output[76][10] is dangling. [VDB-8009]
WARNING  : Net PE_output[76][9] is dangling. [VDB-8009]
WARNING  : Net PE_output[76][8] is dangling. [VDB-8009]
WARNING  : Net PE_output[76][7] is dangling. [VDB-8009]
WARNING  : Net PE_output[76][6] is dangling. [VDB-8009]
WARNING  : Net PE_output[76][5] is dangling. [VDB-8009]
WARNING  : Net PE_output[76][4] is dangling. [VDB-8009]
WARNING  : Net PE_output[76][3] is dangling. [VDB-8009]
WARNING  : Net PE_output[76][2] is dangling. [VDB-8009]
WARNING  : Net PE_output[76][1] is dangling. [VDB-8009]
WARNING  : Net PE_output[76][0] is dangling. [VDB-8009]
WARNING  : Net PE_output[77][35] is dangling. [VDB-8009]
WARNING  : Net PE_output[77][34] is dangling. [VDB-8009]
WARNING  : Net PE_output[77][33] is dangling. [VDB-8009]
WARNING  : Net PE_output[77][32] is dangling. [VDB-8009]
WARNING  : Net PE_output[77][31] is dangling. [VDB-8009]
WARNING  : Net PE_output[77][30] is dangling. [VDB-8009]
WARNING  : Net PE_output[77][29] is dangling. [VDB-8009]
WARNING  : Net PE_output[77][28] is dangling. [VDB-8009]
WARNING  : Net PE_output[77][27] is dangling. [VDB-8009]
WARNING  : Net PE_output[77][26] is dangling. [VDB-8009]
WARNING  : Net PE_output[77][25] is dangling. [VDB-8009]
WARNING  : Net PE_output[77][24] is dangling. [VDB-8009]
WARNING  : Net PE_output[77][23] is dangling. [VDB-8009]
WARNING  : Net PE_output[77][22] is dangling. [VDB-8009]
WARNING  : Net PE_output[77][21] is dangling. [VDB-8009]
WARNING  : Net PE_output[77][20] is dangling. [VDB-8009]
WARNING  : Net PE_output[77][19] is dangling. [VDB-8009]
WARNING  : Net PE_output[77][18] is dangling. [VDB-8009]
WARNING  : Net PE_output[77][17] is dangling. [VDB-8009]
WARNING  : Net PE_output[77][16] is dangling. [VDB-8009]
WARNING  : Net PE_output[77][15] is dangling. [VDB-8009]
WARNING  : Net PE_output[77][14] is dangling. [VDB-8009]
WARNING  : Net PE_output[77][13] is dangling. [VDB-8009]
WARNING  : Net PE_output[77][12] is dangling. [VDB-8009]
WARNING  : Net PE_output[77][11] is dangling. [VDB-8009]
WARNING  : Net PE_output[77][10] is dangling. [VDB-8009]
WARNING  : Net PE_output[77][9] is dangling. [VDB-8009]
WARNING  : Net PE_output[77][8] is dangling. [VDB-8009]
WARNING  : Net PE_output[77][7] is dangling. [VDB-8009]
WARNING  : Net PE_output[77][6] is dangling. [VDB-8009]
WARNING  : Net PE_output[77][5] is dangling. [VDB-8009]
WARNING  : Net PE_output[77][4] is dangling. [VDB-8009]
WARNING  : Net PE_output[77][3] is dangling. [VDB-8009]
WARNING  : Net PE_output[77][2] is dangling. [VDB-8009]
WARNING  : Net PE_output[77][1] is dangling. [VDB-8009]
WARNING  : Net PE_output[77][0] is dangling. [VDB-8009]
WARNING  : Net PE_output[78][35] is dangling. [VDB-8009]
WARNING  : Net PE_output[78][34] is dangling. [VDB-8009]
WARNING  : Net PE_output[78][33] is dangling. [VDB-8009]
WARNING  : Net PE_output[78][32] is dangling. [VDB-8009]
WARNING  : Net PE_output[78][31] is dangling. [VDB-8009]
WARNING  : Net PE_output[78][30] is dangling. [VDB-8009]
WARNING  : Net PE_output[78][29] is dangling. [VDB-8009]
WARNING  : Net PE_output[78][28] is dangling. [VDB-8009]
WARNING  : Net PE_output[78][27] is dangling. [VDB-8009]
WARNING  : Net PE_output[78][26] is dangling. [VDB-8009]
WARNING  : Net PE_output[78][25] is dangling. [VDB-8009]
WARNING  : Net PE_output[78][24] is dangling. [VDB-8009]
WARNING  : Net PE_output[78][23] is dangling. [VDB-8009]
WARNING  : Net PE_output[78][22] is dangling. [VDB-8009]
WARNING  : Net PE_output[78][21] is dangling. [VDB-8009]
WARNING  : Net PE_output[78][20] is dangling. [VDB-8009]
WARNING  : Net PE_output[78][19] is dangling. [VDB-8009]
WARNING  : Net PE_output[78][18] is dangling. [VDB-8009]
WARNING  : Net PE_output[78][17] is dangling. [VDB-8009]
WARNING  : Net PE_output[78][16] is dangling. [VDB-8009]
WARNING  : Net PE_output[78][15] is dangling. [VDB-8009]
WARNING  : Net PE_output[78][14] is dangling. [VDB-8009]
WARNING  : Net PE_output[78][13] is dangling. [VDB-8009]
WARNING  : Net PE_output[78][12] is dangling. [VDB-8009]
WARNING  : Net PE_output[78][11] is dangling. [VDB-8009]
WARNING  : Net PE_output[78][10] is dangling. [VDB-8009]
WARNING  : Net PE_output[78][9] is dangling. [VDB-8009]
WARNING  : Net PE_output[78][8] is dangling. [VDB-8009]
WARNING  : Net PE_output[78][7] is dangling. [VDB-8009]
WARNING  : Net PE_output[78][6] is dangling. [VDB-8009]
WARNING  : Net PE_output[78][5] is dangling. [VDB-8009]
WARNING  : Net PE_output[78][4] is dangling. [VDB-8009]
WARNING  : Net PE_output[78][3] is dangling. [VDB-8009]
WARNING  : Net PE_output[78][2] is dangling. [VDB-8009]
WARNING  : Net PE_output[78][1] is dangling. [VDB-8009]
WARNING  : Net PE_output[78][0] is dangling. [VDB-8009]
WARNING  : Net PE_output[79][35] is dangling. [VDB-8009]
WARNING  : Net PE_output[79][34] is dangling. [VDB-8009]
WARNING  : Net PE_output[79][33] is dangling. [VDB-8009]
WARNING  : Net PE_output[79][32] is dangling. [VDB-8009]
WARNING  : Net PE_output[79][31] is dangling. [VDB-8009]
WARNING  : Net PE_output[79][30] is dangling. [VDB-8009]
WARNING  : Net PE_output[79][29] is dangling. [VDB-8009]
WARNING  : Net PE_output[79][28] is dangling. [VDB-8009]
WARNING  : Net PE_output[79][27] is dangling. [VDB-8009]
WARNING  : Net PE_output[79][26] is dangling. [VDB-8009]
WARNING  : Net PE_output[79][25] is dangling. [VDB-8009]
WARNING  : Net PE_output[79][24] is dangling. [VDB-8009]
WARNING  : Net PE_output[79][23] is dangling. [VDB-8009]
WARNING  : Net PE_output[79][22] is dangling. [VDB-8009]
WARNING  : Net PE_output[79][21] is dangling. [VDB-8009]
WARNING  : Net PE_output[79][20] is dangling. [VDB-8009]
WARNING  : Net PE_output[79][19] is dangling. [VDB-8009]
WARNING  : Net PE_output[79][18] is dangling. [VDB-8009]
WARNING  : Net PE_output[79][17] is dangling. [VDB-8009]
WARNING  : Net PE_output[79][16] is dangling. [VDB-8009]
WARNING  : Net PE_output[79][15] is dangling. [VDB-8009]
WARNING  : Net PE_output[79][14] is dangling. [VDB-8009]
WARNING  : Net PE_output[79][13] is dangling. [VDB-8009]
WARNING  : Net PE_output[79][12] is dangling. [VDB-8009]
WARNING  : Net PE_output[79][11] is dangling. [VDB-8009]
WARNING  : Net PE_output[79][10] is dangling. [VDB-8009]
WARNING  : Net PE_output[79][9] is dangling. [VDB-8009]
WARNING  : Net PE_output[79][8] is dangling. [VDB-8009]
WARNING  : Net PE_output[79][7] is dangling. [VDB-8009]
WARNING  : Net PE_output[79][6] is dangling. [VDB-8009]
WARNING  : Net PE_output[79][5] is dangling. [VDB-8009]
WARNING  : Net PE_output[79][4] is dangling. [VDB-8009]
WARNING  : Net PE_output[79][3] is dangling. [VDB-8009]
WARNING  : Net PE_output[79][2] is dangling. [VDB-8009]
WARNING  : Net PE_output[79][1] is dangling. [VDB-8009]
WARNING  : Net PE_output[79][0] is dangling. [VDB-8009]
WARNING  : Net PE_output[80][35] is dangling. [VDB-8009]
WARNING  : Net PE_output[80][34] is dangling. [VDB-8009]
WARNING  : Net PE_output[80][33] is dangling. [VDB-8009]
WARNING  : Net PE_output[80][32] is dangling. [VDB-8009]
WARNING  : Net PE_output[80][31] is dangling. [VDB-8009]
WARNING  : Net PE_output[80][30] is dangling. [VDB-8009]
WARNING  : Net PE_output[80][29] is dangling. [VDB-8009]
WARNING  : Net PE_output[80][28] is dangling. [VDB-8009]
WARNING  : Net PE_output[80][27] is dangling. [VDB-8009]
WARNING  : Net PE_output[80][26] is dangling. [VDB-8009]
WARNING  : Net PE_output[80][25] is dangling. [VDB-8009]
WARNING  : Net PE_output[80][24] is dangling. [VDB-8009]
WARNING  : Net PE_output[80][23] is dangling. [VDB-8009]
WARNING  : Net PE_output[80][22] is dangling. [VDB-8009]
WARNING  : Net PE_output[80][21] is dangling. [VDB-8009]
WARNING  : Net PE_output[80][20] is dangling. [VDB-8009]
WARNING  : Net PE_output[80][19] is dangling. [VDB-8009]
WARNING  : Net PE_output[80][18] is dangling. [VDB-8009]
WARNING  : Net PE_output[80][17] is dangling. [VDB-8009]
WARNING  : Net PE_output[80][16] is dangling. [VDB-8009]
WARNING  : Net PE_output[80][15] is dangling. [VDB-8009]
WARNING  : Net PE_output[80][14] is dangling. [VDB-8009]
WARNING  : Net PE_output[80][13] is dangling. [VDB-8009]
WARNING  : Net PE_output[80][12] is dangling. [VDB-8009]
WARNING  : Net PE_output[80][11] is dangling. [VDB-8009]
WARNING  : Net PE_output[80][10] is dangling. [VDB-8009]
WARNING  : Net PE_output[80][9] is dangling. [VDB-8009]
WARNING  : Net PE_output[80][8] is dangling. [VDB-8009]
WARNING  : Net PE_output[80][7] is dangling. [VDB-8009]
WARNING  : Net PE_output[80][6] is dangling. [VDB-8009]
WARNING  : Net PE_output[80][5] is dangling. [VDB-8009]
WARNING  : Net PE_output[80][4] is dangling. [VDB-8009]
WARNING  : Net PE_output[80][3] is dangling. [VDB-8009]
WARNING  : Net PE_output[80][2] is dangling. [VDB-8009]
WARNING  : Net PE_output[80][1] is dangling. [VDB-8009]
WARNING  : Net PE_output[80][0] is dangling. [VDB-8009]
WARNING  : Net PE_output[81][35] is dangling. [VDB-8009]
WARNING  : Net PE_output[81][34] is dangling. [VDB-8009]
WARNING  : Net PE_output[81][33] is dangling. [VDB-8009]
WARNING  : Net PE_output[81][32] is dangling. [VDB-8009]
WARNING  : Net PE_output[81][31] is dangling. [VDB-8009]
WARNING  : Net PE_output[81][30] is dangling. [VDB-8009]
WARNING  : Net PE_output[81][29] is dangling. [VDB-8009]
WARNING  : Net PE_output[81][28] is dangling. [VDB-8009]
WARNING  : Net PE_output[81][27] is dangling. [VDB-8009]
WARNING  : Net PE_output[81][26] is dangling. [VDB-8009]
WARNING  : Net PE_output[81][25] is dangling. [VDB-8009]
WARNING  : Net PE_output[81][24] is dangling. [VDB-8009]
WARNING  : Net PE_output[81][23] is dangling. [VDB-8009]
WARNING  : Net PE_output[81][22] is dangling. [VDB-8009]
WARNING  : Net PE_output[81][21] is dangling. [VDB-8009]
WARNING  : Net PE_output[81][20] is dangling. [VDB-8009]
WARNING  : Net PE_output[81][19] is dangling. [VDB-8009]
WARNING  : Net PE_output[81][18] is dangling. [VDB-8009]
WARNING  : Net PE_output[81][17] is dangling. [VDB-8009]
WARNING  : Net PE_output[81][16] is dangling. [VDB-8009]
WARNING  : Net PE_output[81][15] is dangling. [VDB-8009]
WARNING  : Net PE_output[81][14] is dangling. [VDB-8009]
WARNING  : Net PE_output[81][13] is dangling. [VDB-8009]
WARNING  : Net PE_output[81][12] is dangling. [VDB-8009]
WARNING  : Net PE_output[81][11] is dangling. [VDB-8009]
WARNING  : Net PE_output[81][10] is dangling. [VDB-8009]
WARNING  : Net PE_output[81][9] is dangling. [VDB-8009]
WARNING  : Net PE_output[81][8] is dangling. [VDB-8009]
WARNING  : Net PE_output[81][7] is dangling. [VDB-8009]
WARNING  : Net PE_output[81][6] is dangling. [VDB-8009]
WARNING  : Net PE_output[81][5] is dangling. [VDB-8009]
WARNING  : Net PE_output[81][4] is dangling. [VDB-8009]
WARNING  : Net PE_output[81][3] is dangling. [VDB-8009]
WARNING  : Net PE_output[81][2] is dangling. [VDB-8009]
WARNING  : Net PE_output[81][1] is dangling. [VDB-8009]
WARNING  : Net PE_output[81][0] is dangling. [VDB-8009]
WARNING  : Net PE_output[82][35] is dangling. [VDB-8009]
WARNING  : Net PE_output[82][34] is dangling. [VDB-8009]
WARNING  : Net PE_output[82][33] is dangling. [VDB-8009]
WARNING  : Net PE_output[82][32] is dangling. [VDB-8009]
WARNING  : Net PE_output[82][31] is dangling. [VDB-8009]
WARNING  : Net PE_output[82][30] is dangling. [VDB-8009]
WARNING  : Net PE_output[82][29] is dangling. [VDB-8009]
WARNING  : Net PE_output[82][28] is dangling. [VDB-8009]
WARNING  : Net PE_output[82][27] is dangling. [VDB-8009]
WARNING  : Net PE_output[82][26] is dangling. [VDB-8009]
WARNING  : Net PE_output[82][25] is dangling. [VDB-8009]
WARNING  : Net PE_output[82][24] is dangling. [VDB-8009]
WARNING  : Net PE_output[82][23] is dangling. [VDB-8009]
WARNING  : Net PE_output[82][22] is dangling. [VDB-8009]
WARNING  : Net PE_output[82][21] is dangling. [VDB-8009]
WARNING  : Net PE_output[82][20] is dangling. [VDB-8009]
WARNING  : Net PE_output[82][19] is dangling. [VDB-8009]
WARNING  : Net PE_output[82][18] is dangling. [VDB-8009]
WARNING  : Net PE_output[82][17] is dangling. [VDB-8009]
WARNING  : Net PE_output[82][16] is dangling. [VDB-8009]
WARNING  : Net PE_output[82][15] is dangling. [VDB-8009]
WARNING  : Net PE_output[82][14] is dangling. [VDB-8009]
WARNING  : Net PE_output[82][13] is dangling. [VDB-8009]
WARNING  : Net PE_output[82][12] is dangling. [VDB-8009]
WARNING  : Net PE_output[82][11] is dangling. [VDB-8009]
WARNING  : Net PE_output[82][10] is dangling. [VDB-8009]
WARNING  : Net PE_output[82][9] is dangling. [VDB-8009]
WARNING  : Net PE_output[82][8] is dangling. [VDB-8009]
WARNING  : Net PE_output[82][7] is dangling. [VDB-8009]
WARNING  : Net PE_output[82][6] is dangling. [VDB-8009]
WARNING  : Net PE_output[82][5] is dangling. [VDB-8009]
WARNING  : Net PE_output[82][4] is dangling. [VDB-8009]
WARNING  : Net PE_output[82][3] is dangling. [VDB-8009]
WARNING  : Net PE_output[82][2] is dangling. [VDB-8009]
WARNING  : Net PE_output[82][1] is dangling. [VDB-8009]
WARNING  : Net PE_output[82][0] is dangling. [VDB-8009]
WARNING  : Net PE_output[83][35] is dangling. [VDB-8009]
WARNING  : Net PE_output[83][34] is dangling. [VDB-8009]
WARNING  : Net PE_output[83][33] is dangling. [VDB-8009]
WARNING  : Net PE_output[83][32] is dangling. [VDB-8009]
WARNING  : Net PE_output[83][31] is dangling. [VDB-8009]
WARNING  : Net PE_output[83][30] is dangling. [VDB-8009]
WARNING  : Net PE_output[83][29] is dangling. [VDB-8009]
WARNING  : Net PE_output[83][28] is dangling. [VDB-8009]
WARNING  : Net PE_output[83][27] is dangling. [VDB-8009]
WARNING  : Net PE_output[83][26] is dangling. [VDB-8009]
WARNING  : Net PE_output[83][25] is dangling. [VDB-8009]
WARNING  : Net PE_output[83][24] is dangling. [VDB-8009]
WARNING  : Net PE_output[83][23] is dangling. [VDB-8009]
WARNING  : Net PE_output[83][22] is dangling. [VDB-8009]
WARNING  : Net PE_output[83][21] is dangling. [VDB-8009]
WARNING  : Net PE_output[83][20] is dangling. [VDB-8009]
WARNING  : Net PE_output[83][19] is dangling. [VDB-8009]
WARNING  : Net PE_output[83][18] is dangling. [VDB-8009]
WARNING  : Net PE_output[83][17] is dangling. [VDB-8009]
WARNING  : Net PE_output[83][16] is dangling. [VDB-8009]
WARNING  : Net PE_output[83][15] is dangling. [VDB-8009]
WARNING  : Net PE_output[83][14] is dangling. [VDB-8009]
WARNING  : Net PE_output[83][13] is dangling. [VDB-8009]
WARNING  : Net PE_output[83][12] is dangling. [VDB-8009]
WARNING  : Net PE_output[83][11] is dangling. [VDB-8009]
WARNING  : Net PE_output[83][10] is dangling. [VDB-8009]
WARNING  : Net PE_output[83][9] is dangling. [VDB-8009]
WARNING  : Net PE_output[83][8] is dangling. [VDB-8009]
WARNING  : Net PE_output[83][7] is dangling. [VDB-8009]
WARNING  : Net PE_output[83][6] is dangling. [VDB-8009]
WARNING  : Net PE_output[83][5] is dangling. [VDB-8009]
WARNING  : Net PE_output[83][4] is dangling. [VDB-8009]
WARNING  : Net PE_output[83][3] is dangling. [VDB-8009]
WARNING  : Net PE_output[83][2] is dangling. [VDB-8009]
WARNING  : Net PE_output[83][1] is dangling. [VDB-8009]
WARNING  : Net PE_output[83][0] is dangling. [VDB-8009]
WARNING  : Net PE_output[84][35] is dangling. [VDB-8009]
WARNING  : Net PE_output[84][34] is dangling. [VDB-8009]
WARNING  : Net PE_output[84][33] is dangling. [VDB-8009]
WARNING  : Net PE_output[84][32] is dangling. [VDB-8009]
WARNING  : Net PE_output[84][31] is dangling. [VDB-8009]
WARNING  : Net PE_output[84][30] is dangling. [VDB-8009]
WARNING  : Net PE_output[84][29] is dangling. [VDB-8009]
WARNING  : Net PE_output[84][28] is dangling. [VDB-8009]
WARNING  : Net PE_output[84][27] is dangling. [VDB-8009]
WARNING  : Net PE_output[84][26] is dangling. [VDB-8009]
WARNING  : Net PE_output[84][25] is dangling. [VDB-8009]
WARNING  : Net PE_output[84][24] is dangling. [VDB-8009]
WARNING  : Net PE_output[84][23] is dangling. [VDB-8009]
WARNING  : Net PE_output[84][22] is dangling. [VDB-8009]
WARNING  : Net PE_output[84][21] is dangling. [VDB-8009]
WARNING  : Net PE_output[84][20] is dangling. [VDB-8009]
WARNING  : Net PE_output[84][19] is dangling. [VDB-8009]
WARNING  : Net PE_output[84][18] is dangling. [VDB-8009]
WARNING  : Net PE_output[84][17] is dangling. [VDB-8009]
WARNING  : Net PE_output[84][16] is dangling. [VDB-8009]
WARNING  : Net PE_output[84][15] is dangling. [VDB-8009]
WARNING  : Net PE_output[84][14] is dangling. [VDB-8009]
WARNING  : Net PE_output[84][13] is dangling. [VDB-8009]
WARNING  : Net PE_output[84][12] is dangling. [VDB-8009]
WARNING  : Net PE_output[84][11] is dangling. [VDB-8009]
WARNING  : Net PE_output[84][10] is dangling. [VDB-8009]
WARNING  : Net PE_output[84][9] is dangling. [VDB-8009]
WARNING  : Net PE_output[84][8] is dangling. [VDB-8009]
WARNING  : Net PE_output[84][7] is dangling. [VDB-8009]
WARNING  : Net PE_output[84][6] is dangling. [VDB-8009]
WARNING  : Net PE_output[84][5] is dangling. [VDB-8009]
WARNING  : Net PE_output[84][4] is dangling. [VDB-8009]
WARNING  : Net PE_output[84][3] is dangling. [VDB-8009]
WARNING  : Net PE_output[84][2] is dangling. [VDB-8009]
WARNING  : Net PE_output[84][1] is dangling. [VDB-8009]
WARNING  : Net PE_output[84][0] is dangling. [VDB-8009]
WARNING  : Net PE_output[85][35] is dangling. [VDB-8009]
WARNING  : Net PE_output[85][34] is dangling. [VDB-8009]
WARNING  : Net PE_output[85][33] is dangling. [VDB-8009]
WARNING  : Net PE_output[85][32] is dangling. [VDB-8009]
WARNING  : Net PE_output[85][31] is dangling. [VDB-8009]
WARNING  : Net PE_output[85][30] is dangling. [VDB-8009]
WARNING  : Net PE_output[85][29] is dangling. [VDB-8009]
WARNING  : Net PE_output[85][28] is dangling. [VDB-8009]
WARNING  : Net PE_output[85][27] is dangling. [VDB-8009]
WARNING  : Net PE_output[85][26] is dangling. [VDB-8009]
WARNING  : Net PE_output[85][25] is dangling. [VDB-8009]
WARNING  : Net PE_output[85][24] is dangling. [VDB-8009]
WARNING  : Net PE_output[85][23] is dangling. [VDB-8009]
WARNING  : Net PE_output[85][22] is dangling. [VDB-8009]
WARNING  : Net PE_output[85][21] is dangling. [VDB-8009]
WARNING  : Net PE_output[85][20] is dangling. [VDB-8009]
WARNING  : Net PE_output[85][19] is dangling. [VDB-8009]
WARNING  : Net PE_output[85][18] is dangling. [VDB-8009]
WARNING  : Net PE_output[85][17] is dangling. [VDB-8009]
WARNING  : Net PE_output[85][16] is dangling. [VDB-8009]
WARNING  : Net PE_output[85][15] is dangling. [VDB-8009]
WARNING  : Net PE_output[85][14] is dangling. [VDB-8009]
WARNING  : Net PE_output[85][13] is dangling. [VDB-8009]
WARNING  : Net PE_output[85][12] is dangling. [VDB-8009]
WARNING  : Net PE_output[85][11] is dangling. [VDB-8009]
WARNING  : Net PE_output[85][10] is dangling. [VDB-8009]
WARNING  : Net PE_output[85][9] is dangling. [VDB-8009]
WARNING  : Net PE_output[85][8] is dangling. [VDB-8009]
WARNING  : Net PE_output[85][7] is dangling. [VDB-8009]
WARNING  : Net PE_output[85][6] is dangling. [VDB-8009]
WARNING  : Net PE_output[85][5] is dangling. [VDB-8009]
WARNING  : Net PE_output[85][4] is dangling. [VDB-8009]
WARNING  : Net PE_output[85][3] is dangling. [VDB-8009]
WARNING  : Net PE_output[85][2] is dangling. [VDB-8009]
WARNING  : Net PE_output[85][1] is dangling. [VDB-8009]
WARNING  : Net PE_output[85][0] is dangling. [VDB-8009]
WARNING  : Net PE_output[86][35] is dangling. [VDB-8009]
WARNING  : Net PE_output[86][34] is dangling. [VDB-8009]
WARNING  : Net PE_output[86][33] is dangling. [VDB-8009]
WARNING  : Net PE_output[86][32] is dangling. [VDB-8009]
WARNING  : Net PE_output[86][31] is dangling. [VDB-8009]
WARNING  : Net PE_output[86][30] is dangling. [VDB-8009]
WARNING  : Net PE_output[86][29] is dangling. [VDB-8009]
WARNING  : Net PE_output[86][28] is dangling. [VDB-8009]
WARNING  : Net PE_output[86][27] is dangling. [VDB-8009]
WARNING  : Net PE_output[86][26] is dangling. [VDB-8009]
WARNING  : Net PE_output[86][25] is dangling. [VDB-8009]
WARNING  : Net PE_output[86][24] is dangling. [VDB-8009]
WARNING  : Net PE_output[86][23] is dangling. [VDB-8009]
WARNING  : Net PE_output[86][22] is dangling. [VDB-8009]
WARNING  : Net PE_output[86][21] is dangling. [VDB-8009]
WARNING  : Net PE_output[86][20] is dangling. [VDB-8009]
WARNING  : Net PE_output[86][19] is dangling. [VDB-8009]
WARNING  : Net PE_output[86][18] is dangling. [VDB-8009]
WARNING  : Net PE_output[86][17] is dangling. [VDB-8009]
WARNING  : Net PE_output[86][16] is dangling. [VDB-8009]
WARNING  : Net PE_output[86][15] is dangling. [VDB-8009]
WARNING  : Net PE_output[86][14] is dangling. [VDB-8009]
WARNING  : Net PE_output[86][13] is dangling. [VDB-8009]
WARNING  : Net PE_output[86][12] is dangling. [VDB-8009]
WARNING  : Net PE_output[86][11] is dangling. [VDB-8009]
WARNING  : Net PE_output[86][10] is dangling. [VDB-8009]
WARNING  : Net PE_output[86][9] is dangling. [VDB-8009]
WARNING  : Net PE_output[86][8] is dangling. [VDB-8009]
WARNING  : Net PE_output[86][7] is dangling. [VDB-8009]
WARNING  : Net PE_output[86][6] is dangling. [VDB-8009]
WARNING  : Net PE_output[86][5] is dangling. [VDB-8009]
WARNING  : Net PE_output[86][4] is dangling. [VDB-8009]
WARNING  : Net PE_output[86][3] is dangling. [VDB-8009]
WARNING  : Net PE_output[86][2] is dangling. [VDB-8009]
WARNING  : Net PE_output[86][1] is dangling. [VDB-8009]
WARNING  : Net PE_output[86][0] is dangling. [VDB-8009]
WARNING  : Net PE_output[87][35] is dangling. [VDB-8009]
WARNING  : Net PE_output[87][34] is dangling. [VDB-8009]
WARNING  : Net PE_output[87][33] is dangling. [VDB-8009]
WARNING  : Net PE_output[87][32] is dangling. [VDB-8009]
WARNING  : Net PE_output[87][31] is dangling. [VDB-8009]
WARNING  : Net PE_output[87][30] is dangling. [VDB-8009]
WARNING  : Net PE_output[87][29] is dangling. [VDB-8009]
WARNING  : Net PE_output[87][28] is dangling. [VDB-8009]
WARNING  : Net PE_output[87][27] is dangling. [VDB-8009]
WARNING  : Net PE_output[87][26] is dangling. [VDB-8009]
WARNING  : Net PE_output[87][25] is dangling. [VDB-8009]
WARNING  : Net PE_output[87][24] is dangling. [VDB-8009]
WARNING  : Net PE_output[87][23] is dangling. [VDB-8009]
WARNING  : Net PE_output[87][22] is dangling. [VDB-8009]
WARNING  : Net PE_output[87][21] is dangling. [VDB-8009]
WARNING  : Net PE_output[87][20] is dangling. [VDB-8009]
WARNING  : Net PE_output[87][19] is dangling. [VDB-8009]
WARNING  : Net PE_output[87][18] is dangling. [VDB-8009]
WARNING  : Net PE_output[87][17] is dangling. [VDB-8009]
WARNING  : Net PE_output[87][16] is dangling. [VDB-8009]
WARNING  : Net PE_output[87][15] is dangling. [VDB-8009]
WARNING  : Net PE_output[87][14] is dangling. [VDB-8009]
WARNING  : Net PE_output[87][13] is dangling. [VDB-8009]
WARNING  : Net PE_output[87][12] is dangling. [VDB-8009]
WARNING  : Net PE_output[87][11] is dangling. [VDB-8009]
WARNING  : Net PE_output[87][10] is dangling. [VDB-8009]
WARNING  : Net PE_output[87][9] is dangling. [VDB-8009]
WARNING  : Net PE_output[87][8] is dangling. [VDB-8009]
WARNING  : Net PE_output[87][7] is dangling. [VDB-8009]
WARNING  : Net PE_output[87][6] is dangling. [VDB-8009]
WARNING  : Net PE_output[87][5] is dangling. [VDB-8009]
WARNING  : Net PE_output[87][4] is dangling. [VDB-8009]
WARNING  : Net PE_output[87][3] is dangling. [VDB-8009]
WARNING  : Net PE_output[87][2] is dangling. [VDB-8009]
WARNING  : Net PE_output[87][1] is dangling. [VDB-8009]
WARNING  : Net PE_output[87][0] is dangling. [VDB-8009]
WARNING  : Net PE_output[88][35] is dangling. [VDB-8009]
WARNING  : Net PE_output[88][34] is dangling. [VDB-8009]
WARNING  : Net PE_output[88][33] is dangling. [VDB-8009]
WARNING  : Net PE_output[88][32] is dangling. [VDB-8009]
WARNING  : Net PE_output[88][31] is dangling. [VDB-8009]
WARNING  : Net PE_output[88][30] is dangling. [VDB-8009]
WARNING  : Net PE_output[88][29] is dangling. [VDB-8009]
WARNING  : Net PE_output[88][28] is dangling. [VDB-8009]
WARNING  : Net PE_output[88][27] is dangling. [VDB-8009]
WARNING  : Net PE_output[88][26] is dangling. [VDB-8009]
WARNING  : Net PE_output[88][25] is dangling. [VDB-8009]
WARNING  : Net PE_output[88][24] is dangling. [VDB-8009]
WARNING  : Net PE_output[88][23] is dangling. [VDB-8009]
WARNING  : Net PE_output[88][22] is dangling. [VDB-8009]
WARNING  : Net PE_output[88][21] is dangling. [VDB-8009]
WARNING  : Net PE_output[88][20] is dangling. [VDB-8009]
WARNING  : Net PE_output[88][19] is dangling. [VDB-8009]
WARNING  : Net PE_output[88][18] is dangling. [VDB-8009]
WARNING  : Net PE_output[88][17] is dangling. [VDB-8009]
WARNING  : Net PE_output[88][16] is dangling. [VDB-8009]
WARNING  : Net PE_output[88][15] is dangling. [VDB-8009]
WARNING  : Net PE_output[88][14] is dangling. [VDB-8009]
WARNING  : Net PE_output[88][13] is dangling. [VDB-8009]
WARNING  : Net PE_output[88][12] is dangling. [VDB-8009]
WARNING  : Net PE_output[88][11] is dangling. [VDB-8009]
WARNING  : Net PE_output[88][10] is dangling. [VDB-8009]
WARNING  : Net PE_output[88][9] is dangling. [VDB-8009]
WARNING  : Net PE_output[88][8] is dangling. [VDB-8009]
WARNING  : Net PE_output[88][7] is dangling. [VDB-8009]
WARNING  : Net PE_output[88][6] is dangling. [VDB-8009]
WARNING  : Net PE_output[88][5] is dangling. [VDB-8009]
WARNING  : Net PE_output[88][4] is dangling. [VDB-8009]
WARNING  : Net PE_output[88][3] is dangling. [VDB-8009]
WARNING  : Net PE_output[88][2] is dangling. [VDB-8009]
WARNING  : Net PE_output[88][1] is dangling. [VDB-8009]
WARNING  : Net PE_output[88][0] is dangling. [VDB-8009]
WARNING  : Net PE_output[89][35] is dangling. [VDB-8009]
WARNING  : Net PE_output[89][34] is dangling. [VDB-8009]
WARNING  : Net PE_output[89][33] is dangling. [VDB-8009]
WARNING  : Net PE_output[89][32] is dangling. [VDB-8009]
WARNING  : Net PE_output[89][31] is dangling. [VDB-8009]
WARNING  : Net PE_output[89][30] is dangling. [VDB-8009]
WARNING  : Net PE_output[89][29] is dangling. [VDB-8009]
WARNING  : Net PE_output[89][28] is dangling. [VDB-8009]
WARNING  : Net PE_output[89][27] is dangling. [VDB-8009]
WARNING  : Net PE_output[89][26] is dangling. [VDB-8009]
WARNING  : Net PE_output[89][25] is dangling. [VDB-8009]
WARNING  : Net PE_output[89][24] is dangling. [VDB-8009]
WARNING  : Net PE_output[89][23] is dangling. [VDB-8009]
WARNING  : Net PE_output[89][22] is dangling. [VDB-8009]
WARNING  : Net PE_output[89][21] is dangling. [VDB-8009]
WARNING  : Net PE_output[89][20] is dangling. [VDB-8009]
WARNING  : Net PE_output[89][19] is dangling. [VDB-8009]
WARNING  : Net PE_output[89][18] is dangling. [VDB-8009]
WARNING  : Net PE_output[89][17] is dangling. [VDB-8009]
WARNING  : Net PE_output[89][16] is dangling. [VDB-8009]
WARNING  : Net PE_output[89][15] is dangling. [VDB-8009]
WARNING  : Net PE_output[89][14] is dangling. [VDB-8009]
WARNING  : Net PE_output[89][13] is dangling. [VDB-8009]
WARNING  : Net PE_output[89][12] is dangling. [VDB-8009]
WARNING  : Net PE_output[89][11] is dangling. [VDB-8009]
WARNING  : Net PE_output[89][10] is dangling. [VDB-8009]
WARNING  : Net PE_output[89][9] is dangling. [VDB-8009]
WARNING  : Net PE_output[89][8] is dangling. [VDB-8009]
WARNING  : Net PE_output[89][7] is dangling. [VDB-8009]
WARNING  : Net PE_output[89][6] is dangling. [VDB-8009]
WARNING  : Net PE_output[89][5] is dangling. [VDB-8009]
WARNING  : Net PE_output[89][4] is dangling. [VDB-8009]
WARNING  : Net PE_output[89][3] is dangling. [VDB-8009]
WARNING  : Net PE_output[89][2] is dangling. [VDB-8009]
WARNING  : Net PE_output[89][1] is dangling. [VDB-8009]
WARNING  : Net PE_output[89][0] is dangling. [VDB-8009]
WARNING  : Net PE_output[90][35] is dangling. [VDB-8009]
WARNING  : Net PE_output[90][34] is dangling. [VDB-8009]
WARNING  : Net PE_output[90][33] is dangling. [VDB-8009]
WARNING  : Net PE_output[90][32] is dangling. [VDB-8009]
WARNING  : Net PE_output[90][31] is dangling. [VDB-8009]
WARNING  : Net PE_output[90][30] is dangling. [VDB-8009]
WARNING  : Net PE_output[90][29] is dangling. [VDB-8009]
WARNING  : Net PE_output[90][28] is dangling. [VDB-8009]
WARNING  : Net PE_output[90][27] is dangling. [VDB-8009]
WARNING  : Net PE_output[90][26] is dangling. [VDB-8009]
WARNING  : Net PE_output[90][25] is dangling. [VDB-8009]
WARNING  : Net PE_output[90][24] is dangling. [VDB-8009]
WARNING  : Net PE_output[90][23] is dangling. [VDB-8009]
WARNING  : Net PE_output[90][22] is dangling. [VDB-8009]
WARNING  : Net PE_output[90][21] is dangling. [VDB-8009]
WARNING  : Net PE_output[90][20] is dangling. [VDB-8009]
WARNING  : Net PE_output[90][19] is dangling. [VDB-8009]
WARNING  : Net PE_output[90][18] is dangling. [VDB-8009]
WARNING  : Net PE_output[90][17] is dangling. [VDB-8009]
WARNING  : Net PE_output[90][16] is dangling. [VDB-8009]
WARNING  : Net PE_output[90][15] is dangling. [VDB-8009]
WARNING  : Net PE_output[90][14] is dangling. [VDB-8009]
WARNING  : Net PE_output[90][13] is dangling. [VDB-8009]
WARNING  : Net PE_output[90][12] is dangling. [VDB-8009]
WARNING  : Net PE_output[90][11] is dangling. [VDB-8009]
WARNING  : Net PE_output[90][10] is dangling. [VDB-8009]
WARNING  : Net PE_output[90][9] is dangling. [VDB-8009]
WARNING  : Net PE_output[90][8] is dangling. [VDB-8009]
WARNING  : Net PE_output[90][7] is dangling. [VDB-8009]
WARNING  : Net PE_output[90][6] is dangling. [VDB-8009]
WARNING  : Net PE_output[90][5] is dangling. [VDB-8009]
WARNING  : Net PE_output[90][4] is dangling. [VDB-8009]
WARNING  : Net PE_output[90][3] is dangling. [VDB-8009]
WARNING  : Net PE_output[90][2] is dangling. [VDB-8009]
WARNING  : Net PE_output[90][1] is dangling. [VDB-8009]
WARNING  : Net PE_output[90][0] is dangling. [VDB-8009]
WARNING  : Net PE_output[91][35] is dangling. [VDB-8009]
WARNING  : Net PE_output[91][34] is dangling. [VDB-8009]
WARNING  : Net PE_output[91][33] is dangling. [VDB-8009]
WARNING  : Net PE_output[91][32] is dangling. [VDB-8009]
WARNING  : Net PE_output[91][31] is dangling. [VDB-8009]
WARNING  : Net PE_output[91][30] is dangling. [VDB-8009]
WARNING  : Net PE_output[91][29] is dangling. [VDB-8009]
WARNING  : Net PE_output[91][28] is dangling. [VDB-8009]
WARNING  : Net PE_output[91][27] is dangling. [VDB-8009]
WARNING  : Net PE_output[91][26] is dangling. [VDB-8009]
WARNING  : Net PE_output[91][25] is dangling. [VDB-8009]
WARNING  : Net PE_output[91][24] is dangling. [VDB-8009]
WARNING  : Net PE_output[91][23] is dangling. [VDB-8009]
WARNING  : Net PE_output[91][22] is dangling. [VDB-8009]
WARNING  : Net PE_output[91][21] is dangling. [VDB-8009]
WARNING  : Net PE_output[91][20] is dangling. [VDB-8009]
WARNING  : Net PE_output[91][19] is dangling. [VDB-8009]
WARNING  : Net PE_output[91][18] is dangling. [VDB-8009]
WARNING  : Net PE_output[91][17] is dangling. [VDB-8009]
WARNING  : Net PE_output[91][16] is dangling. [VDB-8009]
WARNING  : Net PE_output[91][15] is dangling. [VDB-8009]
WARNING  : Net PE_output[91][14] is dangling. [VDB-8009]
WARNING  : Net PE_output[91][13] is dangling. [VDB-8009]
WARNING  : Net PE_output[91][12] is dangling. [VDB-8009]
WARNING  : Net PE_output[91][11] is dangling. [VDB-8009]
WARNING  : Net PE_output[91][10] is dangling. [VDB-8009]
WARNING  : Net PE_output[91][9] is dangling. [VDB-8009]
WARNING  : Net PE_output[91][8] is dangling. [VDB-8009]
WARNING  : Net PE_output[91][7] is dangling. [VDB-8009]
WARNING  : Net PE_output[91][6] is dangling. [VDB-8009]
WARNING  : Net PE_output[91][5] is dangling. [VDB-8009]
WARNING  : Net PE_output[91][4] is dangling. [VDB-8009]
WARNING  : Net PE_output[91][3] is dangling. [VDB-8009]
WARNING  : Net PE_output[91][2] is dangling. [VDB-8009]
WARNING  : Net PE_output[91][1] is dangling. [VDB-8009]
WARNING  : Net PE_output[91][0] is dangling. [VDB-8009]
WARNING  : Net PE_output[92][35] is dangling. [VDB-8009]
WARNING  : Net PE_output[92][34] is dangling. [VDB-8009]
WARNING  : Net PE_output[92][33] is dangling. [VDB-8009]
WARNING  : Net PE_output[92][32] is dangling. [VDB-8009]
WARNING  : Net PE_output[92][31] is dangling. [VDB-8009]
WARNING  : Net PE_output[92][30] is dangling. [VDB-8009]
WARNING  : Net PE_output[92][29] is dangling. [VDB-8009]
WARNING  : Net PE_output[92][28] is dangling. [VDB-8009]
WARNING  : Net PE_output[92][27] is dangling. [VDB-8009]
WARNING  : Net PE_output[92][26] is dangling. [VDB-8009]
WARNING  : Net PE_output[92][25] is dangling. [VDB-8009]
WARNING  : Net PE_output[92][24] is dangling. [VDB-8009]
WARNING  : Net PE_output[92][23] is dangling. [VDB-8009]
WARNING  : Net PE_output[92][22] is dangling. [VDB-8009]
WARNING  : Net PE_output[92][21] is dangling. [VDB-8009]
WARNING  : Net PE_output[92][20] is dangling. [VDB-8009]
WARNING  : Net PE_output[92][19] is dangling. [VDB-8009]
WARNING  : Net PE_output[92][18] is dangling. [VDB-8009]
WARNING  : Net PE_output[92][17] is dangling. [VDB-8009]
WARNING  : Net PE_output[92][16] is dangling. [VDB-8009]
WARNING  : Net PE_output[92][15] is dangling. [VDB-8009]
WARNING  : Net PE_output[92][14] is dangling. [VDB-8009]
WARNING  : Net PE_output[92][13] is dangling. [VDB-8009]
WARNING  : Net PE_output[92][12] is dangling. [VDB-8009]
WARNING  : Net PE_output[92][11] is dangling. [VDB-8009]
WARNING  : Net PE_output[92][10] is dangling. [VDB-8009]
WARNING  : Net PE_output[92][9] is dangling. [VDB-8009]
WARNING  : Net PE_output[92][8] is dangling. [VDB-8009]
WARNING  : Net PE_output[92][7] is dangling. [VDB-8009]
WARNING  : Net PE_output[92][6] is dangling. [VDB-8009]
WARNING  : Net PE_output[92][5] is dangling. [VDB-8009]
WARNING  : Net PE_output[92][4] is dangling. [VDB-8009]
WARNING  : Net PE_output[92][3] is dangling. [VDB-8009]
WARNING  : Net PE_output[92][2] is dangling. [VDB-8009]
WARNING  : Net PE_output[92][1] is dangling. [VDB-8009]
WARNING  : Net PE_output[92][0] is dangling. [VDB-8009]
WARNING  : Net PE_output[93][35] is dangling. [VDB-8009]
WARNING  : Net PE_output[93][34] is dangling. [VDB-8009]
WARNING  : Net PE_output[93][33] is dangling. [VDB-8009]
WARNING  : Net PE_output[93][32] is dangling. [VDB-8009]
WARNING  : Net PE_output[93][31] is dangling. [VDB-8009]
WARNING  : Net PE_output[93][30] is dangling. [VDB-8009]
WARNING  : Net PE_output[93][29] is dangling. [VDB-8009]
WARNING  : Net PE_output[93][28] is dangling. [VDB-8009]
WARNING  : Net PE_output[93][27] is dangling. [VDB-8009]
WARNING  : Net PE_output[93][26] is dangling. [VDB-8009]
WARNING  : Net PE_output[93][25] is dangling. [VDB-8009]
WARNING  : Net PE_output[93][24] is dangling. [VDB-8009]
WARNING  : Net PE_output[93][23] is dangling. [VDB-8009]
WARNING  : Net PE_output[93][22] is dangling. [VDB-8009]
WARNING  : Net PE_output[93][21] is dangling. [VDB-8009]
WARNING  : Net PE_output[93][20] is dangling. [VDB-8009]
WARNING  : Net PE_output[93][19] is dangling. [VDB-8009]
WARNING  : Net PE_output[93][18] is dangling. [VDB-8009]
WARNING  : Net PE_output[93][17] is dangling. [VDB-8009]
WARNING  : Net PE_output[93][16] is dangling. [VDB-8009]
WARNING  : Net PE_output[93][15] is dangling. [VDB-8009]
WARNING  : Net PE_output[93][14] is dangling. [VDB-8009]
WARNING  : Net PE_output[93][13] is dangling. [VDB-8009]
WARNING  : Net PE_output[93][12] is dangling. [VDB-8009]
WARNING  : Net PE_output[93][11] is dangling. [VDB-8009]
WARNING  : Net PE_output[93][10] is dangling. [VDB-8009]
WARNING  : Net PE_output[93][9] is dangling. [VDB-8009]
WARNING  : Net PE_output[93][8] is dangling. [VDB-8009]
WARNING  : Net PE_output[93][7] is dangling. [VDB-8009]
WARNING  : Net PE_output[93][6] is dangling. [VDB-8009]
WARNING  : Net PE_output[93][5] is dangling. [VDB-8009]
WARNING  : Net PE_output[93][4] is dangling. [VDB-8009]
WARNING  : Net PE_output[93][3] is dangling. [VDB-8009]
WARNING  : Net PE_output[93][2] is dangling. [VDB-8009]
WARNING  : Net PE_output[93][1] is dangling. [VDB-8009]
WARNING  : Net PE_output[93][0] is dangling. [VDB-8009]
WARNING  : Net PE_output[94][35] is dangling. [VDB-8009]
WARNING  : Net PE_output[94][34] is dangling. [VDB-8009]
WARNING  : Net PE_output[94][33] is dangling. [VDB-8009]
WARNING  : Net PE_output[94][32] is dangling. [VDB-8009]
WARNING  : Net PE_output[94][31] is dangling. [VDB-8009]
WARNING  : Net PE_output[94][30] is dangling. [VDB-8009]
WARNING  : Net PE_output[94][29] is dangling. [VDB-8009]
WARNING  : Net PE_output[94][28] is dangling. [VDB-8009]
WARNING  : Net PE_output[94][27] is dangling. [VDB-8009]
WARNING  : Net PE_output[94][26] is dangling. [VDB-8009]
WARNING  : Net PE_output[94][25] is dangling. [VDB-8009]
WARNING  : Net PE_output[94][24] is dangling. [VDB-8009]
WARNING  : Net PE_output[94][23] is dangling. [VDB-8009]
WARNING  : Net PE_output[94][22] is dangling. [VDB-8009]
WARNING  : Net PE_output[94][21] is dangling. [VDB-8009]
WARNING  : Net PE_output[94][20] is dangling. [VDB-8009]
WARNING  : Net PE_output[94][19] is dangling. [VDB-8009]
WARNING  : Net PE_output[94][18] is dangling. [VDB-8009]
WARNING  : Net PE_output[94][17] is dangling. [VDB-8009]
WARNING  : Net PE_output[94][16] is dangling. [VDB-8009]
WARNING  : Net PE_output[94][15] is dangling. [VDB-8009]
WARNING  : Net PE_output[94][14] is dangling. [VDB-8009]
WARNING  : Net PE_output[94][13] is dangling. [VDB-8009]
WARNING  : Net PE_output[94][12] is dangling. [VDB-8009]
WARNING  : Net PE_output[94][11] is dangling. [VDB-8009]
WARNING  : Net PE_output[94][10] is dangling. [VDB-8009]
WARNING  : Net PE_output[94][9] is dangling. [VDB-8009]
WARNING  : Net PE_output[94][8] is dangling. [VDB-8009]
WARNING  : Net PE_output[94][7] is dangling. [VDB-8009]
WARNING  : Net PE_output[94][6] is dangling. [VDB-8009]
WARNING  : Net PE_output[94][5] is dangling. [VDB-8009]
WARNING  : Net PE_output[94][4] is dangling. [VDB-8009]
WARNING  : Net PE_output[94][3] is dangling. [VDB-8009]
WARNING  : Net PE_output[94][2] is dangling. [VDB-8009]
WARNING  : Net PE_output[94][1] is dangling. [VDB-8009]
WARNING  : Net PE_output[94][0] is dangling. [VDB-8009]
WARNING  : Net PE_output[95][35] is dangling. [VDB-8009]
WARNING  : Net PE_output[95][34] is dangling. [VDB-8009]
WARNING  : Net PE_output[95][33] is dangling. [VDB-8009]
WARNING  : Net PE_output[95][32] is dangling. [VDB-8009]
WARNING  : Net PE_output[95][31] is dangling. [VDB-8009]
WARNING  : Net PE_output[95][30] is dangling. [VDB-8009]
WARNING  : Net PE_output[95][29] is dangling. [VDB-8009]
WARNING  : Net PE_output[95][28] is dangling. [VDB-8009]
WARNING  : Net PE_output[95][27] is dangling. [VDB-8009]
WARNING  : Net PE_output[95][26] is dangling. [VDB-8009]
WARNING  : Net PE_output[95][25] is dangling. [VDB-8009]
WARNING  : Net PE_output[95][24] is dangling. [VDB-8009]
WARNING  : Net PE_output[95][23] is dangling. [VDB-8009]
WARNING  : Net PE_output[95][22] is dangling. [VDB-8009]
WARNING  : Net PE_output[95][21] is dangling. [VDB-8009]
WARNING  : Net PE_output[95][20] is dangling. [VDB-8009]
WARNING  : Net PE_output[95][19] is dangling. [VDB-8009]
WARNING  : Net PE_output[95][18] is dangling. [VDB-8009]
WARNING  : Net PE_output[95][17] is dangling. [VDB-8009]
WARNING  : Net PE_output[95][16] is dangling. [VDB-8009]
WARNING  : Net PE_output[95][15] is dangling. [VDB-8009]
WARNING  : Net PE_output[95][14] is dangling. [VDB-8009]
WARNING  : Net PE_output[95][13] is dangling. [VDB-8009]
WARNING  : Net PE_output[95][12] is dangling. [VDB-8009]
WARNING  : Net PE_output[95][11] is dangling. [VDB-8009]
WARNING  : Net PE_output[95][10] is dangling. [VDB-8009]
WARNING  : Net PE_output[95][9] is dangling. [VDB-8009]
WARNING  : Net PE_output[95][8] is dangling. [VDB-8009]
WARNING  : Net PE_output[95][7] is dangling. [VDB-8009]
WARNING  : Net PE_output[95][6] is dangling. [VDB-8009]
WARNING  : Net PE_output[95][5] is dangling. [VDB-8009]
WARNING  : Net PE_output[95][4] is dangling. [VDB-8009]
WARNING  : Net PE_output[95][3] is dangling. [VDB-8009]
WARNING  : Net PE_output[95][2] is dangling. [VDB-8009]
WARNING  : Net PE_output[95][1] is dangling. [VDB-8009]
WARNING  : Net PE_output[95][0] is dangling. [VDB-8009]
WARNING  : Net PE_output[96][35] is dangling. [VDB-8009]
WARNING  : Net PE_output[96][34] is dangling. [VDB-8009]
WARNING  : Net PE_output[96][33] is dangling. [VDB-8009]
WARNING  : Net PE_output[96][32] is dangling. [VDB-8009]
WARNING  : Net PE_output[96][31] is dangling. [VDB-8009]
WARNING  : Net PE_output[96][30] is dangling. [VDB-8009]
WARNING  : Net PE_output[96][29] is dangling. [VDB-8009]
WARNING  : Net PE_output[96][28] is dangling. [VDB-8009]
WARNING  : Net PE_output[96][27] is dangling. [VDB-8009]
WARNING  : Net PE_output[96][26] is dangling. [VDB-8009]
WARNING  : Net PE_output[96][25] is dangling. [VDB-8009]
WARNING  : Net PE_output[96][24] is dangling. [VDB-8009]
WARNING  : Net PE_output[96][23] is dangling. [VDB-8009]
WARNING  : Net PE_output[96][22] is dangling. [VDB-8009]
WARNING  : Net PE_output[96][21] is dangling. [VDB-8009]
WARNING  : Net PE_output[96][20] is dangling. [VDB-8009]
WARNING  : Net PE_output[96][19] is dangling. [VDB-8009]
WARNING  : Net PE_output[96][18] is dangling. [VDB-8009]
WARNING  : Net PE_output[96][17] is dangling. [VDB-8009]
WARNING  : Net PE_output[96][16] is dangling. [VDB-8009]
WARNING  : Net PE_output[96][15] is dangling. [VDB-8009]
WARNING  : Net PE_output[96][14] is dangling. [VDB-8009]
WARNING  : Net PE_output[96][13] is dangling. [VDB-8009]
WARNING  : Net PE_output[96][12] is dangling. [VDB-8009]
WARNING  : Net PE_output[96][11] is dangling. [VDB-8009]
WARNING  : Net PE_output[96][10] is dangling. [VDB-8009]
WARNING  : Net PE_output[96][9] is dangling. [VDB-8009]
WARNING  : Net PE_output[96][8] is dangling. [VDB-8009]
WARNING  : Net PE_output[96][7] is dangling. [VDB-8009]
WARNING  : Net PE_output[96][6] is dangling. [VDB-8009]
WARNING  : Net PE_output[96][5] is dangling. [VDB-8009]
WARNING  : Net PE_output[96][4] is dangling. [VDB-8009]
WARNING  : Net PE_output[96][3] is dangling. [VDB-8009]
WARNING  : Net PE_output[96][2] is dangling. [VDB-8009]
WARNING  : Net PE_output[96][1] is dangling. [VDB-8009]
WARNING  : Net PE_output[96][0] is dangling. [VDB-8009]
WARNING  : Net PE_output[97][35] is dangling. [VDB-8009]
WARNING  : Net PE_output[97][34] is dangling. [VDB-8009]
WARNING  : Net PE_output[97][33] is dangling. [VDB-8009]
WARNING  : Net PE_output[97][32] is dangling. [VDB-8009]
WARNING  : Net PE_output[97][31] is dangling. [VDB-8009]
WARNING  : Net PE_output[97][30] is dangling. [VDB-8009]
WARNING  : Net PE_output[97][29] is dangling. [VDB-8009]
WARNING  : Net PE_output[97][28] is dangling. [VDB-8009]
WARNING  : Net PE_output[97][27] is dangling. [VDB-8009]
WARNING  : Net PE_output[97][26] is dangling. [VDB-8009]
WARNING  : Net PE_output[97][25] is dangling. [VDB-8009]
WARNING  : Net PE_output[97][24] is dangling. [VDB-8009]
WARNING  : Net PE_output[97][23] is dangling. [VDB-8009]
WARNING  : Net PE_output[97][22] is dangling. [VDB-8009]
WARNING  : Net PE_output[97][21] is dangling. [VDB-8009]
WARNING  : Net PE_output[97][20] is dangling. [VDB-8009]
WARNING  : Net PE_output[97][19] is dangling. [VDB-8009]
WARNING  : Net PE_output[97][18] is dangling. [VDB-8009]
WARNING  : Net PE_output[97][17] is dangling. [VDB-8009]
WARNING  : Net PE_output[97][16] is dangling. [VDB-8009]
WARNING  : Net PE_output[97][15] is dangling. [VDB-8009]
WARNING  : Net PE_output[97][14] is dangling. [VDB-8009]
WARNING  : Net PE_output[97][13] is dangling. [VDB-8009]
WARNING  : Net PE_output[97][12] is dangling. [VDB-8009]
WARNING  : Net PE_output[97][11] is dangling. [VDB-8009]
WARNING  : Net PE_output[97][10] is dangling. [VDB-8009]
WARNING  : Net PE_output[97][9] is dangling. [VDB-8009]
WARNING  : Net PE_output[97][8] is dangling. [VDB-8009]
WARNING  : Net PE_output[97][7] is dangling. [VDB-8009]
WARNING  : Net PE_output[97][6] is dangling. [VDB-8009]
WARNING  : Net PE_output[97][5] is dangling. [VDB-8009]
WARNING  : Net PE_output[97][4] is dangling. [VDB-8009]
WARNING  : Net PE_output[97][3] is dangling. [VDB-8009]
WARNING  : Net PE_output[97][2] is dangling. [VDB-8009]
WARNING  : Net PE_output[97][1] is dangling. [VDB-8009]
WARNING  : Net PE_output[97][0] is dangling. [VDB-8009]
WARNING  : Net PE_output[98][35] is dangling. [VDB-8009]
WARNING  : Net PE_output[98][34] is dangling. [VDB-8009]
WARNING  : Net PE_output[98][33] is dangling. [VDB-8009]
WARNING  : Net PE_output[98][32] is dangling. [VDB-8009]
WARNING  : Net PE_output[98][31] is dangling. [VDB-8009]
WARNING  : Net PE_output[98][30] is dangling. [VDB-8009]
WARNING  : Net PE_output[98][29] is dangling. [VDB-8009]
WARNING  : Net PE_output[98][28] is dangling. [VDB-8009]
WARNING  : Net PE_output[98][27] is dangling. [VDB-8009]
WARNING  : Net PE_output[98][26] is dangling. [VDB-8009]
WARNING  : Net PE_output[98][25] is dangling. [VDB-8009]
WARNING  : Net PE_output[98][24] is dangling. [VDB-8009]
WARNING  : Net PE_output[98][23] is dangling. [VDB-8009]
WARNING  : Net PE_output[98][22] is dangling. [VDB-8009]
WARNING  : Net PE_output[98][21] is dangling. [VDB-8009]
WARNING  : Net PE_output[98][20] is dangling. [VDB-8009]
WARNING  : Net PE_output[98][19] is dangling. [VDB-8009]
WARNING  : Net PE_output[98][18] is dangling. [VDB-8009]
WARNING  : Net PE_output[98][17] is dangling. [VDB-8009]
WARNING  : Net PE_output[98][16] is dangling. [VDB-8009]
WARNING  : Net PE_output[98][15] is dangling. [VDB-8009]
WARNING  : Net PE_output[98][14] is dangling. [VDB-8009]
WARNING  : Net PE_output[98][13] is dangling. [VDB-8009]
WARNING  : Net PE_output[98][12] is dangling. [VDB-8009]
WARNING  : Net PE_output[98][11] is dangling. [VDB-8009]
WARNING  : Net PE_output[98][10] is dangling. [VDB-8009]
WARNING  : Net PE_output[98][9] is dangling. [VDB-8009]
WARNING  : Net PE_output[98][8] is dangling. [VDB-8009]
WARNING  : Net PE_output[98][7] is dangling. [VDB-8009]
WARNING  : Net PE_output[98][6] is dangling. [VDB-8009]
WARNING  : Net PE_output[98][5] is dangling. [VDB-8009]
WARNING  : Net PE_output[98][4] is dangling. [VDB-8009]
WARNING  : Net PE_output[98][3] is dangling. [VDB-8009]
WARNING  : Net PE_output[98][2] is dangling. [VDB-8009]
WARNING  : Net PE_output[98][1] is dangling. [VDB-8009]
WARNING  : Net PE_output[98][0] is dangling. [VDB-8009]
WARNING  : Net PE_output[99][35] is dangling. [VDB-8009]
WARNING  : Net PE_output[99][34] is dangling. [VDB-8009]
WARNING  : Net PE_output[99][33] is dangling. [VDB-8009]
WARNING  : Net PE_output[99][32] is dangling. [VDB-8009]
WARNING  : Net PE_output[99][31] is dangling. [VDB-8009]
WARNING  : Net PE_output[99][30] is dangling. [VDB-8009]
WARNING  : Net PE_output[99][29] is dangling. [VDB-8009]
WARNING  : Net PE_output[99][28] is dangling. [VDB-8009]
WARNING  : Net PE_output[99][27] is dangling. [VDB-8009]
WARNING  : Net PE_output[99][26] is dangling. [VDB-8009]
WARNING  : Net PE_output[99][25] is dangling. [VDB-8009]
WARNING  : Net PE_output[99][24] is dangling. [VDB-8009]
WARNING  : Net PE_output[99][23] is dangling. [VDB-8009]
WARNING  : Net PE_output[99][22] is dangling. [VDB-8009]
WARNING  : Net PE_output[99][21] is dangling. [VDB-8009]
WARNING  : Net PE_output[99][20] is dangling. [VDB-8009]
WARNING  : Net PE_output[99][19] is dangling. [VDB-8009]
WARNING  : Net PE_output[99][18] is dangling. [VDB-8009]
WARNING  : Net PE_output[99][17] is dangling. [VDB-8009]
WARNING  : Net PE_output[99][16] is dangling. [VDB-8009]
WARNING  : Net PE_output[99][15] is dangling. [VDB-8009]
WARNING  : Net PE_output[99][14] is dangling. [VDB-8009]
WARNING  : Net PE_output[99][13] is dangling. [VDB-8009]
WARNING  : Net PE_output[99][12] is dangling. [VDB-8009]
WARNING  : Net PE_output[99][11] is dangling. [VDB-8009]
WARNING  : Net PE_output[99][10] is dangling. [VDB-8009]
WARNING  : Net PE_output[99][9] is dangling. [VDB-8009]
WARNING  : Net PE_output[99][8] is dangling. [VDB-8009]
WARNING  : Net PE_output[99][7] is dangling. [VDB-8009]
WARNING  : Net PE_output[99][6] is dangling. [VDB-8009]
WARNING  : Net PE_output[99][5] is dangling. [VDB-8009]
WARNING  : Net PE_output[99][4] is dangling. [VDB-8009]
WARNING  : Net PE_output[99][3] is dangling. [VDB-8009]
WARNING  : Net PE_output[99][2] is dangling. [VDB-8009]
WARNING  : Net PE_output[99][1] is dangling. [VDB-8009]
WARNING  : Net PE_output[99][0] is dangling. [VDB-8009]
WARNING  : Found 3600 warnings in the post-synthesis netlist.
INFO     : VDB Netlist Checker took 0.0566613 seconds [FlowMsg::StageDuration]
INFO     :     VDB Netlist Checker took 0 seconds (approximately) in total CPU time [FlowMsg::StageDuration::CPUTime]
INFO     : VDB Netlist Checker virtual memory usage: begin = 141.564 MB, end = 141.736 MB, delta = 0.172 MB [FlowMsg::VMUsage]
INFO     :     VDB Netlist Checker peak virtual memory usage = 196.244 MB [FlowMsg::VMUsage::Peak]
INFO     : VDB Netlist Checker resident set memory usage: begin = 157.528 MB, end = 157.764 MB, delta = 0.236 MB [FlowMsg::RSSUsage]
INFO     :     VDB Netlist Checker peak resident set memory usage = 211.108 MB [FlowMsg::RSSUsage::Peak]
INFO     : ***** Ending VDB Netlist Checker ... *****
INFO     : Resource Summary 
INFO     : ======================================= 
INFO     : EFX_ADD                 : 	31
INFO     : EFX_LUT4                : 	852
INFO     : EFX_DSP48               : 	100
INFO     : EFX_FF                  : 	1718
INFO     : ======================================= 
INFO     : ... Post-Map Verilog Writer begin
INFO     : Writing netlist 'pe_10_10_conv_top' to Verilog file 'D:/my_code/fpga/yilisi/conv10_10/outflow/conv10_10.map.v' [VDB-1030]
INFO     : ... Post-Map Verilog Writer end (Real time : 0s)
INFO     : The entire flow of EFX_MAP took 6.615909 seconds [FlowMsg::StageDuration]
INFO     :     The entire flow of EFX_MAP took 6.375 seconds (approximately) in total CPU time [FlowMsg::StageDuration::CPUTime]
INFO     : The entire flow of EFX_MAP virtual memory usage: begin = 18.98 MB, end = 145.576 MB, delta = 126.596 MB [FlowMsg::VMUsage]
INFO     :     The entire flow of EFX_MAP peak virtual memory usage = 196.244 MB [FlowMsg::VMUsage::Peak]
INFO     : The entire flow of EFX_MAP resident set memory usage: begin = 19.18 MB, end = 160.456 MB, delta = 141.276 MB [FlowMsg::RSSUsage]
INFO     :     The entire flow of EFX_MAP peak resident set memory usage = 211.108 MB [FlowMsg::RSSUsage::Peak]
